% Model,EigenRadiusSweep_Al&ZotefoamContactModel_2.5to5.5GHz.mph
% Version,COMSOL 6.1.0.282
% Date,"Jul 3 2025, 11:13"
% Table,Table 1 - 
% r_zotefoam (m),search_freq (Hz),Eigenfrequency (GHz),Frequency (GHz),Quality factor (1)
0.01905625,2.5E9,2.300989871141712+0.12010240723273422i,2.300989871141712,9.579282897647747
0.01905625,2.5E9,2.30147009818249+0.11839508820555768i,2.30147009818249,9.719449231655096
0.01905625,2.5E9,2.3022081010323068+4.4294281350402477E-4i,2.3022081010323068,2598.76448024976
0.01905625,2.5E9,2.3024590697478735+4.4347501705243507E-4i,2.3024590697478735,2595.928723393722
0.01905625,2.5E9,2.3158330694866827+0.09043663638389454i,2.3158330694866827,12.80362230443977
0.01905625,2.5E9,2.316150952753473+0.09042328587449393i,2.316150952753473,12.807270441201691
0.01905625,2.5E9,2.3191832011337814+0.008136132363134405i,2.3191832011337814,142.52368924344339
0.01905625,2.5E9,2.3199065733577346+0.008193554043080897i,2.3199065733577346,141.56900419280177
0.01905625,2.5E9,2.329515749409678+0.15110842332318758i,2.329515749409678,7.708093626347216
0.01905625,2.5E9,2.3297898022925194+0.15070250080202316i,2.3297898022925194,7.729764900693812
0.01905625,2.5E9,2.3301893588077416+0.15256783239787666i,2.3301893588077416,7.636568345321041
0.01905625,2.5E9,2.3305129149376476+0.15216838951350817i,2.3305129149376476,7.65767753206971
0.01905625,2.5E9,2.3332029829220082+0.16475850974513898i,2.3332029829220082,7.080675184945482
0.01905625,2.5E9,2.333378376118478+0.16470734607718351i,2.333378376118478,7.083407120848858
0.01905625,2.5E9,2.333441449014368+0.16607246265311024i,2.333441449014368,7.025371370232604
0.01905625,2.5E9,2.333625291714324+0.1658811916420415i,2.333625291714324,7.03402618649528
0.01905625,2.5E9,2.3522276421620463+0.12992724395223862i,2.3522276421620463,9.052095505953805
0.01905625,2.5E9,2.3526979425075623+0.1308622516654323i,2.3526979425075623,8.989215425249462
0.01905625,2.5E9,2.3528232596596736+0.13004576512590932i,2.3528232596596736,9.046135633027683
0.01905625,2.5E9,2.3530729890782585+0.1310770555026806i,2.3530729890782585,8.975914892405166
0.01905625,2.5E9,2.3582889978283754+0.14828002717628694i,2.3582889978283754,7.95214649854581
0.01905625,2.5E9,2.3585245882706203+0.14859053570003475i,2.3585245882706203,7.936321708375365
0.01905625,2.5E9,2.3588748072308743+0.1481914507060299i,2.3588748072308743,7.958876156459989
0.01905625,2.5E9,2.3591426476793553+0.14849613984292367i,2.3591426476793553,7.943447722529387
0.01905625,2.5E9,2.3672944917656698+0.19554648091426755i,2.3672944917656698,6.0530224852360055
0.01905625,2.5E9,2.368121119646582+0.19383745718436024i,2.368121119646582,6.1085229708575985
0.01905625,2.5E9,2.383383738659654+0.03507467602802931i,2.383383738659654,33.97584822672368
0.01905625,2.5E9,2.3843479800802845+0.03517935668861614i,2.3843479800802845,33.88845340727688
0.01905625,2.5E9,2.399669905581904+0.2068821504967318i,2.399669905581904,5.799605958803615
0.01905625,2.5E9,2.4011052523213703+0.20742054678974903i,2.4011052523213703,5.78801205927598
0.01905625,2.5E9,2.4024682380428786+0.050177696902506064i,2.4024682380428786,23.939602516141893
0.01905625,2.5E9,2.4026128296291085+0.050270591759872175i,2.4026128296291085,23.896802738126528
0.01905625,2.5E9,2.4095786129545727+0.19820465168604007i,2.4095786129545727,6.078511761599296
0.01905625,2.5E9,2.409866992488811+0.21361412879261707i,2.409866992488811,5.64070131060568
0.01905625,2.5E9,2.410285969319492+0.21271517379980673i,2.410285969319492,5.66552429303396
0.01905625,2.5E9,2.4105964597707787+0.19824878353652983i,2.4105964597707787,6.079725728371484
0.01905625,2.5E9,2.4135963733706682+0.16691923797015365i,2.4135963733706682,7.229832830300353
0.01905625,2.5E9,2.415546579431719+0.16827233545534132i,2.415546579431719,7.177491691950735
0.01905625,2.5E9,2.4157280201571996+0.20130342832299408i,2.4157280201571996,6.000215794340897
0.01905625,2.5E9,2.41702050981916+0.2016920255735814i,2.41702050981916,5.991859378043137
0.01905625,2.5E9,2.4216162088945064+0.19564584058403864i,2.4216162088945064,6.188775088868587
0.01905625,2.5E9,2.4219735355612673+0.195904192008346i,2.4219735355612673,6.1815255475954425
0.01905625,2.5E9,2.42242374987872+0.04957697658928786i,2.42242374987872,24.43093464479372
0.01905625,2.5E9,2.422613289969478+0.04959878612278207i,2.422613289969478,24.422102629409974
0.01905625,2.5E9,2.422686166827255+0.19799545644665967i,2.422686166827255,6.118034752681132
0.01905625,2.5E9,2.4231791116693953+0.19824118196249965i,2.4231791116693953,6.111694572442008
0.01905625,2.5E9,2.4300806852524817+0.1941306917415453i,2.4300806852524817,6.258878138877068
0.01905625,2.5E9,2.4304100583526465+0.19323595824429982i,2.4304100583526465,6.288710653117637
0.01905625,2.5E9,2.4306259568542763+0.19375914605881994i,2.4306259568542763,6.272287028237638
0.01905625,2.5E9,2.4313874911503395+0.1931858723739366i,2.4313874911503395,6.292870853527192
0.01905625,2.5E9,2.431431488327012+0.21779348869690646i,2.431431488327012,5.581965518975472
0.01905625,2.5E9,2.4318702938541503+0.21896170595196257i,2.4318702938541503,5.553186305526118
0.01905625,2.5E9,2.436277900781857+0.2239662497711457i,2.436277900781857,5.43893980291965
0.01905625,2.5E9,2.4417809563847697+0.17684042296318986i,2.4417809563847697,6.9039106429106365
0.01905625,2.5E9,2.442115241237601+0.1764392633897373i,2.442115241237601,6.9205549669610775
0.01905625,2.5E9,2.442280460093359+0.17815737036829032i,2.442280460093359,6.854278481559956
0.01905625,2.5E9,2.442405956486116+0.1784559196307164i,2.442405956486116,6.84316317872854
0.01905625,2.5E9,2.443627882680564+0.07336083757403913i,2.443627882680564,16.654852667230948
0.01905625,2.5E9,2.4439450228271027+0.07355017002935159i,2.4439450228271027,16.61413577869229
0.01905625,2.5E9,2.445884710420707+0.1612754191219828i,2.445884710420707,7.582943277210552
0.01905625,2.5E9,2.4462131656415442+0.16278289429222292i,2.4462131656415442,7.513729179830701
0.01905625,2.5E9,2.446516958342238+0.16065294578777747i,2.446516958342238,7.614292244519707
0.01905625,2.5E9,2.446840703208975+0.16204464289633547i,2.446840703208975,7.549896928015968
0.01905625,2.5E9,2.4476645133677466+0.22293828251997963i,2.4476645133677466,5.489556315094488
0.01905625,2.5E9,2.4478023895545213+0.2248402680644758i,2.4478023895545213,5.443425260577841
0.01905625,2.5E9,2.448936898798115+0.1485176172965379i,2.448936898798115,8.244600685683107
0.01905625,2.5E9,2.449851169582122+0.15045626327254438i,2.449851169582122,8.141406400424597
0.01905625,2.5E9,2.449970554761024+0.14823830804119809i,2.449970554761024,8.263621553479055
0.01905625,2.5E9,2.450617448225856+0.15001217441841652i,2.450617448225856,8.168061884732609
0.01905625,2.5E9,2.4550861030428437+0.2210846258776251i,2.4550861030428437,5.552367319294704
0.01905625,2.5E9,2.455699816130063+0.21179098161680698i,2.455699816130063,5.797460773313653
0.01905625,2.5E9,2.456575445371874+0.2133658455683423i,2.456575445371874,5.756721369412002
0.01905625,2.5E9,2.457197314711815+0.21448606521802627i,2.457197314711815,5.728104789031541
0.01905625,2.5E9,2.457790622120496+0.21147917379876882i,2.457790622120496,5.810951920162089
0.01905625,2.5E9,2.458251464892756+0.21006236053091895i,2.458251464892756,5.851242123243035
0.01905625,2.5E9,2.4584111373559923+0.21455295098835755i,2.4584111373559923,5.72914780717557
0.01905625,2.5E9,2.45906882134295+0.2156777365122299i,2.45906882134295,5.700794298727977
0.01905625,2.5E9,2.4593827187056947+0.21713977536085627i,2.4593827187056947,5.663132686350395
0.01905625,2.5E9,2.460784292285145+0.17648687869976631i,2.460784292285145,6.971578596705057
0.01905625,2.5E9,2.460911210149943+0.1785195718878961i,2.460911210149943,6.892552968072618
0.01905625,2.5E9,2.461694511759963+0.17717035117025345i,2.461694511759963,6.947253012425242
0.01905625,2.5E9,2.46181433172003+0.17890053126611094i,2.46181433172003,6.880399723514881
0.01905625,2.5E9,2.4644485718868196+0.12894269302629882i,2.4644485718868196,9.556371571145085
0.01905625,2.5E9,2.464925760939794+0.13011024746793018i,2.464925760939794,9.472450513735874
0.01905625,2.5E9,2.4650039260795533+0.12874068245784093i,2.4650039260795533,9.573523609705795
0.01905625,2.5E9,2.465195271593286+0.14528492283847622i,2.465195271593286,8.484002412053528
0.01905625,2.5E9,2.465290817442334+0.1298802083596354i,2.465290817442334,9.490633132555494
0.01905625,2.5E9,2.4655826327627155+0.14571964637606571i,2.4655826327627155,8.460021328900524
0.01905625,2.5E9,2.4657152778199483+0.170812626860442i,2.4657152778199483,7.217602478048935
0.01905625,2.5E9,2.4657728782946604+0.14563546278614478i,2.4657728782946604,8.465564743373909
0.01905625,2.5E9,2.465952906150965+0.14607834507873596i,2.465952906150965,8.440514933345598
0.01905625,2.5E9,2.4662153066189805+0.17157402869874622i,2.4662153066189805,7.187029777534747
0.01905625,2.5E9,2.467762879174762+0.17175993214361973i,2.467762879174762,7.1837559795706705
0.01905625,2.5E9,2.46789788921481+0.1726628412684147i,2.46789788921481,7.146580790299621
0.01905625,2.5E9,2.4855286250931403+0.2121687529493879i,2.4855286250931403,5.857433270784352
0.01905625,2.5E9,2.4857464928736412+0.21451736881114056i,2.4857464928736412,5.793811724080192
0.01905625,2.5E9,2.4874311951399104+0.20772808376190244i,2.4874311951399104,5.987228953575194
0.01905625,2.5E9,2.4875927268085656+0.20599972203652306i,2.4875927268085656,6.03785457139482
0.01905625,2.5E9,2.491278461129849+0.19923362930991295i,2.491278461129849,6.2521534887431125
0.01905625,2.5E9,2.491475534691016+0.20006167902071156i,2.491475534691016,6.226768531801345
0.01905625,2.5E9,2.492979896460147+0.21130592583146088i,2.492979896460147,5.8989824508011335
0.01905625,2.5E9,2.4930524374712277+0.20236497462937098i,2.4930524374712277,6.159792330755911
0.01905625,2.5E9,2.4930903969680482+0.20113386239656122i,2.4930903969680482,6.197589921613001
0.01905625,2.5E9,2.493256611863185+0.19636928885625182i,2.493256611863185,6.348387332828616
0.01905625,2.5E9,2.4934687248379848+0.19711068845965452i,2.4934687248379848,6.3250469680855455
0.01905625,2.5E9,2.4935334179516415+0.21769711129327388i,2.4935334179516415,5.727070522751313
0.01905625,2.5E9,2.494574265906259+0.21846873454703417i,2.494574265906259,5.709224871646798
0.01905625,2.5E9,2.494709446563879+0.23271282544463096i,2.494709446563879,5.360060069309419
0.01905625,2.5E9,2.497044494137478+0.23384551177690893i,2.497044494137478,5.339090058139933
0.01905625,2.5E9,2.5030356735849497+0.22582881818672865i,2.5030356735849497,5.5418871995231616
0.01905625,2.5E9,2.5036207783019813+0.22502971517545994i,2.5036207783019813,5.562867055912728
0.01905625,2.5E9,2.5036537558208924+0.22468881711867697i,2.5036537558208924,5.571380427221047
0.01905625,2.5E9,2.5039582604650104+0.002280251893152256i,2.5039582604650104,549.0529945363841
0.01905625,2.5E9,2.504313473059267+0.0022677573720455858i,2.504313473059267,552.1563955495602
0.01905625,2.5E9,2.50434192309662+0.2241570839945271i,2.50434192309662,5.586131561110433
0.01905625,2.5E9,2.504626493721424+0.2091772468825684i,2.504626493721424,5.986852133892735
0.01905625,2.5E9,2.5047063037192903+0.21254519441693268i,2.5047063037192903,5.892173451840108
0.01905625,2.5E9,2.504779649967464+0.22039516861098923i,2.504779649967464,5.682474043676863
0.01905625,2.5E9,2.5048299748176817+0.21916466183629954i,2.5048299748176817,5.714493280601531
0.01905625,2.5E9,2.5140809906167307+0.21666912287103562i,2.5140809906167307,5.801659593446423
0.01905625,2.5E9,2.518060505173343+0.21723079851643964i,2.518060505173343,5.795818370070532
0.01905625,2.5E9,2.519020552933728+0.2206864318543489i,2.519020552933728,5.7072392982371
0.01905625,2.5E9,2.5200712467318334+0.06008051028038518i,2.5200712467318334,20.97245208946382
0.01905625,2.5E9,2.520650753269928+0.05990107536191235i,2.520650753269928,21.040112702823574
0.01905625,2.5E9,2.521245995445088+0.20401660418265544i,2.521245995445088,6.1790215692145924
0.01905625,2.5E9,2.5220194557346045+0.20285501254267885i,2.5220194557346045,6.216310418269784
0.01905625,2.5E9,2.524710808892588+0.18766920622086208i,2.524710808892588,6.726491947542353
0.01905625,2.5E9,2.5248352298274384+0.18830059410565414i,2.5248352298274384,6.704267827245333
0.01905625,2.5E9,2.5254696479768923+0.19052710037643475i,2.5254696479768923,6.627586424679703
0.01905625,2.5E9,2.525646290040884+0.1900762837244632i,2.525646290040884,6.6437701762469485
0.01905625,2.5E9,2.527269519509891+1.0951419101222058E-4i,2.527269519509891,11538.548092036199
0.01905625,2.5E9,2.528209407988924+1.0964634880347261E-4i,2.528209407988924,11528.926569732037
0.01905625,2.5E9,2.535031770341609+0.19870698537861384i,2.535031770341609,6.378818956745257
0.01905625,2.5E9,2.535071792227101+0.19956103976483405i,2.535071792227101,6.351620023664114
0.01905625,2.5E9,2.5360007952069936+0.21337252927547173i,2.5360007952069936,5.942660013025679
0.01905625,2.5E9,2.536676777136049+0.21196109638212313i,2.536676777136049,5.983826325758696
0.01905625,2.5E9,2.5387796518750068+0.2040209720179669i,2.5387796518750068,6.221859514646935
0.01905625,2.5E9,2.5394445215745027+0.20379865817913423i,2.5394445215745027,6.230277824848068
0.01905625,2.5E9,2.540761275717571+0.1723829139227097i,2.540761275717571,7.369527576430099
0.01905625,2.5E9,2.5408330499427363+0.17210465499839162i,2.5408330499427363,7.381651152801421
0.01905625,2.5E9,2.5414302100719905+0.17241132204120996i,2.5414302100719905,7.3702532408647015
0.01905625,2.5E9,2.5417333642641466+0.17237007488545616i,2.5417333642641466,7.372896269706869
0.01905625,2.5E9,2.5432976479716745+0.2149512459164491i,2.5432976479716745,5.91598722102836
0.01905625,2.5E9,2.543723800789435+0.21635037068421892i,2.543723800789435,5.87871375663647
0.01905625,2.5E9,2.544088385780335+0.2106971247833191i,2.544088385780335,6.0373115874188485
0.01905625,2.5E9,2.5457373961744696+0.2104561740399482i,2.5457373961744696,6.0481413952038405
0.01905625,2.5E9,2.548150586647733+0.1966383948258252i,2.548150586647733,6.47928037885172
0.01905625,2.5E9,2.5500144394983804+0.2031416389492669i,2.5500144394983804,6.276444486438419
0.01905625,2.5E9,2.5508130595357175+0.20011565158774489i,2.5508130595357175,6.373347210218738
0.01905625,2.5E9,2.551006502242375+0.21593124195134317i,2.551006502242375,5.906987981890101
0.01905625,2.5E9,2.5514858812405166+0.21712842802632507i,2.5514858812405166,5.875522391133347
0.01905625,2.5E9,2.5541650879838134+0.18855432698811975i,2.5541650879838134,6.773021677048928
0.01905625,2.5E9,2.554280416109236+0.18749366609110887i,2.554280416109236,6.811644546083048
0.01905625,2.5E9,2.5546128982859138+0.20771796037520168i,2.5546128982859138,6.149234504497125
0.01905625,2.5E9,2.5549496335738877+0.18901553278314903i,2.5549496335738877,6.758570568126515
0.01905625,2.5E9,2.555176867563713+0.18806358938904477i,2.555176867563713,6.793385354030043
0.01905625,2.5E9,2.5593009890641976+0.15814905929429088i,2.5593009890641976,8.091420209783655
0.01905625,2.5E9,2.5596928758195427+0.15794087065089768i,2.5596928758195427,8.103326470440075
0.01905625,2.5E9,2.5597554564593703+0.15989404707537255i,2.5597554564593703,8.004536451731456
0.01905625,2.5E9,2.5600923136648945+0.15933972276602157i,2.5600923136648945,8.033440341251875
0.01905625,2.5E9,2.5646910128747975+0.21628872634007354i,2.5646910128747975,5.9288596689091895
0.01905625,2.5E9,2.568772044332234+0.14667565912077105i,2.568772044332234,8.75664053507725
0.01905625,2.5E9,2.569016047254473+0.14589829066315205i,2.569016047254473,8.804133467148638
0.01905625,2.5E9,2.5695777596651843+0.14908128563721473i,2.5695777596651843,8.61804266270611
0.01905625,2.5E9,2.5698091928132336+0.1993337249672919i,2.5698091928132336,6.445997016397767
0.01905625,2.5E9,2.5699631942125563+0.148080246491136i,2.5699631942125563,8.67760303993819
0.01905625,2.5E9,2.5713157321868985+0.19752095209119366i,2.5713157321868985,6.508969567440483
0.01905625,2.5E9,2.5716530745443666+0.19530524216559325i,2.5716530745443666,6.58367652099154
0.01905625,2.5E9,2.5720929539687587+0.14303103108045565i,2.5720929539687587,8.991380872175718
0.01905625,2.5E9,2.5726009242625887+0.14362743428855201i,2.5726009242625887,8.95581313210035
0.01905625,2.5E9,2.573574022393323+0.19362254241452329i,2.573574022393323,6.645853293475512
0.01905625,2.5E9,2.5735953899992015+0.14288599304003957i,2.5735953899992015,9.005765139197468
0.01905625,2.5E9,2.5738199262098815+0.1435827655570115i,2.5738199262098815,8.962844239087703
0.01905625,2.5E9,2.5747341854919332+0.22034049388419835i,2.5747341854919332,5.842625974245807
0.01905625,2.5E9,2.576397746598674+0.1277759263266362i,2.576397746598674,10.08170247974793
0.01905625,2.5E9,2.5769406173285816+0.12912738201340238i,2.5769406173285816,9.978288791842447
0.01905625,2.5E9,2.5774586108782747+0.12789755029735417i,2.5774586108782747,10.076262621472566
0.01905625,2.5E9,2.577703549807084+0.1291986254154891i,2.577703549807084,9.975739066563062
0.01905625,2.5E9,2.5798228289663663+0.17194144274446366i,2.5798228289663663,7.502039030812523
0.01905625,2.5E9,2.580344194977743+0.17419476937360212i,2.580344194977743,7.406491607803621
0.01905625,2.5E9,2.58043006378752+0.17279859379183105i,2.58043006378752,7.46658293671111
0.01905625,2.5E9,2.580585735127367+0.17508272031059144i,2.580585735127367,7.369618573864646
0.01905625,2.5E9,2.59125922611023+0.023198049725073583i,2.59125922611023,55.850799028796615
0.01905625,2.5E9,2.591276614469764+0.1668720611734071i,2.591276614469764,7.764261423537543
0.01905625,2.5E9,2.5924415096488236+0.16635870357064475i,2.5924415096488236,7.791721905755098
0.01905625,2.5E9,2.5926984271297706+0.21658806068763548i,2.5926984271297706,5.985321672160348
0.01905625,2.5E9,2.592836809591447+0.02333804307721116i,2.592836809591447,55.549576307948186
0.01905625,2.5E9,2.5931609988100086+0.21556866595340535i,2.5931609988100086,6.01469834992279
0.01905625,2.5E9,2.593188646766102+0.16865485450443005i,2.593188646766102,7.687856523270093
0.01905625,2.5E9,2.593893218085277+0.21689375434198305i,2.593893218085277,5.979640183634348
0.01905625,2.5E9,2.594292867442377+0.21570800530662024i,2.594292867442377,6.013436691314943
0.01905625,2.5E9,2.594427457376039+0.1680596559209117i,2.594427457376039,7.718769395187169
0.01905625,2.5E9,2.5966877802358264+0.21195465692988386i,2.5966877802358264,6.125573785092227
0.01905625,2.5E9,2.598377756727063+0.21122317489459372i,2.598377756727063,6.150787568702455
0.01905625,2.5E9,2.6029210861472087+0.174085073661514i,2.6029210861472087,7.476003058160671
0.01905625,2.5E9,2.6047051263883922+0.17710609028703334i,2.6047051263883922,7.353516533979671
0.01905625,2.5E9,2.614922717900675+0.21022612612832542i,2.614922717900675,6.219309574073786
0.01905625,2.5E9,2.619131879900963+0.19470180691361502i,2.619131879900963,6.726008149125742
0.01905625,2.5E9,2.6199445957795375+0.19546455947067223i,2.6199445957795375,6.701840484214832
0.01905625,2.5E9,2.621126836263972+0.19341883284510436i,2.621126836263972,6.775779787594546
0.01905625,2.5E9,2.6223296338182176+0.19450846605019523i,2.6223296338182176,6.7409138714339925
0.01905625,2.5E9,2.6245415068702376+0.03712362594411503i,2.6245415068702376,35.34866867289791
0.01905625,2.5E9,2.62676745192515+0.19779929458849227i,2.62676745192515,6.6399818497582554
0.01905625,2.5E9,2.629079994907407+0.19912214573872217i,2.629079994907407,6.601676536664964
0.01905625,2.5E9,2.6294543330417284+0.1812049641798519i,2.6294543330417284,7.255469917567789
0.01905625,2.5E9,2.6296287695749054+0.18129539406360395i,2.6296287695749054,7.252331983272425
0.01905625,2.5E9,2.6299000563022297+0.18385459742422847i,2.6299000563022297,7.152119373533979
0.01905625,2.5E9,2.6301363852940964+0.18338579073489367i,2.6301363852940964,7.171047371647995
0.01905625,2.5E9,2.6408810693721856+0.16777911788356i,2.6408810693721856,7.870112510679002
0.01905625,2.5E9,2.641047629824807+0.16810077574788268i,2.641047629824807,7.855548607895321
0.01905625,2.5E9,2.641227835663414+0.16821175663067506i,2.641227835663414,7.850901413099446
0.01905625,2.5E9,2.64140137478992+0.1679825804603012i,2.64140137478992,7.862128821786238
0.01905625,2.5E9,2.6463916873745963+0.1892805432995665i,2.6463916873745963,6.990659581915562
0.01905625,2.5E9,2.659715267760786+0.03465374049094837i,2.659715267760786,38.37558702292916
0.01905625,2.5E9,2.660931318329143+0.034695191223509114i,2.660931318329143,38.34726405148219
0.01905625,2.5E9,2.6692204194777505+0.04922220337644236i,2.6692204194777505,27.113987554194228
0.01905625,2.5E9,2.670848915562458+0.15620666945232606i,2.670848915562458,8.549087324269454
0.01905625,2.5E9,2.6717484493289514+0.15727774671412778i,2.6717484493289514,8.493726878555783
0.01905625,2.5E9,2.67543186448036+0.15574950129027207i,2.67543186448036,8.588893840161091
0.01905625,2.5E9,2.675688723478399+0.15800822834703387i,2.675688723478399,8.466928436162759
0.01905625,2.5E9,2.677224284882381+0.05287893845898951i,2.677224284882381,25.314656107920115
0.01905625,2.5E9,2.6783966913982016+0.05334012320420167i,2.6783966913982016,25.10677263665582
0.01905625,2.5E9,2.6805180519901546+0.14108683431714147i,2.6805180519901546,9.499532911642069
0.01905625,2.5E9,2.680724721801436+0.14067244294275544i,2.680724721801436,9.528251112025961
0.01905625,2.5E9,2.6809575092309257+0.14146336651292502i,2.6809575092309257,9.475801316328692
0.01905625,2.5E9,2.6809826265970425+0.1418600627386104i,2.6809826265970425,9.449391797947348
0.01905625,2.5E9,2.6872292757578182+5.663853564028876E-4i,2.6872292757578182,2372.2623169712638
0.01905625,2.5E9,2.6878253383639685+0.1447723869079488i,2.6878253383639685,9.282935080959117
0.01905625,2.5E9,2.6880806900326784+0.1441547423772127i,2.6880806900326784,9.323594374019002
0.01905625,2.5E9,2.688324664393499+5.728269750179939E-4i,2.688324664393499,2346.5416099766007
0.01905625,2.5E9,2.688722489522334+0.12650465865296343i,2.688722489522334,10.626970256084515
0.01905625,2.5E9,2.6891179048349185+0.12805720546515573i,2.6891179048349185,10.499674325497542
0.01905625,2.5E9,2.689169771637948+0.14665366190240534i,2.689169771637948,9.16843717624838
0.01905625,2.5E9,2.6895214404894325+0.12741057271664682i,2.6895214404894325,10.55454576156235
0.01905625,2.5E9,2.689911864788927+0.12889307493681113i,2.689911864788927,10.43466402716995
0.01905625,2.5E9,2.7056974311055724+0.029850308333625588i,2.7056974311055724,45.321096868833266
0.01905625,2.5E9,2.7064639339484717+0.02958599097685714i,2.7064639339484717,45.738943408478896
0.01905625,2.5E9,2.709573942168384+0.03501867814136398i,2.709573942168384,38.687553128509464
0.01905625,2.5E9,2.7100229421767033+0.035077132149605304i,2.7100229421767033,38.629482744175775
0.01905625,2.5E9,2.7133606255916707+0.046834735740538584i,2.7133606255916707,28.96739548850573
0.01905625,3.0E9,2.8038998999646694+0.013158248387195544i,2.8038998999646694,106.54533253427485
0.01905625,3.0E9,2.805138750875588+0.01319021010302187i,2.805138750875588,106.33411935693624
0.01905625,3.0E9,2.8676431558326936+0.03586800535193833i,2.8676431558326936,39.97494602355585
0.01905625,3.0E9,2.867963659197385+0.03576360044823046i,2.867963659197385,40.09612599476527
0.01905625,3.0E9,2.872341637841935+1.3317170707494134E-4i,2.872341637841935,10784.35390268575
0.01905625,3.0E9,2.8735984697014167+1.3653858106055244E-4i,2.8735984697014167,10523.02743803609
0.01905625,3.0E9,2.8965721701451503+0.13712802185060025i,2.8965721701451503,10.561561856776946
0.01905625,3.0E9,2.896815721903543+0.13815965983692793i,2.896815721903543,10.483580103348189
0.01905625,3.0E9,2.897652879819166+0.026824969622265576i,2.897652879819166,54.010366472400804
0.01905625,3.0E9,2.897928418400477+0.13772519977047892i,2.897928418400477,10.520690560732232
0.01905625,3.0E9,2.89828034371432+0.13890246257367256i,2.89828034371432,10.432789635306499
0.01905625,3.0E9,2.8985085208248917+0.0268912505051848i,2.8985085208248917,53.893152352026945
0.01905625,3.0E9,2.902918292624039+0.1531822670018575i,2.902918292624039,9.475373192475464
0.01905625,3.0E9,2.9033568555518525+0.15503157533456502i,2.9033568555518525,9.363759767280566
0.01905625,3.0E9,2.904005557136212+0.15271067515224018i,2.904005557136212,9.508194349351
0.01905625,3.0E9,2.904812469390947+0.15512340436719663i,2.904812469390947,9.362908457433317
0.01905625,3.0E9,2.9088807231027207+0.016151566281796727i,2.9088807231027207,90.0494934160383
0.01905625,3.0E9,2.908986012584535+0.015874381898893095i,2.908986012584535,91.625174167801
0.01905625,3.0E9,2.9128751166987965+0.12518583152153093i,2.9128751166987965,11.63420445147503
0.01905625,3.0E9,2.913435919431438+0.12649559301592564i,2.913435919431438,11.515958184664346
0.01905625,3.0E9,2.9144492314953085+0.12587798447920942i,2.9144492314953085,11.576485131824905
0.01905625,3.0E9,2.914539361438817+0.128349644064418i,2.914539361438817,11.35390511864616
0.01905625,3.0E9,2.9147790736350645+0.20106851324248382i,2.9147790736350645,7.248223569743887
0.01905625,3.0E9,2.917315948697774+0.20583478610929395i,2.917315948697774,7.086547429229821
0.01905625,3.0E9,2.918756584510537+0.1976424874450328i,2.918756584510537,7.383929999672477
0.01905625,3.0E9,2.9232799797703226+0.20344010136609444i,2.9232799797703226,7.1846208297690115
0.01905625,3.0E9,2.9232897780170695+0.1772286662595066i,2.9232897780170695,8.247226139299187
0.01905625,3.0E9,2.9246860229879403+0.1417164894399615i,2.9246860229879403,10.318792239864896
0.01905625,3.0E9,2.9246895983887424+0.17702347176998434i,2.9246895983887424,8.260739576356691
0.01905625,3.0E9,2.925126463514167+0.19161027852215812i,2.925126463514167,7.633010311542083
0.01905625,3.0E9,2.925642097685374+0.17992337501677697i,2.925642097685374,8.13024460388366
0.01905625,3.0E9,2.9261209400600383+0.14612375103447758i,2.9261209400600383,10.012475450926615
0.01905625,3.0E9,2.926277681491292+0.193190550295579i,2.926277681491292,7.573552839448218
0.01905625,3.0E9,2.926396821905131+0.14147073070172284i,2.926396821905131,10.342764214864882
0.01905625,3.0E9,2.926427770434592+0.2092356541939i,2.926427770434592,6.993138386736548
0.01905625,3.0E9,2.926833457721595+0.17943125353534845i,2.926833457721595,8.155863039615339
0.01905625,3.0E9,2.926893052947584+0.194799471620043i,2.926893052947584,7.512579548101901
0.01905625,3.0E9,2.9272299081546405+0.19801746407772386i,2.9272299081546405,7.391342783295297
0.01905625,3.0E9,2.927362242109622+0.14519007538951784i,2.927362242109622,10.08113755108969
0.01905625,3.0E9,2.9278292142594102+0.04501265161983149i,2.9278292142594102,32.522292165626155
0.01905625,3.0E9,2.9281574201428633+0.04440124099495134i,2.9281574201428633,32.973824092842484
0.01905625,3.0E9,2.930385726902914+0.20415441509382354i,2.930385726902914,7.176885509814208
0.01905625,3.0E9,2.9308228246314303+0.2008317851067308i,2.9308228246314303,7.296710585612389
0.01905625,3.0E9,2.9328008989247603+0.191002396339182i,2.9328008989247603,7.677392941491407
0.01905625,3.0E9,2.9348623334739767+0.1655352837816951i,2.9348623334739767,8.86476365167084
0.01905625,3.0E9,2.935200308913701+0.18856004313474956i,2.935200308913701,7.783198020420838
0.01905625,3.0E9,2.93681506628526+0.1639274983779572i,2.93681506628526,8.957664502126521
0.01905625,3.0E9,2.9370219305755034+0.16898146400273292i,2.9370219305755034,8.690367159228789
0.01905625,3.0E9,2.938016840837819+0.16755328747914183i,2.938016840837819,8.767410311789803
0.01905625,3.0E9,2.941347497710395+0.2132179098818861i,2.941347497710395,6.897515080557209
0.01905625,3.0E9,2.9456293275591108+0.21502583454494148i,2.9456293275591108,6.849477723904519
0.01905625,3.0E9,2.94578443571761+0.15665647957496345i,2.94578443571761,9.402051047329929
0.01905625,3.0E9,2.9462608616037946+0.15744563116135146i,2.9462608616037946,9.356438917585603
0.01905625,3.0E9,2.946579465350558+0.1574210154169449i,2.946579465350558,9.35891392120123
0.01905625,3.0E9,2.9467078729427287+0.15795371143612913i,2.9467078729427287,9.327757626430552
0.01905625,3.0E9,2.9489515997076943+0.16774056117151326i,2.9489515997076943,8.790216209818258
0.01905625,3.0E9,2.9496402207221917+0.1699686231495739i,2.9496402207221917,8.677013927819143
0.01905625,3.0E9,2.9503977284481837+0.16782197353099818i,2.9503977284481837,8.79026049560554
0.01905625,3.0E9,2.9504869463983994+0.21403828366900038i,2.9504869463983994,6.892428064320451
0.01905625,3.0E9,2.950716840302224+0.1702219880060644i,2.950716840302224,8.66726113020458
0.01905625,3.0E9,2.9530931119239257+0.17938807427612383i,2.9530931119239257,8.23101848838169
0.01905625,3.0E9,2.9538508987989895+0.20175252448718012i,2.9538508987989895,7.320480639107653
0.01905625,3.0E9,2.9547615418766138+0.21557020512732192i,2.9547615418766138,6.853362551034007
0.01905625,3.0E9,2.955119856907527+0.2063853008352388i,2.955119856907527,7.1592304416743655
0.01905625,3.0E9,2.9553347115806834+0.055587650430913606i,2.9553347115806834,26.582655398015817
0.01905625,3.0E9,2.956152714716054+0.1804775239397682i,2.956152714716054,8.189808487461928
0.01905625,3.0E9,2.9564220569586905+0.05598665004784682i,2.9564220569586905,26.40291975347783
0.01905625,3.0E9,2.960461132784212+0.18714864119773028i,2.960461132784212,7.909384524080949
0.01905625,3.0E9,2.9609668417743396+0.1863483347568035i,2.9609668417743396,7.944709690157924
0.01905625,3.0E9,2.961798318313809+0.18156933985275572i,2.961798318313809,8.156108076164426
0.01905625,3.0E9,2.9620610493446637+0.18885235241693862i,2.9620610493446637,7.842266753461393
0.01905625,3.0E9,2.9623686858974896+0.21445374641737536i,2.9623686858974896,6.906777651093238
0.01905625,3.0E9,2.9624970791371728+0.1880518992117439i,2.9624970791371728,7.876807124934806
0.01905625,3.0E9,2.9640262387374303+0.15876734527144476i,2.9640262387374303,9.334495811055573
0.01905625,3.0E9,2.964693828429064+0.1805653475769033i,2.964693828429064,8.209476148701214
0.01905625,3.0E9,2.965663476105062+0.2051276513411564i,2.965663476105062,7.228824238748638
0.01905625,3.0E9,2.966186723395212+0.16318358783673267i,2.966186723395212,9.088495855241648
0.01905625,3.0E9,2.9663244077626847+0.2054969153210208i,2.9663244077626847,7.217442663625354
0.01905625,3.0E9,2.9669856677581805+0.190424703401466i,2.9669856677581805,7.790443190301272
0.01905625,3.0E9,2.9672932999866775+0.20891378465909433i,2.9672932999866775,7.101717353952275
0.01905625,3.0E9,2.96749240586066+0.009608747194123213i,2.96749240586066,154.41619734129347
0.01905625,3.0E9,2.9678044205960856+0.009747105655967557i,2.9678044205960856,152.24029190547864
0.01905625,3.0E9,2.9680345927907705+0.19109157890893144i,2.9680345927907705,7.766000494991062
0.01905625,3.0E9,2.9684479264025847+0.2094391416573194i,2.9684479264025847,7.086659883422142
0.01905625,3.0E9,2.9687131920129683+0.15894966567136826i,2.9687131920129683,9.338532357000501
0.01905625,3.0E9,2.9705403793579874+1.3446679407710035E-4i,2.9705403793579874,11045.628029380785
0.01905625,3.0E9,2.9709400506259214+0.20886063670394833i,2.9709400506259214,7.112254605536588
0.01905625,3.0E9,2.971405555930376+0.19365019219092125i,2.971405555930376,7.672095551035765
0.01905625,3.0E9,2.971446530900587+0.19278212944019366i,2.971446530900587,7.70674787006752
0.01905625,3.0E9,2.971881393473879+0.16338266093462342i,2.971881393473879,9.09484940590807
0.01905625,3.0E9,2.971980038831947+3.898074829359373E-5i,2.971980038831947,38121.12605493999
0.01905625,3.0E9,2.9724185914061483+0.18025109609352388i,2.9724185914061483,8.245216411510471
0.01905625,3.0E9,2.9730105021392603+0.19275258708922977i,2.9730105021392603,7.711985989487609
0.01905625,3.0E9,2.97359455024514+0.1940305441455622i,2.97359455024514,7.662697033963739
0.01905625,3.0E9,2.9740583813668393+0.1857387843335266i,2.9740583813668393,8.006024137711579
0.01905625,3.0E9,2.976427971394891+0.19715492067057364i,2.976427971394891,7.548449618379568
0.01905625,3.0E9,2.9768918115960927+0.2063631634262741i,2.9768918115960927,7.212749994161691
0.01905625,3.0E9,2.9780686279953423+0.21417294483432495i,2.9780686279953423,6.952485595925875
0.01905625,3.0E9,2.9812010518409076+0.1833184358238291i,2.9812010518409076,8.131209058280076
0.01905625,3.0E9,2.9822702360589974+0.17972607257999054i,2.9822702360589974,8.29671008009058
0.01905625,3.0E9,2.9833997137518664+0.18354354810992218i,2.9833997137518664,8.127225785035881
0.01905625,3.0E9,2.9841209276938345+0.17944881162607343i,2.9841209276938345,8.314685677361851
0.01905625,3.0E9,2.985913810264991+0.20816091732547345i,2.985913810264991,7.172128775730547
0.01905625,3.0E9,2.9864836419186336+0.20345588856656827i,2.9864836419186336,7.339388559750368
0.01905625,3.0E9,2.9900630953755853+0.18692774633359618i,2.9900630953755853,7.997911369560515
0.01905625,3.0E9,2.9907970515847078+0.18760605274388464i,2.9907970515847078,7.970950318078687
0.01905625,3.0E9,3.001760568884281+0.1879546746102237i,3.001760568884281,7.985330971707052
0.01905625,3.0E9,3.0034569206115482+0.18766502768152246i,3.0034569206115482,8.00217535924854
0.01905625,3.0E9,3.0050038242133548+0.18883537283448942i,3.0050038242133548,7.956676175409104
0.01905625,3.0E9,3.0055158584368074+0.13617256666323932i,3.0055158584368074,11.035687775018515
0.01905625,3.0E9,3.005564028067475+0.1892072166250984i,3.005564028067475,7.942519534079934
0.01905625,3.0E9,3.006078689680197+0.13814321614020733i,3.006078689680197,10.880297902682392
0.01905625,3.0E9,3.006467015639607+0.13643103219317632i,3.006467015639607,11.018266765667619
0.01905625,3.0E9,3.00662915685717+0.13578342416503814i,3.00662915685717,11.071414553527385
0.01905625,3.0E9,3.009480643384229+0.04914099469318013i,3.009480643384229,30.620876339341677
0.01905625,3.0E9,3.009542405681604+0.21221096255519864i,3.009542405681604,7.090921150924956
0.01905625,3.0E9,3.010295619778285+0.04924326066446057i,3.010295619778285,30.565559420305107
0.01905625,3.0E9,3.0135663024963217+0.2061275518664192i,3.0135663024963217,7.309955110826865
0.01905625,3.0E9,3.014719436820581+0.21913167280422277i,3.014719436820581,6.878785248707521
0.01905625,3.0E9,3.0153237476726296+0.21560002004548676i,3.0153237476726296,6.992865183956068
0.01905625,3.0E9,3.018258052388065+0.15042343264251665i,3.018258052388065,10.03253947661531
0.01905625,3.0E9,3.019008866718779+0.15096311239557328i,3.019008866718779,9.999160784417247
0.01905625,3.0E9,3.019376609076605+0.15307787543616833i,3.019376609076605,9.862224049273696
0.01905625,3.0E9,3.0196093799849923+0.006114360401939811i,3.0196093799849923,246.92765730876823
0.01905625,3.0E9,3.0197349543052074+0.15356226114844937i,3.0197349543052074,9.832282136644286
0.01905625,3.0E9,3.0199839715812278+0.006121844699048168i,3.0199839715812278,246.65636912112285
0.01905625,3.0E9,3.024116387978297+0.21997852493335857i,3.024116387978297,6.873662756158672
0.01905625,3.0E9,3.0256386689430124+0.12577953911554854i,3.0256386689430124,12.027547128167969
0.01905625,3.0E9,3.0262143670593153+0.12790567241223436i,3.0262143670593153,11.829867706359261
0.01905625,3.0E9,3.026297656283484+0.12389066367790257i,3.026297656283484,12.213582389676317
0.01905625,3.0E9,3.0263337273877844+0.12606139588309226i,3.0263337273877844,12.003411933477112
0.01905625,3.0E9,3.0326980153983025+0.2111059356883997i,3.0326980153983025,7.18288191544429
0.01905625,3.0E9,3.0348039814620194+0.19964595461722118i,3.0348039814620194,7.6004645004718805
0.01905625,3.0E9,3.0375702472475616+0.17256222572989327i,3.0375702472475616,8.80137653069619
0.01905625,3.0E9,3.0377931175514683+0.20538764610245205i,3.0377931175514683,7.395267376588335
0.01905625,3.0E9,3.038523180464705+0.199494880602745i,3.038523180464705,7.615541740430245
0.01905625,3.0E9,3.0386682825842373+0.17232086932404395i,3.0386682825842373,8.816889952168586
0.01905625,3.0E9,3.040814675564329+0.20422947516569342i,3.040814675564329,7.444602874039816
0.01905625,3.0E9,3.041126200983023+0.21135609698592445i,3.041126200983023,7.19431860341732
0.01905625,3.0E9,3.042980972296893+0.14105346272187394i,3.042980972296893,10.78662272296347
0.01905625,3.0E9,3.044141103022752+0.20601767567906124i,3.044141103022752,7.3880580707186025
0.01905625,3.0E9,3.0445461826299915+0.1457460410162735i,3.0445461826299915,10.444695997917528
0.01905625,3.0E9,3.044988453726033+0.2108515114591997i,3.044988453726033,7.220693920221782
0.01905625,3.0E9,3.0456201650811483+0.13973892645938546i,3.0456201650811483,10.89753672168916
0.01905625,3.0E9,3.0464389447523454+0.1757637915329601i,3.0464389447523454,8.666287061123912
0.01905625,3.0E9,3.0470516696006413+0.1448526603667309i,3.0470516696006413,10.51776219327372
0.01905625,3.0E9,3.047394092791022+0.20541227554250546i,3.047394092791022,7.417750679073784
0.01905625,3.0E9,3.0481229602278206+0.17574004290166864i,3.0481229602278206,8.672249391487087
0.01905625,3.0E9,3.048856890112395+0.15365938698614617i,3.048856890112395,9.920828625937698
0.01905625,3.0E9,3.048978738257721+0.15450110831379887i,3.048978738257721,9.867174324941104
0.01905625,3.0E9,3.0495022834619903+0.17937296328332927i,3.0495022834619903,8.500451315634276
0.01905625,3.0E9,3.04970049964253+0.1965742853531506i,3.04970049964253,7.757119640963382
0.01905625,3.0E9,3.0497435537118527+0.21496940483168622i,3.0497435537118527,7.093436287130485
0.01905625,3.0E9,3.0498674772258334+0.15462833939859758i,3.0498674772258334,9.861929220373867
0.01905625,3.0E9,3.049998137892512+0.18096464869991336i,3.049998137892512,8.427055117682695
0.01905625,3.0E9,3.0502056839610603+0.15554783819210224i,3.0502056839610603,9.804718983603113
0.01905625,3.0E9,3.050723064147214+0.196683730191309i,3.050723064147214,7.755402699501014
0.01905625,3.0E9,3.0507954849947585+0.2090927109044756i,3.0507954849947585,7.2953176411503895
0.01905625,3.0E9,3.052095294409527+0.15972293436233836i,3.052095294409527,9.554342670307186
0.01905625,3.0E9,3.0521271135127903+0.20787384151974744i,3.0521271135127903,7.341296748063528
0.01905625,3.0E9,3.053768634933082+0.16411061509483385i,3.053768634933082,9.303994848743983
0.01905625,3.0E9,3.0538889139490975+0.20918452518420558i,3.0538889139490975,7.299509634519754
0.01905625,3.0E9,3.0550405741245132+0.17990008324214002i,3.0550405741245132,8.490937077590237
0.01905625,3.0E9,3.0554474949787234+0.1983797932765295i,3.0554474949787234,7.701004836514809
0.01905625,3.0E9,3.055448850051353+0.18707317777825905i,3.055448850051353,8.166453594093076
0.01905625,3.0E9,3.0556404631305387+0.18185486698439063i,3.0556404631305387,8.401316153371956
0.01905625,3.0E9,3.056024772578027+0.19485988348846642i,3.056024772578027,7.841595504081553
0.01905625,3.0E9,3.0563402857190947+0.18246291252724198i,3.0563402857190947,8.375237036904084
0.01905625,3.0E9,3.0566087814454184+0.18352124214358476i,3.0566087814454184,8.32767026242653
0.01905625,3.0E9,3.056848453627526+0.19057275549047034i,3.056848453627526,8.020161239103206
0.01905625,3.0E9,3.056885074271076+0.21362579532955184i,3.056885074271076,7.154765812703807
0.01905625,3.0E9,3.0568882255246774+0.1821133505329827i,3.0568882255246774,8.39281748586313
0.01905625,3.0E9,3.057156995617894+0.16519023109380274i,3.057156995617894,9.253443667264735
0.01905625,3.0E9,3.057402167407443+0.16693045640723556i,3.057402167407443,9.157712239007935
0.01905625,3.0E9,3.0582735835028885+0.1643755298364849i,3.0582735835028885,9.302703348074843
0.01905625,3.0E9,3.0586685684393373+0.19741315795980033i,3.0586685684393373,7.746871080047716
0.01905625,3.0E9,3.0596624103953993+0.1666311587379443i,3.0596624103953993,9.180943208848582
0.01905625,3.0E9,3.0597665708757633+0.1947285493737352i,3.0597665708757633,7.856491974895957
0.01905625,3.0E9,3.059778663510351+0.1919307414007918i,3.059778663510351,7.971048934576064
0.01905625,3.0E9,3.060483654956961+4.409910084139097E-5i,3.060483654956961,34700.068669931046
0.01905625,3.0E9,3.0615015530085197+3.873090824197679E-5i,3.0615015530085197,39522.71831428996
0.01905625,3.0E9,3.0615845197245934+0.20008809750658021i,3.0615845197245934,7.65059130922045
0.01905625,3.0E9,3.0629669369964483+0.17740278521624894i,3.0629669369964483,8.632803969968057
0.01905625,3.0E9,3.0632691946335795+0.1702207752544552i,3.0632691946335795,8.997929865066235
0.01905625,3.0E9,3.0646871055704903+0.17566160999152455i,3.0646871055704903,8.723269431830772
0.01905625,3.0E9,3.0719728885576956+0.20385094053342087i,3.0719728885576956,7.53485090752881
0.01905625,3.0E9,3.0722606756904463+0.19953344128586442i,3.0722606756904463,7.698610959375297
0.01905625,3.0E9,3.0811720980953323+0.17762758162314468i,3.0811720980953323,8.67312404396846
0.01905625,3.0E9,3.0855510694653234+0.17559932559423586i,3.0855510694653234,8.78577141177417
0.01905625,3.0E9,3.0883496273365374+0.18750065138564034i,3.0883496273365374,8.235570395391857
0.01905625,3.0E9,3.088902302523943+0.1559294087541134i,3.088902302523943,9.904809898288212
0.01905625,3.0E9,3.0892971317142277+0.03998373198901276i,3.0892971317142277,38.63192576124639
0.01905625,3.0E9,3.089761293915573+0.19199496155999557i,3.089761293915573,8.046464523888218
0.01905625,3.0E9,3.0897890351460706+0.18720870958644187i,3.0897890351460706,8.252257712719796
0.01905625,3.0E9,3.0900125816940722+0.0402776768956589i,3.0900125816940722,38.35887295211795
0.01905625,3.0E9,3.0907609951349677+0.1813383499278495i,3.0907609951349677,8.522083156609488
0.01905625,3.0E9,3.0911869017060383+0.2019876251783634i,3.0911869017060383,7.65192149513217
0.01905625,3.0E9,3.0912751723532277+0.1920668539883046i,3.0912751723532277,8.047393676114106
0.01905625,3.0E9,3.091515639004161+0.1618720652776627i,3.091515639004161,9.54925617864088
0.01905625,3.0E9,3.0916984594563304+0.15767145360134957i,3.0916984594563304,9.804242901423557
0.01905625,3.0E9,3.094522050466503+0.16367812958250905i,3.094522050466503,9.453071275801008
0.01905625,3.0E9,3.0949584512092962+0.17801672606219232i,3.0949584512092962,8.692886673266967
0.01905625,3.0E9,3.0955185057166865+0.18100295515252807i,3.0955185057166865,8.551016482322476
0.01905625,3.0E9,3.095954457932979+0.17605755368602363i,3.095954457932979,8.792449949220076
0.01905625,3.0E9,3.097754165630122+0.1798433745984735i,3.097754165630122,8.612366656670865
0.01905625,3.0E9,3.0978950628171305+0.1753463172819645i,3.0978950628171305,8.833647352386592
0.01905625,3.0E9,3.1025055260630086+0.19192433136600953i,3.1025055260630086,8.082626897749538
0.01905625,3.0E9,3.1071254622580153+0.1945225132816629i,3.1071254622580153,7.986544615941161
0.01905625,3.0E9,3.1094272134046443+0.006514346431501938i,3.1094272134046443,238.65995200747554
0.01905625,3.0E9,3.111836779666068+0.00648459204627514i,3.111836779666068,239.94082877222473
0.01905625,3.0E9,3.1142994662035144+0.13507625965301479i,3.1142994662035144,11.52793049720046
0.01905625,3.0E9,3.1143111723408063+0.1365777194161004i,3.1143111723408063,11.401241672709014
0.01905625,3.0E9,3.1161291731414855+0.13430004994183198i,3.1161291731414855,11.601370120454694
0.01905625,3.0E9,3.1164850457567055+0.13569268681734492i,3.1164850457567055,11.48361462527375
0.01905625,3.0E9,3.130710681114644+0.023513859346258315i,3.130710681114644,66.5716043251918
0.01905625,3.0E9,3.1320855439109265+0.023420623262438194i,3.1320855439109265,66.8659733947845
0.01905625,3.0E9,3.132810335436878+0.1493247066082547i,3.132810335436878,10.48992630421045
0.01905625,3.0E9,3.1341923012682695+0.14839055796590045i,3.1341923012682695,10.560619032069729
0.01905625,3.0E9,3.134215021255792+0.15291395389143253i,3.134215021255792,10.248296317944453
0.01905625,3.0E9,3.135400717875094+0.15098154485289467i,3.135400717875094,10.383390635358772
0.01905625,3.0E9,3.1372205945388445+0.12438975624963658i,3.1372205945388445,12.61044594477212
0.01905625,3.0E9,3.1372493007663484+0.12628885350220603i,3.1372493007663484,12.420927159306054
0.01905625,3.0E9,3.1396444386839657+0.12450312539797535i,3.1396444386839657,12.608697286305322
0.01905625,3.0E9,3.140041309109289+0.12702056213287408i,3.140041309109289,12.360366134360769
0.01905625,3.0E9,3.141954379337751+0.026284731348647256i,3.141954379337751,59.767671536415605
0.01905625,3.0E9,3.152197871568933+0.15155824705006538i,3.152197871568933,10.399295099156314
0.01905625,3.0E9,3.152547855598821+0.15255862393843547i,3.152547855598821,10.332250561171229
0.01905625,3.0E9,3.1539172565770945+0.1513030421916617i,3.1539172565770945,10.422517653616968
0.01905625,3.0E9,3.154164811491877+0.1526193796738137i,3.154164811491877,10.333434778181926
0.01905625,3.0E9,3.1613081040200854+0.13904288521651553i,3.1613081040200854,11.36810452076474
0.01905625,3.0E9,3.16372765316196+0.14497010081074568i,3.16372765316196,10.911655698205369
0.01905625,3.0E9,3.164632332945028+0.1389997831046032i,3.164632332945028,11.383587305900717
0.01905625,3.0E9,3.166039546307879+0.14408937235254055i,3.166039546307879,10.986374271107223
0.01905625,3.0E9,3.179383081215221+0.04017457423880077i,3.179383081215221,39.56959272694121
0.01905625,3.0E9,3.180351144655831+0.0392528346105185i,3.180351144655831,40.51110163396453
0.01905625,3.0E9,3.1888001166331854+3.594363091409222E-5i,3.1888001166331854,44358.34716106784
0.01905625,3.0E9,3.191421637411494+0.054837733040520614i,3.191421637411494,29.09877433348032
0.01905625,3.0E9,3.1932506881110996+3.569461068881079E-5i,3.1932506881110996,44730.15150592594
0.01905625,3.0E9,3.219411863062942+0.0032078962794837764i,3.219411863062942,501.7948809088396
0.01905625,3.0E9,3.2215853797683964+0.0031948585220488396i,3.2215853797683964,504.18279206029086
0.01905625,3.5E9,3.3103022006343723+0.0025069305642392665i,3.3103022006343723,660.230133186575
0.01905625,3.5E9,3.3112866412094104+0.0025261272396968908i,3.3112866412094104,655.4077302944429
0.01905625,3.5E9,3.315842090669407+0.0473291962165418i,3.315842090669407,35.029562677323725
0.01905625,3.5E9,3.3620087508063197+0.1223364205743606i,3.3620087508063197,13.740833412576292
0.01905625,3.5E9,3.362158392988144+0.12460011127183247i,3.362158392988144,13.491795306880293
0.01905625,3.5E9,3.362159201016866+0.01829984795468557i,3.362159201016866,91.86303649468313
0.01905625,3.5E9,3.3634601609639128+0.14564360770677878i,3.3634601609639128,11.546885626918472
0.01905625,3.5E9,3.3639583975474543+0.01812343832270808i,3.3639583975474543,92.80684872396766
0.01905625,3.5E9,3.3643813752374956+0.12763894386800734i,3.3643813752374956,13.179290243566394
0.01905625,3.5E9,3.3646180779848014+0.12486438842327834i,3.3646180779848014,13.473089166861042
0.01905625,3.5E9,3.3658141126622154+0.14630516767548785i,3.3658141126622154,11.502717799168101
0.01905625,3.5E9,3.3861629833067353+0.15808496598887578i,3.3861629833067353,10.709946268847016
0.01905625,3.5E9,3.387714665583362+0.1591912175912479i,3.387714665583362,10.640394353543828
0.01905625,3.5E9,3.3879427756580274+0.16015868141225967i,3.3879427756580274,10.576831507925645
0.01905625,3.5E9,3.3899790005756243+0.16186968745773694i,3.3899790005756243,10.471321264090054
0.01905625,3.5E9,3.3908408991096084+0.027587069849047807i,3.3908408991096084,61.457068794615864
0.01905625,3.5E9,3.3929786512233906+0.0279089821621063i,3.3929786512233906,60.78649933407893
0.01905625,3.5E9,3.3980996734345865+0.1365140390270482i,3.3980996734345865,12.445971482688693
0.01905625,3.5E9,3.399974640826425+0.1433458748796369i,3.399974640826425,11.859338971844425
0.01905625,3.5E9,3.400655149273824+0.13645962249448526i,3.400655149273824,12.460298098110503
0.01905625,3.5E9,3.4017052006936144+0.14346717459865713i,3.4017052006936144,11.855343252593245
0.01905625,3.5E9,3.4069204937267163+7.910730457085302E-5i,3.4069204937267163,21533.539236413268
0.01905625,3.5E9,3.4120853980538985+0.16708986859197286i,3.4120853980538985,10.210330006261726
0.01905625,3.5E9,3.4132587940744314+1.1315175560442128E-4i,3.4132587940744314,15082.65945959862
0.01905625,3.5E9,3.41588088586435+0.178945675507285i,3.41588088586435,9.544463357890109
0.01905625,3.5E9,3.4200902104667366+0.16002515804160117i,3.4200902104667366,10.68610164902205
0.01905625,3.5E9,3.420369493644819+0.15648520984689723i,3.420369493644819,10.928730890897794
0.01905625,3.5E9,3.4223559281244404+0.16624971096497348i,3.4223559281244404,10.2928176784785
0.01905625,3.5E9,3.4230911467164318+0.16441935351707473i,3.4230911467164318,10.409635707395445
0.01905625,3.5E9,3.425581908672796+0.18161140165647263i,3.425581908672796,9.43107612580531
0.01905625,3.5E9,3.426131834707069+0.030992772149505646i,3.426131834707069,55.273078158026564
0.01905625,3.5E9,3.4265824757167413+0.03156493628331523i,3.4265824757167413,54.27830496727446
0.01905625,3.5E9,3.4365532006320003+0.17507081132143773i,3.4365532006320003,9.814752027173556
0.01905625,3.5E9,3.4367324993647577+0.18386133085600412i,3.4367324993647577,9.345990490127383
0.01905625,3.5E9,3.437956747390299+0.17458702090177008i,3.437956747390299,9.845968874526578
0.01905625,3.5E9,3.43897856264616+0.18266609000963188i,3.43897856264616,9.413292205643708
0.01905625,3.5E9,3.4394170004505265+0.1679797321152407i,3.4394170004505265,10.237595206101862
0.01905625,3.5E9,3.4400721381159345+0.17328703877905263i,3.4400721381159345,9.925936072178352
0.01905625,3.5E9,3.4403879912207875+0.16643569846385697i,3.4403879912207875,10.335486986789371
0.01905625,3.5E9,3.4427383078616964+0.18587651538497885i,3.4427383078616964,9.260821090634435
0.01905625,3.5E9,3.442915033654283+0.17879810123443482i,3.442915033654283,9.627940704862503
0.01905625,3.5E9,3.4436351695844443+0.13292257144505992i,3.4436351695844443,12.953538034011707
0.01905625,3.5E9,3.443743334947149+1.0436255791284361E-4i,3.443743334947149,16498.940826187518
0.01905625,3.5E9,3.444105696135052+0.13268693658384093i,3.444105696135052,12.978314914817647
0.01905625,3.5E9,3.444272624026352+0.13092447181264405i,3.444272624026352,13.153662475549972
0.01905625,3.5E9,3.4444789632259036+0.13405510859682518i,3.4444789632259036,12.847249908189918
0.01905625,3.5E9,3.4459710074743737+0.16765589958007815i,3.4459710074743737,10.276915444387512
0.01905625,3.5E9,3.4461244799008823+0.17635342113849586i,3.4461244799008823,9.770506457015461
0.01905625,3.5E9,3.4462708671110507+0.17015820552231728i,3.4462708671110507,10.126666699770325
0.01905625,3.5E9,3.446506703222406+9.072664090438483E-4i,3.446506703222406,1899.3906689737457
0.01905625,3.5E9,3.4468113087423693+0.16811731337437735i,3.4468113087423693,10.25120863389819
0.01905625,3.5E9,3.44708252326017+0.16989088142795522i,3.44708252326017,10.144989814306063
0.01905625,3.5E9,3.4483715471020657+0.18337889226325088i,3.4483715471020657,9.402313168496327
0.01905625,3.5E9,3.4485199579569388+0.18809248932227612i,3.4485199579569388,9.167085752287198
0.01905625,3.5E9,3.448914020989466+0.04777630414354811i,3.448914020989466,36.09439954403861
0.01905625,3.5E9,3.4493031076580634+0.18231654729777205i,3.4493031076580634,9.459654537073977
0.01905625,3.5E9,3.4509451437118943+9.324584935181106E-5i,3.4509451437118943,18504.550967688025
0.01905625,3.5E9,3.4519480232417+0.04995934468834833i,3.4519480232417,34.54757107779652
0.01905625,3.5E9,3.453866849168795+0.1917995442939307i,3.453866849168795,9.003845295575317
0.01905625,3.5E9,3.4567626211148776+0.1642211670111117i,3.4567626211148776,10.524717014344999
0.01905625,3.5E9,3.458274165940665+0.18067449743064323i,3.458274165940665,9.57045464390517
0.01905625,3.5E9,3.4591285832291367+0.1487006001110526i,3.4591285832291367,11.631185686694572
0.01905625,3.5E9,3.4591553379076583+0.19561525252761788i,3.4591553379076583,8.841732158435034
0.01905625,3.5E9,3.459879188856461+0.18632906228667656i,3.459879188856461,9.284325124583262
0.01905625,3.5E9,3.460103508670881+0.16153501381695187i,3.460103508670881,10.710072778994522
0.01905625,3.5E9,3.461285173324443+0.17793557152016373i,3.461285173324443,9.726231645964644
0.01905625,3.5E9,3.463630239443891+0.19150188350310748i,3.463630239443891,9.043332044793408
0.01905625,3.5E9,3.463715215969732+0.17617260705824783i,3.463715215969732,9.830459098628557
0.01905625,3.5E9,3.4643605244802553+0.0011225507626931707i,3.4643605244802553,1543.075217448842
0.01905625,3.5E9,3.4644220416844593+0.17342577473678283i,3.4644220416844593,9.988198256408513
0.01905625,3.5E9,3.465265192513005+0.15085091960433744i,3.465265192513005,11.485727768852687
0.01905625,3.5E9,3.4655343609189924+0.0010685374567112793i,3.4655343609189924,1621.6251190599985
0.01905625,3.5E9,3.4664734903416914+0.1458735883716325i,3.4664734903416914,11.881772187266641
0.01905625,3.5E9,3.4666298161780578+0.16709717484550723i,3.4666298161780578,10.373095234504097
0.01905625,3.5E9,3.466785134811535+0.19541930297416588i,3.466785134811535,8.870119486788465
0.01905625,3.5E9,3.467565993623707+0.14636504549388948i,3.467565993623707,11.845608293711331
0.01905625,3.5E9,3.4688758495213228+0.14814069895095888i,3.4688758495213228,11.708044696986592
0.01905625,3.5E9,3.469080755424622+0.14557590909881024i,3.469080755424622,11.915023498393436
0.01905625,3.5E9,3.469545630294839+0.1694823295007919i,3.469545630294839,10.235714957760916
0.01905625,3.5E9,3.4697523914951676+0.174391239694298i,3.4697523914951676,9.94818431699186
0.01905625,3.5E9,3.4699361002764433+0.16326603226188216i,3.4699361002764433,10.62663204404512
0.01905625,3.5E9,3.470338776755365+0.19728061781378367i,3.470338776755365,8.795437725238353
0.01905625,3.5E9,3.4711590130268357+0.17679243225427005i,3.4711590130268357,9.817046376833805
0.01905625,3.5E9,3.471219017754596+0.0012306759256981335i,3.471219017754596,1410.2896405426372
0.01905625,3.5E9,3.47280387679131+0.12270054354457345i,3.47280387679131,14.151542350461325
0.01905625,3.5E9,3.4734551922374632+0.1258279554897573i,3.4734551922374632,13.802398595438557
0.01905625,3.5E9,3.474664085600758+0.17620943123993724i,3.474664085600758,9.859472507091432
0.01905625,3.5E9,3.4767753826933068+0.1441855663450722i,3.4767753826933068,12.056599945560817
0.01905625,3.5E9,3.476791192585721+0.16686240840401115i,3.476791192585721,10.41813799117544
0.01905625,3.5E9,3.477809026375082+0.12638249563468873i,3.477809026375082,13.759061367278905
0.01905625,3.5E9,3.4778574125737034+0.1894825975129015i,3.4778574125737034,9.177247563161844
0.01905625,3.5E9,3.4786262986051018+0.1242212063685927i,3.4786262986051018,14.001740927725429
0.01905625,3.5E9,3.4787146863420064+0.14970864938366743i,3.4787146863420064,11.61828224576021
0.01905625,3.5E9,3.481002616328246+0.14451854941619274i,3.481002616328246,12.043445738939216
0.01905625,3.5E9,3.4822325007521053+0.1946305169534757i,3.4822325007521053,8.945751558540266
0.01905625,3.5E9,3.482616926287604+0.17143932110790705i,3.482616926287604,10.156995792393454
0.01905625,3.5E9,3.4832589520328585+0.15017791610904976i,3.4832589520328585,11.597107758185746
0.01905625,3.5E9,3.484248136163338+0.18060082963487128i,3.484248136163338,9.64626835659503
0.01905625,3.5E9,3.4855563800444873+0.19059957413009807i,3.4855563800444873,9.143662560508508
0.01905625,3.5E9,3.4871959544820896+0.18405158098155458i,3.4871959544820896,9.473420265897015
0.01905625,3.5E9,3.4872732168195677+0.19765017099355603i,3.4872732168195677,8.821832025971947
0.01905625,3.5E9,3.4874304252520543+0.17762275078526701i,3.4874304252520543,9.816958722444584
0.01905625,3.5E9,3.489238585036329+0.19885462963289252i,3.489238585036329,8.773340081339434
0.01905625,3.5E9,3.490862435745293+0.19403890584110386i,3.490862435745293,8.995264172959
0.01905625,3.5E9,3.4918700611634614+0.044763833540027505i,3.4918700611634614,39.00325089495581
0.01905625,3.5E9,3.4925317238746434+0.19863806188581745i,3.4925317238746434,8.791194624830375
0.01905625,3.5E9,3.4947747877193307+0.044984224103546945i,3.4947747877193307,38.84444888584588
0.01905625,3.5E9,3.494787053453869+0.15435861958558528i,3.494787053453869,11.32034953032266
0.01905625,3.5E9,3.4948971826375947+0.1904661362828553i,3.4948971826375947,9.174589380674558
0.01905625,3.5E9,3.4954852876199616+0.1577115727676237i,3.4954852876199616,11.081892172777643
0.01905625,3.5E9,3.4957068058640606+0.19484029074364556i,3.4957068058640606,8.970697981721392
0.01905625,3.5E9,3.4983015423426935+0.16139265756589027i,3.4983015423426935,10.83785841036317
0.01905625,3.5E9,3.498362762853199+0.18983578338369086i,3.498362762853199,9.214181595527762
0.01905625,3.5E9,3.498369771978359+0.18106394881861196i,3.498369771978359,9.660591726857207
0.01905625,3.5E9,3.4986876716187316+0.15721249949288546i,3.4986876716187316,11.127256684119645
0.01905625,3.5E9,3.4988982794379733+0.19534499651956871i,3.4988982794379733,8.955689528212387
0.01905625,3.5E9,3.502932957703561+0.19470077681980752i,3.502932957703561,8.995683055095025
0.01905625,3.5E9,3.5083016939641665+0.001075360401985483i,3.5083016939641665,1631.2213502964414
0.01905625,3.5E9,3.5086619999149122+0.08677694033249234i,3.5086619999149122,20.216557454498922
0.01905625,3.5E9,3.5094413783165423+0.1820261283539189i,3.5094413783165423,9.639938535343205
0.01905625,3.5E9,3.509520693012227+0.17864836058898514i,3.509520693012227,9.822426249649592
0.01905625,3.5E9,3.509653570774664+0.07511823974508325i,3.509653570774664,23.36086137457969
0.01905625,3.5E9,3.510021174448702+0.18957561685933055i,3.510021174448702,9.257575506277313
0.01905625,3.5E9,3.510628487598337+9.88525437720928E-4i,3.510628487598337,1775.6895035964808
0.01905625,3.5E9,3.511361185697349+0.1888177706401536i,3.511361185697349,9.298280489682442
0.01905625,3.5E9,3.5147877052124974+0.17685872460730329i,3.5147877052124974,9.93670997293666
0.01905625,3.5E9,3.515439733425015+0.18925892932497565i,3.515439733425015,9.287381435484793
0.01905625,3.5E9,3.515464346921217+0.19474306222292687i,3.515464346921217,9.025903944390542
0.01905625,3.5E9,3.5160231394239134+0.19752281422842485i,3.5160231394239134,8.900296285161813
0.01905625,3.5E9,3.5169713003365737+0.1364803328475903i,3.5169713003365737,12.88453518157825
0.01905625,3.5E9,3.518023778537093+0.13466489915511343i,3.518023778537093,13.062140916486582
0.01905625,3.5E9,3.5184490883960966+0.17908116558378287i,3.5184490883960966,9.82361566870078
0.01905625,3.5E9,3.5189170041954783+0.1430463487427506i,3.5189170041954783,12.299918995219416
0.01905625,3.5E9,3.5189590015597743+0.14428791646986433i,3.5189590015597743,12.194226265283747
0.01905625,3.5E9,3.519984888647567+0.18429582593309743i,3.519984888647567,9.549822604027348
0.01905625,3.5E9,3.5203948603320065+0.18246831383293313i,3.5203948603320065,9.646592294252411
0.01905625,3.5E9,3.5213832224941584+0.1853999897945166i,3.5213832224941584,9.49671903001989
0.01905625,3.5E9,3.5223482145308562+0.16374497833084944i,3.5223482145308562,10.755591562062726
0.01905625,3.5E9,3.5274027964566246+0.1939981505339566i,3.5274027964566246,9.091330991424075
0.01905625,3.5E9,3.528049188731061+0.16451207366425952i,3.528049188731061,10.722766755500254
0.01905625,3.5E9,3.5318402946935623+0.19432076276720944i,3.5318402946935623,9.087655493933509
0.01905625,3.5E9,3.534124582804594+0.17762783075296384i,3.534124582804594,9.948116147743994
0.01905625,3.5E9,3.5348650909053925+0.18835867134538814i,3.5348650909053925,9.383335170228523
0.01905625,3.5E9,3.5363753484559686+0.1873561717024569i,3.5363753484559686,9.437573676708496
0.01905625,3.5E9,3.536696956444992+0.1629361584016643i,3.536696956444992,10.85301442951188
0.01905625,3.5E9,3.5380675509895854+0.1543948473962763i,3.5380675509895854,11.45785500829776
0.01905625,3.5E9,3.5381751770908294+0.19223964307604774i,3.5381751770908294,9.202511824502215
0.01905625,3.5E9,3.5383370527366096+0.17431718301408325i,3.5383370527366096,10.149134444338582
0.01905625,3.5E9,3.5403760169171656+0.18660424526978572i,3.5403760169171656,9.486322274711963
0.01905625,3.5E9,3.543964276522111+0.1657363762712623i,3.543964276522111,10.691570421214202
0.01905625,3.5E9,3.544254682657755+0.19223515232164426i,3.544254682657755,9.218539481081937
0.01905625,3.5E9,3.5443618215885455+0.15952381513215608i,3.5443618215885455,11.109193378594446
0.01905625,3.5E9,3.5447480516735728+0.16507082815063454i,3.5447480516735728,10.737051759499355
0.01905625,3.5E9,3.5449213240719435+0.19046882262603904i,3.5449213240719435,9.305778434489353
0.01905625,3.5E9,3.5453490138105366+0.16887023680132787i,3.5453490138105366,10.497258371176333
0.01905625,3.5E9,3.5460856856035106+0.16442366251298238i,3.5460856856035106,10.78338005432619
0.01905625,3.5E9,3.5467411931138075+0.10944053146109237i,3.5467411931138075,16.20396550420044
0.01905625,3.5E9,3.5467712397961684+0.18551705513699857i,3.5467712397961684,9.55915141380664
0.01905625,3.5E9,3.5468189696762624+0.06825093747793924i,3.5468189696762624,25.983664845795722
0.01905625,3.5E9,3.5472147212300222+0.16569109704098087i,3.5472147212300222,10.70430090867429
0.01905625,3.5E9,3.5502202575295394+0.16036856679246164i,3.5502202575295394,11.068940530359665
0.01905625,3.5E9,3.5502731831695997+0.17414791586451223i,3.5502731831695997,10.193269226178185
0.01905625,3.5E9,3.551560419567308+0.13266330416598981i,3.551560419567308,13.385617228120429
0.01905625,3.5E9,3.551564342043894+0.13076759469447316i,3.551564342043894,13.579680617135336
0.01905625,3.5E9,3.552047461654044+0.16990567384454547i,3.552047461654044,10.452998364563081
0.01905625,3.5E9,3.5525021393813776+0.1831613781012885i,3.5525021393813776,9.697738071769802
0.01905625,3.5E9,3.5526338716386134+0.06712428865740891i,3.5526338716386134,26.46310257208579
0.01905625,3.5E9,3.5532815766919934+0.1743457152854029i,3.5532815766919934,10.19033238320567
0.01905625,3.5E9,3.5545726639279698+0.18765408683588772i,3.5545726639279698,9.471077139493929
0.01905625,3.5E9,3.5546891291030813+0.1891659802535055i,3.5546891291030813,9.395688179077876
0.01905625,3.5E9,3.5557207282518677+0.1334116609790257i,3.5557207282518677,13.326124201432735
0.01905625,3.5E9,3.5560677283788493+0.13197453370846926i,3.5560677283788493,13.472552728370216
0.01905625,3.5E9,3.556944503645209+0.11304778138398625i,3.556944503645209,15.732040293490748
0.01905625,3.5E9,3.5574281810374533+0.1573071034819096i,3.5574281810374533,11.30727126205893
0.01905625,3.5E9,3.557681926610143+0.16612707684107372i,3.557681926610143,10.707712415880332
0.01905625,3.5E9,3.5589937511343734+0.17719643753368133i,3.5589937511343734,10.04250932092775
0.01905625,3.5E9,3.559676130662934+0.1715846688986158i,3.559676130662934,10.37294343810588
0.01905625,3.5E9,3.5629522628872023+0.17732316860381594i,3.5629522628872023,10.0464938985151
0.01905625,3.5E9,3.564358679455642+0.1860464760757705i,3.564358679455642,9.579215781555567
0.01905625,3.5E9,3.564454317651755+0.17723489983589455i,3.564454317651755,10.055734849491147
0.01905625,3.5E9,3.5648145581745574+0.17425747707144204i,3.5648145581745574,10.228584213672093
0.01905625,3.5E9,3.565760666806307+0.1651801997063046i,3.565760666806307,10.793547510979941
0.01905625,3.5E9,3.5705442829291303+0.17627452709837238i,3.5705442829291303,10.127794247141958
0.01905625,3.5E9,3.5705929596653543+0.1784881174204979i,3.5705929596653543,10.002326797064702
0.01905625,3.5E9,3.571009218463502+0.1747348223593349i,3.571009218463502,10.218367381631207
0.01905625,3.5E9,3.571416287444096+0.1458822666486844i,3.571416287444096,12.240748548433332
0.01905625,3.5E9,3.57142414712093+0.17345658205104655i,3.57142414712093,10.294864873072084
0.01905625,3.5E9,3.571826805781987+0.14389804839268122i,3.571826805781987,12.410963337163833
0.01905625,3.5E9,3.5729186779086657+0.14736198878107018i,3.5729186779086657,12.12293179354687
0.01905625,3.5E9,3.573134023823617+0.17929620117563463i,3.573134023823617,9.964332764427766
0.01905625,3.5E9,3.5744708737929862+0.1761837047376318i,3.5744708737929862,10.144158561985046
0.01905625,3.5E9,3.5757130464874294+0.14402577858108526i,3.5757130464874294,12.413448070597775
0.01905625,3.5E9,3.5761523571212934+0.14561036170733957i,3.5761523571212934,12.279869080707858
0.01905625,3.5E9,3.5831692584457064+0.1253446978547661i,3.5831692584457064,14.293262179296322
0.01905625,3.5E9,3.584058073968009+0.12257431927076834i,3.584058073968009,14.619938724892185
0.01905625,3.5E9,3.5844892962790897+0.15967135216384268i,3.5844892962790897,11.224584897987704
0.01905625,3.5E9,3.5847572652139545+0.1469828366729376i,3.5847572652139545,12.194475716884767
0.01905625,3.5E9,3.585416138653109+0.1763258094097827i,3.585416138653109,10.167020218578921
0.01905625,3.5E9,3.587792129903649+0.15006602173045697i,3.587792129903649,11.954045587841026
0.01905625,3.5E9,3.58781466727473+0.16498284408400285i,3.58781466727473,10.873296212083584
0.01905625,3.5E9,3.5894411461625264+0.17007587491483575i,3.5894411461625264,10.552470031272549
0.01905625,3.5E9,3.593507000799933+0.12361722419743178i,3.593507000799933,14.53481512843495
0.01905625,3.5E9,3.5935265052884935+0.12580117508460578i,3.5935265052884935,14.282563349951696
0.01905625,3.5E9,3.593712099218553+0.14824351703124386i,3.593712099218553,12.12097557851768
0.01905625,3.5E9,3.5941810137669123+0.14262904673675655i,3.5941810137669123,12.59975122879604
0.01905625,3.5E9,3.594365962837051+0.012370259023738556i,3.594365962837051,145.2825666762294
0.01905625,3.5E9,3.59475257606445+0.16126546262697408i,3.59475257606445,11.145450853229292
0.01905625,3.5E9,3.5950621847959656+0.151369594014126i,3.5950621847959656,11.87511338789899
0.01905625,3.5E9,3.595410178828042+0.17207003046235256i,3.595410178828042,10.447520027651434
0.01905625,3.5E9,3.595559096214595+0.14383715452077733i,3.595559096214595,12.498714633899459
0.01905625,3.5E9,3.5963761353668597+0.012203434138010416i,3.5963761353668597,147.3509872178158
0.01905625,3.5E9,3.598436700887075+0.14924879606818228i,3.598436700887075,12.05516156808119
0.01905625,3.5E9,3.5993642766172305+0.17381499579649415i,3.5993642766172305,10.354009618454999
0.01905625,3.5E9,3.603074300199636+0.15784182546331166i,3.603074300199636,11.41356002955353
0.01905625,3.5E9,3.6043627389660218+0.16725560338345238i,3.6043627389660218,10.7750134107693
0.01905625,3.5E9,3.607607788755539+0.15714997929803975i,3.607607788755539,11.478231829460189
0.01905625,3.5E9,3.609142898059842+0.15739768655733502i,3.609142898059842,11.465044299571533
0.01905625,3.5E9,3.610341221944371+0.15441612410158995i,3.610341221944371,11.690298674927035
0.01905625,3.5E9,3.613831484235147+0.158430535595235i,3.613831484235147,11.405097731500181
0.01905625,3.5E9,3.617616153686654+0.1592074127133285i,3.617616153686654,11.361330769819723
0.01905625,3.5E9,3.6212108428522907+0.04455737424484867i,3.6212108428522907,40.63537073519254
0.01905625,3.5E9,3.6241159921712587+0.04367939978371017i,3.6241159921712587,41.485414292744466
0.01905625,3.5E9,3.6254733808406443+1.2483485187247972E-4i,3.6254733808406443,14521.078554825812
0.01905625,3.5E9,3.6257349801584535+0.15137640200138383i,3.6257349801584535,11.975892319482229
0.01905625,3.5E9,3.6272366220713996+0.030548343256950234i,3.6272366220713996,59.368794431202836
0.01905625,3.5E9,3.6304897192025285+0.03099049497177147i,3.6304897192025285,58.57424546638345
0.01905625,3.5E9,3.6320447751599767+8.61083207470002E-5i,3.6320447751599767,21089.975647251882
0.01905625,3.5E9,3.633509646658933+0.1321472256298847i,3.633509646658933,13.747960387891887
0.01905625,3.5E9,3.6361109129551243+0.14076977173820604i,3.6361109129551243,12.915098419415331
0.01905625,3.5E9,3.6370234472568765+0.14592104364747507i,3.6370234472568765,12.462299324158547
0.01905625,3.5E9,3.6372886808182843+0.13647751816032327i,3.6372886808182843,13.325596515264435
0.01905625,3.5E9,3.642737713585866+1.6470296046204168E-4i,3.642737713585866,11058.507094732493
0.01905625,3.5E9,3.6488050794817233+1.2452040928658353E-4i,3.6488050794817233,14651.433850831649
0.01905625,3.5E9,3.66716027522681+0.023447260323276403i,3.66716027522681,78.20018681641821
0.01905625,3.5E9,3.672064683728896+4.2826101682506737E-4i,3.672064683728896,4287.180643888528
0.01905625,3.5E9,3.675761399125006+0.024377689664536777i,3.675761399125006,75.39191469141325
0.01905625,3.5E9,3.6763757504086567+0.02447488110051678i,3.6763757504086567,75.10507886248794
0.01905625,3.5E9,3.6793445941352876+4.751185019649186E-4i,3.6793445941352876,3872.0283244273232
0.01905625,3.5E9,3.697281983926205+0.025814518925382324i,3.697281983926205,71.6124517875641
0.01905625,3.5E9,3.6985783225731006+0.026690352639573124i,3.6985783225731006,69.2868013495129
0.01905625,4.0E9,3.828195439404417+0.007617022091916573i,3.828195439404417,251.29213183371363
0.01905625,4.0E9,3.829536234056241+0.006857492877309562i,3.829536234056241,279.22276425015434
0.01905625,4.0E9,3.837826351894129+3.7693283545879987E-4i,3.837826351894129,5090.862337878783
0.01905625,4.0E9,3.844326035135522+1.6448402120125641E-4i,3.844326035135522,11686.016693474896
0.01905625,4.0E9,3.8492662950269874+4.982075323046631E-4i,3.8492662950269874,3863.1153138338036
0.01905625,4.0E9,3.8543886239470306+2.6396348547093296E-4i,3.8543886239470306,7300.988273189526
0.01905625,4.0E9,3.8617170952566835+0.03431608725776754i,3.8617170952566835,56.266862044165215
0.01905625,4.0E9,3.8620312576836167+0.045384369698319105i,3.8620312576836167,42.548032322091
0.01905625,4.0E9,3.8634571365360504+0.04552587030545891i,3.8634571365360504,42.43144733548116
0.01905625,4.0E9,3.866649182695196+0.035192492667805865i,3.866649182695196,54.93571056750423
0.01905625,4.0E9,3.8836220687476333+0.13411563444209051i,3.8836220687476333,14.478632878646724
0.01905625,4.0E9,3.8868453025495935+0.12957161507227283i,3.8868453025495935,14.998830185074016
0.01905625,4.0E9,3.8897897951304263+0.12681100053643315i,3.8897897951304263,15.336957277664876
0.01905625,4.0E9,3.889940061573674+0.14048759167507366i,3.889940061573674,13.844425743201972
0.01905625,4.0E9,3.8916105405868326+5.48004176356276E-4i,3.8916105405868326,3550.712484038412
0.01905625,4.0E9,3.8939177007701216+0.14026445170772592i,3.8939177007701216,13.880629244835383
0.01905625,4.0E9,3.895829875113649+0.13931377785479904i,3.895829875113649,13.98221315616791
0.01905625,4.0E9,3.8975519282924034+5.952344538531067E-4i,3.8975519282924034,3273.963648325916
0.01905625,4.0E9,3.90434260202098+0.0015594154172056173i,3.90434260202098,1251.8609726897973
0.01905625,4.0E9,3.9052649216827526+0.14571912863475223i,3.9052649216827526,13.399973491027984
0.01905625,4.0E9,3.908487928311871+0.14805860220527167i,3.908487928311871,13.19912477254465
0.01905625,4.0E9,3.9107821805588867+0.13819181875270076i,3.9107821805588867,14.14983251489501
0.01905625,4.0E9,3.911240208969879+4.992474127070148E-4i,3.911240208969879,3917.136182802017
0.01905625,4.0E9,3.912543197065594+0.04719591979629933i,3.912543197065594,41.45001531861638
0.01905625,4.0E9,3.9150189906948327+0.012395348215905998i,3.9150189906948327,157.9229127936474
0.01905625,4.0E9,3.915390458049708+0.14870904841132102i,3.915390458049708,13.164600607287708
0.01905625,4.0E9,3.917650334393414+0.04848709038599922i,3.917650334393414,40.398901060112344
0.01905625,4.0E9,3.9182370642311906+0.012159362568035575i,3.9182370642311906,161.12016737338752
0.01905625,4.0E9,3.9215665760512928+0.15031626939083417i,3.9215665760512928,13.044384988876056
0.01905625,4.0E9,3.925306264747961+0.12737158038858087i,3.925306264747961,15.408877917557316
0.01905625,4.0E9,3.925404714921533+0.15141987813143132i,3.925404714921533,12.961986112266947
0.01905625,4.0E9,3.9254717822375484+0.16022835977064576i,3.9254717822375484,12.249616072512229
0.01905625,4.0E9,3.9261183124543053+0.12510942773421085i,3.9261183124543053,15.690737235227232
0.01905625,4.0E9,3.9267595988353556+0.025046188453570654i,3.9267595988353556,78.39036279141999
0.01905625,4.0E9,3.926991811207336+0.018309833216257586i,3.926991811207336,107.2372359929663
0.01905625,4.0E9,3.927335733661318+0.019495270396496425i,3.927335733661318,100.7253465529546
0.01905625,4.0E9,3.9273944292906404+0.023434591228830785i,3.9273944292906404,83.79481406227603
0.01905625,4.0E9,3.932390498189807+0.12756387178669198i,3.932390498189807,15.413417776960465
0.01905625,4.0E9,3.9334907588575234+0.1599399169255896i,3.9334907588575234,12.29677629721272
0.01905625,4.0E9,3.9335443151581675+0.1443553344180823i,3.9335443151581675,13.624520115639877
0.01905625,4.0E9,3.934349379185463+0.12454491405293201i,3.934349379185463,15.794901819569088
0.01905625,4.0E9,3.9344431070310617+0.15392871959054968i,3.9344431070310617,12.780081317822555
0.01905625,4.0E9,3.9354805821707566+0.14121103394416923i,3.9354805821707566,13.934748837427012
0.01905625,4.0E9,3.9366660114811953+0.1461100429066071i,3.9366660114811953,13.471579137094276
0.01905625,4.0E9,3.938498627183032+0.16658055475831832i,3.938498627183032,11.821603766709632
0.01905625,4.0E9,3.940618246998317+0.1594853675414476i,3.940618246998317,12.35416862294347
0.01905625,4.0E9,3.9431707395883087+0.14751111963936842i,3.9431707395883087,13.365672870046936
0.01905625,4.0E9,3.9442153372947444+0.15384219168303845i,3.9442153372947444,12.819029988278585
0.01905625,4.0E9,3.9446703889811245+0.1444157999131271i,3.9446703889811245,13.657336632674644
0.01905625,4.0E9,3.94531848028234+0.07034391227361306i,3.94531848028234,28.04306977508189
0.01905625,4.0E9,3.945808299624696+0.13763542595183423i,3.945808299624696,14.334275759082326
0.01905625,4.0E9,3.9463231308218916+0.14962517650371404i,3.9463231308218916,13.187363326932935
0.01905625,4.0E9,3.946350551654985+0.14610441495062934i,3.946350551654985,13.505240594503974
0.01905625,4.0E9,3.9470670052162955+8.255179213405472E-4i,3.9470670052162955,2390.6610039468965
0.01905625,4.0E9,3.948254398843958+0.16126713364002984i,3.948254398843958,12.24134859263078
0.01905625,4.0E9,3.9488035664775394+0.15526787800727762i,3.9488035664775394,12.716099482896434
0.01905625,4.0E9,3.94934474317255+0.1517320724528049i,3.94934474317255,13.014205498316656
0.01905625,4.0E9,3.94940566393009+0.0453361973878998i,3.94940566393009,43.55686947163531
0.01905625,4.0E9,3.9504204858146954+0.15826861150326668i,3.9504204858146954,12.480113549657188
0.01905625,4.0E9,3.953066499630185+0.16579634723781933i,3.953066499630185,11.921452328379349
0.01905625,4.0E9,3.953185406306186+6.653496561732169E-4i,3.953185406306186,2970.757833590144
0.01905625,4.0E9,3.9533123941661876+0.1695835845258196i,3.9533123941661876,11.655940653749669
0.01905625,4.0E9,3.953819257395181+0.1549219554953101i,3.953819257395181,12.760680836858121
0.01905625,4.0E9,3.9545933117882277+0.06735537329891557i,3.9545933117882277,29.356182870802208
0.01905625,4.0E9,3.955532766241788+0.17272762240108i,3.955532766241788,11.450203248490544
0.01905625,4.0E9,3.9557110584267385+0.14455055781604503i,3.9557110584267385,13.682794166248652
0.01905625,4.0E9,3.956219066727264+0.15978552969068155i,3.956219066727264,12.379778927371747
0.01905625,4.0E9,3.9568464886617822+0.1523527312449388i,3.9568464886617822,12.985807528124738
0.01905625,4.0E9,3.957462489810583+0.13555210337007773i,3.957462489810583,14.59756946377332
0.01905625,4.0E9,3.9575866359768757+0.1505999469050701i,3.9575866359768757,13.13940249418388
0.01905625,4.0E9,3.9587333966663816+0.1629759412296455i,3.9587333966663816,12.145146598933353
0.01905625,4.0E9,3.9598266854376134+0.15782224833730854i,3.9598266854376134,12.545210599757773
0.01905625,4.0E9,3.960066621524633+0.14144333251438734i,3.960066621524633,13.998774460159947
0.01905625,4.0E9,3.9638390720042738+0.16479581985040548i,3.9638390720042738,12.026515829110458
0.01905625,4.0E9,3.964363071801544+0.15334625578285901i,3.964363071801544,12.926181508517402
0.01905625,4.0E9,3.966716863961391+0.13780602004532425i,3.966716863961391,14.39239324471
0.01905625,4.0E9,3.9672224166120116+0.17251765379808298i,3.9672224166120116,11.498018693366022
0.01905625,4.0E9,3.967518310580203+0.1511098818459271i,3.967518310580203,13.127924733028108
0.01905625,4.0E9,3.9688009633867547+0.15805904883598124i,3.9688009633867547,12.554804652485295
0.01905625,4.0E9,3.970322030829743+0.16688650406623864i,3.970322030829743,11.895275933318997
0.01905625,4.0E9,3.972239372737497+0.15890277045607568i,3.972239372737497,12.498961979506563
0.01905625,4.0E9,3.9723132309353955+0.14412672015883893i,3.9723132309353955,13.78062730685051
0.01905625,4.0E9,3.9757150076996974+0.1537846108730629i,3.9757150076996974,12.9262446519481
0.01905625,4.0E9,3.977248411174625+0.17120343000959679i,3.977248411174625,11.61556287438774
0.01905625,4.0E9,3.978927194291034+0.17508981023659237i,3.978927194291034,11.36253214540143
0.01905625,4.0E9,3.980278349789674+0.176077675959812i,3.980278349789674,11.30262064197773
0.01905625,4.0E9,3.980410511230487+0.16319207523381982i,3.980410511230487,12.195477340206006
0.01905625,4.0E9,3.981435993935547+0.14300796745895622i,3.981435993935547,13.920329281927012
0.01905625,4.0E9,3.9816341739568593+0.13623450629608772i,3.9816341739568593,14.613163295440376
0.01905625,4.0E9,3.983154899269384+0.1548511161715072i,3.983154899269384,12.861240518466113
0.01905625,4.0E9,3.9840040485349264+0.16323926844401884i,3.9840040485349264,12.202958535988532
0.01905625,4.0E9,3.9847076514960342+0.04180483418700522i,3.9847076514960342,47.65845540340232
0.01905625,4.0E9,3.9847478261617075+0.14116955504832904i,3.9847478261617075,14.113339893993217
0.01905625,4.0E9,3.985031951361799+0.1297493614235608i,3.985031951361799,15.356653426419749
0.01905625,4.0E9,3.9870850907324304+0.13142754822014563i,3.9870850907324304,15.168376587433277
0.01905625,4.0E9,3.9883172251870063+0.17453897148380831i,3.9883172251870063,11.425291415668148
0.01905625,4.0E9,3.988415396687711+0.16666823515939277i,3.988415396687711,11.965133586713145
0.01905625,4.0E9,3.989097714943483+0.14257953257680864i,3.989097714943483,13.989026485251404
0.01905625,4.0E9,3.9911512434791176+0.13484962874469977i,3.9911512434791176,14.798525144756796
0.01905625,4.0E9,3.9917591102554675+0.03957295755755152i,3.9917591102554675,50.43544072300124
0.01905625,4.0E9,3.99221872732248+0.1640814613910485i,3.99221872732248,12.165355834465636
0.01905625,4.0E9,3.9922496716339926+0.14900075050353315i,3.9922496716339926,13.396743500091725
0.01905625,4.0E9,3.993948475776733+0.15668335676562065i,3.993948475776733,12.745286283823994
0.01905625,4.0E9,3.994071067689561+0.12973784952723386i,3.994071067689561,15.392852133143872
0.01905625,4.0E9,3.994126340470636+0.13460090852437195i,3.994126340470636,14.836921920729184
0.01905625,4.0E9,3.99498898419053+0.16123753653182743i,3.99498898419053,12.38852028541735
0.01905625,4.0E9,3.9950226416223704+0.1684766431785532i,3.9950226416223704,11.856310068418228
0.01905625,4.0E9,3.99596861430553+0.0592782148051524i,3.99596861430553,33.70520373665339
0.01905625,4.0E9,3.996683847193667+0.08256927706469479i,3.996683847193667,24.202003392025464
0.01905625,4.0E9,3.9967181252409527+0.14125202342281026i,3.9967181252409527,14.147472115417278
0.01905625,4.0E9,3.998608055666977+0.17456801840842395i,3.998608055666977,11.452865456465595
0.01905625,4.0E9,3.999625903936062+0.14182480393614832i,3.999625903936062,14.10058675539137
0.01905625,4.0E9,3.9997840610109914+0.13336531717798428i,3.9997840610109914,14.995593103389211
0.01905625,4.0E9,4.000248371366571+0.17029921855561583i,4.000248371366571,11.74476431922141
0.01905625,4.0E9,4.000781618013991+0.16232932741447287i,4.000781618013991,12.323040086893418
0.01905625,4.0E9,4.001040167652852+0.14371530842625574i,4.001040167652852,13.920020808729276
0.01905625,4.0E9,4.001149573508159+0.05956424108108342i,4.001149573508159,33.58684254921915
0.01905625,4.0E9,4.003268231032898+0.16026184306242386i,4.003268231032898,12.48977346864025
0.01905625,4.0E9,4.003379452405972+0.13006169501194575i,4.003379452405972,15.390309391394117
0.01905625,4.0E9,4.003893177627456+0.13192467778382186i,4.003893177627456,15.174921193244938
0.01905625,4.0E9,4.004348940054652+0.1297145322996674i,4.004348940054652,15.435236395887308
0.01905625,4.0E9,4.004525365873518+0.06803066825285203i,4.004525365873518,29.43176561921864
0.01905625,4.0E9,4.005311538852081+0.15062127945847456i,4.005311538852081,13.29596838259604
0.01905625,4.0E9,4.005366354696138+0.1645624941257831i,4.005366354696138,12.169742491975851
0.01905625,4.0E9,4.00590280909039+0.17171056642151877i,4.00590280909039,11.664695110423823
0.01905625,4.0E9,4.007872750188507+0.16401949932494922i,4.007872750188507,12.217671577719734
0.01905625,4.0E9,4.008204000901954+0.17248347686550802i,4.008204000901954,11.619095561331084
0.01905625,4.0E9,4.010914038645548+0.1407676955514034i,4.010914038645548,14.24657135621327
0.01905625,4.0E9,4.011292394830378+0.15599497122841924i,4.011292394830378,12.857120852173981
0.01905625,4.0E9,4.01244182706578+0.16002193016382418i,4.01244182706578,12.537162321932998
0.01905625,4.0E9,4.012979111264658+0.15207950677725587i,4.012979111264658,13.193687947523038
0.01905625,4.0E9,4.013981557166128+0.16682449747043143i,4.013981557166128,12.03055192142143
0.01905625,4.0E9,4.014961584091659+0.14421857801909277i,4.014961584091659,13.91971006523212
0.01905625,4.0E9,4.015922351125592+0.13234200620235526i,4.015922351125592,15.172515765648573
0.01905625,4.0E9,4.016008194411515+0.05367683195935453i,4.016008194411515,37.40913954695146
0.01905625,4.0E9,4.016666619218296+0.1523675141807557i,4.016666619218296,13.180849739575292
0.01905625,4.0E9,4.018236705791079+0.16370199836731703i,4.018236705791079,12.273022766572765
0.01905625,4.0E9,4.018338598766094+0.15302468566168426i,4.018338598766094,13.12970708415656
0.01905625,4.0E9,4.0187118676990154+0.1462179084096229i,4.0187118676990154,13.742201319282914
0.01905625,4.0E9,4.020827917518036+0.17042175840077506i,4.020827917518036,11.796697661288038
0.01905625,4.0E9,4.021039414340013+0.165259615104565i,4.021039414340013,12.165825909118128
0.01905625,4.0E9,4.021053217773904+0.054373043019808394i,4.021053217773904,36.976532804215246
0.01905625,4.0E9,4.02348444415732+0.14816565848712115i,4.02348444415732,13.577655190953202
0.01905625,4.0E9,4.024856318690437+0.16586736795524143i,4.024856318690437,12.132755129316715
0.01905625,4.0E9,4.027400210827167+0.12916262441666654i,4.027400210827167,15.590424199786897
0.01905625,4.0E9,4.0275054955009555+0.17406514130628137i,4.0275054955009555,11.568960520401502
0.01905625,4.0E9,4.028510123967964+0.131964141384411i,4.028510123967964,15.263654511390826
0.01905625,4.0E9,4.029120053310646+0.1585584926341944i,4.029120053310646,12.70546908706464
0.01905625,4.0E9,4.0295527023859234+0.15677955828629642i,4.0295527023859234,12.851014336408337
0.01905625,4.0E9,4.030250262328422+0.054989040823405735i,4.030250262328422,36.645940736367336
0.01905625,4.0E9,4.031527448071787+0.17389692287948924i,4.031527448071787,11.591715889261708
0.01905625,4.0E9,4.031760919428272+0.15132927548832895i,4.031760919428272,13.321153182086091
0.01905625,4.0E9,4.032328707480584+0.12295747456428013i,4.032328707480584,16.397249218763637
0.01905625,4.0E9,4.032586658240931+0.16625686287713584i,4.032586658240931,12.127579543050263
0.01905625,4.0E9,4.033513265045935+0.1420025821851149i,4.033513265045935,14.202253237155356
0.01905625,4.0E9,4.033746590359957+3.957759633947798E-4i,4.033746590359957,5095.997437237444
0.01905625,4.0E9,4.0346981022210375+0.12151337784140714i,4.0346981022210375,16.601867933779737
0.01905625,4.0E9,4.036063707287432+0.1673234503304756i,4.036063707287432,12.060663640738705
0.01905625,4.0E9,4.037527975888794+0.16555682757664114i,4.037527975888794,12.19378274816151
0.01905625,4.0E9,4.040245189689629+0.1621296810858445i,4.040245189689629,12.459918389497103
0.01905625,4.0E9,4.043666640761893+0.1650406723061899i,4.043666640761893,12.250515537345624
0.01905625,4.0E9,4.043844870661538+0.1616703074992479i,4.043844870661538,12.506455060340473
0.01905625,4.0E9,4.0439536144100074+0.16022695084715113i,4.0439536144100074,12.619455069914382
0.01905625,4.0E9,4.0443336671059+0.1477648825698928i,4.0443336671059,13.685029882499077
0.01905625,4.0E9,4.045094589120168+0.13525287582878792i,4.045094589120168,14.95382099764266
0.01905625,4.0E9,4.0461857791346265+0.12940514495616975i,4.0461857791346265,15.633790219488924
0.01905625,4.0E9,4.047444190156649+0.15400442148646476i,4.047444190156649,13.140675284158556
0.01905625,4.0E9,4.047635184157572+0.12564575606486653i,4.047635184157572,16.107329490969516
0.01905625,4.0E9,4.048674835869386+0.14863475771672652i,4.048674835869386,13.619542622680143
0.01905625,4.0E9,4.048743204975946+5.283290152828138E-4i,4.048743204975946,3831.649490998199
0.01905625,4.0E9,4.0496590134186405+0.14976167071664429i,4.0496590134186405,13.520345339498698
0.01905625,4.0E9,4.050034499627276+0.16944357344569783i,4.050034499627276,11.950982906192085
0.01905625,4.0E9,4.050846747734819+0.1626162730378112i,4.050846747734819,12.455231792186396
0.01905625,4.0E9,4.051040695823776+0.14156277881138044i,4.051040695823776,14.30828332785633
0.01905625,4.0E9,4.054546100542256+0.1425771232236714i,4.054546100542256,14.218782118999503
0.01905625,4.0E9,4.0548779825924255+0.15189261087054765i,4.0548779825924255,13.347844767933594
0.01905625,4.0E9,4.055215867028679+0.13473258600745666i,4.055215867028679,15.04912800680693
0.01905625,4.0E9,4.055672325154408+0.004560423040643905i,4.055672325154408,444.65966084823697
0.01905625,4.0E9,4.05587690991706+0.15149981361400267i,4.05587690991706,13.385748844057286
0.01905625,4.0E9,4.05603497061341+0.1690308562631622i,4.05603497061341,11.997912867159046
0.01905625,4.0E9,4.056458928078486+0.14173913418716128i,4.056458928078486,14.309593999361116
0.01905625,4.0E9,4.056481757757284+0.15992801606744245i,4.056481757757284,12.682211214471158
0.01905625,4.0E9,4.057056571045915+0.14213507486020188i,4.057056571045915,14.271834644039362
0.01905625,4.0E9,4.059586813300229+0.14575683819402302i,4.059586813300229,13.92588801870257
0.01905625,4.0E9,4.059641480862441+0.011822499898275224i,4.059641480862441,171.6913307588482
0.01905625,4.0E9,4.05998733548349+0.15092804203756205i,4.05998733548349,13.450076210731819
0.01905625,4.0E9,4.060461547821299+0.15384911204745363i,4.060461547821299,13.196246288925213
0.01905625,4.0E9,4.060782731711001+0.16463431093031383i,4.060782731711001,12.332735226224633
0.01905625,4.0E9,4.0629838118879045+0.13909616773153885i,4.0629838118879045,14.604945190616702
0.01905625,4.0E9,4.063043566279815+6.610213986069411E-4i,4.063043566279815,3073.307138651193
0.01905625,4.0E9,4.063268901415854+0.011587134389356955i,4.063268901415854,175.33536614316213
0.01905625,4.0E9,4.063503532456987+0.15701356004007108i,4.063503532456987,12.939976430761613
0.01905625,4.0E9,4.0657434409429785+0.13977354895033425i,4.0657434409429785,14.544037378587488
0.01905625,4.0E9,4.066088457718842+0.16092910228950105i,4.066088457718842,12.633167027813938
0.01905625,4.0E9,4.067923520703345+0.1442629116384152i,4.067923520703345,14.098992854446568
0.01905625,4.0E9,4.06833103242731+0.16411375520061755i,4.06833103242731,12.394850838231264
0.01905625,4.0E9,4.06989191646966+0.1460648881140767i,4.06989191646966,13.931794180717388
0.01905625,4.0E9,4.070234610259152+0.14770378999417924i,4.070234610259152,13.77836889093893
0.01905625,4.0E9,4.072270524880884+0.1530253656820486i,4.072270524880884,13.305867647270071
0.01905625,4.0E9,4.072855520558502+0.1610955243255137i,4.072855520558502,12.641119415362489
0.01905625,4.0E9,4.074988082131063+0.005304371257526869i,4.074988082131063,384.1160322581758
0.01905625,4.0E9,4.076760483495795+0.15722856213677772i,4.076760483495795,12.964439883223324
0.01905625,4.0E9,4.076804016527011+0.13663931404484622i,4.076804016527011,14.918122375778937
0.01905625,4.0E9,4.079811292568907+0.14192661751903868i,4.079811292568907,14.372960350519248
0.01905625,4.0E9,4.081859741792376+8.385222267801344E-4i,4.081859741792376,2433.960371847522
0.01905625,4.0E9,4.082403744402398+0.15857725151993535i,4.082403744402398,12.871971563617318
0.01905625,4.0E9,4.085071643114739+0.010297972290850098i,4.085071643114739,198.343495580406
0.01905625,4.0E9,4.085522670663284+0.15040102252620588i,4.085522670663284,13.58209738883731
0.01905625,4.0E9,4.089789343864784+0.1409879667775432i,4.089789343864784,14.5040368952828
0.01905625,4.0E9,4.090426745253143+0.011029980073045363i,4.090426745253143,185.42312489073163
0.01905625,4.0E9,4.093803114205854+0.14462860356437987i,4.093803114205854,14.152812836858862
0.01905625,4.0E9,4.095730001138739+0.15005906476368833i,4.095730001138739,13.647059601459791
0.01905625,4.0E9,4.09660432045686+0.04777510081920046i,4.09660432045686,42.873842757129935
0.01905625,4.0E9,4.098507440055684+0.12350335437191154i,4.098507440055684,16.592696857907413
0.01905625,4.0E9,4.098773678215741+0.14517490413091552i,4.098773678215741,14.116674306599014
0.01905625,4.0E9,4.098930681586967+0.0010404413455373483i,4.098930681586967,1969.803823717725
0.01905625,4.0E9,4.099436096343714+0.14036567929959134i,4.099436096343714,14.602701019221474
0.01905625,4.0E9,4.100233109732382+0.04644984670699987i,4.100233109732382,44.13613176805691
0.01905625,4.0E9,4.100654550450022+0.14452504587093198i,4.100654550450022,14.186657149073348
0.01905625,4.0E9,4.101448260052491+0.13076979221613944i,4.101448260052491,15.68194072402256
0.01905625,4.0E9,4.101907602208727+0.13117631211253067i,4.101907602208727,15.63509270900173
0.01905625,4.0E9,4.104558607533937+0.12996799248590807i,4.104558607533937,15.790651717494901
0.01905625,4.0E9,4.104787288125482+0.1414591175231156i,4.104787288125482,14.508740617071659
0.01905625,4.0E9,4.105856342468+0.12472903303321833i,4.105856342468,16.459104358543822
0.01905625,4.0E9,4.105972013497079+0.13697081962398i,4.105972013497079,14.988491799819204
0.01905625,4.0E9,4.1068152581111494+0.13228091105611778i,4.1068152581111494,15.52308350964149
0.01905625,4.0E9,4.109353188144132+0.1368627783073482i,4.109353188144132,15.012676342562234
0.01905625,4.0E9,4.113173027524526+5.911238501649579E-4i,4.113173027524526,3479.112732785788
0.01905625,4.0E9,4.116488710984711+8.140313841776704E-4i,4.116488710984711,2528.4582333045814
0.01905625,4.0E9,4.117521602994985+0.12784239950937046i,4.117521602994985,16.103896746294968
0.01905625,4.0E9,4.117849145113914+0.11864890476656827i,4.117849145113914,17.35308536229406
0.01905625,4.0E9,4.120520664664108+0.0010118291738281087i,4.120520664664108,2036.1740752516137
0.01905625,4.0E9,4.132085220239142+0.11362936791786113i,4.132085220239142,18.182294313324388
0.01905625,4.0E9,4.13613707615529+0.00602116236023431i,4.13613707615529,343.4666621408241
0.01905625,4.0E9,4.141658525163536+0.006057191910677264i,4.141658525163536,341.87942088006673
0.01905625,4.0E9,4.161608918759266+0.04443323143857288i,4.161608918759266,46.82991517860365
0.01905625,4.0E9,4.164109270596527+0.042013905203587144i,4.164109270596527,49.55632248916717
0.01905625,4.0E9,4.170174171758344+0.029904989063852246i,4.170174171758344,69.72372005979189
0.01905625,4.0E9,4.17462407362096+0.015660047768203525i,4.17462407362096,133.28899551945176
0.01905625,4.0E9,4.175737899395415+0.03171757303670718i,4.175737899395415,65.8268823809876
0.01905625,4.5E9,4.343943642900627+0.0010552048837231742i,4.343943642900627,2058.3413277872164
0.01905625,4.5E9,4.349788368746586+0.029732740247346543i,4.349788368746586,73.14812446751822
0.01905625,4.5E9,4.353505658180054+0.028692349391510795i,4.353505658180054,75.865269845559
0.01905625,4.5E9,4.3539217473892124+0.003225091267234014i,4.3539217473892124,675.0075248449226
0.01905625,4.5E9,4.355604010126402+0.05733930107776481i,4.355604010126402,37.980965308761235
0.01905625,4.5E9,4.373181523483444+0.06048775782125752i,4.373181523483444,36.149310877138795
0.01905625,4.5E9,4.376258277276821+0.0029539631914382706i,4.376258277276821,740.7435356609915
0.01905625,4.5E9,4.383469060173907+0.018213115873422694i,4.383469060173907,120.33825213209234
0.01905625,4.5E9,4.389962169762684+0.01935721061040211i,4.389962169762684,113.39345988733572
0.01905625,4.5E9,4.395485518179031+0.11108805529210504i,4.395485518179031,19.783790015142227
0.01905625,4.5E9,4.398780240802152+0.11674850731452696i,4.398780240802152,18.838700134090768
0.01905625,4.5E9,4.409475439390132+0.11913949562763995i,4.409475439390132,18.505514968653053
0.01905625,4.5E9,4.411182296336995+0.002240584286590002i,4.411182296336995,984.3821370028613
0.01905625,4.5E9,4.412649980847964+0.12514266259396425i,4.412649980847964,17.630478245317395
0.01905625,4.5E9,4.414619630111225+0.1291279557399i,4.414619630111225,17.093973202067527
0.01905625,4.5E9,4.415683192875435+0.11227030228958798i,4.415683192875435,19.665410633195332
0.01905625,4.5E9,4.419173960550487+0.13397040742324393i,4.419173960550487,16.493097414376297
0.01905625,4.5E9,4.420773765114786+0.032343455627677355i,4.420773765114786,68.34108599904496
0.01905625,4.5E9,4.422456888096892+0.011137604817313214i,4.422456888096892,198.5371612944221
0.01905625,4.5E9,4.422772763265893+0.12481808318001131i,4.422772763265893,17.71687503359356
0.01905625,4.5E9,4.422819692958768+0.05973450619058526i,4.422819692958768,37.02064330160854
0.01905625,4.5E9,4.425163642214611+0.0020725807214259117i,4.425163642214611,1067.5491662322684
0.01905625,4.5E9,4.425185783114778+0.034048501677282045i,4.425185783114778,64.98356117190562
0.01905625,4.5E9,4.4268320210012275+0.1374330172606624i,4.4268320210012275,16.105416694028754
0.01905625,4.5E9,4.427824208794432+0.11720954914057331i,4.427824208794432,18.888496036632624
0.01905625,4.5E9,4.430632959502904+0.02956663036158284i,4.430632959502904,74.92624126115857
0.01905625,4.5E9,4.430776226528406+0.12439775703566158i,4.430776226528406,17.80890721871383
0.01905625,4.5E9,4.432935651039639+0.13992479236206173i,4.432935651039639,15.840422473414208
0.01905625,4.5E9,4.433737851499841+0.06191381662879104i,4.433737851499841,35.805722316253345
0.01905625,4.5E9,4.43406256855286+0.13097315375328492i,4.43406256855286,16.927371913580608
0.01905625,4.5E9,4.4350555476900855+0.13807261694670828i,4.4350555476900855,16.060590599951755
0.01905625,4.5E9,4.435121484306908+0.12384414571456294i,4.435121484306908,17.906060309580617
0.01905625,4.5E9,4.4355681384248955+0.011973883695504983i,4.4355681384248955,185.2184408676867
0.01905625,4.5E9,4.436335720718952+0.13683220340453245i,4.436335720718952,16.210861223959515
0.01905625,4.5E9,4.436787530861373+0.14323909690450673i,4.436787530861373,15.487348170797421
0.01905625,4.5E9,4.4379999996542105+0.03473638027809255i,4.4379999996542105,63.88115232681796
0.01905625,4.5E9,4.440425040012608+0.13664477600452418i,4.440425040012608,16.248060005841676
0.01905625,4.5E9,4.441648453756859+0.14436391037324448i,4.441648453756859,15.383513934588066
0.01905625,4.5E9,4.441878846442607+0.11745550988185981i,4.441878846442607,18.908771716671183
0.01905625,4.5E9,4.441927966030462+0.13341791986037055i,4.441927966030462,16.646669243079163
0.01905625,4.5E9,4.443172491563452+0.09540960106034112i,4.443172491563452,23.284724190144132
0.01905625,4.5E9,4.443426432345444+8.904154352193762E-4i,4.443426432345444,2495.1422990835135
0.01905625,4.5E9,4.443698611266767+0.12411208884328831i,4.443698611266767,17.901957225446665
0.01905625,4.5E9,4.447361122156941+0.14726688952296765i,4.447361122156941,15.099664074399202
0.01905625,4.5E9,4.447716758969273+0.1313446890461923i,4.447716758969273,16.93146784718896
0.01905625,4.5E9,4.449123153693221+0.11088364370267434i,4.449123153693221,20.062125508894674
0.01905625,4.5E9,4.449192760596162+0.14725631137279807i,4.449192760596162,15.106967976851141
0.01905625,4.5E9,4.449835016786904+0.13116459722095686i,4.449835016786904,16.962789926045417
0.01905625,4.5E9,4.451630754682759+0.13144747274074606i,4.451630754682759,16.93311655927655
0.01905625,4.5E9,4.453514947696211+0.13611578459405152i,4.453514947696211,16.359289119106457
0.01905625,4.5E9,4.453544357842084+0.1330349013278121i,4.453544357842084,16.738255575760824
0.01905625,4.5E9,4.455067567149674+0.12790999047931118i,4.455067567149674,17.414853798579006
0.01905625,4.5E9,4.455222063005933+0.036294468723758626i,4.455222063005933,61.376047365717625
0.01905625,4.5E9,4.455305060617109+0.0915016838049251i,4.455305060617109,24.34548128160949
0.01905625,4.5E9,4.456570227567085+0.1433084134903049i,4.456570227567085,15.548878530668341
0.01905625,4.5E9,4.456641276883286+0.10940905674299385i,4.456641276883286,20.366875510827732
0.01905625,4.5E9,4.458259612209367+0.11626595099123917i,4.458259612209367,19.172679422479007
0.01905625,4.5E9,4.460349714943109+0.1414905652674577i,4.460349714943109,15.762004012464612
0.01905625,4.5E9,4.4609330978221475+0.14440281737073316i,4.4609330978221475,15.446142876732639
0.01905625,4.5E9,4.461490272357752+0.12105822588290252i,4.461490272357752,18.427043019254523
0.01905625,4.5E9,4.462172276481008+0.003889968866364198i,4.462172276481008,573.5485848054648
0.01905625,4.5E9,4.462914648688145+0.14550167216286636i,4.462914648688145,15.336300203109042
0.01905625,4.5E9,4.463036328514519+0.13017981914761503i,4.463036328514519,17.141813369143417
0.01905625,4.5E9,4.463927857760633+0.12649391944194505i,4.463927857760633,17.64483177315639
0.01905625,4.5E9,4.466026271233028+0.14787562122273373i,4.466026271233028,15.10061710748858
0.01905625,4.5E9,4.469031148650538+0.13250215175641136i,4.469031148650538,16.86399461974887
0.01905625,4.5E9,4.469163128059991+0.12252736260194531i,4.469163128059991,18.237408498618233
0.01905625,4.5E9,4.469331784633265+0.15356395286750227i,4.469331784633265,14.552021165049995
0.01905625,4.5E9,4.469704564103473+0.11925806753294149i,4.469704564103473,18.739631861252697
0.01905625,4.5E9,4.470260923780632+0.13725953871386337i,4.470260923780632,16.283971830546196
0.01905625,4.5E9,4.470783461519564+0.12670227232854314i,4.470783461519564,17.642870089680304
0.01905625,4.5E9,4.47081386883749+0.14326702015316412i,4.47081386883749,15.603081100094862
0.01905625,4.5E9,4.4708445377762835+0.00417895284405285i,4.4708445377762835,534.9240233876809
0.01905625,4.5E9,4.473626534845742+0.14192592106979324i,4.473626534845742,15.760428049805647
0.01905625,4.5E9,4.475387050336631+0.15110006671558307i,4.475387050336631,14.809348359722069
0.01905625,4.5E9,4.47559168890969+0.147055206163202i,4.47559168890969,15.217386060928282
0.01905625,4.5E9,4.476894189781584+0.12838846220419803i,4.476894189781584,17.43495526358598
0.01905625,4.5E9,4.476977487176731+0.021669620299165273i,4.476977487176731,103.30078297101466
0.01905625,4.5E9,4.4777320388608155+0.11973813938606341i,4.4777320388608155,18.698019118301033
0.01905625,4.5E9,4.4781024149228275+0.13541694752394265i,4.4781024149228275,16.534497700633324
0.01905625,4.5E9,4.480207042121385+0.14211459224909304i,4.480207042121385,15.762656639328947
0.01905625,4.5E9,4.482011021608046+0.1528006188160824i,4.482011021608046,14.66620703612069
0.01905625,4.5E9,4.482242755611147+0.001033823816873528i,4.482242755611147,2167.7981695015833
0.01905625,4.5E9,4.484148809339025+0.11328207019738404i,4.484148809339025,19.7919617885063
0.01905625,4.5E9,4.484311039753039+0.13829923073126704i,4.484311039753039,16.212349902605837
0.01905625,4.5E9,4.484704331211611+0.12683957935626658i,4.484704331211611,17.67864713038424
0.01905625,4.5E9,4.485782598180856+0.14828714043456262i,4.485782598180856,15.125325719529872
0.01905625,4.5E9,4.486508343904495+0.15375717711885808i,4.486508343904495,14.589589988493069
0.01905625,4.5E9,4.486863900190742+0.13394651711487857i,4.486863900190742,16.74871432581784
0.01905625,4.5E9,4.486956953242476+0.1265028284583722i,4.486956953242476,17.734611185863645
0.01905625,4.5E9,4.487131249663217+0.0011590775348960932i,4.487131249663217,1935.6475794630385
0.01905625,4.5E9,4.488417404417631+0.14979693550677872i,4.488417404417631,14.981672986943442
0.01905625,4.5E9,4.488540729308977+0.14449733827227507i,4.488540729308977,15.531568895931006
0.01905625,4.5E9,4.489322112093046+0.12928592481347287i,4.489322112093046,17.361990945920876
0.01905625,4.5E9,4.4895034685434+0.1184553820921258i,4.4895034685434,18.95018778062696
0.01905625,4.5E9,4.49035134724815+0.10370863811427412i,4.49035134724815,21.64887818843179
0.01905625,4.5E9,4.490839513973082+0.003961004439704601i,4.490839513973082,566.8814037365727
0.01905625,4.5E9,4.491279153207199+0.021827161655414175i,4.491279153207199,102.88280318144682
0.01905625,4.5E9,4.492503082404288+0.1475818003763614i,4.492503082404288,15.2203831060048
0.01905625,4.5E9,4.493418356437693+0.10963305020791848i,4.493418356437693,20.49299161117906
0.01905625,4.5E9,4.4953372186028036+0.13927514552542147i,4.4953372186028036,16.138332513112626
0.01905625,4.5E9,4.49570585847518+0.146923195765309i,4.49570585847518,15.299510179646838
0.01905625,4.5E9,4.496036816591907+0.13437006501394158i,4.496036816591907,16.730053736765775
0.01905625,4.5E9,4.496259348527345+0.06132488960025227i,4.496259348527345,36.65933504190808
0.01905625,4.5E9,4.4967119795017885+0.12841728538462624i,4.4967119795017885,17.508203689377016
0.01905625,4.5E9,4.497411382507996+0.12333958174276921i,4.497411382507996,18.231825173072057
0.01905625,4.5E9,4.498176468633473+0.14788955186423136i,4.498176468633473,15.207891334889512
0.01905625,4.5E9,4.499343113787192+0.13882583339832347i,4.499343113787192,16.204992268541023
0.01905625,4.5E9,4.4995726817872965+0.1288777967227282i,4.4995726817872965,17.456741177333367
0.01905625,4.5E9,4.501522277829467+0.004741466087093615i,4.501522277829467,474.6972977496052
0.01905625,4.5E9,4.502969852813932+0.126114715142398i,4.502969852813932,17.85267424078769
0.01905625,4.5E9,4.502972965882393+0.14503849386124745i,4.502972965882393,15.523371920113178
0.01905625,4.5E9,4.504416781727391+0.1432628605638914i,4.504416781727391,15.720811255609902
0.01905625,4.5E9,4.506042826148399+0.018388212760306583i,4.506042826148399,122.52530696934548
0.01905625,4.5E9,4.506208630804842+0.1399578834982551i,4.506208630804842,16.0984451828361
0.01905625,4.5E9,4.5062981985862836+0.14769828981813163i,4.5062981985862836,15.255079135090583
0.01905625,4.5E9,4.5063169005536645+0.0028160617184158077i,4.5063169005536645,800.1097545349112
0.01905625,4.5E9,4.506585761947493+0.12853182558763968i,4.506585761947493,17.531011254775454
0.01905625,4.5E9,4.506956853028892+0.13006128075684653i,4.506956853028892,17.326281991082276
0.01905625,4.5E9,4.507368607165445+0.1496134167156674i,4.507368607165445,15.063383706193498
0.01905625,4.5E9,4.508416462937379+0.11414517365171163i,4.508416462937379,19.74860749125407
0.01905625,4.5E9,4.508829508840492+0.13725713282635318i,4.508829508840492,16.424754823287415
0.01905625,4.5E9,4.508989897534343+0.12246422952457485i,4.508989897534343,18.409416019024256
0.01905625,4.5E9,4.509027676041986+0.13262302917391752i,4.509027676041986,16.999414446072535
0.01905625,4.5E9,4.50933153193047+0.09969059076337665i,4.50933153193047,22.616635619271825
0.01905625,4.5E9,4.509732583204879+0.031086473530290613i,4.509732583204879,72.5352873945416
0.01905625,4.5E9,4.511695429584328+0.019574547996493018i,4.511695429584328,115.24392365005427
0.01905625,4.5E9,4.512125887738936+0.15340341601993007i,4.512125887738936,14.706732108080056
0.01905625,4.5E9,4.512815174879655+0.14891905907397252i,4.512815174879655,15.151906018416371
0.01905625,4.5E9,4.512982673120582+0.14846835089422017i,4.512982673120582,15.19846703334088
0.01905625,4.5E9,4.513379273262355+0.0035729038675865665i,4.513379273262355,631.6121900462807
0.01905625,4.5E9,4.515206786742969+0.11712885826793226i,4.515206786742969,19.274527445723212
0.01905625,4.5E9,4.516778525416577+0.02838758608954353i,4.516778525416577,79.55552316370283
0.01905625,4.5E9,4.517168243797449+0.14190024407816051i,4.517168243797449,15.916703572790661
0.01905625,4.5E9,4.517970217881538+0.14368660786740772i,4.517970217881538,15.721612072750256
0.01905625,4.5E9,4.518685800744799+0.1288428461762899i,4.518685800744799,17.535648795595847
0.01905625,4.5E9,4.518707596871379+0.1395224183591249i,4.518707596871379,16.193482201693254
0.01905625,4.5E9,4.519073546533355+0.11416464103622129i,4.519073546533355,19.79191414047182
0.01905625,4.5E9,4.519732578519438+0.05928242013969227i,4.519732578519438,38.120344681182075
0.01905625,4.5E9,4.520210362334801+0.13738567491975998i,4.520210362334801,16.45080669791384
0.01905625,4.5E9,4.521107345880748+0.15480421384029572i,4.521107345880748,14.602662400859979
0.01905625,4.5E9,4.521956148032332+0.13252288223613626i,4.521956148032332,17.061039088988693
0.01905625,4.5E9,4.52464960586069+0.1333282615220829i,4.52464960586069,16.96808146377608
0.01905625,4.5E9,4.52495628468309+0.11947273822475524i,4.52495628468309,18.93719166363553
0.01905625,4.5E9,4.525340635846192+0.14901387129019844i,4.525340635846192,15.184293236142006
0.01905625,4.5E9,4.526833356106552+0.1518342510506i,4.526833356106552,14.907154758506856
0.01905625,4.5E9,4.527095518547288+0.14217071522625124i,4.527095518547288,15.921336230681698
0.01905625,4.5E9,4.528132664221817+0.0014631276666232978i,4.528132664221817,1547.4154332246821
0.01905625,4.5E9,4.528137433131303+0.12498154312242776i,4.528137433131303,18.115224536376903
0.01905625,4.5E9,4.528847595157895+0.1391164883984664i,4.528847595157895,16.277177663463146
0.01905625,4.5E9,4.5294273440766215+0.06470035842071402i,4.5294273440766215,35.003108596586316
0.01905625,4.5E9,4.529928885919406+0.13295722103643873i,4.529928885919406,17.035287179618162
0.01905625,4.5E9,4.531432279585671+0.15191971778797422i,4.531432279585671,14.913904348841456
0.01905625,4.5E9,4.533470987770479+0.10153543335153803i,4.533470987770479,22.324575954064258
0.01905625,4.5E9,4.533721402683979+0.14260144961620028i,4.533721402683979,15.896477261928636
0.01905625,4.5E9,4.53411099131616+0.1281168054895332i,4.53411099131616,17.695223409572858
0.01905625,4.5E9,4.534441729656451+0.1324613476094638i,4.534441729656451,17.11609390773133
0.01905625,4.5E9,4.535802732693776+0.11616187015635808i,4.535802732693776,19.52362994237447
0.01905625,4.5E9,4.53597051584987+0.013992446970386607i,4.53597051584987,162.08639294648484
0.01905625,4.5E9,4.537057059902871+0.1375394332638412i,4.537057059902871,16.493659135556626
0.01905625,4.5E9,4.537132894512802+0.003270404905246567i,4.537132894512802,693.6653145355302
0.01905625,4.5E9,4.538445560393221+0.14261141935852004i,4.538445560393221,15.91192900543164
0.01905625,4.5E9,4.539109636559614+0.140725193443165i,4.539109636559614,16.12756580929069
0.01905625,4.5E9,4.5394676457110075+0.14402069048692862i,4.5394676457110075,15.759776009833157
0.01905625,4.5E9,4.539844350912293+0.12631312197665326i,4.539844350912293,17.97059671975887
0.01905625,4.5E9,4.540596660491351+0.016041703350877623i,4.540596660491351,141.52476707665028
0.01905625,4.5E9,4.54188422719445+0.1234385428435441i,4.54188422719445,18.397350303102648
0.01905625,4.5E9,4.542452184664307+0.14934928089845215i,4.542452184664307,15.207479263836833
0.01905625,4.5E9,4.543585611240423+0.13892326560632745i,4.543585611240423,16.352860665238634
0.01905625,4.5E9,4.543844687503082+0.004309880967901791i,4.543844687503082,527.1427124488769
0.01905625,4.5E9,4.544269628185776+0.12941762588349562i,4.544269628185776,17.55661022663412
0.01905625,4.5E9,4.544446226443063+0.06856625384537353i,4.544446226443063,33.13908790096236
0.01905625,4.5E9,4.544790658276334+0.14161582668587855i,4.544790658276334,16.046196123111446
0.01905625,4.5E9,4.546533044140578+0.1355624759545772i,4.546533044140578,16.769142832947296
0.01905625,4.5E9,4.547059217944375+0.1487233449591255i,4.547059217944375,15.286971992171337
0.01905625,4.5E9,4.54706431372355+0.13018804108239881i,4.54706431372355,17.463448546881565
0.01905625,4.5E9,4.54822796134431+0.13267168585335046i,4.54822796134431,17.140914175055126
0.01905625,4.5E9,4.549072790171962+0.11646359267679704i,4.549072790171962,19.530020865818056
0.01905625,4.5E9,4.549528685633854+0.12633809711547678i,4.549528685633854,18.005371259769134
0.01905625,4.5E9,4.5513100633311545+0.14017592746862684i,4.5513100633311545,16.234278401153418
0.01905625,4.5E9,4.55282767835958+0.12629419126693353i,4.55282767835958,18.02469152653581
0.01905625,4.5E9,4.553131834382036+0.10957775596203484i,4.553131834382036,20.775803421086433
0.01905625,4.5E9,4.553765430080906+0.0021593124277368564i,4.553765430080906,1054.4480204871606
0.01905625,4.5E9,4.554102568340255+0.13251752265647918i,4.554102568340255,17.18302031704028
0.01905625,4.5E9,4.554801338173932+0.12751690786948228i,4.554801338173932,17.859597657574632
0.01905625,4.5E9,4.555019096232913+0.1376446819257598i,4.555019096232913,16.54629526002942
0.01905625,4.5E9,4.555353771226092+0.1398212352017455i,4.555353771226092,16.28992107190748
0.01905625,4.5E9,4.5567688141004306+0.06337596865087636i,4.5567688141004306,35.95028929027202
0.01905625,4.5E9,4.557019166064842+0.1266104097944053i,4.557019166064842,17.996226271855132
0.01905625,4.5E9,4.5576938181336955+0.12208498579455782i,4.5576938181336955,18.66607014970413
0.01905625,4.5E9,4.559893481314486+0.14155634179866836i,4.559893481314486,16.106284689808863
0.01905625,4.5E9,4.560167444712718+0.12201540034478035i,4.560167444712718,18.686851954044325
0.01905625,4.5E9,4.560778897250224+0.11310848121837669i,4.560778897250224,20.16108274164164
0.01905625,4.5E9,4.561526419810581+0.1286227668468581i,4.561526419810581,17.732188988134823
0.01905625,4.5E9,4.563596101651252+0.1327989243034477i,4.563596101651252,17.182353417349077
0.01905625,4.5E9,4.564399124873322+0.13721648517870064i,4.564399124873322,16.632109177439524
0.01905625,4.5E9,4.566262634177892+0.12620903509157658i,4.566262634177892,18.090078221676592
0.01905625,4.5E9,4.56714955583479+0.14119158374655494i,4.56714955583479,16.173589935902353
0.01905625,4.5E9,4.56717263869421+0.10499974541532024i,4.56717263869421,21.74849386838525
0.01905625,4.5E9,4.570958330174777+0.12712766608323187i,4.570958330174777,17.97782682166965
0.01905625,4.5E9,4.571457590321622+0.13652682729895965i,4.571457590321622,16.74197548116779
0.01905625,4.5E9,4.571737068608695+0.11587820861590654i,4.571737068608695,19.726474559864464
0.01905625,4.5E9,4.572056391460323+0.1305061361387218i,4.572056391460323,17.516633802568656
0.01905625,4.5E9,4.573444729976787+0.12125166444996476i,4.573444729976787,18.859307007138227
0.01905625,4.5E9,4.573493192721019+0.001953564543725806i,4.573493192721019,1170.5508291009746
0.01905625,4.5E9,4.574345649978373+0.13463868476389626i,4.574345649978373,16.987486389962854
0.01905625,4.5E9,4.576594756719249+0.11459103225405662i,4.576594756719249,19.969253556301886
0.01905625,4.5E9,4.577158005265244+0.11860439915232275i,4.577158005265244,19.295903178881392
0.01905625,4.5E9,4.577191451766342+0.12877292279063346i,4.577191451766342,17.77233657734168
0.01905625,4.5E9,4.577681820558614+0.1360308583309806i,4.577681820558614,16.825894788594674
0.01905625,4.5E9,4.5779556322363035+0.10248715516663223i,4.5779556322363035,22.33428972046828
0.01905625,4.5E9,4.578571560956343+0.04519487073630363i,4.578571560956343,50.653663638853146
0.01905625,4.5E9,4.579208312040292+0.022149849532927247i,4.579208312040292,103.36883564904109
0.01905625,4.5E9,4.580291641879976+0.12835312753919484i,4.580291641879976,17.84254006775684
0.01905625,4.5E9,4.582679477845391+0.0028442103851894426i,4.582679477845391,805.6154182033472
0.01905625,4.5E9,4.582802924213118+0.13131733821708966i,4.582802924213118,17.44934441420437
0.01905625,4.5E9,4.584888784007963+0.12276843504846385i,4.584888784007963,18.67291369397207
0.01905625,4.5E9,4.5860646430245495+0.11146969662363726i,4.5860646430245495,20.570903043312267
0.01905625,4.5E9,4.586547504772914+0.0464037386921791i,4.586547504772914,49.42002125300662
0.01905625,4.5E9,4.587146957722729+0.11893319342111229i,4.587146957722729,19.284553057786
0.01905625,4.5E9,4.5882628884333725+0.12442998930475857i,4.5882628884333725,18.437126427760226
0.01905625,4.5E9,4.59007141231455+0.023405512827760697i,4.59007141231455,98.05534803045161
0.01905625,4.5E9,4.590746405737339+0.12729353297255397i,4.590746405737339,18.03212739301988
0.01905625,4.5E9,4.592205776359011+0.11008056036188538i,4.592205776359011,20.85838662731331
0.01905625,4.5E9,4.592730547764673+0.10485512665464793i,4.592730547764673,21.900362406176594
0.01905625,4.5E9,4.595739756904937+0.003085075521356381i,4.595739756904937,744.8342390795638
0.01905625,4.5E9,4.596895881149706+0.02320821315079178i,4.596895881149706,99.03597168989455
0.01905625,4.5E9,4.597879651658493+0.10486463601717591i,4.597879651658493,21.922927625026045
0.01905625,4.5E9,4.599195914273262+0.03451965509569379i,4.599195914273262,66.61706065028147
0.01905625,4.5E9,4.6040869981411126+0.10582253123004039i,4.6040869981411126,21.753812466140133
0.01905625,4.5E9,4.607191111788893+0.09930048795849362i,4.607191111788893,23.198229971008008
0.01905625,4.5E9,4.615189189180476+0.060854575190241664i,4.615189189180476,37.91982093994261
0.01905625,4.5E9,4.615555360453227+0.02162793170984662i,4.615555360453227,106.70357716988464
0.01905625,4.5E9,4.615885378903895+0.06919858933229535i,4.615885378903895,33.35245287109948
0.01905625,4.5E9,4.618968554012443+0.018362457720355413i,4.618968554012443,125.7720677796894
0.01905625,4.5E9,4.627279638813204+0.023843254511512767i,4.627279638813204,97.03540337957874
0.01905625,4.5E9,4.632999511915722+0.029476401364687002i,4.632999511915722,78.58828244661673
0.01905625,4.5E9,4.638633895905143+0.0026151904690388706i,4.638633895905143,886.8634905988176
0.01905625,4.5E9,4.640350009771378+0.02411363071508541i,4.640350009771378,96.21840162934049
0.01905625,4.5E9,4.654895301505942+0.0033597982338474893i,4.654895301505942,692.7343515171989
0.01905625,5.0E9,4.866722159329716+0.0028910664512780283i,4.866722159329716,841.6828601740244
0.01905625,5.0E9,4.870254682050411+0.023765625462999655i,4.870254682050411,102.46426481879966
0.01905625,5.0E9,4.870547641719098+0.0016351839946124463i,4.870547641719098,1489.2965127369234
0.01905625,5.0E9,4.877609364817357+0.0022756104186278723i,4.877609364817357,1071.714500181981
0.01905625,5.0E9,4.8782071638209645+0.030126168679136853i,4.8782071638209645,80.96295310195299
0.01905625,5.0E9,4.881921031721414+0.027007229730874063i,4.881921031721414,90.38174371028715
0.01905625,5.0E9,4.891365339570916+0.05686022845584907i,4.891365339570916,43.012185075627784
0.01905625,5.0E9,4.892421958278449+0.04252724074154504i,4.892421958278449,57.5210367868873
0.01905625,5.0E9,4.895526374144753+0.005225457698906805i,4.895526374144753,468.43038985550726
0.01905625,5.0E9,4.896358539903868+0.07533652749073004i,4.896358539903868,32.49657704561942
0.01905625,5.0E9,4.902645487841423+0.004904024563534449i,4.902645487841423,499.8593934761991
0.01905625,5.0E9,4.903563634725868+0.007431427393315647i,4.903563634725868,329.92071207857595
0.01905625,5.0E9,4.905746725706319+0.006191410898628596i,4.905746725706319,396.1735706148131
0.01905625,5.0E9,4.906983855303293+0.09590208123337184i,4.906983855303293,25.583302219283695
0.01905625,5.0E9,4.914156334104279+0.06708481352280855i,4.914156334104279,36.6264440195059
0.01905625,5.0E9,4.91536097762458+0.09415190794019684i,4.91536097762458,26.103353002398553
0.01905625,5.0E9,4.91893720872099+0.08864502312391613i,4.91893720872099,27.74514031004792
0.01905625,5.0E9,4.919399895948343+0.0020794026871217277i,4.919399895948343,1182.8877413729058
0.01905625,5.0E9,4.91977804212467+0.10225616844228877i,4.91977804212467,24.056143101534698
0.01905625,5.0E9,4.9199941620766126+0.005449616778494012i,4.9199941620766126,451.4073523015907
0.01905625,5.0E9,4.921547564606537+0.10393851761519733i,4.921547564606537,23.675282645588428
0.01905625,5.0E9,4.921942025610564+0.10690852825853431i,4.921942025610564,23.01940783296516
0.01905625,5.0E9,4.928609543201635+0.11780051144626383i,4.928609543201635,20.919304520379274
0.01905625,5.0E9,4.931084016224279+0.11503512535712253i,4.931084016224279,21.43294928794966
0.01905625,5.0E9,4.932325436045695+0.008136420420376841i,4.932325436045695,303.10168238683843
0.01905625,5.0E9,4.932619791738723+0.0019223609809483424i,4.932619791738723,1282.958778456207
0.01905625,5.0E9,4.932675642682782+0.09757908202402929i,4.932675642682782,25.275271812190695
0.01905625,5.0E9,4.933872263955521+0.11993643180135896i,4.933872263955521,20.568697058317923
0.01905625,5.0E9,4.934122880944064+0.02793918261502389i,4.934122880944064,88.30113158519553
0.01905625,5.0E9,4.9358863114212985+0.11724700130205756i,4.9358863114212985,21.049094034845385
0.01905625,5.0E9,4.93718913087128+0.0038356383344821466i,4.93718913087128,643.5941948027609
0.01905625,5.0E9,4.93740273005858+0.09814820347101337i,4.93740273005858,25.15279218287867
0.01905625,5.0E9,4.937466050785664+0.08641240493624523i,4.937466050785664,28.569197063943008
0.01905625,5.0E9,4.93869918861097+0.0325225743123906i,4.93869918861097,75.92724888831142
0.01905625,5.0E9,4.939250767266889+0.10457754515879428i,4.939250767266889,23.615254879845164
0.01905625,5.0E9,4.940643856144096+0.12366352288839483i,4.940643856144096,19.976156835686222
0.01905625,5.0E9,4.94158240057993+0.07261799751201879i,4.94158240057993,34.024501982184674
0.01905625,5.0E9,4.942014521633556+0.11384486748413065i,4.942014521633556,21.705038755139515
0.01905625,5.0E9,4.942163598806626+0.11442774865111538i,4.942163598806626,21.5951273055063
0.01905625,5.0E9,4.942174079691595+0.12040929053427041i,4.942174079691595,20.522395148092716
0.01905625,5.0E9,4.943334799254503+0.10459287040343881i,4.943334799254503,23.631318177744436
0.01905625,5.0E9,4.945202080298949+0.005572476470195827i,4.945202080298949,443.71673050107694
0.01905625,5.0E9,4.945254584310096+0.0859245338438142i,4.945254584310096,28.776732110639845
0.01905625,5.0E9,4.945306075505884+0.12502617946514405i,4.945306075505884,19.777082274535076
0.01905625,5.0E9,4.946557724760651+0.11786665703695084i,4.946557724760651,20.983702469859306
0.01905625,5.0E9,4.947474665462582+0.10372028069065654i,4.947474665462582,23.85008328418584
0.01905625,5.0E9,4.949428934029986+0.10849695819846229i,4.949428934029986,22.809067720481647
0.01905625,5.0E9,4.9497933104780465+0.1180701606399241i,4.9497933104780465,20.961237300139366
0.01905625,5.0E9,4.950915052082186+0.06894267850127546i,4.950915052082186,35.9060248289497
0.01905625,5.0E9,4.9510937509617925+0.10309583497359275i,4.9510937509617925,24.012093952340454
0.01905625,5.0E9,4.951812429102447+0.12895049019108448i,4.951812429102447,19.20044050148485
0.01905625,5.0E9,4.953405140052762+0.018440690343423213i,4.953405140052762,134.30639113300256
0.01905625,5.0E9,4.954050664450057+0.12296560797640484i,4.954050664450057,20.144049811881796
0.01905625,5.0E9,4.954303902120836+0.11421984422061461i,4.954303902120836,21.68757949166715
0.01905625,5.0E9,4.954811213755837+0.07876810066751376i,4.954811213755837,31.45188960865312
0.01905625,5.0E9,4.955762484581426+0.12670338809329065i,4.955762484581426,19.556550772472395
0.01905625,5.0E9,4.957794374908486+0.11719548507647186i,4.957794374908486,21.151814729353482
0.01905625,5.0E9,4.958551564848441+0.03269703957133337i,4.958551564848441,75.82569599352621
0.01905625,5.0E9,4.958635254997691+0.10520478665432816i,4.958635254997691,23.56658576424997
0.01905625,5.0E9,4.959544435063879+0.12030218345525416i,4.959544435063879,20.612861265766465
0.01905625,5.0E9,4.959638784723628+0.12523619938348793i,4.959638784723628,19.80113900429313
0.01905625,5.0E9,4.960509457410691+0.1272452687886516i,4.960509457410691,19.49192101456386
0.01905625,5.0E9,4.962611507429021+0.1319352455924377i,4.962611507429021,18.806996891335114
0.01905625,5.0E9,4.962977759108206+0.11110523591641858i,4.962977759108206,22.334580896087193
0.01905625,5.0E9,4.964161588644763+0.09309098164300042i,4.964161588644763,26.662956502500382
0.01905625,5.0E9,4.965564185223589+0.12964797265326825i,4.965564185223589,19.150180614484196
0.01905625,5.0E9,4.966242677098951+0.08842648670258842i,4.966242677098951,28.081194121181678
0.01905625,5.0E9,4.968260913429302+0.10464670105980849i,4.968260913429302,23.73825865083794
0.01905625,5.0E9,4.968650617057054+0.11746661195933862i,4.968650617057054,21.14920373619427
0.01905625,5.0E9,4.969322872306887+0.013885953325025117i,4.969322872306887,178.93344288257205
0.01905625,5.0E9,4.969430629607096+0.1060622231722662i,4.969430629607096,23.426958633215474
0.01905625,5.0E9,4.969817844583171+0.11437392177079181i,4.969817844583171,21.726184464247062
0.01905625,5.0E9,4.970551234704888+0.13278805827023119i,4.970551234704888,18.716107831735652
0.01905625,5.0E9,4.971365399617082+0.03994542284707552i,4.971365399617082,62.22697176907021
0.01905625,5.0E9,4.971550466065746+0.0014000250439723807i,4.971550466065746,1775.5219763639539
0.01905625,5.0E9,4.971767451930953+0.12648134874951272i,4.971767451930953,19.654152573029496
0.01905625,5.0E9,4.9726799350150594+0.12273761789771907i,4.9726799350150594,20.25735882848461
0.01905625,5.0E9,4.973941215044116+0.10019793375820946i,4.973941215044116,24.820577772825523
0.01905625,5.0E9,4.974038748631686+0.11358025224055175i,4.974038748631686,21.896582594732944
0.01905625,5.0E9,4.974171310348012+0.13357638442253877i,4.974171310348012,18.61920178425156
0.01905625,5.0E9,4.974520851244668+0.1275203422841182i,4.974520851244668,19.504812966080827
0.01905625,5.0E9,4.974543685517501+0.10167563409415474i,4.974543685517501,24.46281122235698
0.01905625,5.0E9,4.974824386566092+0.11152157774101497i,4.974824386566092,22.304313153276304
0.01905625,5.0E9,4.9755167104908375+0.121354606187385i,4.9755167104908375,20.4999087665782
0.01905625,5.0E9,4.978161908639143+0.00208957338269255i,4.978161908639143,1191.1909746439392
0.01905625,5.0E9,4.979021815941025+0.1220544769901182i,4.979021815941025,20.396719312246685
0.01905625,5.0E9,4.9790739565335596+0.11362826401113445i,4.9790739565335596,21.909487044727086
0.01905625,5.0E9,4.979229275509385+0.12634421466972248i,4.979229275509385,19.705014940832996
0.01905625,5.0E9,4.979877931153089+0.13395336218396695i,4.979877931153089,18.588103538281835
0.01905625,5.0E9,4.982483101004617+0.11672069392816983i,4.982483101004617,21.34361497229809
0.01905625,5.0E9,4.982548389234737+0.13393951002587326i,4.982548389234737,18.59999483450497
0.01905625,5.0E9,4.984623461804085+0.1285435777693329i,4.984623461804085,19.38884675650161
0.01905625,5.0E9,4.984727161608379+0.10758412044071426i,4.984727161608379,23.16664922847644
0.01905625,5.0E9,4.9877492060097195+0.11776449297693925i,4.9877492060097195,21.17679565345059
0.01905625,5.0E9,4.988214598130726+0.1214104897740311i,4.988214598130726,20.542766145720933
0.01905625,5.0E9,4.9882928327254135+0.0035639672275779768i,4.9882928327254135,699.8230502971529
0.01905625,5.0E9,4.988333738304966+0.09250497592534106i,4.988333738304966,26.962515737158572
0.01905625,5.0E9,4.988868544207213+0.1345578684657119i,4.988868544207213,18.538003764077455
0.01905625,5.0E9,4.988967961580758+0.10115364085435709i,4.988967961580758,24.660347959021898
0.01905625,5.0E9,4.9900380272874845+0.08112135748789479i,4.9900380272874845,30.756623051038783
0.01905625,5.0E9,4.990539275798297+0.12976328329447004i,4.990539275798297,19.22939659469518
0.01905625,5.0E9,4.990679288591352+0.13561390977064924i,4.990679288591352,18.400322271629832
0.01905625,5.0E9,4.990887921176395+0.11970781349131608i,4.990887921176395,20.84612430724268
0.01905625,5.0E9,4.9916844878359+0.11374581509935214i,4.9916844878359,21.94227753995114
0.01905625,5.0E9,4.991849933328426+0.10849303754033357i,4.991849933328426,23.005393002627688
0.01905625,5.0E9,4.992457499234856+0.0021454798505766677i,4.992457499234856,1163.4827280929646
0.01905625,5.0E9,4.992807429813679+0.12834001569154446i,4.992807429813679,19.4514836347438
0.01905625,5.0E9,4.9942602281518855+0.11706467917878322i,4.9942602281518855,21.33120025265932
0.01905625,5.0E9,4.9944609063753065+0.13603948894003595i,4.9944609063753065,18.356658589686358
0.01905625,5.0E9,4.996329278751502+0.11673322221063265i,4.996329278751502,21.40063121763297
0.01905625,5.0E9,4.99634985526294+0.12916109397926173i,4.99634985526294,19.341543576834212
0.01905625,5.0E9,4.9964413603764495+0.11360541125083222i,4.9964413603764495,21.99033173404338
0.01905625,5.0E9,4.9969175617779085+0.13522173634143642i,4.9969175617779085,18.4767541705005
0.01905625,5.0E9,4.998330004943584+0.09947316811527039i,4.998330004943584,25.12401132711223
0.01905625,5.0E9,4.999020287569478+0.12011308306966666i,4.999020287569478,20.80964104747025
0.01905625,5.0E9,5.000727839728528+0.1265955312466035i,5.000727839728528,19.750807119673492
0.01905625,5.0E9,5.0024812394285405+0.11151073249917567i,5.0024812394285405,22.430492237442348
0.01905625,5.0E9,5.003079115540442+0.12434396984591103i,5.003079115540442,20.117900054744652
0.01905625,5.0E9,5.004006151771675+0.0037549307470285823i,5.004006151771675,666.3246926366794
0.01905625,5.0E9,5.004593587191444+0.11344634738331653i,5.004593587191444,22.057094400235496
0.01905625,5.0E9,5.004664687009021+0.1369746747976603i,5.004664687009021,18.26857663433747
0.01905625,5.0E9,5.004711548088448+0.12932078381814602i,5.004711548088448,19.349989229597437
0.01905625,5.0E9,5.006042218963143+0.1215673567776649i,5.006042218963143,20.58958239965156
0.01905625,5.0E9,5.006291015194504+0.011689496908815105i,5.006291015194504,214.13629064819875
0.01905625,5.0E9,5.007530272873491+0.12683447293875116i,5.007530272873491,19.74041503405642
0.01905625,5.0E9,5.008981740253077+0.13703563465567478i,5.008981740253077,18.27620148890101
0.01905625,5.0E9,5.009399367932856+0.011904600938853807i,5.009399367932856,210.39761826804957
0.01905625,5.0E9,5.0096343603156015+0.10862860089698911i,5.0096343603156015,23.058542220690864
0.01905625,5.0E9,5.010213356413771+0.09851229617741555i,5.010213356413771,25.429380650059336
0.01905625,5.0E9,5.01034769065413+0.11702221465339371i,5.01034769065413,21.407677616998622
0.01905625,5.0E9,5.0113219929308785+0.07639668597222836i,5.0113219929308785,32.79803259236003
0.01905625,5.0E9,5.011772163662893+0.13258262098527288i,5.011772163662893,18.900562254760352
0.01905625,5.0E9,5.012216714630329+0.12843495902902574i,5.012216714630329,19.51266521406212
0.01905625,5.0E9,5.013186419325431+0.13612014213610113i,5.013186419325431,18.414565032972657
0.01905625,5.0E9,5.01447174722849+0.10357028365194895i,5.01447174722849,24.208062247274388
0.01905625,5.0E9,5.015495528514151+0.11935494959005696i,5.015495528514151,21.01084012745448
0.01905625,5.0E9,5.0164415482147655+0.10420703145810593i,5.0164415482147655,24.069592416282926
0.01905625,5.0E9,5.016453329080619+0.004903094898680826i,5.016453329080619,511.5598854134245
0.01905625,5.0E9,5.017314857033339+0.11184746459219418i,5.017314857033339,22.42927399081828
0.01905625,5.0E9,5.017712375617217+0.13230142610363835i,5.017712375617217,18.96318325278894
0.01905625,5.0E9,5.019091913815413+0.10558938530069234i,5.019091913815413,23.767028757304942
0.01905625,5.0E9,5.019223666790327+0.12966112324082846i,5.019223666790327,19.35516036471387
0.01905625,5.0E9,5.019262667376861+0.12309001741303915i,5.019262667376861,20.388585414421918
0.01905625,5.0E9,5.019578469964525+0.07770453962513614i,5.019578469964525,32.29913267731899
0.01905625,5.0E9,5.0197890847536835+0.003219129342439869i,5.0197890847536835,779.6811731940295
0.01905625,5.0E9,5.02004856420154+0.11407306874846095i,5.02004856420154,22.003653532242108
0.01905625,5.0E9,5.02105356722333+0.09792022769872052i,5.02105356722333,25.6384900506565
0.01905625,5.0E9,5.021638622003165+0.11542788570779833i,5.021638622003165,21.752276718969227
0.01905625,5.0E9,5.0241498476486415+0.13626309423579874i,5.0241498476486415,18.435475415502154
0.01905625,5.0E9,5.024358295066314+0.12278806609449876i,5.024358295066314,20.45947319994243
0.01905625,5.0E9,5.0245539825136465+0.12894413035406624i,5.0245539825136465,19.483453681516096
0.01905625,5.0E9,5.0257990346505546+0.00437976960860728i,5.0257990346505546,573.7515307624486
0.01905625,5.0E9,5.026670080209663+0.03402344462518934i,5.026670080209663,73.8706814607501
0.01905625,5.0E9,5.0274801131106726+0.09435729458471084i,5.0274801131106726,26.640654202930584
0.01905625,5.0E9,5.029615081858532+0.1163913512283447i,5.029615081858532,21.606481189444573
0.01905625,5.0E9,5.030212185869359+0.13162478327882413i,5.030212185869359,19.108149926498765
0.01905625,5.0E9,5.030657501573701+0.12075625195315076i,5.030657501573701,20.829801439702777
0.01905625,5.0E9,5.031238325240299+0.10210483653860673i,5.031238325240299,24.637610204380195
0.01905625,5.0E9,5.032645479864328+0.11155088293924623i,5.032645479864328,22.557622796250072
0.01905625,5.0E9,5.032878298660634+0.10366549141028107i,5.032878298660634,24.274607828471144
0.01905625,5.0E9,5.034213736418524+0.11473182751095735i,5.034213736418524,21.939046233433945
0.01905625,5.0E9,5.035039069005517+0.0338564984169292i,5.035039069005517,74.35853240050153
0.01905625,5.0E9,5.035644733675873+0.12996821977042752i,5.035644733675873,19.37260025016387
0.01905625,5.0E9,5.035670688710301+0.1330084567119593i,5.035670688710301,18.92988917093993
0.01905625,5.0E9,5.035703696245593+0.0766149261063987i,5.035703696245593,32.86372481291882
0.01905625,5.0E9,5.037076276302226+0.004031472401042432i,5.037076276302226,624.7191813839247
0.01905625,5.0E9,5.037375096989357+0.12062466605844163i,5.037375096989357,20.88036908864391
0.01905625,5.0E9,5.038187972055502+0.09838241534104997i,5.038187972055502,25.605124424879424
0.01905625,5.0E9,5.0393622456679585+0.13011492208203182i,5.0393622456679585,19.36504347476325
0.01905625,5.0E9,5.039551493531415+0.11165215752198376i,5.039551493531415,22.56808827245077
0.01905625,5.0E9,5.040306643785073+0.1251854103164274i,5.040306643785073,20.13136607151281
0.01905625,5.0E9,5.041044757314257+0.06283855527973348i,5.041044757314257,40.11108096672045
0.01905625,5.0E9,5.041442489493508+0.12079322653250668i,5.041442489493508,20.86806783051202
0.01905625,5.0E9,5.041789279862166+0.09167466025163722i,5.041789279862166,27.4982708745415
0.01905625,5.0E9,5.042634390753878+0.12744897441632758i,5.042634390753878,19.7829539776503
0.01905625,5.0E9,5.042917828640402+0.10391042239008781i,5.042917828640402,24.26569786093688
0.01905625,5.0E9,5.043082880627603+0.11378487344263001i,5.043082880627603,22.16060328603481
0.01905625,5.0E9,5.043439959691576+0.036375079400894156i,5.043439959691576,69.32548385815484
0.01905625,5.0E9,5.0437358178605125+0.10671780014387229i,5.0437358178605125,23.631183415797395
0.01905625,5.0E9,5.043788583028289+0.12970093890446574i,5.043788583028289,19.443917004885407
0.01905625,5.0E9,5.045280103314261+0.10947977947197064i,5.045280103314261,23.042063692711263
0.01905625,5.0E9,5.0461202477067815+0.1209699505029967i,5.0461202477067815,20.856916228885197
0.01905625,5.0E9,5.0465583173398265+0.006493186442385478i,5.0465583173398265,388.6041439067175
0.01905625,5.0E9,5.046740352963322+0.0900615922362772i,5.046740352963322,28.018271871782837
0.01905625,5.0E9,5.047301003251775+0.12502753470640987i,5.047301003251775,20.18475776197566
0.01905625,5.0E9,5.047735746723654+0.015775409023778i,5.047735746723654,159.98747604944154
0.01905625,5.0E9,5.047950198903196+0.11362069165569359i,5.047950198903196,22.214044490241584
0.01905625,5.0E9,5.050751763913947+0.02720616864646326i,5.050751763913947,92.82365020865467
0.01905625,5.0E9,5.051302103047027+0.11331499507071904i,5.051302103047027,22.288762841557496
0.01905625,5.0E9,5.0517506637887495+0.0929302375338736i,5.0517506637887495,27.18033870271427
0.01905625,5.0E9,5.052225332739281+0.10695917222316886i,5.052225332739281,23.617541290418185
0.01905625,5.0E9,5.056714223965723+0.11048925835249873i,5.056714223965723,22.88328430910933
0.01905625,5.0E9,5.057304608709045+0.003695571543149823i,5.057304608709045,684.2384932424533
0.01905625,5.0E9,5.058097972367818+0.12031548873574614i,5.058097972367818,21.020144727488606
0.01905625,5.0E9,5.058546283831882+0.018423291047509966i,5.058546283831882,137.28671687341063
0.01905625,5.0E9,5.059225766527414+0.12271178706693858i,5.059225766527414,20.61426162658537
0.01905625,5.0E9,5.060148643239657+0.02943995838960195i,5.060148643239657,85.94014597905947
0.01905625,5.0E9,5.060517962010623+0.10304370277363693i,5.060517962010623,24.555202432541684
0.01905625,5.0E9,5.060780172423793+0.08015339088657779i,5.060780172423793,31.569345454050243
0.01905625,5.0E9,5.0610081771998905+0.09431365760118239i,5.0610081771998905,26.83072794505025
0.01905625,5.0E9,5.063370183722439+0.10860301579208251i,5.063370183722439,23.311370070128262
0.01905625,5.0E9,5.06434901398176+0.12183744445534046i,5.06434901398176,20.7832207767543
0.01905625,5.0E9,5.06518137127359+0.10853096083237514i,5.06518137127359,23.335190863631556
0.01905625,5.0E9,5.069065070570409+0.0413128516323303i,5.069065070570409,61.34973586044468
0.01905625,5.0E9,5.06930661013108+0.05352528198786573i,5.06930661013108,47.35431950905276
0.01905625,5.0E9,5.069534518645945+0.01901423968017146i,5.069534518645945,133.308893858443
0.01905625,5.0E9,5.069770146483567+0.09931040128991211i,5.069770146483567,25.524869906041506
0.01905625,5.0E9,5.070252947110982+0.11459144061630774i,5.070252947110982,22.12317481934782
0.01905625,5.0E9,5.070941382322028+0.10676930957278598i,5.070941382322028,23.747186352577764
0.01905625,5.0E9,5.071879415076544+0.07201601040264517i,5.071879415076544,35.21355450489001
0.01905625,5.0E9,5.07251185219681+0.1007110682846336i,5.07251185219681,25.183487468629938
0.01905625,5.0E9,5.075153802697787+0.11246329639726557i,5.075153802697787,22.563600593611906
0.01905625,5.0E9,5.077482327531539+0.006849471815207541i,5.077482327531539,370.64772762903095
0.01905625,5.0E9,5.077698366298639+0.0270784409050615i,5.077698366298639,93.75906065089436
0.01905625,5.0E9,5.078605706474133+0.02024445069458929i,5.078605706474133,125.43204513401506
0.01905625,5.0E9,5.078787158293447+0.10383212512360504i,5.078787158293447,24.456723544122298
0.01905625,5.0E9,5.078905433945387+0.11381987508074408i,5.078905433945387,22.311153611539286
0.01905625,5.0E9,5.079021306582578+0.09605002800089547i,5.079021306582578,26.43945770913896
0.01905625,5.0E9,5.0797417536987+0.08703180167205066i,5.0797417536987,29.183250582585636
0.01905625,5.0E9,5.0807197984192545+0.006553585649171377i,5.0807197984192545,387.6290072642639
0.01905625,5.0E9,5.081713141496764+0.10343780139307063i,5.081713141496764,24.564100711044272
0.01905625,5.0E9,5.083231427648789+0.028399820965450934i,5.083231427648789,89.49407522379565
0.01905625,5.0E9,5.086008094600482+0.07040846494583118i,5.086008094600482,36.11787374226527
0.01905625,5.0E9,5.087276342039361+0.1009235097035904i,5.087276342039361,25.20362379875885
0.01905625,5.0E9,5.088288278663485+0.006926637250399399i,5.088288278663485,367.2985963260951
0.01905625,5.0E9,5.08913140207663+0.10281104019864021i,5.08913140207663,24.749926623852694
0.01905625,5.0E9,5.090384196024759+0.09844700607584031i,5.090384196024759,25.8534230695817
0.01905625,5.0E9,5.0924627394757795+0.09036576804191214i,5.0924627394757795,28.176946037319503
0.01905625,5.0E9,5.094384026867531+0.0013882379685253093i,5.094384026867531,1834.8381698129065
0.01905625,5.0E9,5.094609834165608+0.09493886573476834i,5.094609834165608,26.831002217777016
0.01905625,5.0E9,5.095411598148656+0.07585335765172257i,5.095411598148656,33.587251480310336
0.01905625,5.0E9,5.09840173540252+0.007985209110863844i,5.09840173540252,319.24033952136364
0.01905625,5.0E9,5.101876205095517+0.029949807001676654i,5.101876205095517,85.17377432198317
0.01905625,5.0E9,5.103392619892796+0.08902613865803563i,5.103392619892796,28.662327136841153
0.01905625,5.0E9,5.107981364127041+0.06884898167769883i,5.107981364127041,37.095547673013655
0.01905625,5.0E9,5.1106928683732695+0.03020418684402831i,5.1106928683732695,84.60239129701496
0.01905625,5.0E9,5.112448691524421+0.0023736683615332307i,5.112448691524421,1076.908799555748
0.01905625,5.0E9,5.118676269536831+0.055187911954787436i,5.118676269536831,46.374976767831825
0.01905625,5.0E9,5.129848624579806+0.0026470686488487393i,5.129848624579806,968.9678102626608
0.01905625,5.0E9,5.136104780903057+0.004149801833687739i,5.136104780903057,618.8373549802541
0.01905625,5.5E9,5.381310416146441+0.005093269156318387i,5.381310416146441,528.2766579762164
0.01905625,5.5E9,5.385795615443341+0.005879979356000873i,5.385795615443341,457.97742554544953
0.01905625,5.5E9,5.3924177447734225+0.0049835291318717145i,5.3924177447734225,541.0240014738448
0.01905625,5.5E9,5.402014557733642+0.00534893637752153i,5.402014557733642,504.9615639882322
0.01905625,5.5E9,5.403589023827878+0.007870236303093534i,5.403589023827878,343.2926798972924
0.01905625,5.5E9,5.407181212000162+0.005306255664841047i,5.407181212000162,509.5100531838149
0.01905625,5.5E9,5.410459191138052+0.07263159921031784i,5.410459191138052,37.24590433064193
0.01905625,5.5E9,5.413427344403122+0.00750920720300108i,5.413427344403122,360.4526548581338
0.01905625,5.5E9,5.413878479138634+0.004378804211960196i,5.413878479138634,618.1914304767558
0.01905625,5.5E9,5.415092208434956+0.08215459022554837i,5.415092208434956,32.95672337704007
0.01905625,5.5E9,5.416548043250721+0.018162125153219716i,5.416548043250721,149.11658183047194
0.01905625,5.5E9,5.417040253234745+0.09063039150101643i,5.417040253234745,29.885340687146833
0.01905625,5.5E9,5.422510965573751+0.0847379700626541i,5.422510965573751,31.995756811051884
0.01905625,5.5E9,5.424043804717403+0.08700901723606286i,5.424043804717403,31.169434944894913
0.01905625,5.5E9,5.424100277446376+0.0055824280423342814i,5.424100277446376,485.81909487348264
0.01905625,5.5E9,5.427032434499953+0.09729884422231934i,5.427032434499953,27.888473279804117
0.01905625,5.5E9,5.427051509917454+0.06667001756540152i,5.427051509917454,40.70084055845389
0.01905625,5.5E9,5.4293688496351304+0.09767245849291248i,5.4293688496351304,27.793755442477718
0.01905625,5.5E9,5.429971016223647+0.09458072599944714i,5.429971016223647,28.70548390723596
0.01905625,5.5E9,5.430022387428918+0.008729403985993233i,5.430022387428918,311.01907966120376
0.01905625,5.5E9,5.432974364368422+0.064575222543155i,5.432974364368422,42.06702006127519
0.01905625,5.5E9,5.43374341963904+0.05878817073028612i,5.43374341963904,46.21459855051858
0.01905625,5.5E9,5.434210349397402+0.007395402978099317i,5.434210349397402,367.4046137506114
0.01905625,5.5E9,5.434862006256394+0.02438631103612169i,5.434862006256394,111.43263936489049
0.01905625,5.5E9,5.436366727315716+0.08697296635213726i,5.436366727315716,31.253198294426827
0.01905625,5.5E9,5.436599183196178+0.005151867532231467i,5.436599183196178,527.6338288187103
0.01905625,5.5E9,5.436667622464829+0.10436410208727669i,5.436667622464829,26.04663631330963
0.01905625,5.5E9,5.4373843233634584+0.09287281461035506i,5.4373843233634584,29.273282747894697
0.01905625,5.5E9,5.438110060843242+0.0803277328113297i,5.438110060843242,33.84951790943757
0.01905625,5.5E9,5.438115303421863+0.10682369344477946i,5.438115303421863,25.453694438270833
0.01905625,5.5E9,5.438800476378256+0.09824639562224163i,5.438800476378256,27.679389365542207
0.01905625,5.5E9,5.438828918622357+0.09197224505573236i,5.438828918622357,29.567772947842
0.01905625,5.5E9,5.439318763584111+0.06297532510736671i,5.439318763584111,43.18611102293327
0.01905625,5.5E9,5.440621621181341+0.10324313127675992i,5.440621621181341,26.348588782128633
0.01905625,5.5E9,5.441872864312178+0.013412635666770102i,5.441872864312178,202.8636652598585
0.01905625,5.5E9,5.4428057341627545+0.0051728773160994i,5.4428057341627545,526.0907423053765
0.01905625,5.5E9,5.443391394092344+0.10027736962762804i,5.443391394092344,27.141674209774052
0.01905625,5.5E9,5.447389012266551+0.10203979588617071i,5.447389012266551,26.69247309325923
0.01905625,5.5E9,5.447421823815396+0.0951845098762009i,5.447421823815396,28.61506473532528
0.01905625,5.5E9,5.448597558382305+0.08769429546296038i,5.448597558382305,31.065860838597196
0.01905625,5.5E9,5.449858717523136+0.11137964284764314i,5.449858717523136,24.465236995678055
0.01905625,5.5E9,5.45145436015484+0.1114538706906495i,5.45145436015484,24.45610155292791
0.01905625,5.5E9,5.451700813026995+0.09663266009547505i,5.451700813026995,28.20837596543758
0.01905625,5.5E9,5.453461439663094+0.07276069162648428i,5.453461439663094,37.47532711521175
0.01905625,5.5E9,5.4537078988582595+0.11386441626703042i,5.4537078988582595,23.94825388674735
0.01905625,5.5E9,5.454425361898041+0.0984641082073805i,5.454425361898041,27.697530913549667
0.01905625,5.5E9,5.454604231793517+0.09177926643400688i,5.454604231793517,29.715884881884534
0.01905625,5.5E9,5.455426632437575+0.10366099033331638i,5.455426632437575,26.313787929750347
0.01905625,5.5E9,5.455807344324489+0.048049613034687015i,5.455807344324489,56.77264601887576
0.01905625,5.5E9,5.457674806722798+0.10624889434026731i,5.457674806722798,25.683442828328765
0.01905625,5.5E9,5.459800147471771+0.08304492355977135i,5.459800147471771,32.872570130924956
0.01905625,5.5E9,5.460112953365963+0.08893466963702111i,5.460112953365963,30.69732521440134
0.01905625,5.5E9,5.46042928839733+0.09361358603988658i,5.46042928839733,29.1647266138847
0.01905625,5.5E9,5.460541960571825+0.11005075091236939i,5.460541960571825,24.80919900728308
0.01905625,5.5E9,5.46077245209263+0.04806922034123718i,5.46077245209263,56.80113400349863
0.01905625,5.5E9,5.46239632404409+0.11279405552436082i,5.46239632404409,24.2140257243625
0.01905625,5.5E9,5.462643055517928+0.09802696404744365i,5.462643055517928,27.862961525943447
0.01905625,5.5E9,5.4640416691105695+0.01237775431063514i,5.4640416691105695,220.72023454269842
0.01905625,5.5E9,5.464704241086871+0.10539361509269754i,5.464704241086871,25.92521490168291
0.01905625,5.5E9,5.466505348429369+0.08346267306850874i,5.466505348429369,32.748204361620985
0.01905625,5.5E9,5.466817547713001+0.10259443297905504i,5.466817547713001,26.64285667833979
0.01905625,5.5E9,5.466847786308239+0.11733430659544274i,5.466847786308239,23.2960331250663
0.01905625,5.5E9,5.467140611205226+0.0058837067105282i,5.467140611205226,464.6000285349389
0.01905625,5.5E9,5.4676622978210805+0.11184482459285601i,5.4676622978210805,24.443072434172883
0.01905625,5.5E9,5.46923766672576+0.0946851684710639i,5.46923766672576,28.88117407953484
0.01905625,5.5E9,5.470872994284016+0.10056071261470668i,5.470872994284016,27.201840818518214
0.01905625,5.5E9,5.471598807396179+0.10825424411833234i,5.471598807396179,25.27198287678769
0.01905625,5.5E9,5.471793661814365+0.026204309431124475i,5.471793661814365,104.40637018495853
0.01905625,5.5E9,5.4718796795207245+0.11411965712749153i,5.4718796795207245,23.974308271044325
0.01905625,5.5E9,5.472239180742181+0.0917163571074535i,5.472239180742181,29.832405872438812
0.01905625,5.5E9,5.472841259813861+0.1080927483791868i,5.472841259813861,25.315487587637534
0.01905625,5.5E9,5.472908465132963+0.11276026428051004i,5.472908465132963,24.267894812299243
0.01905625,5.5E9,5.473143195423231+0.11968919452916957i,5.473143195423231,22.863982070200024
0.01905625,5.5E9,5.475473025184908+0.06859227448569089i,5.475473025184908,39.91319041568707
0.01905625,5.5E9,5.475906135787963+0.10333915544176113i,5.475906135787963,26.494827214230625
0.01905625,5.5E9,5.4764901742494585+0.039804760419624656i,5.4764901742494585,68.79189971897712
0.01905625,5.5E9,5.47689063099176+0.09864721825528731i,5.47689063099176,27.7599851666279
0.01905625,5.5E9,5.478131850798178+0.09178909107171829i,5.478131850798178,29.840865547507747
0.01905625,5.5E9,5.478894494524111+0.1061835901284993i,5.478894494524111,25.799158268682397
0.01905625,5.5E9,5.479488183808825+0.10832628924616661i,5.479488183808825,25.291589982173836
0.01905625,5.5E9,5.480401175930705+0.09426096801475843i,5.480401175930705,29.07036332935091
0.01905625,5.5E9,5.480401686044141+0.10606954936716875i,5.480401686044141,25.834000986811333
0.01905625,5.5E9,5.481576845786794+0.09983695332054106i,5.481576845786794,27.452644854793366
0.01905625,5.5E9,5.481683580028895+0.0640521892764649i,5.481683580028895,42.7907589260424
0.01905625,5.5E9,5.481764298516145+0.12061723405384749i,5.481764298516145,22.723802040050536
0.01905625,5.5E9,5.481826327961877+0.11651595472970457i,5.481826327961877,23.5239300088932
0.01905625,5.5E9,5.482072119903802+0.09396720752562424i,5.482072119903802,29.170134264173363
0.01905625,5.5E9,5.4823814940821975+0.004095004548812416i,5.4823814940821975,669.3987062446771
0.01905625,5.5E9,5.482777557263166+0.10110755508882047i,5.482777557263166,27.113589842256015
0.01905625,5.5E9,5.482880502470345+0.11267399528878576i,5.482880502470345,24.330727282802076
0.01905625,5.5E9,5.483735629340286+0.08520912743704566i,5.483735629340286,32.178099895411954
0.01905625,5.5E9,5.483866202579368+0.005459401398115299i,5.483866202579368,502.2406123565593
0.01905625,5.5E9,5.48618796327282+0.11150151153173242i,5.48618796327282,24.601406240629732
0.01905625,5.5E9,5.486462242604881+0.11771243996850093i,5.486462242604881,23.30451328709617
0.01905625,5.5E9,5.487246698846152+0.11297776319951384i,5.487246698846152,24.284631521496454
0.01905625,5.5E9,5.487275579620847+0.00422426186655907i,5.487275579620847,649.4951961975054
0.01905625,5.5E9,5.488016457866846+0.0956731366344256i,5.488016457866846,28.681073135696266
0.01905625,5.5E9,5.489282905726941+0.06990634933521771i,5.489282905726941,39.261690518299794
0.01905625,5.5E9,5.489609899830812+0.10478488695498919i,5.489609899830812,26.194664418490515
0.01905625,5.5E9,5.48982365975393+0.11761620008936888i,5.48982365975393,23.337872060067284
0.01905625,5.5E9,5.4906078702710515+0.050066657652307306i,5.4906078702710515,54.83297795112572
0.01905625,5.5E9,5.491394838293559+0.11243055872891776i,5.491394838293559,24.421273452593546
0.01905625,5.5E9,5.492651593869351+0.008305971208489738i,5.492651593869351,330.6447527927364
0.01905625,5.5E9,5.494578792546596+0.029393816304526102i,5.494578792546596,93.46487600693982
0.01905625,5.5E9,5.494632092648491+0.08814418248701462i,5.494632092648491,31.168433001565127
0.01905625,5.5E9,5.495105724278383+0.10920305217525653i,5.495105724278383,25.160037264615376
0.01905625,5.5E9,5.4954888693477795+0.11276973432521761i,5.4954888693477795,24.365974178405402
0.01905625,5.5E9,5.495822382025915+0.09304033217837626i,5.495822382025915,29.534623605434707
0.01905625,5.5E9,5.495907852760691+0.11916833116155473i,5.495907852760691,23.059431139091686
0.01905625,5.5E9,5.497354616507576+0.12285881884961188i,5.497354616507576,22.372649631430765
0.01905625,5.5E9,5.498563448887157+0.1151578108064728i,5.498563448887157,23.874036030989284
0.01905625,5.5E9,5.499131401094005+0.10101533928488993i,5.499131401094005,27.219288872480064
0.01905625,5.5E9,5.50001438695539+0.052419749477986215i,5.50001438695539,52.461280736043314
0.01905625,5.5E9,5.500064910024357+0.09512400064106076i,5.500064910024357,28.909974732760695
0.01905625,5.5E9,5.500262474024872+0.09555634820517211i,5.500262474024872,28.780204441336966
0.01905625,5.5E9,5.500401950226701+0.041962741522587436i,5.500401950226701,65.5391157804356
0.01905625,5.5E9,5.500405034091907+0.01749290487812804i,5.500405034091907,157.21817137899282
0.01905625,5.5E9,5.5014294676991415+0.10822132801330465i,5.5014294676991415,25.417491952338636
0.01905625,5.5E9,5.501781261977325+0.1195524144852723i,5.501781261977325,23.00991278873373
0.01905625,5.5E9,5.50234431485136+0.08715605366519716i,5.50234431485136,31.566047815726975
0.01905625,5.5E9,5.503329921828805+0.007791744387688946i,5.503329921828805,353.151338647873
0.01905625,5.5E9,5.503969762121595+0.10539440566462258i,5.503969762121595,26.111299396838362
0.01905625,5.5E9,5.504237701984629+0.11088963774769216i,5.504237701984629,24.81853946763021
0.01905625,5.5E9,5.504251966998903+0.09600861735095471i,5.504251966998903,28.665405871216667
0.01905625,5.5E9,5.504374163613589+0.10650421847432211i,5.504374163613589,25.841108654962238
0.01905625,5.5E9,5.504477879456843+0.12308454927306334i,5.504477879456843,22.360555861666874
0.01905625,5.5E9,5.5047574228500125+0.12069982517819755i,5.5047574228500125,22.803502054468414
0.01905625,5.5E9,5.505582797211792+0.0684219949924805i,5.505582797211792,40.23255093495044
0.01905625,5.5E9,5.505925969842659+0.01970710879900195i,5.505925969842659,139.69390502683743
0.01905625,5.5E9,5.506172138975632+0.09973407121828068i,5.506172138975632,27.604268389508913
0.01905625,5.5E9,5.5064171470045045+0.11198830006300123i,5.5064171470045045,24.584787624719553
0.01905625,5.5E9,5.507186555567589+0.09094814188237815i,5.507186555567589,30.27652045211627
0.01905625,5.5E9,5.507788296496651+0.10008987747660877i,5.507788296496651,27.514212402666963
0.01905625,5.5E9,5.508769047723882+0.11615697976955754i,5.508769047723882,23.712604523002682
0.01905625,5.5E9,5.510215535565733+0.028965502246050677i,5.510215535565733,95.11686503411187
0.01905625,5.5E9,5.5105100086004635+0.09570476309745629i,5.5105100086004635,28.78911054295753
0.01905625,5.5E9,5.510619062677783+0.11298831899084914i,5.510619062677783,24.385790991031932
0.01905625,5.5E9,5.510888133905069+0.10834283951797144i,5.510888133905069,25.432636611812946
0.01905625,5.5E9,5.512232051881517+0.12128056222285453i,5.512232051881517,22.725125736771908
0.01905625,5.5E9,5.513404498005396+0.006110861525350107i,5.513404498005396,451.1151557872618
0.01905625,5.5E9,5.513715977345285+0.11746344533655087i,5.513715977345285,23.46992275574601
0.01905625,5.5E9,5.513966578013671+0.10692482499704298i,5.513966578013671,25.78431425146667
0.01905625,5.5E9,5.514254489935798+0.10018746478533092i,5.514254489935798,27.51968273551511
0.01905625,5.5E9,5.5143557903535+0.057585527389758674i,5.5143557903535,47.87970207366897
0.01905625,5.5E9,5.5145187456164075+0.11868469009073934i,5.5145187456164075,23.231803282295004
0.01905625,5.5E9,5.516003852294848+0.08858204146556926i,5.516003852294848,31.135000735103006
0.01905625,5.5E9,5.518252831470791+0.09641472216431499i,5.518252831470791,28.617272899808274
0.01905625,5.5E9,5.518736087644907+0.1194168834447404i,5.518736087644907,23.107017736728476
0.01905625,5.5E9,5.518895495151213+0.10544182785346914i,5.518895495151213,26.170333004947217
0.01905625,5.5E9,5.519131201475897+0.10215143565065268i,5.519131201475897,27.014457341308223
0.01905625,5.5E9,5.520886972180291+0.11016587440549312i,5.520886972180291,25.057155865977528
0.01905625,5.5E9,5.521628386326931+0.11557659083858611i,5.521628386326931,23.88731293363039
0.01905625,5.5E9,5.521755939922791+0.10089449336050814i,5.521755939922791,27.364010443032278
0.01905625,5.5E9,5.522476196227694+0.11674378110377859i,5.522476196227694,23.652121526364333
0.01905625,5.5E9,5.522989977033403+0.09669601650099921i,5.522989977033403,28.558518628201877
0.01905625,5.5E9,5.52331372271688+0.09243057611785939i,5.52331372271688,29.878174272515807
0.01905625,5.5E9,5.524074375787529+0.006801502270895707i,5.524074375787529,406.09222461231707
0.01905625,5.5E9,5.524318292018048+0.06093720929811288i,5.524318292018048,45.32795606861772
0.01905625,5.5E9,5.524818253521714+0.0867511101169001i,5.524818253521714,31.842925387795223
0.01905625,5.5E9,5.525439247428715+0.10947587118964075i,5.525439247428715,25.235877035667585
0.01905625,5.5E9,5.526335777545775+0.008074681240505045i,5.526335777545775,342.20148219746443
0.01905625,5.5E9,5.5266439399585785+0.11923947959944425i,5.5266439399585785,23.17455577013579
0.01905625,5.5E9,5.527272005639348+0.10192847050370628i,5.527272005639348,27.113484477520768
0.01905625,5.5E9,5.527518534604993+0.10030905942411737i,5.527518534604993,27.552439262908734
0.01905625,5.5E9,5.5277241113703734+0.08822311107954724i,5.5277241113703734,31.32809557342773
0.01905625,5.5E9,5.528784283041107+0.057944142250490056i,5.528784283041107,47.707879246364605
0.01905625,5.5E9,5.528813596812216+0.1076554825847172i,5.528813596812216,25.678272318650528
0.01905625,5.5E9,5.529110561311215+0.10395474576772236i,5.529110561311215,26.593834271239146
0.01905625,5.5E9,5.531334882146201+0.10963546258796507i,5.531334882146201,25.226029751587824
0.01905625,5.5E9,5.531383932135065+0.1037629591511293i,5.531383932135065,26.65394268526344
0.01905625,5.5E9,5.53179737300769+0.11548864861063339i,5.53179737300769,23.949528544826876
0.01905625,5.5E9,5.533409591066478+0.07689783930849729i,5.533409591066478,35.978966644743096
0.01905625,5.5E9,5.5336263029264+0.1150927155689043i,5.5336263029264,24.03986332051354
0.01905625,5.5E9,5.533913015998254+0.09209628823191897i,5.533913015998254,30.044169652432835
0.01905625,5.5E9,5.5340504693424535+0.11253036165771278i,5.5340504693424535,24.589143711168163
0.01905625,5.5E9,5.536006622947477+0.08709729708600428i,5.536006622947477,31.780587964061294
0.01905625,5.5E9,5.536598369979019+0.10715448445281352i,5.536598369979019,25.834655442801893
0.01905625,5.5E9,5.536826933738673+0.006051004429208643i,5.536826933738673,457.51304585169385
0.01905625,5.5E9,5.537675809477677+0.09486164690504782i,5.537675809477677,29.18817029932359
0.01905625,5.5E9,5.538260006340622+0.11775050280073207i,5.538260006340622,23.51692720885006
0.01905625,5.5E9,5.5396219044776664+0.10892163840535486i,5.5396219044776664,25.429391191591385
0.01905625,5.5E9,5.540980353367986+0.11182594458328479i,5.540980353367986,24.775021458643803
0.01905625,5.5E9,5.541690623172008+0.10339417886032978i,5.541690623172008,26.798852141656884
0.01905625,5.5E9,5.541904643025587+0.09134142206525554i,5.541904643025587,30.336207372961507
0.01905625,5.5E9,5.543316238809616+0.00577961782601965i,5.543316238809616,479.5573345571215
0.01905625,5.5E9,5.544491203151578+0.10095448180796418i,5.544491203151578,27.460351951973365
0.01905625,5.5E9,5.545051400341735+0.11131572872411104i,5.545051400341735,24.906863854275223
0.01905625,5.5E9,5.545240194552268+0.10524105191469385i,5.545240194552268,26.345423642511296
0.01905625,5.5E9,5.546123948536018+0.08384116276754988i,5.546123948536018,33.07518506102235
0.01905625,5.5E9,5.547412167424566+0.10492099674719635i,5.547412167424566,26.43613928292576
0.01905625,5.5E9,5.548913057486794+0.07806057999792528i,5.548913057486794,35.542350938426765
0.01905625,5.5E9,5.5490562750234815+0.11015414588534898i,5.5490562750234815,25.18768690194861
0.01905625,5.5E9,5.549679374777229+0.005055898634342286i,5.549679374777229,548.8321440110496
0.01905625,5.5E9,5.550009192065268+0.09199178841977482i,5.550009192065268,30.165785921780287
0.01905625,5.5E9,5.55078087969537+0.03932447195250626i,5.55078087969537,70.57667406696865
0.01905625,5.5E9,5.55169828394865+0.046903988322707146i,5.55169828394865,59.18151614050444
0.01905625,5.5E9,5.551878361664097+0.11209724328887735i,5.551878361664097,24.76367035787299
0.01905625,5.5E9,5.552509891933218+0.10730755780155286i,5.552509891933218,25.871942320230804
0.01905625,5.5E9,5.552600124897368+0.10872230426829685i,5.552600124897368,25.53569923975798
0.01905625,5.5E9,5.553381076887006+0.09404780013251475i,5.553381076887006,29.524247611651788
0.01905625,5.5E9,5.554449928729923+0.0818724192377547i,5.554449928729923,33.92137413577575
0.01905625,5.5E9,5.554879598073188+0.1004130370126478i,5.554879598073188,27.660151327628444
0.01905625,5.5E9,5.557712082925159+0.09684229751262591i,5.557712082925159,28.694652159613245
0.01905625,5.5E9,5.557872216101536+0.10611696292326876i,5.557872216101536,26.18748248628418
0.01905625,5.5E9,5.558315871784914+0.08372884542923413i,5.558315871784914,33.19235947474449
0.01905625,5.5E9,5.558842486228066+0.09872678974521464i,5.558842486228066,28.152654920583537
0.01905625,5.5E9,5.559628841348077+0.10832241320286938i,5.559628841348077,25.662412223663452
0.01905625,5.5E9,5.559887243708531+0.018032939807195496i,5.559887243708531,154.15920263566863
0.01905625,5.5E9,5.5602635225685075+0.10267814682928797i,5.5602635225685075,27.07617781519259
0.01905625,5.5E9,5.561379383365816+0.00515536092728614i,5.561379383365816,539.3782764976468
0.01905625,5.5E9,5.561481790912164+0.005999203750633032i,5.561481790912164,463.51832860530203
0.01905625,5.5E9,5.562107627514091+0.10032302156886133i,5.562107627514091,27.720993349947513
0.01905625,5.5E9,5.562557521525324+0.09295436656799244i,5.562557521525324,29.920904885390907
0.01905625,5.5E9,5.5643476167713715+0.09022668300057932i,5.5643476167713715,30.835377250517144
0.01905625,5.5E9,5.564719117389131+0.017596609817723183i,5.564719117389131,158.11906881586884
0.01905625,5.5E9,5.56877527125306+0.08703537770352696i,5.56877527125306,31.99144657142905
0.01905625,5.5E9,5.569801143244449+0.09585160681345309i,5.569801143244449,29.054291985341603
0.01905625,5.5E9,5.570482821885289+0.08892588233881053i,5.570482821885289,31.320930843629785
0.01905625,5.5E9,5.572144835125369+0.09369817859571128i,5.572144835125369,29.734541901652367
0.01905625,5.5E9,5.573433894537631+0.008476969624105168i,5.573433894537631,328.73975852697276
0.01905625,5.5E9,5.574826784881945+0.09846025466038764i,5.574826784881945,28.310036390373053
0.01905625,5.5E9,5.575519475319359+0.011300092343714329i,5.575519475319359,246.70238550841307
0.01905625,5.5E9,5.576058904035065+0.08448138036500316i,5.576058904035065,33.00170333358435
0.01905625,5.5E9,5.5762047205748395+0.009285731846557493i,5.5762047205748395,300.2566094261117
0.01905625,5.5E9,5.5777226829615865+0.09175084401098647i,5.5777226829615865,30.396029284993258
0.01905625,5.5E9,5.583975112174119+0.08666113697228707i,5.583975112174119,32.217296629513356
0.01905625,5.5E9,5.584017072692696+0.014148891617096416i,5.584017072692696,197.330547996615
0.01905625,5.5E9,5.585948404069868+0.008369425076063914i,5.585948404069868,333.71159627471707
0.01905625,5.5E9,5.58801868430074+0.032232116649073515i,5.58801868430074,86.68401683234418
0.01905625,5.5E9,5.589414602945079+0.007216557854785779i,5.589414602945079,387.26320189052234
0.01905625,5.5E9,5.589647995510908+0.019534468292300117i,5.589647995510908,143.07141386884265
0.01905625,5.5E9,5.5940974343155085+0.007463021818770829i,5.5940974343155085,374.78769124360304
0.01905625,5.5E9,5.598004107790381+0.03062385731221007i,5.598004107790381,91.3993957508154
0.01905625,5.5E9,5.59905579376022+0.024969270776996965i,5.59905579376022,112.11892897806153
0.01905625,5.5E9,5.600750596315085+0.0054084535766070144i,5.600750596315085,517.7774494117696
0.01905625,5.5E9,5.604098884726879+0.0059259716867051905i,5.604098884726879,472.8421920492442
0.01905625,5.5E9,5.608653870790049+0.03916500642405243i,5.608653870790049,71.60287183491438
0.01905625,5.5E9,5.610165946475964+0.008511595600969701i,5.610165946475964,329.5601794002534
0.01905625,5.5E9,5.611140875537882+0.00552254882404166i,5.611140875537882,508.02093872946386
0.01905625,5.5E9,5.614323225301306+0.006052314837283712i,5.614323225301306,463.81619068424266
0.02540833333,2.5E9,2.301021979259029+0.11967340749734268i,2.301021979259029,9.613756419988805
0.02540833333,2.5E9,2.3015872078171515+0.11903987056306312i,2.3015872078171515,9.667295490706419
0.02540833333,2.5E9,2.3019670959638576+4.413308163227457E-4i,2.3019670959638576,2607.9836381518694
0.02540833333,2.5E9,2.3024523882521954+4.432960484767291E-4i,2.3024523882521954,2596.969221995065
0.02540833333,2.5E9,2.31541212822481+0.09066356238743578i,2.31541212822481,12.769254082088008
0.02540833333,2.5E9,2.316230181729026+0.0907349559024542i,2.316230181729026,12.763714704502195
0.02540833333,2.5E9,2.3190227080829855+0.00813830829030861i,2.3190227080829855,142.47572255554394
0.02540833333,2.5E9,2.3200716332232427+0.008194355074117464i,2.3200716332232427,141.5652368147542
0.02540833333,2.5E9,2.3294984985349667+0.15096711792424716i,2.3294984985349667,7.715251276453031
0.02540833333,2.5E9,2.3297789827022304+0.15083079970201776i,2.3297789827022304,7.72315398216066
0.02540833333,2.5E9,2.3301917768471854+0.15243924524979904i,2.3301917768471854,7.64301795455871
0.02540833333,2.5E9,2.3305756001541873+0.15234657955043104i,2.3305756001541873,7.648926569377623
0.02540833333,2.5E9,2.3331380743514334+0.16478151772967412i,2.3331380743514334,7.079489576552427
0.02540833333,2.5E9,2.33335277902812+0.1646907153888866i,2.33335277902812,7.084044700146998
0.02540833333,2.5E9,2.333410148864519+0.16606031126781148i,2.333410148864519,7.025791205164442
0.02540833333,2.5E9,2.333606653418542+0.1658819634543024i,2.333606653418542,7.03393727932757
0.02540833333,2.5E9,2.3522227938574054+0.12991249723795265i,2.3522227938574054,9.05310437358842
0.02540833333,2.5E9,2.3526596137587723+0.13083310584801727i,2.3526596137587723,8.99107148190668
0.02540833333,2.5E9,2.352822958032538+0.13006637196415183i,2.352822958032538,9.044701264831968
0.02540833333,2.5E9,2.353060169876858+0.1310740313801112i,2.353060169876858,8.976073082901701
0.02540833333,2.5E9,2.3582921309178717+0.14828839533390165i,2.3582921309178717,7.9517083100390105
0.02540833333,2.5E9,2.3584839110117093+0.1485616916130137i,2.3584839110117093,7.937725686226337
0.02540833333,2.5E9,2.3588524555747337+0.14819236200531774i,2.3588524555747337,7.958751799536364
0.02540833333,2.5E9,2.3590817484691997+0.14846121786158348i,2.3590817484691997,7.945111128849385
0.02540833333,2.5E9,2.3672889225117197+0.19516561160633653i,2.3672889225117197,6.064820802772153
0.02540833333,2.5E9,2.3681856563246853+0.19324440991314798i,2.3681856563246853,6.127436383254361
0.02540833333,2.5E9,2.3835537719747557+0.035179421258501695i,2.3835537719747557,33.8771032425488
0.02540833333,2.5E9,2.383892105909936+0.03508055129514009i,2.383892105909936,33.97740368806846
0.02540833333,2.5E9,2.399879228954864+0.20660079962740246i,2.399879228954864,5.8080105045163535
0.02540833333,2.5E9,2.4010142003549477+0.2068289397714415i,2.4010142003549477,5.804347793418595
0.02540833333,2.5E9,2.4021981445065257+0.05037091528630092i,2.4021981445065257,23.845091267974606
0.02540833333,2.5E9,2.403046653129845+0.05024493321997523i,2.403046653129845,23.913323186331723
0.02540833333,2.5E9,2.4094358899095365+0.21336123772672314i,2.4094358899095365,5.646376810476664
0.02540833333,2.5E9,2.4096313310345523+0.19810409227343634i,2.4096313310345523,6.081730325158099
0.02540833333,2.5E9,2.410488291682292+0.1982708278393845i,2.410488291682292,6.078776988904752
0.02540833333,2.5E9,2.4105219524876156+0.2136495417051849i,2.4105219524876156,5.641299141689467
0.02540833333,2.5E9,2.4132710077110238+0.16702056743579802i,2.4132710077110238,7.224472544792049
0.02540833333,2.5E9,2.4155048765547416+0.16821546005241148i,2.4155048765547416,7.179794520081965
0.02540833333,2.5E9,2.4157263372201654+0.20122021808629625i,2.4157263372201654,6.002692871011963
0.02540833333,2.5E9,2.416956752543002+0.20169174594763614i,2.416956752543002,5.9917096289366745
0.02540833333,2.5E9,2.4215275773874314+0.1955774278662292i,2.4215275773874314,6.1907133246575485
0.02540833333,2.5E9,2.421585042976161+0.04931762193382319i,2.421585042976161,24.550910486170267
0.02540833333,2.5E9,2.421868645105004+0.19597728917830864i,2.421868645105004,6.178952304267978
0.02540833333,2.5E9,2.4226185244746956+0.19783561130939176i,2.4226185244746956,6.122806982121141
0.02540833333,2.5E9,2.4226463570471126+0.04947678357128375i,2.4226463570471126,24.4826581497227
0.02540833333,2.5E9,2.4230738353841326+0.19829731840719575i,2.4230738353841326,6.109698948143226
0.02540833333,2.5E9,2.4301177256568063+0.19421482970052778i,2.4301177256568063,6.256262020268894
0.02540833333,2.5E9,2.4303185146131967+0.1933330830178619i,2.4303185146131967,6.285314641128081
0.02540833333,2.5E9,2.4306442816212748+0.1937662954429223i,2.4306442816212748,6.272102885760309
0.02540833333,2.5E9,2.4311827518148954+0.19312960630644274i,2.4311827518148954,6.2941741515210445
0.02540833333,2.5E9,2.4318089944364414+0.21767483502612503i,2.4318089944364414,5.5858753588686065
0.02540833333,2.5E9,2.431988177625662+0.2193142881264837i,2.431988177625662,5.544527441420225
0.02540833333,2.5E9,2.4332761546921877+0.22987284137111244i,2.4332761546921877,5.292656888431301
0.02540833333,2.5E9,2.4367456384011397+0.22388484973979184i,2.4367456384011397,5.441961886284905
0.02540833333,2.5E9,2.4416797209563654+0.1768037832668721i,2.4416797209563654,6.905055072466499
0.02540833333,2.5E9,2.442005138733814+0.17637229645968538i,2.442005138733814,6.922870506740837
0.02540833333,2.5E9,2.4422813998149926+0.17816131068004654i,2.4422813998149926,6.85412952591317
0.02540833333,2.5E9,2.4424170592106393+0.1784697498972976i,2.4424170592106393,6.8426639825969255
0.02540833333,2.5E9,2.443240000904399+0.07348712212659954i,2.443240000904399,16.62359288403838
0.02540833333,2.5E9,2.4443006255194293+0.07316559998069513i,2.4443006255194293,16.703892445113294
0.02540833333,2.5E9,2.4457989211672166+0.16119926286547104i,2.4457989211672166,7.5862596319945945
0.02540833333,2.5E9,2.446116249725958+0.16270219442289718i,2.446116249725958,7.5171581379166525
0.02540833333,2.5E9,2.446488071978922+0.16075028559823282i,2.446488071978922,7.609591680892843
0.02540833333,2.5E9,2.446863641949814+0.16216055484145553i,2.446863641949814,7.544571009707368
0.02540833333,2.5E9,2.447669286968672+0.2230643446989281i,2.447669286968672,5.4864646572546425
0.02540833333,2.5E9,2.4476896637435455+0.2251172898348192i,2.4476896637435455,5.4364763931272195
0.02540833333,2.5E9,2.4489375927988597+0.1485081360209436i,2.4489375927988597,8.245129386222631
0.02540833333,2.5E9,2.4499370444799555+0.15048356396191573i,2.4499370444799555,8.140214718399358
0.02540833333,2.5E9,2.449939075465198+0.1482296171174539i,2.449939075465198,8.263999877716477
0.02540833333,2.5E9,2.4505916516946966+0.15006859244275117i,2.4505916516946966,8.164905167047392
0.02540833333,2.5E9,2.4549957969036154+0.22145256866185084i,2.4549957969036154,5.542938182515044
0.02540833333,2.5E9,2.4562041865432374+0.21140500173904586i,2.4562041865432374,5.8092385855069
0.02540833333,2.5E9,2.45649182338386+0.21332501228194184i,2.45649182338386,5.757627286895986
0.02540833333,2.5E9,2.4572453756846597+0.2118500462808905i,2.4572453756846597,5.7994921852096635
0.02540833333,2.5E9,2.457291175432211+0.214444897488913i,2.457291175432211,5.72942327890841
0.02540833333,2.5E9,2.458231386938163+0.21467375724966023i,2.458231386938163,5.725505106987299
0.02540833333,2.5E9,2.4583215964503036+0.2102008588817698i,2.4583215964503036,5.847553643520122
0.02540833333,2.5E9,2.459186919081457+0.21561776664059862i,2.459186919081457,5.702653722363566
0.02540833333,2.5E9,2.4594600690486517+0.2170802045775254i,2.4594600690486517,5.664864914410725
0.02540833333,2.5E9,2.4606854796405213+0.1765444797933115i,2.4606854796405213,6.969024130693169
0.02540833333,2.5E9,2.4609208484769094+0.17862038045427112i,2.4609208484769094,6.888689975405503
0.02540833333,2.5E9,2.461609149205067+0.17712738430129854i,2.461609149205067,6.948697286179653
0.02540833333,2.5E9,2.461759052753946+0.1789037896819575i,2.461759052753946,6.880119915654908
0.02540833333,2.5E9,2.4644343075212944+0.12891660442205152i,2.4644343075212944,9.558250151598573
0.02540833333,2.5E9,2.4648954289774885+0.13006705453542888i,2.4648954289774885,9.475479543153941
0.02540833333,2.5E9,2.465005216449063+0.1287739168431826i,2.465005216449063,9.571057854250405
0.02540833333,2.5E9,2.4652554158925013+0.14528953936783728i,2.4652554158925013,8.483939816379634
0.02540833333,2.5E9,2.465261360011539+0.12988623690075185i,2.465261360011539,9.490079237168464
0.02540833333,2.5E9,2.465562152290412+0.14565094802805506i,2.465562152290412,8.463941311990292
0.02540833333,2.5E9,2.4656708806709813+0.170787720843361i,2.4656708806709813,7.218525045288199
0.02540833333,2.5E9,2.465687299797357+0.1456409844050793i,2.465687299797357,8.464949992851617
0.02540833333,2.5E9,2.465877264225918+0.1460711445056813i,2.465877264225918,8.440672086778953
0.02540833333,2.5E9,2.466108512958243+0.17148413322931896i,2.466108512958243,7.190485984089308
0.02540833333,2.5E9,2.4677321005917117+0.1717933055275701i,2.4677321005917117,7.1822708487196545
0.02540833333,2.5E9,2.4677551120414374+0.1725130361648455i,2.4677551120414374,7.152372849328803
0.02540833333,2.5E9,2.485116390108263+0.2143971154572595i,2.485116390108263,5.7955919435018615
0.02540833333,2.5E9,2.485723865477604+0.21207588671459637i,2.485723865477604,5.860458499043779
0.02540833333,2.5E9,2.487124283990394+0.20809917101194997i,2.487124283990394,5.975814972966837
0.02540833333,2.5E9,2.4881281820056267+0.20599010913424237i,2.4881281820056267,6.039436049776862
0.02540833333,2.5E9,2.491415725895458+0.2001827675183848i,2.491415725895458,6.222852638068974
0.02540833333,2.5E9,2.491441414305056+0.19908642964790918i,2.491441414305056,6.257185431250265
0.02540833333,2.5E9,2.4922607416900204+0.21198853575019982i,2.4922607416900204,5.878291325684745
0.02540833333,2.5E9,2.492950461215673+0.20118601647766873i,2.492950461215673,6.195635523934104
0.02540833333,2.5E9,2.4931377881368797+0.1962832048100888i,2.4931377881368797,6.350868864580344
0.02540833333,2.5E9,2.4931902666258354+0.21779628694575895i,2.4931902666258354,5.723674865143022
0.02540833333,2.5E9,2.4932668747628317+0.2030267509383029i,2.4932668747628317,6.1402422666964265
0.02540833333,2.5E9,2.4933715748869085+0.19719287181811251i,2.4933715748869085,6.32216456887639
0.02540833333,2.5E9,2.4941085206766744+0.21818485591047684i,2.4941085206766744,5.715585782223192
0.02540833333,2.5E9,2.494764308861906+0.23284735621476754i,2.494764308861906,5.357081028141139
0.02540833333,2.5E9,2.4966919124222926+0.23314706408086636i,2.4966919124222926,5.354328441288719
0.02540833333,2.5E9,2.5030331890107225+0.2257672497973104i,2.5030331890107225,5.543393010407618
0.02540833333,2.5E9,2.5035291409726637+0.22507998382562946i,2.5035291409726637,5.5614210966714825
0.02540833333,2.5E9,2.5036596223405616+0.2246541009529929i,2.5036596223405616,5.572254438534449
0.02540833333,2.5E9,2.5038185453259816+0.0022804602666047632i,2.5038185453259816,548.9721925858772
0.02540833333,2.5E9,2.5042183266247284+0.22411389390912176i,2.5042183266247284,5.586932347086409
0.02540833333,2.5E9,2.504520687712656+0.0022730716329287517i,2.504520687712656,550.9110780828523
0.02540833333,2.5E9,2.5046591339638553+0.20885901041838342i,2.5046591339638553,5.996052382290229
0.02540833333,2.5E9,2.5047323189704738+0.21949201528794945i,2.5047323189704738,5.705748146884841
0.02540833333,2.5E9,2.5050973506778877+0.21224966390527641i,2.5050973506778877,5.901298745509138
0.02540833333,2.5E9,2.50518349933869+0.2204237895457667i,2.50518349933869,5.682652277463313
0.02540833333,2.5E9,2.514102897759091+0.21678779308709112i,2.514102897759091,5.7985342762105825
0.02540833333,2.5E9,2.5174893797441222+0.21728420202766938i,2.5174893797441222,5.793079653861675
0.02540833333,2.5E9,2.519180034305904+0.22035931235147516i,2.519180034305904,5.716073460711723
0.02540833333,2.5E9,2.5198466035520157+0.06018727264714367i,2.5198466035520157,20.933384191745738
0.02540833333,2.5E9,2.5202376376083384+0.05995657579858594i,2.5202376376083384,21.017191225818618
0.02540833333,2.5E9,2.521478479108227+0.20368281811922534i,2.521478479108227,6.189718166684743
0.02540833333,2.5E9,2.5218700706535206+0.20292786558491294i,2.5218700706535206,6.213710629105966
0.02540833333,2.5E9,2.5245876866079784+0.18769865260787122i,2.5245876866079784,6.725108708910649
0.02540833333,2.5E9,2.524701200781849+0.18827530446079008i,2.524701200781849,6.7048124235211075
0.02540833333,2.5E9,2.5253253720721887+0.19046370624341005i,2.5253253720721887,6.629413608188577
0.02540833333,2.5E9,2.5256232980122784+0.19007939113079328i,2.5256232980122784,6.643601084229067
0.02540833333,2.5E9,2.5270838508466156+1.0858299886071755E-4i,2.5270838508466156,11636.646055835023
0.02540833333,2.5E9,2.527940710130699+1.1010984986945773E-4i,2.527940710130699,11479.176082465534
0.02540833333,2.5E9,2.535003137771849+0.1994920418547248i,2.535003137771849,6.35364477250151
0.02540833333,2.5E9,2.5351260129601254+0.1988300054348899i,2.5351260129601254,6.375109248262566
0.02540833333,2.5E9,2.535459086284749+0.21179495765932763i,2.535459086284749,5.985645537329168
0.02540833333,2.5E9,2.537176143626242+0.21227291829487815i,2.537176143626242,5.9762125192572455
0.02540833333,2.5E9,2.538664137427697+0.20381548562127882i,2.538664137427697,6.227849001976556
0.02540833333,2.5E9,2.539629631265787+0.20399268074735902i,2.539629631265787,6.224805767445816
0.02540833333,2.5E9,2.540739202954286+0.17240550580882816i,2.540739202954286,7.36849786506118
0.02540833333,2.5E9,2.5408139494862922+0.17208527819786826i,2.5408139494862922,7.382426829576892
0.02540833333,2.5E9,2.541347554247068+0.17237690927860602i,2.541347554247068,7.3714848609438395
0.02540833333,2.5E9,2.5416569780962046+0.17231043655646125i,2.5416569780962046,7.375226448525
0.02540833333,2.5E9,2.5434020638486463+0.21491146022482488i,2.5434020638486463,5.9173253515376105
0.02540833333,2.5E9,2.543779732751601+0.216228830329023i,2.543779732751601,5.882147465906552
0.02540833333,2.5E9,2.5444629527836344+0.21121569893862602i,2.5444629527836344,6.023375548242254
0.02540833333,2.5E9,2.5455118479617513+0.21002695911090433i,2.5455118479617513,6.05996453678501
0.02540833333,2.5E9,2.548347061751844+0.19714291759517444i,2.548347061751844,6.463197087771569
0.02540833333,2.5E9,2.549593519483185+0.19961199337131122i,2.549593519483185,6.38637357511009
0.02540833333,2.5E9,2.5507746237653386+0.20424888436588826i,2.5507746237653386,6.244280431896805
0.02540833333,2.5E9,2.5509994784275234+0.2160242915144535i,2.5509994784275234,5.904427369124931
0.02540833333,2.5E9,2.5509993345518396+0.21722171434056387i,2.5509993345518396,5.8718792048393915
0.02540833333,2.5E9,2.554134062758979+0.18741949434720312i,2.554134062758979,6.81394982857901
0.02540833333,2.5E9,2.554253470455634+0.18852686370753874i,2.554253470455634,6.77424272653801
0.02540833333,2.5E9,2.5547901105777413+0.20863010556885775i,2.5547901105777413,6.122774332141007
0.02540833333,2.5E9,2.5549021778872802+0.18908711139921314i,2.5549021778872802,6.755886636009798
0.02540833333,2.5E9,2.555044971891623+0.18806220158337536i,2.555044971891623,6.793084815501511
0.02540833333,2.5E9,2.55924950913414+0.15815360054687105i,2.55924950913414,8.09102511825417
0.02540833333,2.5E9,2.5596155663639784+0.15794058117537624i,2.5596155663639784,8.103096580105012
0.02540833333,2.5E9,2.5596935851031692+0.15989654200627554i,2.5596935851031692,8.0042180805971
0.02540833333,2.5E9,2.5600659195663766+0.15938983264016318i,2.5600659195663766,8.030831945679857
0.02540833333,2.5E9,2.566141968537876+0.21664861779127267i,2.566141968537876,5.922359428598323
0.02540833333,2.5E9,2.568845813809028+0.14645335456188988i,2.568845813809028,8.770184272984533
0.02540833333,2.5E9,2.568893133480018+0.14608309892422133i,2.568893133480018,8.792574748200668
0.02540833333,2.5E9,2.5694831525096697+0.14900927619968798i,2.5694831525096697,8.621889918672895
0.02540833333,2.5E9,2.5697028770362476+0.19931304698385613i,2.5697028770362476,6.446399058974767
0.02540833333,2.5E9,2.5700898812956243+0.14825742407154052i,2.5700898812956243,8.667659975177523
0.02540833333,2.5E9,2.5709993122531176+0.1976144749619451i,2.5709993122531176,6.50508853855017
0.02540833333,2.5E9,2.5716499632608962+0.1952995304141115i,2.5716499632608962,6.583861102502374
0.02540833333,2.5E9,2.572087230295393+0.14304389371316348i,2.572087230295393,8.990552352598256
0.02540833333,2.5E9,2.572560255960753+0.1435960407705291i,2.572560255960753,8.957629479742353
0.02540833333,2.5E9,2.573504970973324+0.1938550383425792i,2.573504970973324,6.637704629645593
0.02540833333,2.5E9,2.573583102917533+0.14289432240845998i,2.573583102917533,9.005197195872514
0.02540833333,2.5E9,2.5737517564679675+0.14354384627946765i,2.5737517564679675,8.96503689700878
0.02540833333,2.5E9,2.576382322250061+0.12780147422836532i,2.576382322250061,10.079626771935303
0.02540833333,2.5E9,2.5765604068540875+0.22103683770210839i,2.5765604068540875,5.828350680456532
0.02540833333,2.5E9,2.576909854748456+0.12914587547147746i,2.576909854748456,9.976740818631795
0.02540833333,2.5E9,2.5774668630481843+0.1278808058468521i,2.5774668630481843,10.077614251723261
0.02540833333,2.5E9,2.577677622449722+0.12913988510018115i,2.577677622449722,9.980176226926602
0.02540833333,2.5E9,2.579712073057899+0.17196688002178553i,2.579712073057899,7.5006073051133155
0.02540833333,2.5E9,2.5802957967636235+0.17432501137284787i,2.5802957967636235,7.400819241149694
0.02540833333,2.5E9,2.5803292562651077+0.1727630043736534i,2.5803292562651077,7.467829312241953
0.02540833333,2.5E9,2.5805106692732966+0.1750308599751449i,2.5805106692732966,7.37158770070529
0.02540833333,2.5E9,2.5912096131206552+0.1668751338626918i,2.5912096131206552,7.763917706435382
0.02540833333,2.5E9,2.5914592702848305+0.023283218486291883i,2.5914592702848305,55.65079569670674
0.02540833333,2.5E9,2.592156732404474+0.023256953734283804i,2.592156732404474,55.72863845412597
0.02540833333,2.5E9,2.5923022480617504+0.1662197283319053i,2.5923022480617504,7.797817605878517
0.02540833333,2.5E9,2.5926725049104857+0.21662953451802128i,2.5926725049104857,5.984115948637657
0.02540833333,2.5E9,2.593047456549249+0.16867104632201527i,2.593047456549249,7.6866999793158906
0.02540833333,2.5E9,2.5931421919028095+0.21556104568612594i,2.5931421919028095,6.014867351494089
0.02540833333,2.5E9,2.593792873060254+0.21679967531847902i,2.593792873060254,5.982003592140922
0.02540833333,2.5E9,2.5941825705744224+0.21560406810922267i,2.5941825705744224,6.016079829394124
0.02540833333,2.5E9,2.594344558771124+0.16786909734834615i,2.594344558771124,7.727284532267378
0.02540833333,2.5E9,2.5961497684403954+0.2118049958551694i,2.5961497684403954,6.128632041841975
0.02540833333,2.5E9,2.5985406320533144+0.2112986775970785i,2.5985406320533144,6.148975141738518
0.02540833333,2.5E9,2.6037178721480583+0.17693540269652097i,2.6037178721480583,7.357820516603866
0.02540833333,2.5E9,2.6038358597809026+0.17371886103507392i,2.6038358597809026,7.494395957544261
0.02540833333,2.5E9,2.6145459668322584+0.21019563916936648i,2.6145459668322584,6.219315436714581
0.02540833333,2.5E9,2.619246379339399+0.19462556225148347i,2.619246379339399,6.728937219343689
0.02540833333,2.5E9,2.6198154918024064+0.19542223385536506i,2.6198154918024064,6.7029616848545786
0.02540833333,2.5E9,2.620924096618634+0.19322349270915307i,2.620924096618634,6.782105167107559
0.02540833333,2.5E9,2.622088353694298+0.1945653956159032i,2.622088353694298,6.738321440444203
0.02540833333,2.5E9,2.6241231751519654+0.03709625604196923i,2.6241231751519654,35.36911072889858
0.02540833333,2.5E9,2.6265273277047108+0.19799840952007342i,2.6265273277047108,6.632698045583111
0.02540833333,2.5E9,2.628813677891605+0.19915208487816005i,2.628813677891605,6.600015459290562
0.02540833333,2.5E9,2.629259098708871+0.18139031205814132i,2.629259098708871,7.247517987250913
0.02540833333,2.5E9,2.629470818591971+0.18106840732731055i,2.629470818591971,7.260987318010635
0.02540833333,2.5E9,2.629602127327233+0.18377458419601367i,2.629602127327233,7.1544227370486215
0.02540833333,2.5E9,2.630258058374655+0.1833940101829212i,2.630258058374655,7.171057701806012
0.02540833333,2.5E9,2.6409060960217405+0.16779384947399084i,2.6409060960217405,7.869496123667806
0.02540833333,2.5E9,2.6410030084729934+0.16813532358891542i,2.6410030084729934,7.853801783288998
0.02540833333,2.5E9,2.6411129059447473+0.16816783516598566i,2.6411129059447473,7.8526101716713725
0.02540833333,2.5E9,2.6413921988682185+0.1678738753881638i,2.6413921988682185,7.867192535946108
0.02540833333,2.5E9,2.659690103226424+0.03463084792318626i,2.659690103226424,38.40059170837818
0.02540833333,2.5E9,2.660276589880986+0.03459567285878657i,2.660276589880986,38.44811171529697
0.02540833333,2.5E9,2.668839941248013+0.04915288863235037i,2.668839941248013,27.14835298094255
0.02540833333,2.5E9,2.670851618434473+0.15631526282799676i,2.670851618434473,8.54315685530137
0.02540833333,2.5E9,2.6716965164201634+0.1574029872312074i,2.6716965164201634,8.486803724047942
0.02540833333,2.5E9,2.675278209489456+0.1556713925237733i,2.675278209489456,8.592709829716792
0.02540833333,2.5E9,2.6755686555780636+0.15795881186916766i,2.6755686555780636,8.469197203743699
0.02540833333,2.5E9,2.6777990319288367+0.0536930030227639i,2.6777990319288367,24.936201005497367
0.02540833333,2.5E9,2.6778729385464315+0.05275898755906196i,2.6778729385464315,25.3783579105706
0.02540833333,2.5E9,2.6805100078047928+0.14108568631571303i,2.6805100078047928,9.499581700323976
0.02540833333,2.5E9,2.680699863145731+0.1406897471511725i,2.680699863145731,9.526990834183863
0.02540833333,2.5E9,2.680893576396579+0.14178520821283316i,2.680893576396579,9.454066507319654
0.02540833333,2.5E9,2.6809482030559457+0.14144865365504114i,2.6809482030559457,9.476754050958046
0.02540833333,2.5E9,2.6870348810756397+5.764487896837792E-4i,2.6870348810756397,2330.679610368909
0.02540833333,2.5E9,2.687793496627371+0.14498585835344924i,2.687793496627371,9.269157444566138
0.02540833333,2.5E9,2.6881167486540383+0.1439576321821845i,2.6881167486540383,9.336485700362562
0.02540833333,2.5E9,2.6887088684165112+5.807521377196846E-4i,2.6887088684165112,2314.8505995808214
0.02540833333,2.5E9,2.6887989272323423+0.12652380648435996i,2.6887989272323423,10.625664062536382
0.02540833333,2.5E9,2.689152526682734+0.1280421100237165i,2.689152526682734,10.501047374901264
0.02540833333,2.5E9,2.689176310400849+0.14656985469893313i,2.689176310400849,9.173701904544574
0.02540833333,2.5E9,2.6894283568682207+0.1274030300092673i,2.6894283568682207,10.554805316139621
0.02540833333,2.5E9,2.689804443211689+0.1288639809592268i,2.689804443211689,10.436603087959686
0.02540833333,2.5E9,2.7052832317862654+0.029652790895876455i,2.7052832317862654,45.61599684302338
0.02540833333,2.5E9,2.706795222246917+0.029595507652483546i,2.706795222246917,45.72983261565666
0.02540833333,2.5E9,2.709342500566272+0.03484018289376876i,2.709342500566272,38.88243797151311
0.02540833333,2.5E9,2.7099035774517652+0.03529384102402826i,2.7099035774517652,38.39060157276232
0.02540833333,2.5E9,2.713460577784812+0.04698074835723299i,2.713460577784812,28.878430768622025
0.02540833333,3.0E9,2.8037903588014936+0.013138193437635929i,2.8037903588014936,106.70380110136377
0.02540833333,3.0E9,2.804452485069709+0.013232870750045297i,2.804452485069709,105.96538491317574
0.02540833333,3.0E9,2.8678976359828674+0.03547509670068138i,2.8678976359828674,40.42128003456272
0.02540833333,3.0E9,2.8687819292166767+0.0358976111349378i,2.8687819292166767,39.95783895525849
0.02540833333,3.0E9,2.873036065607043+1.473580074949247E-4i,2.873036065607043,9748.489798581171
0.02540833333,3.0E9,2.8732409092463884+1.4530224625627043E-4i,2.8732409092463884,9887.118001530536
0.02540833333,3.0E9,2.896543061501494+0.13708000028761663i,2.896543061501494,10.565155585877099
0.02540833333,3.0E9,2.896755201303849+0.13811283383728867i,2.896755201303849,10.486915374991613
0.02540833333,3.0E9,2.897185709775813+0.026764042021584243i,2.897185709775813,54.124592007428035
0.02540833333,3.0E9,2.8979196047996054+0.13778439810867946i,2.8979196047996054,10.516138418349184
0.02540833333,3.0E9,2.8982268160121634+0.13885609295297413i,2.8982268160121634,10.43608081711508
0.02540833333,3.0E9,2.8983950051141814+0.026852393459013843i,2.8983950051141814,53.969025322419526
0.02540833333,3.0E9,2.9030498713793524+0.15321455837515469i,2.9030498713793524,9.47380556445252
0.02540833333,3.0E9,2.903285724930639+0.15506439677134135i,2.903285724930639,9.361548444972309
0.02540833333,3.0E9,2.9037479107049284+0.15265346404582888i,2.9037479107049284,9.51091391490854
0.02540833333,3.0E9,2.904641202350434+0.155235956804636i,2.904641202350434,9.355568330106395
0.02540833333,3.0E9,2.908614050869865+0.015982035433695186i,2.908614050869865,90.9963584718873
0.02540833333,3.0E9,2.9089740145571454+0.01602515970135914i,2.9089740145571454,90.76271527922516
0.02540833333,3.0E9,2.9129220171462706+0.12530715951490362i,2.9129220171462706,11.623126836578788
0.02540833333,3.0E9,2.913505105544203+0.12648667549315928i,2.913505105544203,11.51704357073474
0.02540833333,3.0E9,2.9143731221366105+0.1257683831775123i,2.9143731221366105,11.586270923206511
0.02540833333,3.0E9,2.914399001026993+0.1282911095998874i,2.914399001026993,11.358538444777592
0.02540833333,3.0E9,2.9144415078439074+0.20162400202719669i,2.9144415078439074,7.227417069746448
0.02540833333,3.0E9,2.9161347083706595+0.206039750605277i,2.9161347083706595,7.076631329158609
0.02540833333,3.0E9,2.919717300219264+0.19803302343365606i,2.919717300219264,7.3717939806070065
0.02540833333,3.0E9,2.922785957625902+0.2040212677294821i,2.922785957625902,7.162944310054261
0.02540833333,3.0E9,2.9232902640375897+0.17713202088671853i,2.9232902640375897,8.251727297536807
0.02540833333,3.0E9,2.924386807284261+0.1769771341295674i,2.924386807284261,8.262047019993208
0.02540833333,3.0E9,2.924713672656552+0.14163624711328496i,2.924713672656552,10.32473583657324
0.02540833333,3.0E9,2.9254143124590333+0.1928570763539663i,2.9254143124590333,7.584410092087527
0.02540833333,3.0E9,2.9256139738078297+0.19185726624806654i,2.9256139738078297,7.6244544473626705
0.02540833333,3.0E9,2.9258745199855234+0.17985332698106507i,2.9258745199855234,8.134057259595645
0.02540833333,3.0E9,2.926139139051816+0.1461148167855058i,2.926139139051816,10.013149944085892
0.02540833333,3.0E9,2.926227896367308+0.20867826876941725i,2.926227896367308,7.0113383478389295
0.02540833333,3.0E9,2.9264197898130293+0.14153533035161653i,2.9264197898130293,10.338124701948686
0.02540833333,3.0E9,2.9265896169311794+0.1795402960069887i,2.9265896169311794,8.150230566672509
0.02540833333,3.0E9,2.927028536359115+0.19749817253472673i,2.927028536359115,7.41026739334625
0.02540833333,3.0E9,2.9270999351998963+0.1950360264600821i,2.9270999351998963,7.503998077501296
0.02540833333,3.0E9,2.9273180520633555+0.14536597524672984i,2.9273180520633555,10.068786891481365
0.02540833333,3.0E9,2.9275174064553218+0.044687299919390557i,2.9275174064553218,32.755586170300525
0.02540833333,3.0E9,2.928093948868841+0.044926843289385864i,2.928093948868841,32.587354624586034
0.02540833333,3.0E9,2.93017297517251+0.20363559886802593i,2.93017297517251,7.194648164321022
0.02540833333,3.0E9,2.9309781548414686+0.20089121912070979i,2.9309781548414686,7.2949384439753135
0.02540833333,3.0E9,2.9332329464392575+0.1917487439152889i,2.9332329464392575,7.64863666521619
0.02540833333,3.0E9,2.9337504569383666+0.19026424510718082i,2.9337504569383666,7.709673604953228
0.02540833333,3.0E9,2.934824874719163+0.165427458199368i,2.934824874719163,8.870428484678174
0.02540833333,3.0E9,2.93665096766761+0.16394031741793957i,2.93665096766761,8.956463589676627
0.02540833333,3.0E9,2.9370509006888676+0.16890043317555808i,2.9370509006888676,8.694622167238748
0.02540833333,3.0E9,2.9376437610744452+0.16747251603446936i,2.9376437610744452,8.770524951299523
0.02540833333,3.0E9,2.940302831769969+0.2135316036478936i,2.940302831769969,6.884935956876971
0.02540833333,3.0E9,2.945719321977197+0.156673329697352i,2.945719321977197,9.40083206142195
0.02540833333,3.0E9,2.946104714271531+0.21501713134383674i,2.946104714271531,6.850860431116941
0.02540833333,3.0E9,2.9462471543429998+0.15734988885474635i,2.9462471543429998,9.362088450735275
0.02540833333,3.0E9,2.946409733201894+0.15738264735211915i,2.946409733201894,9.36065628191449
0.02540833333,3.0E9,2.9466622424142166+0.15787092822027227i,2.9466622424142166,9.332504330065234
0.02540833333,3.0E9,2.9487891519752334+0.16781815660221913i,2.9487891519752334,8.78566780758048
0.02540833333,3.0E9,2.9494975646357453+0.1701761499373358i,2.9494975646357453,8.666013321261067
0.02540833333,3.0E9,2.9502322726200365+0.16762297509731683i,2.9502322726200365,8.800202570403075
0.02540833333,3.0E9,2.9506127968936897+0.1699644127797371i,2.9506127968936897,8.680089992478289
0.02540833333,3.0E9,2.951028768665931+0.21391235547294876i,2.951028768665931,6.897752030595344
0.02540833333,3.0E9,2.9526631739215174+0.17915978935615806i,2.9526631739215174,8.240306556879833
0.02540833333,3.0E9,2.952974772973186+0.21541896936316485i,2.952974772973186,6.854026787202066
0.02540833333,3.0E9,2.9544442237379966+0.2019855385587617i,2.9544442237379966,7.313504335060327
0.02540833333,3.0E9,2.9549346666304284+0.05590588447103533i,2.9549346666304284,26.427760642632986
0.02540833333,3.0E9,2.9560549532350624+0.18012910318699915i,2.9560549532350624,8.205378533879294
0.02540833333,3.0E9,2.956104424925489+0.20602993716926193i,2.956104424925489,7.173968175549481
0.02540833333,3.0E9,2.957341263768998+0.055811085377227475i,2.957341263768998,26.494210279018137
0.02540833333,3.0E9,2.9605502132549883+0.1869948114644124i,2.9605502132549883,7.916129303455087
0.02540833333,3.0E9,2.960951341193412+0.18616942217635857i,2.960951341193412,7.952303086562997
0.02540833333,3.0E9,2.9612782668771174+0.18144750853655664i,2.9612782668771174,8.160151359368218
0.02540833333,3.0E9,2.9616375026490083+0.2143732941222697i,2.9616375026490083,6.907664302998051
0.02540833333,3.0E9,2.961979265532369+0.18896781319408126i,2.961979265532369,7.83725867243391
0.02540833333,3.0E9,2.9623675821270488+0.18809777455640597i,2.9623675821270488,7.874541815056685
0.02540833333,3.0E9,2.9638345765972174+0.1587020084758671i,2.9638345765972174,9.337734931842121
0.02540833333,3.0E9,2.964648399264444+0.18048378161639092i,2.964648399264444,8.21306039998002
0.02540833333,3.0E9,2.965481163302164+0.20492383912533785i,2.965481163302164,7.235569019103684
0.02540833333,3.0E9,2.9658280239051167+0.20559354143828867i,2.9658280239051167,7.212843368417158
0.02540833333,3.0E9,2.96601604748059+0.16315185631247253i,2.96601604748059,9.089740425018523
0.02540833333,3.0E9,2.966683169467061+0.00960880623886959i,2.966683169467061,154.37313937428667
0.02540833333,3.0E9,2.9670718271776897+0.19013541070427775i,2.9670718271776897,7.802522991870379
0.02540833333,3.0E9,2.9673785471768643+0.20867660210133587i,2.9673785471768643,7.109993447506562
0.02540833333,3.0E9,2.96794280115507+0.1913222512652949i,2.96794280115507,7.756397338853192
0.02540833333,3.0E9,2.968028417632073+0.20933242005037345i,2.968028417632073,7.089270780220882
0.02540833333,3.0E9,2.9680886549626004+0.00963544759345249i,2.9680886549626004,154.0192412534881
0.02540833333,3.0E9,2.9688033274330508+0.1588212034246011i,2.9688033274330508,9.34636957603228
0.02540833333,3.0E9,2.969833012286034+1.8529294666930768E-4i,2.969833012286034,8013.885756769508
0.02540833333,3.0E9,2.9714455000020554+0.1928916171808627i,2.9714455000020554,7.7023707495176215
0.02540833333,3.0E9,2.9714736626979517+0.19321672183542793i,2.9714736626979517,7.689483690829047
0.02540833333,3.0E9,2.9716199213642436+0.18036070030376286i,2.9716199213642436,8.2379917475355
0.02540833333,3.0E9,2.9716733256678167+1.8707451022986878E-5i,2.9716733256678167,79424.85916484181
0.02540833333,3.0E9,2.9717984001520303+0.20828369335651428i,2.9717984001520303,7.134015995830439
0.02540833333,3.0E9,2.9719532761872505+0.16314240735675045i,2.9719532761872505,9.108463349104424
0.02540833333,3.0E9,2.972841738203608+0.19289382145070122i,2.972841738203608,7.705901920148828
0.02540833333,3.0E9,2.973365629802209+0.19390775832264684i,2.973365629802209,7.666958907479012
0.02540833333,3.0E9,2.97482015864119+0.1861383019849633i,2.97482015864119,7.990886687258765
0.02540833333,3.0E9,2.9752896867364407+0.197621187767149i,2.9752896867364407,7.527759852962057
0.02540833333,3.0E9,2.9785055229511244+0.20748547566268133i,2.9785055229511244,7.177624152818815
0.02540833333,3.0E9,2.978790011513104+0.21384339887768292i,2.978790011513104,6.964886517766567
0.02540833333,3.0E9,2.9812172094084617+0.18350037893005605i,2.9812172094084617,8.123190880561607
0.02540833333,3.0E9,2.982155916098974+0.17995911012213778i,2.982155916098974,8.28564865117135
0.02540833333,3.0E9,2.982883420290371+0.18321806371715635i,2.982883420290371,8.140254731911176
0.02540833333,3.0E9,2.983831035541809+0.17905096312586702i,2.983831035541809,8.332351257569814
0.02540833333,3.0E9,2.987315314506274+0.20424961564769517i,2.987315314506274,7.312903148026032
0.02540833333,3.0E9,2.987512586923494+0.2078595622027286i,2.987512586923494,7.186372749139458
0.02540833333,3.0E9,2.988666871564207+0.18736151614370647i,2.988666871564207,7.97566899830138
0.02540833333,3.0E9,2.991369508435949+0.18711348894407628i,2.991369508435949,7.993463018932851
0.02540833333,3.0E9,3.0019548969275394+0.18769593867095424i,3.0019548969275394,7.996856293705436
0.02540833333,3.0E9,3.0030704605005725+0.18745625638788352i,3.0030704605005725,8.01005663499071
0.02540833333,3.0E9,3.005338529055591+0.1893059483263981i,3.005338529055591,7.937781553154994
0.02540833333,3.0E9,3.005352496278048+0.1362559165353887i,3.005352496278048,11.028337604325205
0.02540833333,3.0E9,3.0054959965943757+0.1888113270593537i,3.0054959965943757,7.958992830047703
0.02540833333,3.0E9,3.0058444949825374+0.13803348626462358i,3.0058444949825374,10.888098882107641
0.02540833333,3.0E9,3.0065715240183954+0.13639084540506158i,3.0065715240183954,11.02189635634746
0.02540833333,3.0E9,3.006731227377531+0.13574778692177983i,3.006731227377531,11.07469703763959
0.02540833333,3.0E9,3.010279474043521+0.04951647862792638i,3.010279474043521,30.39674425016341
0.02540833333,3.0E9,3.010475187863533+0.2116794665786416i,3.010475187863533,7.110928699230031
0.02540833333,3.0E9,3.011320415681309+0.04979699138258013i,3.011320415681309,30.235967395559584
0.02540833333,3.0E9,3.012455954772324+0.21773408857575458i,3.012455954772324,6.917740750833839
0.02540833333,3.0E9,3.0147955771586106+0.20724070952317827i,3.0147955771586106,7.273656763902918
0.02540833333,3.0E9,3.017266055124995+0.2169013839802333i,3.017266055124995,6.955386820860407
0.02540833333,3.0E9,3.018036338168484+0.15021308545135922i,3.018036338168484,10.045850296929558
0.02540833333,3.0E9,3.0187607806937122+0.006173377516086071i,3.0187607806937122,244.498313348542
0.02540833333,3.0E9,3.0190020178032597+0.15119692205269442i,3.0190020178032597,9.983675516724777
0.02540833333,3.0E9,3.019020429414544+0.15293028839840758i,3.019020429414544,9.870577179418897
0.02540833333,3.0E9,3.019584878574301+0.006088676571929904i,3.019584878574301,247.96725880425564
0.02540833333,3.0E9,3.019695555015519+0.1538526777553644i,3.019695555015519,9.813594404307437
0.02540833333,3.0E9,3.0255030001771215+0.2202896661581516i,3.0255030001771215,6.867101514432899
0.02540833333,3.0E9,3.025605110640302+0.12576071091823154i,3.025605110640302,12.029214404678113
0.02540833333,3.0E9,3.0261700012907915+0.12788852403215953i,3.0261700012907915,11.831280500703155
0.02540833333,3.0E9,3.0263074393565503+0.12390423225617923i,3.0263074393565503,12.212284375805192
0.02540833333,3.0E9,3.0263271342323335+0.12602534317215358i,3.0263271342323335,12.006819652529332
0.02540833333,3.0E9,3.0319523584901433+0.2117907837799842i,3.0319523584901433,7.157894938525379
0.02540833333,3.0E9,3.0356336033181215+0.1990799246710815i,3.0356336033181215,7.62415800672412
0.02540833333,3.0E9,3.0376359567540887+0.20002628861470872i,3.0376359567540887,7.593091832557051
0.02540833333,3.0E9,3.037939838420417+0.1741727006639121i,3.037939838420417,8.721056247162693
0.02540833333,3.0E9,3.038222612731101+0.20514856210901i,3.038222612731101,7.404932750921933
0.02540833333,3.0E9,3.0385500435885855+0.17234796809973504i,3.0385500435885855,8.815160622695085
0.02540833333,3.0E9,3.039748922061894+0.20340739616478729i,3.039748922061894,7.472070778584888
0.02540833333,3.0E9,3.0415190628949076+0.2105886820435878i,3.0415190628949076,7.221468488665911
0.02540833333,3.0E9,3.0429637388088753+0.1410549712759898i,3.0429637388088753,10.786446274392475
0.02540833333,3.0E9,3.0444506907220212+0.14584659963625596i,3.0444506907220212,10.43716719592687
0.02540833333,3.0E9,3.045164600675626+0.2081075831895285i,3.045164600675626,7.316323014289977
0.02540833333,3.0E9,3.0455004099476177+0.20645282341875856i,3.0455004099476177,7.375778057949534
0.02540833333,3.0E9,3.0456629637417727+0.1397719549614986i,3.0456629637417727,10.895114705166453
0.02540833333,3.0E9,3.046543904647229+0.17564173075569992i,3.046543904647229,8.672608415834466
0.02540833333,3.0E9,3.047054224531695+0.1449874314300363i,3.047054224531695,10.507994363642656
0.02540833333,3.0E9,3.0474889535907765+0.17531776670378013i,3.0474889535907765,8.69132949525836
0.02540833333,3.0E9,3.047846308158175+0.21151566917238815i,3.047846308158175,7.20477664866081
0.02540833333,3.0E9,3.0478948596641326+0.2143241064946955i,3.0478948596641326,7.110480732925786
0.02540833333,3.0E9,3.0487312433169538+0.15363461753104435i,3.0487312433169538,9.92201917872093
0.02540833333,3.0E9,3.0488222788661172+0.15447562462536624i,3.0488222788661172,9.868295681794814
0.02540833333,3.0E9,3.0489382289242686+0.2081022408522748i,3.0489382289242686,7.32557760175349
0.02540833333,3.0E9,3.0493911895836594+0.179061053740465i,3.0493911895836594,8.514948186341833
0.02540833333,3.0E9,3.0498674735509814+0.1546119204114847i,3.0498674735509814,9.862976494419232
0.02540833333,3.0E9,3.0499962853856064+0.19613101385127027i,3.0499962853856064,7.7754053922814945
0.02540833333,3.0E9,3.050077657520459+0.18115390946877472i,3.050077657520459,8.418470422373625
0.02540833333,3.0E9,3.0502773515926442+0.15542949411582885i,3.0502773515926442,9.812414847466219
0.02540833333,3.0E9,3.05046555101594+0.19671558305920173i,3.05046555101594,7.753492386258743
0.02540833333,3.0E9,3.0514991537464606+0.15993155032030637i,3.0514991537464606,9.540016174529054
0.02540833333,3.0E9,3.0522692827897124+0.20723311031538172i,3.0522692827897124,7.3643378660498735
0.02540833333,3.0E9,3.052334259485053+0.20876083779961976i,3.052334259485053,7.310600713374346
0.02540833333,3.0E9,3.0531738779371285+0.16418506487943585i,3.0531738779371285,9.297964708845871
0.02540833333,3.0E9,3.0553049454269554+0.18842553191295938i,3.0553049454269554,8.107460051746894
0.02540833333,3.0E9,3.055645124625994+0.18187765702022268i,3.055645124625994,8.400276248022706
0.02540833333,3.0E9,3.05620080899095+0.18257848064473714i,3.05620080899095,8.369553734368436
0.02540833333,3.0E9,3.056209383671551+0.19410009621172583i,3.056209383671551,7.872766277090905
0.02540833333,3.0E9,3.0562536885727316+0.19987553046313442i,3.0562536885727316,7.645392313633997
0.02540833333,3.0E9,3.0563469345506475+0.1808994619053896i,3.0563469345506475,8.447639651214432
0.02540833333,3.0E9,3.056430430660994+0.18335059513285215i,3.056430430660994,8.334934578331655
0.02540833333,3.0E9,3.05675511356716+0.16520299155356602i,3.05675511356716,9.25151259314825
0.02540833333,3.0E9,3.0568115851994584+0.19150131304802065i,3.0568115851994584,7.981176568833592
0.02540833333,3.0E9,3.056913533783254+0.16697138789240784i,3.056913533783254,9.154004085277927
0.02540833333,3.0E9,3.0572746690153814+0.1818145852950938i,3.0572746690153814,8.407671650910949
0.02540833333,3.0E9,3.058029173217296+0.21399814707234044i,3.058029173217296,7.144989839990419
0.02540833333,3.0E9,3.058339885331866+0.16444273717799038i,3.058339885331866,9.299102951629793
0.02540833333,3.0E9,3.0584989114424417+0.19747718373774056i,3.0584989114424417,7.743929839267607
0.02540833333,3.0E9,3.0594929651308993+0.19446079120816942i,3.0594929651308993,7.866606286343158
0.02540833333,3.0E9,3.059623176335632+0.1667532149328134i,3.059623176335632,9.174105511454115
0.02540833333,3.0E9,3.05970950586748+4.560246921127236E-5i,3.05970950586748,33547.62975324983
0.02540833333,3.0E9,3.0597909228280593+0.1911614661826886i,3.0597909228280593,8.003158230393273
0.02540833333,3.0E9,3.0605610997295014+0.20024580737768533i,3.0605610997295014,7.642010436595437
0.02540833333,3.0E9,3.0614748021821834+0.17688988867088437i,3.0614748021821834,8.653617301660086
0.02540833333,3.0E9,3.062964230854598+4.1591569929812005E-5i,3.062964230854598,36821.935743511414
0.02540833333,3.0E9,3.0631006419228295+0.1693420467094024i,3.0631006419228295,9.044123126665731
0.02540833333,3.0E9,3.0649991436062467+0.17433736159782603i,3.0649991436062467,8.790425401403077
0.02540833333,3.0E9,3.072187846221691+0.2032745858699661i,3.072187846221691,7.556743586694493
0.02540833333,3.0E9,3.0724227991646296+0.19882529629592063i,3.0724227991646296,7.7264383768145
0.02540833333,3.0E9,3.0807796646157333+0.1772465199212642i,3.0807796646157333,8.69066333709758
0.02540833333,3.0E9,3.085298425683053+0.1753030887189378i,3.085298425683053,8.799897503887369
0.02540833333,3.0E9,3.088068251485064+0.18764763546144672i,3.088068251485064,8.228369741753356
0.02540833333,3.0E9,3.088733859858048+0.15581921285108227i,3.088733859858048,9.911274108443793
0.02540833333,3.0E9,3.0895560247323917+0.18700593198100826i,3.0895560247323917,8.260582945160685
0.02540833333,3.0E9,3.089948832187752+0.1921261550211316i,3.089948832187752,8.04145805095588
0.02540833333,3.0E9,3.090044829791704+0.04045180150097648i,3.090044829791704,38.19415594775319
0.02540833333,3.0E9,3.0903861927695124+0.18115808607424363i,3.0903861927695124,8.529528710915464
0.02540833333,3.0E9,3.090610897597584+0.03998317668990876i,3.090610897597584,38.6488912770357
0.02540833333,3.0E9,3.091262672671798+0.16168256746570003i,3.091262672671798,9.559665958816465
0.02540833333,3.0E9,3.091371458233004+0.19194147963682098i,3.091371458233004,8.052900978158274
0.02540833333,3.0E9,3.0917627997405677+0.15778426572749027i,3.0917627997405677,9.797436979807486
0.02540833333,3.0E9,3.093198715400575+0.20190128030738072i,3.093198715400575,7.660176078852482
0.02540833333,3.0E9,3.094375274680819+0.17810785448752875i,3.094375274680819,8.686801835843486
0.02540833333,3.0E9,3.0947747207092533+0.16389823194123404i,3.0947747207092533,9.44114736338001
0.02540833333,3.0E9,3.0956202292297412+0.18119166546970164i,3.0956202292297412,8.54239134345664
0.02540833333,3.0E9,3.0957612604100873+0.17602614319859797i,3.0957612604100873,8.793470118007859
0.02540833333,3.0E9,3.0971981169617098+0.17955495609083041i,3.0971981169617098,8.624652263552525
0.02540833333,3.0E9,3.0975379624972814+0.1753442106353095i,3.0975379624972814,8.832735199166942
0.02540833333,3.0E9,3.10216759301801+0.19202495318832008i,3.10216759301801,8.077511650206457
0.02540833333,3.0E9,3.107037961047438+0.1942655346248307i,3.107037961047438,7.996884179810405
0.02540833333,3.0E9,3.109543430513939+0.0064392297299678105i,3.109543430513939,241.45305889944413
0.02540833333,3.0E9,3.1109920550517653+0.006493542206338656i,3.1109920550517653,239.545070794718
0.02540833333,3.0E9,3.114261227973939+0.13649077447950153i,3.114261227973939,11.408321331056866
0.02540833333,3.0E9,3.114306478626959+0.13502307587163315i,3.114306478626959,11.532497162143377
0.02540833333,3.0E9,3.1160871193632294+0.1343808937800796i,3.1160871193632294,11.594234238621922
0.02540833333,3.0E9,3.116428307710135+0.1356818944192662i,3.116428307710135,11.484318969191872
0.02540833333,3.0E9,3.130891058149611+0.023462613040814297i,3.130891058149611,66.7208518655463
0.02540833333,3.0E9,3.1316829607850005+0.023347779761025065i,3.1316829607850005,67.0659692878546
0.02540833333,3.0E9,3.132536756363165+0.14920694235350088i,3.132536756363165,10.497288889351955
0.02540833333,3.0E9,3.1338514513095257+0.15279592095942057i,3.1338514513095257,10.255023274285614
0.02540833333,3.0E9,3.134348174049002+0.1485226458123365i,3.134348174049002,10.55175174434126
0.02540833333,3.0E9,3.135419247083362+0.1512034836225462i,3.135419247083362,10.368211009312466
0.02540833333,3.0E9,3.13721988633562+0.12442949830046965i,3.13721988633562,12.606415396612507
0.02540833333,3.0E9,3.137275845538773+0.12630250727802786i,3.137275845538773,12.419689494495678
0.02540833333,3.0E9,3.139620428388217+0.1244948334953356i,3.139620428388217,12.609440650024437
0.02540833333,3.0E9,3.1399499030658955+0.1269528081894132i,3.1399499030658955,12.36660278668708
0.02540833333,3.0E9,3.1432415612167803+0.02658212282371866i,3.1432415612167803,59.12322319141746
0.02540833333,3.0E9,3.1521524870127844+0.15155505069057482i,3.1521524870127844,10.399364695038884
0.02540833333,3.0E9,3.1525392197412+0.15236053354259715i,3.1525392197412,10.345655618421056
0.02540833333,3.0E9,3.1537561434461563+0.15128635228018952i,3.1537561434461563,10.423134988426616
0.02540833333,3.0E9,3.154095135610563+0.15262381530749614i,3.154095135610563,10.332906202272252
0.02540833333,3.0E9,3.161298694062609+0.13913232696349204i,3.161298694062609,11.36076267484596
0.02540833333,3.0E9,3.163543007821219+0.14509784943426152i,3.163543007821219,10.90141246116299
0.02540833333,3.0E9,3.1646912588765277+0.13897686737750123i,3.1646912588765277,11.385676330868481
0.02540833333,3.0E9,3.1660625096764865+0.1441508529512074i,3.1660625096764865,10.981768213151488
0.02540833333,3.0E9,3.1802846723253726+0.040399593581850184i,3.1802846723253726,39.36035477537748
0.02540833333,3.0E9,3.1809018762065646+0.03988562658839956i,3.1809018762065646,39.87529027727128
0.02540833333,3.0E9,3.187906766219891+2.9185419116663578E-5i,3.187906766219891,54614.716229991325
0.02540833333,3.0E9,3.1928954725286554+0.05553358316187544i,3.1928954725286554,28.747428949629
0.02540833333,3.0E9,3.192901720601182+3.27484894948819E-5i,3.192901720601182,48748.839562511486
0.02540833333,3.0E9,3.2185853412352836+0.0032065030531994608i,3.2185853412352836,501.88402877455036
0.02540833333,3.0E9,3.2211301967925468+0.003269163540136397i,3.2211301967925468,492.6535728858267
0.02540833333,3.5E9,3.308619476114512+0.0024712392481438506i,3.308619476114512,669.4251636298709
0.02540833333,3.5E9,3.3115509603098423+0.0025200673741889393i,3.3115509603098423,657.0361955849761
0.02540833333,3.5E9,3.318690514634534+0.04828595863394539i,3.318690514634534,34.36496456240458
0.02540833333,3.5E9,3.361963998815914+0.12226517184616079i,3.361963998815914,13.748657725055502
0.02540833333,3.5E9,3.3620872768697505+0.12452197021102487i,3.3620872768697505,13.499976233800705
0.02540833333,3.5E9,3.362344182857521+0.018367919512140146i,3.362344182857521,91.52762730246077
0.02540833333,3.5E9,3.3638017277486556+0.1458109200933732i,3.3638017277486556,11.534807288763323
0.02540833333,3.5E9,3.364215908242556+0.01810190936445687i,3.364215908242556,92.9243385465237
0.02540833333,3.5E9,3.36432257644501+0.12754028059246983i,3.36432257644501,13.189255036983369
0.02540833333,3.5E9,3.3646016493905546+0.12489070172629792i,3.3646016493905546,13.470184741071394
0.02540833333,3.5E9,3.3657874960264142+0.14640385428632938i,3.3657874960264142,11.494873247816873
0.02540833333,3.5E9,3.386095297126451+0.15775020837922044i,3.386095297126451,10.732459031009693
0.02540833333,3.5E9,3.3873941131981153+0.15917528356051852i,3.3873941131981153,10.640452579782046
0.02540833333,3.5E9,3.3879167970563664+0.16008825735406915i,3.3879167970563664,10.581403199246743
0.02540833333,3.5E9,3.389469959148406+0.16191856174960803i,3.389469959148406,10.466588643462341
0.02540833333,3.5E9,3.3915866527790652+0.029048039558153063i,3.3915866527790652,58.37892512486494
0.02540833333,3.5E9,3.3941102699386074+0.028772511531879756i,3.3941102699386074,58.981821350179246
0.02540833333,3.5E9,3.3981145303367106+0.1365986064135421i,3.3981145303367106,12.438320637214893
0.02540833333,3.5E9,3.3999230342256257+0.14354942241351815i,3.3999230342256257,11.842343135424045
0.02540833333,3.5E9,3.4006568927004546+0.13634349406960242i,3.4006568927004546,12.470917354385984
0.02540833333,3.5E9,3.401529591744287+0.14328811946479014i,3.401529591744287,11.869545097143023
0.02540833333,3.5E9,3.4075254196591342+9.888341179455812E-5i,3.4075254196591342,17230.015418251685
0.02540833333,3.5E9,3.4110230007333624+8.399436444429199E-5i,3.4110230007333624,20305.07060384791
0.02540833333,3.5E9,3.411333486894975+0.16653154718809915i,3.411333486894975,10.242304069396045
0.02540833333,3.5E9,3.415768518096479+0.17887325999762102i,3.415768518096479,9.548013264089636
0.02540833333,3.5E9,3.4201122828397246+0.1598936786041173i,3.4201122828397246,10.694957776622372
0.02540833333,3.5E9,3.420252675447002+0.15646795778897882i,3.420252675447002,10.929562588334349
0.02540833333,3.5E9,3.422567723955449+0.16595867453194268i,3.422567723955449,10.311505962578336
0.02540833333,3.5E9,3.422770129931972+0.18414347458633346i,3.422770129931972,9.293758949702145
0.02540833333,3.5E9,3.4231738950562765+0.16423389002180808i,3.4231738950562765,10.421642861292893
0.02540833333,3.5E9,3.426334229769774+0.03147921462218903i,3.426334229769774,54.42216826074537
0.02540833333,3.5E9,3.43000141823535+0.03259516861373642i,3.43000141823535,52.615181392095366
0.02540833333,3.5E9,3.4326839323161376+0.18831713286670038i,3.4326839323161376,9.114104171142918
0.02540833333,3.5E9,3.435592968045904+0.18900367681252594i,3.435592968045904,9.088693474079058
0.02540833333,3.5E9,3.4361446096364037+0.17406008855296998i,3.4361446096364037,9.870570095081607
0.02540833333,3.5E9,3.4376363886529444+0.1761528591827817i,3.4376363886529444,9.75753786966905
0.02540833333,3.5E9,3.438458009235725+0.18094543774166055i,3.438458009235725,9.501366964954597
0.02540833333,3.5E9,3.439407774510153+0.16751048599238585i,3.439407774510153,10.266246181944963
0.02540833333,3.5E9,3.44022310961507+0.17398198013945973i,3.44022310961507,9.886722483723517
0.02540833333,3.5E9,3.440505205963192+0.1665405481049273i,3.440505205963192,10.329331940818204
0.02540833333,3.5E9,3.441402647136226+0.1784079838809151i,3.441402647136226,9.644755162508073
0.02540833333,3.5E9,3.4422777156303233+4.3640393005243413E-4i,3.4422777156303233,3943.9123694609393
0.02540833333,3.5E9,3.4430329762626597+0.18508261253304323i,3.4430329762626597,9.301340977256757
0.02540833333,3.5E9,3.4436732768789833+0.13285926261569567i,3.4436732768789833,12.95985394273954
0.02540833333,3.5E9,3.444033340723439+0.13273915346060658i,3.444033340723439,12.972936962964496
0.02540833333,3.5E9,3.444261911813341+0.1308684573605538i,3.444261911813341,13.159251592322603
0.02540833333,3.5E9,3.444391056662188+0.13392618751192614i,3.444391056662188,12.859288839068402
0.02540833333,3.5E9,3.445387682364772+0.17670367970384135i,3.445387682364772,9.749054711648638
0.02540833333,3.5E9,3.4459477426210166+0.16752938327921105i,3.4459477426210166,10.284607019885774
0.02540833333,3.5E9,3.4460567804478486+5.301418504435191E-4i,3.4460567804478486,3250.127091046351
0.02540833333,3.5E9,3.4463099285447387+0.16993678112868346i,3.4463099285447387,10.139976483181249
0.02540833333,3.5E9,3.4467885330725485+0.16870876213674346i,3.4467885330725485,10.215203079608942
0.02540833333,3.5E9,3.4470248321137302+0.18347634358073062i,3.4470248321137302,9.393649243388753
0.02540833333,3.5E9,3.4470633452843655+0.1694051841012742i,3.4470633452843655,10.17401965462767
0.02540833333,3.5E9,3.4498440159220247+0.19107555044346752i,3.4498440159220247,9.027434456986455
0.02540833333,3.5E9,3.450058408982647+0.049228930147614626i,3.450058408982647,35.04096471970374
0.02540833333,3.5E9,3.4500582280661205+0.1846774024025465i,3.4500582280661205,9.340769859178366
0.02540833333,3.5E9,3.4526627499164744+2.0331952329206534E-4i,3.4526627499164744,8490.73097854154
0.02540833333,3.5E9,3.452734388026883+0.05150920303534497i,3.452734388026883,33.51570384090062
0.02540833333,3.5E9,3.454057309455404+0.16632169047113962i,3.454057309455404,10.383664631086576
0.02540833333,3.5E9,3.455924522017925+0.18456753308322452i,3.455924522017925,9.362222229138188
0.02540833333,3.5E9,3.456268913232129+0.19070721848673391i,3.456268913232129,9.061714969830982
0.02540833333,3.5E9,3.4576852342188333+0.17867253951120152i,3.4576852342188333,9.676039876295766
0.02540833333,3.5E9,3.458839264110045+0.14862021284064011i,3.458839264110045,11.63650353474742
0.02540833333,3.5E9,3.4597476826158524+0.16079504974550649i,3.4597476826158524,10.758253093275147
0.02540833333,3.5E9,3.459758935761133+0.1919298760083916i,3.459758935761133,9.013080734783221
0.02540833333,3.5E9,3.461009127058095+0.17565998998691584i,3.461009127058095,9.85144405198899
0.02540833333,3.5E9,3.462067919284635+0.0011381108315201018i,3.462067919284635,1520.9713427736083
0.02540833333,3.5E9,3.4621838742950484+0.18112278204539412i,3.4621838742950484,9.557560443797001
0.02540833333,3.5E9,3.464613717365253+0.17460920383737386i,3.464613717365253,9.921051242499498
0.02540833333,3.5E9,3.4649827780165903+0.0010180591814600974i,3.4649827780165903,1701.759014170042
0.02540833333,3.5E9,3.4654625600706486+0.19533555456352297i,3.4654625600706486,8.870537081214476
0.02540833333,3.5E9,3.4655642912425075+0.15067123474236635i,3.4655642912425075,11.500417771077197
0.02540833333,3.5E9,3.466333129589886+0.14581833908685274i,3.466333129589886,11.885792799783772
0.02540833333,3.5E9,3.466937607031301+0.16680194980872887i,3.466937607031301,10.392377340333324
0.02540833333,3.5E9,3.467584908753623+0.1464702594187372i,3.467584908753623,11.837163812348763
0.02540833333,3.5E9,3.4684634448966247+0.16968519101261334i,3.4684634448966247,10.22028918433666
0.02540833333,3.5E9,3.4687630621368233+0.1481922966602671i,3.4687630621368233,11.703587636842592
0.02540833333,3.5E9,3.469013886711504+0.14551364177520962i,3.469013886711504,11.919892335834943
0.02540833333,3.5E9,3.469137886101205+0.17424363849224986i,3.469137886101205,9.954848039561305
0.02540833333,3.5E9,3.4702150342613667+0.16264892792726524i,3.4702150342613667,10.667807893001324
0.02540833333,3.5E9,3.4702501274786304+0.17668679164762646i,3.4702501274786304,9.820343940591464
0.02540833333,3.5E9,3.4715262161607234+0.0012905073420204055i,3.4715262161607234,1345.0238147137295
0.02540833333,3.5E9,3.473038846095669+0.1228200800485979i,3.473038846095669,14.138725706421312
0.02540833333,3.5E9,3.4734770495228307+0.1762597747670663i,3.4734770495228307,9.853289141306226
0.02540833333,3.5E9,3.473551559082567+0.12587226815080782i,3.473551559082567,13.797922330758741
0.02540833333,3.5E9,3.473769759814008+0.19221197778537008i,3.473769759814008,9.036298881677727
0.02540833333,3.5E9,3.4764505756013273+0.16654252685177115i,3.4764505756013273,10.437125703921538
0.02540833333,3.5E9,3.476976438796373+0.14419019629451585i,3.476976438796373,12.056909998563532
0.02540833333,3.5E9,3.477610767054678+0.126325059224178i,3.477610767054678,13.764532502150926
0.02540833333,3.5E9,3.4784376138426945+0.1242341069083774i,3.4784376138426945,13.999527587090238
0.02540833333,3.5E9,3.478533580722784+0.1497833236821275i,3.478533580722784,11.611885406231814
0.02540833333,3.5E9,3.479813156965267+0.19093173803268393i,3.479813156965267,9.112715342196248
0.02540833333,3.5E9,3.480506351109205+0.14470016562603727i,3.480506351109205,12.026614952550284
0.02540833333,3.5E9,3.4818315076059+0.17183529894972313i,3.4818315076059,10.131304594827865
0.02540833333,3.5E9,3.4828462935948954+0.15020687152709533i,3.4828462935948954,11.593498546991027
0.02540833333,3.5E9,3.4836687176337033+0.18143996910175655i,3.4836687176337033,9.600058727082251
0.02540833333,3.5E9,3.4860523790129427+0.18672844309296838i,3.4860523790129427,9.334551076606221
0.02540833333,3.5E9,3.487337110413066+0.18326323703238442i,3.487337110413066,9.514557220761137
0.02540833333,3.5E9,3.4877186641006395+0.19694944072494322i,3.4877186641006395,8.854350261830746
0.02540833333,3.5E9,3.4888689453938246+0.18039670861197668i,3.4888689453938246,9.66999057864794
0.02540833333,3.5E9,3.490803225416578+0.19854676336998717i,3.490803225416578,8.790884238469175
0.02540833333,3.5E9,3.4908646115847772+0.19978305004299585i,3.4908646115847772,8.73663859580054
0.02540833333,3.5E9,3.4910147852759708+0.04490540301603857i,3.4910147852759708,38.87076555163204
0.02540833333,3.5E9,3.4912397072820913+0.1923970403549751i,3.4912397072820913,9.073007830163883
0.02540833333,3.5E9,3.4923691348657826+0.19478779824342182i,3.4923691348657826,8.964548001362614
0.02540833333,3.5E9,3.493326090252694+0.04415219233016429i,3.493326090252694,39.56005246727116
0.02540833333,3.5E9,3.493590599805679+0.19841084209376045i,3.493590599805679,8.803930679742688
0.02540833333,3.5E9,3.494758182908466+0.1929206793251814i,3.494758182908466,9.05750019938973
0.02540833333,3.5E9,3.4948350469923657+0.15458928469836966i,3.4948350469923657,11.303613487219994
0.02540833333,3.5E9,3.4948931582400014+0.15777442582048776i,3.4948931582400014,11.0756009412337
0.02540833333,3.5E9,3.4979074517055926+0.16125891978545157i,3.4979074517055926,10.845624714463597
0.02540833333,3.5E9,3.4981749120956676+0.15711260469439672i,3.4981749120956676,11.13269975664921
0.02540833333,3.5E9,3.4988210578612464+0.1889251351064773i,3.4988210578612464,9.259808272439047
0.02540833333,3.5E9,3.5001866375234894+0.19505387575565458i,3.5001866375234894,8.972358595704602
0.02540833333,3.5E9,3.5003026691061154+0.18544549080058945i,3.5003026691061154,9.437551309538202
0.02540833333,3.5E9,3.505003780587211+0.19395143584396324i,3.505003780587211,9.035776830770766
0.02540833333,3.5E9,3.5069457207683676+0.001036415630781219i,3.5069457207683676,1691.8626160264182
0.02540833333,3.5E9,3.507648382109029+0.18230796935789362i,3.507648382109029,9.620118074002214
0.02540833333,3.5E9,3.507654719063231+0.08383940260810702i,3.507654719063231,20.91889141588451
0.02540833333,3.5E9,3.5078894511717236+0.077525706794386i,3.5078894511717236,22.624040439098234
0.02540833333,3.5E9,3.5080173276303435+0.17902026998056889i,3.5080173276303435,9.797821576325152
0.02540833333,3.5E9,3.5098857816832876+0.001116866153844696i,3.5098857816832876,1571.3099414826338
0.02540833333,3.5E9,3.5107503392165578+0.1886720336775471i,3.5107503392165578,9.303844005881286
0.02540833333,3.5E9,3.5132927967407928+0.19642569561670456i,3.5132927967407928,8.943058049789116
0.02540833333,3.5E9,3.5141251186919784+0.17890176666363708i,3.5141251186919784,9.821381823744298
0.02540833333,3.5E9,3.5145868357464707+0.19512418598253647i,3.5145868357464707,9.006025619143454
0.02540833333,3.5E9,3.514610384342145+0.1864229470907525i,3.514610384342145,9.426442503967063
0.02540833333,3.5E9,3.515392405520678+0.19775896713603175i,3.515392405520678,8.888073336018584
0.02540833333,3.5E9,3.515404069840115+0.1908351740236355i,3.515404069840115,9.210576844195195
0.02540833333,3.5E9,3.51679931559404+0.13638762298135174i,3.51679931559404,12.892662980404356
0.02540833333,3.5E9,3.5179990039336015+0.17778217845426728i,3.5179990039336015,9.89412728126338
0.02540833333,3.5E9,3.518226089683772+0.134843683600259i,3.518226089683772,13.045572457488896
0.02540833333,3.5E9,3.518464868131919+0.18049653201304955i,3.518464868131919,9.746627342063118
0.02540833333,3.5E9,3.518735375612317+0.14424358272362123i,3.518735375612317,12.197199033645784
0.02540833333,3.5E9,3.5187660284258633+0.14337020809411827i,3.5187660284258633,12.271608150683223
0.02540833333,3.5E9,3.51879213006985+0.1885551295881142i,3.51879213006985,9.330937158157433
0.02540833333,3.5E9,3.5193032372761874+0.16564593194073624i,3.5193032372761874,10.622969112623007
0.02540833333,3.5E9,3.5207501062341415+0.18562223754110602i,3.5207501062341415,9.483643104599663
0.02540833333,3.5E9,3.522019566620825+0.19799919953472844i,3.522019566620825,8.894024760951304
0.02540833333,3.5E9,3.52526165715715+0.1722868430440683i,3.52526165715715,10.230791843621637
0.02540833333,3.5E9,3.5296073760793427+0.192705256540411i,3.5296073760793427,9.158046436940786
0.02540833333,3.5E9,3.5300000008355665+0.19656142617525968i,3.5300000008355665,8.979381330109295
0.02540833333,3.5E9,3.531787641034743+0.18790351700127308i,3.531787641034743,9.397875296317137
0.02540833333,3.5E9,3.53487753953275+0.17798139236411895i,3.53487753953275,9.930469395084307
0.02540833333,3.5E9,3.536907972066977+0.16647987922107388i,3.536907972066977,10.622628958572841
0.02540833333,3.5E9,3.537576865102834+0.15439867855219455i,3.537576865102834,11.455981677676581
0.02540833333,3.5E9,3.5382557882770884+0.18912611065648757i,3.5382557882770884,9.35422342265493
0.02540833333,3.5E9,3.538691413702976+0.15949904820691493i,3.538691413702976,11.093142728702375
0.02540833333,3.5E9,3.5404766669930674+0.18616391727852108i,3.5404766669930674,9.509030317878779
0.02540833333,3.5E9,3.5439604727189327+0.19205082480529193i,3.5439604727189327,9.226621328786086
0.02540833333,3.5E9,3.5445371537741175+0.17544816205199i,3.5445371537741175,10.101380123673726
0.02540833333,3.5E9,3.544551158920683+0.16461700019444414i,3.544551158920683,10.766054401227976
0.02540833333,3.5E9,3.545015675000935+0.16550190114954996i,3.545015675000935,10.709894117160642
0.02540833333,3.5E9,3.545542677608545+0.11070880637143005i,3.545542677608545,16.012920714334076
0.02540833333,3.5E9,3.5455717760193775+0.16957710131493203i,3.5455717760193775,10.454158458088862
0.02540833333,3.5E9,3.5457607465881162+0.16453364505368384i,3.5457607465881162,10.775184447628357
0.02540833333,3.5E9,3.5460238648754028+0.1906927137475036i,3.5460238648754028,9.297743461689617
0.02540833333,3.5E9,3.547156454809586+0.15918677522539276i,3.547156454809586,11.141492280961035
0.02540833333,3.5E9,3.5476562406783376+0.1655419361899865i,3.5476562406783376,10.715279530761379
0.02540833333,3.5E9,3.5484044260992333+0.06965560868017572i,3.5484044260992333,25.47106035920066
0.02540833333,3.5E9,3.548889345979358+0.16055072489098343i,3.548889345979358,11.052237068344324
0.02540833333,3.5E9,3.5516973593051193+0.17011387541374315i,3.5516973593051193,10.439175965707806
0.02540833333,3.5E9,3.551769576078083+0.1324704813155528i,3.551769576078083,13.405890658831193
0.02540833333,3.5E9,3.5518199956360808+0.13077654556785342i,3.5518199956360808,13.579728613466164
0.02540833333,3.5E9,3.5521018475668615+0.1833473805991008i,3.5521018475668615,9.686808276071663
0.02540833333,3.5E9,3.552213991414003+0.19123594429261687i,3.552213991414003,9.287516540244743
0.02540833333,3.5E9,3.5540662830625513+0.17448782199280508i,3.5540662830625513,10.184281752365221
0.02540833333,3.5E9,3.5543243777642735+0.17998659935486208i,3.5543243777642735,9.873858360856515
0.02540833333,3.5E9,3.5543321563351356+0.07035378680202889i,3.5543321563351356,25.260418222666548
0.02540833333,3.5E9,3.554580944482633+0.18935353899814114i,3.554580944482633,9.386095879933691
0.02540833333,3.5E9,3.555520712100524+0.13346943697046967i,3.555520712100524,13.319606318887779
0.02540833333,3.5E9,3.5559387955081965+0.13205596450401574i,3.5559387955081965,13.463756858176831
0.02540833333,3.5E9,3.557172690050231+0.15781905097484925i,3.557172690050231,11.269782285717579
0.02540833333,3.5E9,3.5576999553221804+0.1663831590416576i,3.5576999553221804,10.69128623297576
0.02540833333,3.5E9,3.559218010678324+0.1759400283477083i,3.559218010678324,10.114861422109929
0.02540833333,3.5E9,3.560983890930592+0.1738306173251869i,3.560983890930592,10.242683210026861
0.02540833333,3.5E9,3.561758657152213+0.1766627283814754i,3.561758657152213,10.080673749873133
0.02540833333,3.5E9,3.562690636626161+0.18532001103775558i,3.562690636626161,9.612266416011403
0.02540833333,3.5E9,3.5631964295379603+0.16316320860217137i,3.5631964295379603,10.919117306113522
0.02540833333,3.5E9,3.563311528009262+0.17884800715414723i,3.563311528009262,9.96184297691973
0.02540833333,3.5E9,3.5652826240064877+0.17350947367291458i,3.5652826240064877,10.274028698650364
0.02540833333,3.5E9,3.569277188763306+0.17649816061014176i,3.569277188763306,10.111372199077216
0.02540833333,3.5E9,3.5700896744651525+0.17570321493740923i,3.5700896744651525,10.15943184573181
0.02540833333,3.5E9,3.5701816620703517+0.11985016163059516i,3.5701816620703517,14.894354807273624
0.02540833333,3.5E9,3.5704212333312397+0.18032140350088044i,3.5704212333312397,9.900159282294537
0.02540833333,3.5E9,3.5714071552587248+0.1461399077869313i,3.5714071552587248,12.219137158844234
0.02540833333,3.5E9,3.57173419150213+0.143939568334658i,3.57173419150213,12.407061632969068
0.02540833333,3.5E9,3.5725610565308523+0.17620392812404204i,3.5725610565308523,10.137574952403675
0.02540833333,3.5E9,3.5726559948897956+0.17467322005135824i,3.5726559948897956,10.226684988801793
0.02540833333,3.5E9,3.575549574613865+0.1489886436747121i,3.575549574613865,11.999403063297853
0.02540833333,3.5E9,3.575687751053831+0.14372612651423403i,3.575687751053831,12.439240650862843
0.02540833333,3.5E9,3.575962127914829+0.14469239727975378i,3.575962127914829,12.35711825618912
0.02540833333,3.5E9,3.5768338222890126+0.17765754021889732i,3.5768338222890126,10.066653568100417
0.02540833333,3.5E9,3.58236233379998+0.17351319283795902i,3.58236233379998,10.323025803419704
0.02540833333,3.5E9,3.583330726344962+0.12527697019022532i,3.583330726344962,14.301633895295744
0.02540833333,3.5E9,3.583643429658441+0.1478871607301017i,3.583643429658441,12.116141157780064
0.02540833333,3.5E9,3.5842245152229846+0.12251973382477642i,3.5842245152229846,14.627131496828998
0.02540833333,3.5E9,3.5857971043690675+0.1578373130687922i,3.5857971043690675,11.359155305710965
0.02540833333,3.5E9,3.5863534974809896+0.1676041455226601i,3.5863534974809896,10.698880646111807
0.02540833333,3.5E9,3.587361421338763+0.14461153546615688i,3.587361421338763,12.403441432852723
0.02540833333,3.5E9,3.587540653127856+0.1643211638249762i,3.587540653127856,10.91624648225186
0.02540833333,3.5E9,3.5918851452973866+0.14882587278147785i,3.5918851452973866,12.067408301281654
0.02540833333,3.5E9,3.593258745887469+0.12360884033753233i,3.593258745887469,14.534796767268189
0.02540833333,3.5E9,3.5934776916758144+0.12574767347040686i,3.5934776916758144,14.288446030460733
0.02540833333,3.5E9,3.593895952828464+0.012580569657260954i,3.593895952828464,142.8351835703332
0.02540833333,3.5E9,3.5940945606629513+0.17012111162072635i,3.5940945606629513,10.56334080591874
0.02540833333,3.5E9,3.5941123280399654+0.1428915638334399i,3.5941123280399654,12.576362913311684
0.02540833333,3.5E9,3.595469664937244+0.15084532727014408i,3.595469664937244,11.917736299839875
0.02540833333,3.5E9,3.5954711950355174+0.16077828852172923i,3.5954711950355174,11.18145748438412
0.02540833333,3.5E9,3.596326707338865+0.1439192835122807i,3.596326707338865,12.49424892749688
0.02540833333,3.5E9,3.5975808643566527+0.14893573475772579i,3.5975808643566527,12.077628213970435
0.02540833333,3.5E9,3.5977855209202785+0.012220235565573i,3.5977855209202785,147.20606250242852
0.02540833333,3.5E9,3.5996617291318893+0.15636425046326202i,3.5996617291318893,11.510501020748455
0.02540833333,3.5E9,3.6043536126254154+0.1647843944335436i,3.6043536126254154,10.936574500927714
0.02540833333,3.5E9,3.6074823019162605+0.15961258538790765i,3.6074823019162605,11.300745154741303
0.02540833333,3.5E9,3.608250120514039+0.15489206935867703i,3.608250120514039,11.64762707172104
0.02540833333,3.5E9,3.6107287558093417+0.15595124676522712i,3.6107287558093417,11.576466462127815
0.02540833333,3.5E9,3.6122539526872455+0.1644881028863269i,3.6122539526872455,10.98028942307023
0.02540833333,3.5E9,3.6128002643281873+0.15901040791667329i,3.6128002643281873,11.36026349363689
0.02540833333,3.5E9,3.620136626821502+0.15916039928947454i,3.620136626821502,11.372604752760589
0.02540833333,3.5E9,3.621231500737935+0.045202326831289705i,3.621231500737935,40.055808567704815
0.02540833333,3.5E9,3.622969743963549+0.15196056362190039i,3.622969743963549,11.920756470007627
0.02540833333,3.5E9,3.6247667485399093+1.6131563915645458E-4i,3.6247667485399093,11235.013441642725
0.02540833333,3.5E9,3.6266280531286923+0.04412295578343487i,3.6266280531286923,41.09683937459876
0.02540833333,3.5E9,3.626731606399794+0.03222675731907104i,3.626731606399794,56.26895021568891
0.02540833333,3.5E9,3.6291752155154557+0.03195125744495008i,3.6291752155154557,56.79236915430146
0.02540833333,3.5E9,3.6307281475407436+2.59072864133461E-4i,3.6307281475407436,7007.156383754608
0.02540833333,3.5E9,3.6335936591069635+0.13198866922384567i,3.6335936591069635,13.764793904181975
0.02540833333,3.5E9,3.6359519344077724+0.1404827481983744i,3.6359519344077724,12.940919725151867
0.02540833333,3.5E9,3.6377345745186047+0.13650830945772122i,3.6377345745186047,13.324223957389453
0.02540833333,3.5E9,3.6450736022664945+1.4602323398759713E-4i,3.6450736022664945,12481.142564532227
0.02540833333,3.5E9,3.6477499380567484+2.2208403637258934E-4i,3.6477499380567484,8212.544218930117
0.02540833333,3.5E9,3.6669034102808458+0.024142189118590895i,3.6669034102808458,75.94388794380531
0.02540833333,3.5E9,3.6712011633416286+6.346808027886596E-4i,3.6712011633416286,2892.1633892273962
0.02540833333,3.5E9,3.675824110234583+0.02490731625080726i,3.675824110234583,73.79004773578221
0.02540833333,3.5E9,3.6769143969421356+7.33697214839526E-4i,3.6769143969421356,2505.7437336370076
0.02540833333,3.5E9,3.6801402067117075+0.025127379587057963i,3.6801402067117075,73.22968545051133
0.02540833333,3.5E9,3.6945976267261336+0.0266448753907972i,3.6945976267261336,69.33036038896621
0.02540833333,3.5E9,3.697842058610701+0.025842189973885262i,3.697842058610701,71.54660774391687
0.02540833333,4.0E9,3.826613778332512+0.007119953229935757i,3.826613778332512,268.7246428981837
0.02540833333,4.0E9,3.8322229428909997+0.00787937848763964i,3.8322229428909997,243.1805344103344
0.02540833333,4.0E9,3.8400649554079744+3.8935956594046987E-4i,3.8400649554079744,4931.258008433124
0.02540833333,4.0E9,3.844447091338926+2.887246773715371E-4i,3.844447091338926,6657.635097799087
0.02540833333,4.0E9,3.8487428066170772+4.1315568028174246E-4i,3.8487428066170772,4657.739189247635
0.02540833333,4.0E9,3.8555081047146307+6.842153039856644E-4i,3.8555081047146307,2817.4670182438736
0.02540833333,4.0E9,3.86063922488254+0.0353822774886875i,3.86063922488254,54.55611536194742
0.02540833333,4.0E9,3.8618022634011657+0.04385318237239696i,3.8618022634011657,44.031037823060565
0.02540833333,4.0E9,3.862614714064452+0.03509751295702559i,3.862614714064452,55.026900606802954
0.02540833333,4.0E9,3.867570757360678+0.04544993059230296i,3.867570757360678,42.54759805965092
0.02540833333,4.0E9,3.8831872098132414+0.13425496149763586i,3.8831872098132414,14.461987722821037
0.02540833333,4.0E9,3.8859145086423954+0.001004138841756779i,3.8859145086423954,1934.9488073999014
0.02540833333,4.0E9,3.8872693653889243+0.12925394321221353i,3.8872693653889243,15.03733375084222
0.02540833333,4.0E9,3.8901274611068035+0.12659389171661334i,3.8901274611068035,15.364593853450074
0.02540833333,4.0E9,3.890234330366397+0.14019621751917094i,3.890234330366397,13.874248532541298
0.02540833333,4.0E9,3.8935159326555855+0.14033732821721231i,3.8935159326555855,13.87198966275477
0.02540833333,4.0E9,3.8952282131924374+0.1391915447780197i,3.8952282131924374,13.992330566502732
0.02540833333,4.0E9,3.8964479712890836+0.0015862343077619704i,3.8964479712890836,1228.2069402428356
0.02540833333,4.0E9,3.903252037971027+6.799186709870455E-4i,3.903252037971027,2870.3815651250115
0.02540833333,4.0E9,3.9056889117402434+0.15174191578274274i,3.9056889117402434,12.869512328196228
0.02540833333,4.0E9,3.907396146730523+0.14662986861519794i,3.907396146730523,13.324011620663516
0.02540833333,4.0E9,3.9079704720301747+0.0023333211929405786i,3.9079704720301747,837.426601158398
0.02540833333,4.0E9,3.908806020929057+0.04852200157273942i,3.908806020929057,40.27869723252615
0.02540833333,4.0E9,3.9108812979737797+0.15115564742701346i,3.9108812979737797,12.936603311041274
0.02540833333,4.0E9,3.911374397470563+0.134143350448315i,3.911374397470563,14.579084182699027
0.02540833333,4.0E9,3.91386238756828+0.010454510621868411i,3.91386238756828,187.18534655182174
0.02540833333,4.0E9,3.9140193704579356+0.04875561578704996i,3.9140193704579356,40.13916455853217
0.02540833333,4.0E9,3.915006310585315+0.01260494989452456i,3.915006310585315,155.29638528297312
0.02540833333,4.0E9,3.9174427837485064+0.14861546791701227i,3.9174427837485064,13.179794938761113
0.02540833333,4.0E9,3.9198238137557007+0.15253320330109402i,3.9198238137557007,12.849083769709262
0.02540833333,4.0E9,3.9216266063252987+0.024437930751632468i,3.9216266063252987,80.23647022699194
0.02540833333,4.0E9,3.9227556532371706+0.15828820368316293i,3.9227556532371706,12.391181281863371
0.02540833333,4.0E9,3.9234680388939296+0.14972159147488664i,3.9234680388939296,13.10254586611186
0.02540833333,4.0E9,3.9244897845528697+0.02540158468173039i,3.9244897845528697,77.24891643031006
0.02540833333,4.0E9,3.924765728904575+0.019124224470297588i,3.924765728904575,102.61241534265213
0.02540833333,4.0E9,3.9252411766318747+0.12721829005429247i,3.9252411766318747,15.427188869449175
0.02540833333,4.0E9,3.9260069783338953+0.12512105149759917i,3.9260069783338953,15.688834657888195
0.02540833333,4.0E9,3.9272368850665873+0.16239046967695825i,3.9272368850665873,12.091956174765063
0.02540833333,4.0E9,3.9297694225396116+0.01899451184464092i,3.9297694225396116,103.44486488207251
0.02540833333,4.0E9,3.93171691356726+0.14706550909717367i,3.93171691356726,13.36722980698817
0.02540833333,4.0E9,3.932533118693949+0.12760425959292102i,3.932533118693949,15.40909814154868
0.02540833333,4.0E9,3.932878286328441+0.1597978267514881i,3.932878286328441,12.305794034498081
0.02540833333,4.0E9,3.9341292306697375+0.14307668609075652i,3.9341292306697375,13.748323847025077
0.02540833333,4.0E9,3.9342389285585537+0.15180298813480425i,3.9342389285585537,12.958371165476883
0.02540833333,4.0E9,3.934360627804126+0.12453844476256215i,3.934360627804126,15.795767464838477
0.02540833333,4.0E9,3.938003916010184+0.14543861318955026i,3.938003916010184,13.5383713776127
0.02540833333,4.0E9,3.939531140727062+0.14104547266299114i,3.939531140727062,13.965464705627356
0.02540833333,4.0E9,3.940822990884424+0.15395137648460908i,3.940822990884424,12.798920934878417
0.02540833333,4.0E9,3.9455386277528244+0.1366781612817132i,3.9455386277528244,14.43368344566952
0.02540833333,4.0E9,3.946118112512655+7.624715193918751E-4i,3.946118112512655,2587.7150897780175
0.02540833333,4.0E9,3.946363585369288+0.04812768987471451i,3.946363585369288,40.998888536333446
0.02540833333,4.0E9,3.9464135541755536+0.15076969592801479i,3.9464135541755536,13.087555592271588
0.02540833333,4.0E9,3.946705079105057+0.1477476052291166i,3.946705079105057,13.356240437822272
0.02540833333,4.0E9,3.9469370377891133+0.1606253965935452i,3.9469370377891133,12.286154996325543
0.02540833333,4.0E9,3.946963964764967+0.14669730752774754i,3.946963964764967,13.452748490351146
0.02540833333,4.0E9,3.9489851592984615+0.155714238661993i,3.9489851592984615,12.680231407323243
0.02540833333,4.0E9,3.949276097399275+0.15356067048173105i,3.949276097399275,12.859009032098216
0.02540833333,4.0E9,3.9498857204842492+0.15859207805843506i,3.9498857204842492,12.452972963217208
0.02540833333,4.0E9,3.950358578442532+0.1574145619537689i,3.950358578442532,12.547627517467898
0.02540833333,4.0E9,3.9510435157387964+0.06770162802963751i,3.9510435157387964,29.17982647336901
0.02540833333,4.0E9,3.951856137853082+6.473719482571166E-4i,3.951856137853082,3052.2299803787014
0.02540833333,4.0E9,3.952208065126614+0.07079376363480469i,3.952208065126614,27.913532648966065
0.02540833333,4.0E9,3.9533538385348526+0.16387348011134817i,3.9533538385348526,12.06221359261011
0.02540833333,4.0E9,3.9535318806144932+0.14983277082355131i,3.9535318806144932,13.193148130692721
0.02540833333,4.0E9,3.954770644026415+0.16590140184013932i,3.954770644026415,11.919039261154607
0.02540833333,4.0E9,3.9549430461627333+0.13510298255501654i,3.9549430461627333,14.636771784635487
0.02540833333,4.0E9,3.955391497532242+0.17090316456009597i,3.955391497532242,11.572025327071628
0.02540833333,4.0E9,3.955514501197412+0.15500808336944744i,3.955514501197412,12.759058802661949
0.02540833333,4.0E9,3.9566225366904297+0.1522032885487252i,3.9566225366904297,12.99782210495336
0.02540833333,4.0E9,3.958776396834773+0.17266392111555337i,3.958776396834773,11.463820499551284
0.02540833333,4.0E9,3.959290885374195+0.15943552440960362i,3.959290885374195,12.41658940200314
0.02540833333,4.0E9,3.959396762928917+0.15184388384577618i,3.959396762928917,13.037722240266099
0.02540833333,4.0E9,3.9598527409272664+0.14251531152626376i,3.9598527409272664,13.892727379673573
0.02540833333,4.0E9,3.963292099571952+0.14461639503982263i,3.963292099571952,13.702775879873755
0.02540833333,4.0E9,3.9639627955680505+0.13645296505257062i,3.9639627955680505,14.525015246245738
0.02540833333,4.0E9,3.965389588231607+0.16156904846363127i,3.965389588231607,12.271501336235836
0.02540833333,4.0E9,3.9667448485036823+0.17051224887447952i,3.9667448485036823,11.631847197745168
0.02540833333,4.0E9,3.9669782084747633+0.16219853236433637i,3.9669782084747633,12.22877343786314
0.02540833333,4.0E9,3.9679331798152346+0.15000313697769369i,3.9679331798152346,13.226167331438171
0.02540833333,4.0E9,3.9685548805009683+0.1743140301609509i,3.9685548805009683,11.383348996166996
0.02540833333,4.0E9,3.970383394150421+0.17271030080747124i,3.970383394150421,11.494344505185031
0.02540833333,4.0E9,3.971617917346187+0.1645875130029369i,3.971617917346187,12.065368280020486
0.02540833333,4.0E9,3.97345291851042+0.15647168020153435i,3.97345291851042,12.69703537851911
0.02540833333,4.0E9,3.9735802240830838+0.14288201877278198i,3.9735802240830838,13.905109467980246
0.02540833333,4.0E9,3.9744977339174583+0.17619419337494202i,3.9744977339174583,11.27874210207288
0.02540833333,4.0E9,3.9779970223226684+0.041927567610827034i,3.9779970223226684,47.438919653610235
0.02540833333,4.0E9,3.97889449210623+0.15420688809197725i,3.97889449210623,12.901156820352291
0.02540833333,4.0E9,3.9800957636170575+0.1340861351571821i,3.9800957636170575,14.841563443347075
0.02540833333,4.0E9,3.9819308747776594+0.16349647647574994i,3.9819308747776594,12.17742106927994
0.02540833333,4.0E9,3.9820705166348125+0.16033615391473843i,3.9820705166348125,12.417880869065716
0.02540833333,4.0E9,3.982458817610832+0.14582809384072923i,3.982458817610832,13.654635100560256
0.02540833333,4.0E9,3.9828042488104556+0.16554049426262948i,3.9828042488104556,12.029697828773392
0.02540833333,4.0E9,3.98368120304702+0.040518503909900645i,3.98368120304702,49.15878942501641
0.02540833333,4.0E9,3.9846683987271563+0.14356030866278513i,3.9846683987271563,13.878029504961962
0.02540833333,4.0E9,3.9870915184339615+0.13190956555299685i,3.9870915184339615,15.112973428875717
0.02540833333,4.0E9,3.988111534160785+0.17030192345788336i,3.988111534160785,11.708944482788146
0.02540833333,4.0E9,3.9881568354432213+0.15232839177952404i,3.9881568354432213,13.09065496212804
0.02540833333,4.0E9,3.9889800689238606+0.12751561000321554i,3.9889800689238606,15.641144126680928
0.02540833333,4.0E9,3.990610289895499+0.14131634907541693i,3.990610289895499,14.119421836201742
0.02540833333,4.0E9,3.9912285467079185+0.1609788881965197i,3.9912285467079185,12.39674528574054
0.02540833333,4.0E9,3.9912730765654465+0.13420024913906323i,3.9912730765654465,14.870587432477652
0.02540833333,4.0E9,3.992602188312472+0.13515587390361294i,3.992602188312472,14.770361335386042
0.02540833333,4.0E9,3.993059675612024+0.06098951347998482i,3.993059675612024,32.73562492773813
0.02540833333,4.0E9,3.993990336924918+0.15403527056546223i,3.993990336924918,12.964531831777913
0.02540833333,4.0E9,3.994048587842882+0.17259287384955976i,3.994048587842882,11.570722761486337
0.02540833333,4.0E9,3.994211969410964+0.1290016470923227i,3.994211969410964,15.481244074939694
0.02540833333,4.0E9,3.995038641271266+0.16919089449272734i,3.995038641271266,11.806305100665426
0.02540833333,4.0E9,3.9951322771155886+0.07522849275293321i,3.9951322771155886,26.55331863577591
0.02540833333,4.0E9,3.9958035595780923+0.16528411432511664i,3.9958035595780923,12.087681795354753
0.02540833333,4.0E9,3.9961340761454536+0.1772167858733396i,3.9961340761454536,11.27470531770498
0.02540833333,4.0E9,3.9970963304926213+0.14066807490510555i,3.9970963304926213,14.207546144315458
0.02540833333,4.0E9,3.9988952521917445+0.06191982231861404i,3.9988952521917445,32.290913494672736
0.02540833333,4.0E9,3.9989311749306014+0.14175875011932929i,3.9989311749306014,14.104706663836948
0.02540833333,4.0E9,3.9990561216825853+0.16133384417347757i,3.9990561216825853,12.39372972909056
0.02540833333,4.0E9,3.9995473153055676+0.13405351327855825i,3.9995473153055676,14.917726576082554
0.02540833333,4.0E9,4.000620994549449+0.16593523057321535i,4.000620994549449,12.054766732566359
0.02540833333,4.0E9,4.0014610135520075+0.17340667513374514i,4.0014610135520075,11.537794062615408
0.02540833333,4.0E9,4.002999326761934+0.1588910046071671i,4.002999326761934,12.59668329449712
0.02540833333,4.0E9,4.003359673064448+0.13142469317662417i,4.003359673064448,15.230622101146002
0.02540833333,4.0E9,4.003784892979515+0.12945843475749602i,4.003784892979515,15.463592235142807
0.02540833333,4.0E9,4.003928608797765+0.13073669000516605i,4.003928608797765,15.312949290056027
0.02540833333,4.0E9,4.005199486745127+0.15778598986770836i,4.005199486745127,12.691872992346102
0.02540833333,4.0E9,4.005540121605199+0.14211326699134963i,4.005540121605199,14.092773343424069
0.02540833333,4.0E9,4.005705853090995+0.07181714499292939i,4.005705853090995,27.888228176470736
0.02540833333,4.0E9,4.005948334205669+0.15423271861596957i,4.005948334205669,12.986700779684258
0.02540833333,4.0E9,4.006655575995337+0.14914378394804886i,4.006655575995337,13.432190970127767
0.02540833333,4.0E9,4.0073060142763035+0.052527054347878986i,4.0073060142763035,38.145162183819615
0.02540833333,4.0E9,4.0078376713280885+0.1682986246979685i,4.0078376713280885,11.90692341818188
0.02540833333,4.0E9,4.0084671253888455+0.14120883935364545i,4.0084671253888455,14.193400157301706
0.02540833333,4.0E9,4.011699110053093+0.16074891222357096i,4.011699110053093,12.478153209751081
0.02540833333,4.0E9,4.011960066491172+0.1498570608214132i,4.011960066491172,13.385956072074181
0.02540833333,4.0E9,4.012830212224415+0.053307211461248304i,4.012830212224415,37.63871812298364
0.02540833333,4.0E9,4.013598253943366+0.16076109862105709i,4.013598253943366,12.483114038067573
0.02540833333,4.0E9,4.015231155209997+0.15973307643238197i,4.015231155209997,12.568565149090208
0.02540833333,4.0E9,4.016487393082434+0.14927635086834573i,4.016487393082434,13.453193924283342
0.02540833333,4.0E9,4.017239654383929+0.17729865231388287i,4.017239654383929,11.32901914920357
0.02540833333,4.0E9,4.018071934516974+0.17465072808974433i,4.018071934516974,11.503163996122268
0.02540833333,4.0E9,4.018355094626525+0.14542150621032496i,4.018355094626525,13.816233923525479
0.02540833333,4.0E9,4.019045332148777+0.056657018100624935i,4.019045332148777,35.468203824377106
0.02540833333,4.0E9,4.019966866445513+0.1286649218078177i,4.019966866445513,15.62184474976792
0.02540833333,4.0E9,4.020329483674303+0.15527297396654327i,4.020329483674303,12.946005286601146
0.02540833333,4.0E9,4.020337628767295+0.1653509107887676i,4.020337628767295,12.156986646124963
0.02540833333,4.0E9,4.0211993464928035+0.15152203383391474i,4.0211993464928035,13.269355105477569
0.02540833333,4.0E9,4.022935451237248+0.1742004589530954i,4.022935451237248,11.546856636928979
0.02540833333,4.0E9,4.026221781973824+0.15471841349911486i,4.026221781973824,13.011449933193822
0.02540833333,4.0E9,4.028263771846381+0.14285550178161438i,4.028263771846381,14.099085165107805
0.02540833333,4.0E9,4.029427051374005+0.16205669637442358i,4.029427051374005,12.432152269919852
0.02540833333,4.0E9,4.029609346923092+0.17062215161545463i,4.029609346923092,11.808576168951847
0.02540833333,4.0E9,4.030261125504736+0.13439770166740064i,4.030261125504736,14.993787376954499
0.02540833333,4.0E9,4.032445302540584+0.12306983733853746i,4.032445302540584,16.38275222322848
0.02540833333,4.0E9,4.032688290004513+0.16213503460188528i,4.032688290004513,12.43620263784007
0.02540833333,4.0E9,4.032709730174029+0.17225119361113078i,4.032709730174029,11.705897781115397
0.02540833333,4.0E9,4.03369401884732+0.135529514651737i,4.03369401884732,14.881238338425726
0.02540833333,4.0E9,4.033956232169611+0.17150978956113672i,4.033956232169611,11.760134049758308
0.02540833333,4.0E9,4.034777849588299+0.1214735538924094i,4.034777849588299,16.607638948153074
0.02540833333,4.0E9,4.035538957704644+0.1568402451991916i,4.035538957704644,12.865125760863847
0.02540833333,4.0E9,4.036063810295465+0.1651307998506413i,4.036063810295465,12.220808637595269
0.02540833333,4.0E9,4.037624393120014+0.14621203213856715i,4.037624393120014,13.807428616044067
0.02540833333,4.0E9,4.03968005260392+0.16663122780063103i,4.03968005260392,12.121617616108754
0.02540833333,4.0E9,4.039970068160742+0.16394250691958526i,4.039970068160742,12.321301363722498
0.02540833333,4.0E9,4.04204057571319+0.13779707596222748i,4.04204057571319,14.666641318358534
0.02540833333,4.0E9,4.0428845466814725+0.1535522230179897i,4.0428845466814725,13.164526267417896
0.02540833333,4.0E9,4.04419515050762+0.16957214096382098i,4.04419515050762,11.924703926957166
0.02540833333,4.0E9,4.04653829595537+0.14792013937471057i,4.04653829595537,13.678118182760425
0.02540833333,4.0E9,4.046663639532431+0.12922624040904862i,4.046663639532431,15.657283020550825
0.02540833333,4.0E9,4.046725077409143+0.156872616571452i,4.046725077409143,12.89812449697347
0.02540833333,4.0E9,4.0469410926450315+0.13955280092700104i,4.0469410926450315,14.49967706044809
0.02540833333,4.0E9,4.047679233931893+6.495460973268088E-4i,4.047679233931893,3115.775193315778
0.02540833333,4.0E9,4.048015767125922+0.1254342518082272i,4.048015767125922,16.136006349026644
0.02540833333,4.0E9,4.0490351571043846+0.15410006031330933i,4.0490351571043846,13.137681934945604
0.02540833333,4.0E9,4.049299072587688+0.14756252460628058i,4.049299072587688,13.72062142265402
0.02540833333,4.0E9,4.049741632695317+0.16808851115855894i,4.049741632695317,12.046455777323086
0.02540833333,4.0E9,4.0499496513748845+0.003489343805987308i,4.0499496513748845,580.3311276500817
0.02540833333,4.0E9,4.050282479435817+0.14517020736234965i,4.050282479435817,13.950116050072792
0.02540833333,4.0E9,4.051947367045264+0.16711252973309418i,4.051947367045264,12.123409817076201
0.02540833333,4.0E9,4.052084644513237+0.15000630336990145i,4.052084644513237,13.506381243597401
0.02540833333,4.0E9,4.0523743953797835+0.001160984052141031i,4.0523743953797835,1745.2325843350689
0.02540833333,4.0E9,4.054972338220324+0.13427893023841878i,4.054972338220324,15.09906405651476
0.02540833333,4.0E9,4.055421519771419+0.16325580337944584i,4.055421519771419,12.420451327986306
0.02540833333,4.0E9,4.055429291938411+0.15211404718656674i,4.055429291938411,13.330226126205352
0.02540833333,4.0E9,4.0565064312478425+0.16388782408252586i,4.0565064312478425,12.375862740130058
0.02540833333,4.0E9,4.056813635245567+0.14352870851140107i,4.056813635245567,14.132411826597458
0.02540833333,4.0E9,4.057947966382296+0.01125693636197738i,4.057947966382296,180.24211188085113
0.02540833333,4.0E9,4.058842213321515+0.15459646982239506i,4.058842213321515,13.127215058611725
0.02540833333,4.0E9,4.058899373945093+0.1513559672856316i,4.058899373945093,13.408455070308973
0.02540833333,4.0E9,4.05948808175421+0.14161880995921497i,4.05948808175421,14.332446667654205
0.02540833333,4.0E9,4.060610712414864+6.060765216291685E-4i,4.060610712414864,3349.915866646434
0.02540833333,4.0E9,4.060700244442516+0.14788549410459637i,4.060700244442516,13.72920403393475
0.02540833333,4.0E9,4.06191795471059+0.15764709110114272i,4.06191795471059,12.882946099222844
0.02540833333,4.0E9,4.062204164167033+0.13911544133040477i,4.062204164167033,14.600119603255022
0.02540833333,4.0E9,4.062763656552144+0.011507675915631625i,4.062763656552144,176.52407342447955
0.02540833333,4.0E9,4.0653360420332305+0.15976167726773755i,4.0653360420332305,12.723126445462615
0.02540833333,4.0E9,4.066634600165517+0.14616491779194643i,4.066634600165517,13.911117187347353
0.02540833333,4.0E9,4.066769908676591+0.13753705630168442i,4.066769908676591,14.78426984708842
0.02540833333,4.0E9,4.068854596499818+0.16411433992286098i,4.068854596499818,12.396401796492343
0.02540833333,4.0E9,4.069184895705055+0.16042829906809536i,4.069184895705055,12.682254064097037
0.02540833333,4.0E9,4.071744205196961+0.0014910762248193338i,4.071744205196961,1365.3709104275715
0.02540833333,4.0E9,4.072327655286297+0.14728309481711946i,4.072327655286297,13.824830542646058
0.02540833333,4.0E9,4.073200828535063+0.1419022843247725i,4.073200828535063,14.352132694399433
0.02540833333,4.0E9,4.073937763675621+0.15589649747735185i,4.073937763675621,13.06616193948639
0.02540833333,4.0E9,4.075029485452653+0.14393940559025983i,4.075029485452653,14.155364435270407
0.02540833333,4.0E9,4.075378925412841+0.16169892055159127i,4.075378925412841,12.601750560581388
0.02540833333,4.0E9,4.079311619045825+0.1359901385821948i,4.079311619045825,14.998556739392608
0.02540833333,4.0E9,4.079447138928698+0.0051845890935684775i,4.079447138928698,393.4204876514982
0.02540833333,4.0E9,4.080026436956805+0.15784892343605092i,4.080026436956805,12.923833587657441
0.02540833333,4.0E9,4.084678218662259+0.14310045679434605i,4.084678218662259,14.272065617975183
0.02540833333,4.0E9,4.086101272549436+0.1414481935861498i,4.086101272549436,14.443808609195047
0.02540833333,4.0E9,4.087931293869236+0.010238193941590984i,4.087931293869236,199.64123150972384
0.02540833333,4.0E9,4.093178792310398+0.1386465707984108i,4.093178792310398,14.761197369467556
0.02540833333,4.0E9,4.094275136940648+0.04679839164090954i,4.094275136940648,43.74375906288169
0.02540833333,4.0E9,4.094541300608984+0.011377806517951962i,4.094541300608984,179.93544248395312
0.02540833333,4.0E9,4.094602331592269+0.15119289362357732i,4.094602331592269,13.54098804996265
0.02540833333,4.0E9,4.095005104151658+0.04811961037457984i,4.095005104151658,42.55027287497457
0.02540833333,4.0E9,4.097933921379032+0.14114313265064524i,4.097933921379032,14.516944056790065
0.02540833333,4.0E9,4.098038074832313+0.14470664662543412i,4.098038074832313,14.159812871069695
0.02540833333,4.0E9,4.0997625196336775+7.920962045214525E-4i,4.0997625196336775,2587.9195584017234
0.02540833333,4.0E9,4.100003777978632+0.13734858674799053i,4.100003777978632,14.925540462609156
0.02540833333,4.0E9,4.100376429626615+0.12573401829070968i,4.100376429626615,16.305755933712913
0.02540833333,4.0E9,4.100642354215625+0.14531003958322875i,4.100642354215625,14.109976041493383
0.02540833333,4.0E9,4.101249781975524+0.1323186746066867i,4.101249781975524,15.497622668026137
0.02540833333,4.0E9,4.101649710070707+0.13041210078304757i,4.101649710070707,15.725725164469882
0.02540833333,4.0E9,4.102700473285429+0.13773028758553874i,4.102700473285429,14.893966117428628
0.02540833333,4.0E9,4.104285930657318+0.1285517088550993i,4.104285930657318,15.963560372750779
0.02540833333,4.0E9,4.107493367079323+0.13289466973290623i,4.107493367079323,15.453943244430448
0.02540833333,4.0E9,4.107702979046701+0.12609709855568152i,4.107702979046701,16.287856842450804
0.02540833333,4.0E9,4.107850697323958+0.0011021508978964238i,4.107850697323958,1863.5609267135028
0.02540833333,4.0E9,4.108515056339765+0.13573764856943138i,4.108515056339765,15.134029135027387
0.02540833333,4.0E9,4.113428627785049+6.912675145817867E-4i,4.113428627785049,2975.2798598337517
0.02540833333,4.0E9,4.114669720017979+0.13478320097692473i,4.114669720017979,15.264030273039822
0.02540833333,4.0E9,4.118802366815149+0.12655643991896973i,4.118802366815149,16.272590985698926
0.02540833333,4.0E9,4.1218814313526+0.12978503852256612i,4.1218814313526,15.879647909631418
0.02540833333,4.0E9,4.123812017490374+0.0013443361115094026i,4.123812017490374,1533.7726860807945
0.02540833333,4.0E9,4.131377489911755+0.006069897984064654i,4.131377489911755,340.3168801813383
0.02540833333,4.0E9,4.132265821303155+0.11869090273279677i,4.132265821303155,17.40767710987054
0.02540833333,4.0E9,4.138420869512196+0.005867726398954836i,4.138420869512196,352.642624087699
0.02540833333,4.0E9,4.155108822520325+0.04448875450378475i,4.155108822520325,46.698417036678805
0.02540833333,4.0E9,4.157640947149578+0.04177507263735553i,4.157640947149578,49.762222836110524
0.02540833333,4.0E9,4.170214037500659+0.029092556101232545i,4.170214037500659,71.67149601756688
0.02540833333,4.0E9,4.1721381458294164+0.030154277066736585i,4.1721381458294164,69.17987349847186
0.02540833333,4.0E9,4.173715498880235+0.016408001193140245i,4.173715498880235,127.18537284800892
0.02540833333,4.5E9,4.342646154600928+0.0012904647820577264i,4.342646154600928,1682.5899532400676
0.02540833333,4.5E9,4.347234951811984+0.029351944652142317i,4.347234951811984,74.05361047338123
0.02540833333,4.5E9,4.354553528020488+0.0034848928144515694i,4.354553528020488,624.7758194975904
0.02540833333,4.5E9,4.3607772883497855+0.06106873360709304i,4.3607772883497855,35.7038457388552
0.02540833333,4.5E9,4.364480939904434+0.0038856247125798743i,4.364480939904434,561.6189496857793
0.02540833333,4.5E9,4.3666471429542835+0.062339608646570996i,4.3666471429542835,35.02305546791776
0.02540833333,4.5E9,4.386438777776377+0.01979815572796529i,4.386438777776377,110.77897451782452
0.02540833333,4.5E9,4.3905886731750705+0.018437785960967002i,4.3905886731750705,119.06496480841015
0.02540833333,4.5E9,4.399479017247771+0.11846294697252283i,4.399479017247771,18.569008832222526
0.02540833333,4.5E9,4.401508496791985+0.111417549378521i,4.401508496791985,19.75231245590699
0.02540833333,4.5E9,4.405443944870828+0.1209045492671655i,4.405443944870828,18.218685614285775
0.02540833333,4.5E9,4.40861707129031+0.0014940922417602796i,4.40861707129031,1475.3496966479975
0.02540833333,4.5E9,4.41451130740696+0.12739950814797246i,4.41451130740696,17.325464484052706
0.02540833333,4.5E9,4.415619938301645+0.11045995971753281i,4.415619938301645,19.98742326899823
0.02540833333,4.5E9,4.41742011965521+0.1252561229206425i,4.41742011965521,17.63354962876313
0.02540833333,4.5E9,4.417479777819027+0.027275877075271255i,4.417479777819027,80.97777691306553
0.02540833333,4.5E9,4.418682250221312+0.030785459920836374i,4.418682250221312,71.76573391438333
0.02540833333,4.5E9,4.419907074876395+0.061344512318360855i,4.419907074876395,36.025284967123994
0.02540833333,4.5E9,4.421664085626593+0.031504451638431116i,4.421664085626593,70.1752269230544
0.02540833333,4.5E9,4.422644734394876+0.1328570572428379i,4.422644734394876,16.644372629415944
0.02540833333,4.5E9,4.423642723211504+0.011969140843084418i,4.423642723211504,184.79366151695908
0.02540833333,4.5E9,4.423723824411159+0.03174791870622605i,4.423723824411159,69.66950913137539
0.02540833333,4.5E9,4.425082733029313+0.1347987100549422i,4.425082733029313,16.413668688764556
0.02540833333,4.5E9,4.425713925483023+0.05435721136838929i,4.425713925483023,40.70953801777199
0.02540833333,4.5E9,4.4280505305936355+0.0126006848052326i,4.4280505305936355,175.70674130166438
0.02540833333,4.5E9,4.429292448586786+0.12075894096406854i,4.429292448586786,18.339397535395364
0.02540833333,4.5E9,4.429816267971177+0.0015778757583854426i,4.429816267971177,1403.7278424582603
0.02540833333,4.5E9,4.431295885709322+0.11617322265182665i,4.431295885709322,19.071933206974897
0.02540833333,4.5E9,4.432183037940468+0.1333642344456863i,4.432183037940468,16.616835302067106
0.02540833333,4.5E9,4.433028789040011+0.13044757543039628i,4.433028789040011,16.991610516384686
0.02540833333,4.5E9,4.433257455420399+0.10969733964897313i,4.433257455420399,20.206768320939396
0.02540833333,4.5E9,4.435242337009414+0.12777390482044945i,4.435242337009414,17.35582215806079
0.02540833333,4.5E9,4.435785634856668+0.13856571652101138i,4.435785634856668,16.00607187054111
0.02540833333,4.5E9,4.439340348672993+0.1257496382528474i,4.439340348672993,17.651503456998896
0.02540833333,4.5E9,4.439557963283123+8.232878759896825E-4i,4.439557963283123,2696.2366948172817
0.02540833333,4.5E9,4.4404511688382335+0.12936759219366264i,4.4404511688382335,17.162146614705865
0.02540833333,4.5E9,4.440873054556652+0.12089910747230537i,4.440873054556652,18.366029110570288
0.02540833333,4.5E9,4.442157449503848+0.031062510600657563i,4.442157449503848,71.50351603276093
0.02540833333,4.5E9,4.443693788632041+0.1292409470692069i,4.443693788632041,17.19150891958606
0.02540833333,4.5E9,4.445182321682664+0.09826496610325598i,4.445182321682664,22.61834760626541
0.02540833333,4.5E9,4.446248979576299+0.14479177533395896i,4.446248979576299,15.353941787512193
0.02540833333,4.5E9,4.447278619605433+0.13308272181205738i,4.447278619605433,16.70870026946844
0.02540833333,4.5E9,4.448014966204611+0.14318997072339149i,4.448014966204611,15.531866316241883
0.02540833333,4.5E9,4.449130401748501+0.12959263060827161i,4.449130401748501,17.165831038638256
0.02540833333,4.5E9,4.449833811470767+0.1473857702250807i,4.449833811470767,15.095873247041379
0.02540833333,4.5E9,4.450410432513806+0.114361100130014i,4.450410432513806,19.45771082760771
0.02540833333,4.5E9,4.4505036737605685+0.12832780117233036i,4.4505036737605685,17.3403722073599
0.02540833333,4.5E9,4.45156719492787+0.13800470507999352i,4.45156719492787,16.128316756836472
0.02540833333,4.5E9,4.455102218517887+0.14811805345744924i,4.455102218517887,15.03902500243743
0.02540833333,4.5E9,4.455702528892813+0.13791986189094682i,4.455702528892813,16.153230099722457
0.02540833333,4.5E9,4.4567964438489405+0.13542125763437743i,4.4567964438489405,16.455305916157574
0.02540833333,4.5E9,4.457992686438038+0.11835383163569588i,4.457992686438038,18.833326411265478
0.02540833333,4.5E9,4.4607212129174165+0.09807173505298883i,4.4607212129174165,22.74213467574148
0.02540833333,4.5E9,4.461820176242945+0.13288575670532585i,4.461820176242945,16.788180640522036
0.02540833333,4.5E9,4.4634981002522744+0.1423578805902034i,4.4634981002522744,15.677032004645612
0.02540833333,4.5E9,4.463924924408024+0.0031316488826244704i,4.463924924408024,712.7115924737775
0.02540833333,4.5E9,4.464466591588354+0.1255432260621573i,4.464466591588354,17.780595304194136
0.02540833333,4.5E9,4.465631120062602+0.15343979885305573i,4.465631120062602,14.551736750968992
0.02540833333,4.5E9,4.466239660169391+0.14923490754239524i,4.466239660169391,14.96379008678182
0.02540833333,4.5E9,4.467125644871309+0.1290946373763024i,4.467125644871309,17.301747522826727
0.02540833333,4.5E9,4.467476791297506+0.14195527199131802i,4.467476791297506,15.735508546560839
0.02540833333,4.5E9,4.4678914788049555+0.11424440561334473i,4.4678914788049555,19.55409306398049
0.02540833333,4.5E9,4.468417203902698+0.002973654408294714i,4.468417203902698,751.3343163614594
0.02540833333,4.5E9,4.468437968126027+0.1487815098505187i,4.468437968126027,15.016778538594892
0.02540833333,4.5E9,4.468600050344836+0.12407061535626515i,4.468600050344836,18.00829325103846
0.02540833333,4.5E9,4.468892143253487+0.13465594850038404i,4.468892143253487,16.59374202559177
0.02540833333,4.5E9,4.470858633071764+0.13218031447852718i,4.470858633071764,16.911968513276832
0.02540833333,4.5E9,4.471433175185848+0.11534290139323444i,4.471433175185848,19.383217871126508
0.02540833333,4.5E9,4.473644575108883+0.14347509347623022i,4.473644575108883,15.590317687613288
0.02540833333,4.5E9,4.473960877413418+0.15526462006540367i,4.473960877413418,14.40753494108576
0.02540833333,4.5E9,4.4744468630914165+0.1079026422445649i,4.4744468630914165,20.73372240945655
0.02540833333,4.5E9,4.474676047265699+0.15073357241765598i,4.474676047265699,14.8429974009611
0.02540833333,4.5E9,4.474829687008826+0.1358738772409499i,4.474829687008826,16.46685064809571
0.02540833333,4.5E9,4.4763546156204095+0.001351699113512781i,4.4763546156204095,1655.8250911281978
0.02540833333,4.5E9,4.4776798544157606+0.11965380806495753i,4.4776798544157606,18.71097931118466
0.02540833333,4.5E9,4.477942499404891+0.15167126852010232i,4.477942499404891,14.761999893247383
0.02540833333,4.5E9,4.478113450719271+0.146323044551872i,4.478113450719271,15.302146918941961
0.02540833333,4.5E9,4.478721939225278+0.020556638870193485i,4.478721939225278,108.93614387805616
0.02540833333,4.5E9,4.479068518225073+0.13962196241090397i,4.479068518225073,16.03998554698467
0.02540833333,4.5E9,4.480818058992623+0.13002282844125906i,4.480818058992623,17.23088980877285
0.02540833333,4.5E9,4.481252541054485+0.14356404527668504i,4.481252541054485,15.607154745528218
0.02540833333,4.5E9,4.481536806683464+0.12684822969146597i,4.481536806683464,17.664956056477667
0.02540833333,4.5E9,4.482001519054224+0.15561960827864826i,4.482001519054224,14.400503794576046
0.02540833333,4.5E9,4.483323617782135+0.15362553261612166i,4.483323617782135,14.591726848508415
0.02540833333,4.5E9,4.485822528588574+0.12570528136027218i,4.485822528588574,17.842617589519477
0.02540833333,4.5E9,4.487282172596518+0.1266620487954107i,4.487282172596518,17.713601727083006
0.02540833333,4.5E9,4.488370777313996+0.1558396381217872i,4.488370777313996,14.400607032359689
0.02540833333,4.5E9,4.4890676021116285+0.1452415426801553i,4.4890676021116285,15.453800335890337
0.02540833333,4.5E9,4.489100834037311+0.018962893246548044i,4.489100834037311,118.3653985621233
0.02540833333,4.5E9,4.48911423340451+0.1229456436643318i,4.48911423340451,18.256499781565104
0.02540833333,4.5E9,4.489265595255004+0.1308599312433559i,4.489265595255004,17.152941899787738
0.02540833333,4.5E9,4.489289568348799+0.10459147297676165i,4.489289568348799,21.461068673094594
0.02540833333,4.5E9,4.490335573133216+0.11809304289966009i,4.490335573133216,19.011854817512457
0.02540833333,4.5E9,4.490464966597666+0.0028375449383711833i,4.490464966597666,791.2588283404065
0.02540833333,4.5E9,4.4905299795548705+0.15393884568567265i,4.4905299795548705,14.585434753499687
0.02540833333,4.5E9,4.4911601040638915+0.13753567245121226i,4.4911601040638915,16.327255409526686
0.02540833333,4.5E9,4.492492501817375+0.06150334801893486i,4.492492501817375,36.52234103120926
0.02540833333,4.5E9,4.492495944970562+0.14486593367836545i,4.492495944970562,15.505701826852203
0.02540833333,4.5E9,4.494235247134518+0.1249625920774059i,4.494235247134518,17.982322439144998
0.02540833333,4.5E9,4.49510512890513+0.14866947959192117i,4.49510512890513,15.117780533178777
0.02540833333,4.5E9,4.495431500763435+0.14291382035699132i,4.495431500763435,15.727770377749609
0.02540833333,4.5E9,4.495809566088913+0.15121277716388917i,4.495809566088913,14.865838887464559
0.02540833333,4.5E9,4.496332961980502+0.0010632285026415831i,4.496332961980502,2114.4716073776226
0.02540833333,4.5E9,4.4968042902542535+0.12440165175953673i,4.4968042902542535,18.073732248131204
0.02540833333,4.5E9,4.498590507887866+0.1320529782801212i,4.498590507887866,17.03327924321821
0.02540833333,4.5E9,4.498905247100052+0.1570048943554042i,4.498905247100052,14.327277074930233
0.02540833333,4.5E9,4.499578748128957+0.1424245049024349i,4.499578748128957,15.796364365848785
0.02540833333,4.5E9,4.499594353751392+0.1346636683410354i,4.499594353751392,16.706786652938117
0.02540833333,4.5E9,4.500277798086603+0.1406277854975927i,4.500277798086603,16.00067078551713
0.02540833333,4.5E9,4.500449544065675+0.15123382382289113i,4.500449544065675,14.879110473779066
0.02540833333,4.5E9,4.5009587141823495+0.018708337989829373i,4.5009587141823495,120.29285328897886
0.02540833333,4.5E9,4.501048039869404+0.12353907944990215i,4.501048039869404,18.217102069692366
0.02540833333,4.5E9,4.501357529264921+0.1290482076601132i,4.501357529264921,17.44060460382597
0.02540833333,4.5E9,4.502133161306077+0.004800254898349926i,4.502133161306077,468.94730140827227
0.02540833333,4.5E9,4.5033928545423985+0.028002642231013137i,4.5033928545423985,80.41014161075945
0.02540833333,4.5E9,4.504721042451572+0.11986722478839681i,4.504721042451572,18.790461906512874
0.02540833333,4.5E9,4.506069937043317+0.15151518508004985i,4.506069937043317,14.8700274981106
0.02540833333,4.5E9,4.5067511531964985+0.01825072188439492i,4.5067511531964985,123.46775052908856
0.02540833333,4.5E9,4.5069020464097544+0.15238400836926008i,4.5069020464097544,14.787975768062669
0.02540833333,4.5E9,4.507115047606863+0.15582819106279902i,4.507115047606863,14.461808921950741
0.02540833333,4.5E9,4.507178111203377+0.12998812341134636i,4.507178111203377,17.336884297269407
0.02540833333,4.5E9,4.507404789089752+0.1372072261627725i,4.507404789089752,16.425537178860026
0.02540833333,4.5E9,4.507877198044382+0.11434502240977136i,4.507877198044382,19.71173341455028
0.02540833333,4.5E9,4.507883032477671+0.1401403003336565i,4.507883032477671,16.083464291659737
0.02540833333,4.5E9,4.507890220294461+0.12657833725133363i,4.507890220294461,17.80672079513734
0.02540833333,4.5E9,4.508368712031776+0.14621541509505376i,4.508368712031776,15.416872116735817
0.02540833333,4.5E9,4.509215884855792+0.09756829524318004i,4.509215884855792,23.107997703644326
0.02540833333,4.5E9,4.509639237138553+0.0038920697801300445i,4.509639237138553,579.336894235729
0.02540833333,4.5E9,4.51059834181444+0.1272408380736627i,4.51059834181444,17.7246488238436
0.02540833333,4.5E9,4.510867463531646+0.027412209428077445i,4.510867463531646,82.27843646399602
0.02540833333,4.5E9,4.512171977506133+0.13111028526953883i,4.512171977506133,17.207543894172492
0.02540833333,4.5E9,4.512671318894882+0.1441793282836646i,4.512671318894882,15.649508749327987
0.02540833333,4.5E9,4.516335709157481+0.15162194770023044i,4.516335709157481,14.89341014826779
0.02540833333,4.5E9,4.5164329195556165+0.13553377431322505i,4.5164329195556165,16.661651099296932
0.02540833333,4.5E9,4.5171074018503194+0.11391784086148848i,4.5171074018503194,19.826163170273844
0.02540833333,4.5E9,4.517675613935728+0.1243002200934644i,4.517675613935728,18.172436100832222
0.02540833333,4.5E9,4.518629506585032+0.05773491955406442i,4.518629506585032,39.132552201390666
0.02540833333,4.5E9,4.519287911290788+0.0025854332523742598i,4.519287911290788,873.9904437951795
0.02540833333,4.5E9,4.519758225512319+0.14591180594586334i,4.519758225512319,15.487979866376456
0.02540833333,4.5E9,4.520886098243634+0.06441631087106232i,4.520886098243634,35.091159654367495
0.02540833333,4.5E9,4.52128441130677+0.13782266655744024i,4.52128441130677,16.40254293520884
0.02540833333,4.5E9,4.522615348752357+0.14451945177956504i,4.522615348752357,15.647081735580771
0.02540833333,4.5E9,4.5234564349440225+0.12712140322780988i,4.5234564349440225,17.79187579780603
0.02540833333,4.5E9,4.523707712124516+0.13158858839872972i,4.523707712124516,17.188829849048616
0.02540833333,4.5E9,4.5245991919924125+0.1159106231920624i,4.5245991919924125,19.51762085039958
0.02540833333,4.5E9,4.524671415322361+0.14479725531771503i,4.524671415322361,15.624161540197358
0.02540833333,4.5E9,4.525039606153476+0.13543723860920218i,4.525039606153476,16.705300745278283
0.02540833333,4.5E9,4.525261784949188+0.1256184900300554i,4.525261784949188,18.011925568705994
0.02540833333,4.5E9,4.52590138652895+0.015030177220120075i,4.52590138652895,150.56047976834142
0.02540833333,4.5E9,4.52738775616218+0.13050019274730207i,4.52738775616218,17.346287621693108
0.02540833333,4.5E9,4.527530865154749+0.14312145896971254i,4.527530865154749,15.817093040229798
0.02540833333,4.5E9,4.5319064271852705+0.14711470033451915i,4.5319064271852705,15.40262943431323
0.02540833333,4.5E9,4.53241616111966+0.14229825563765439i,4.53241616111966,15.925761495843352
0.02540833333,4.5E9,4.532604000571498+0.10493553100406317i,4.532604000571498,21.597088980261567
0.02540833333,4.5E9,4.5327028539058185+0.14507887029671407i,4.5327028539058185,15.621512783479677
0.02540833333,4.5E9,4.533673626796807+0.13309632659601092i,4.533673626796807,17.031550542179602
0.02540833333,4.5E9,4.534862946906203+0.12354914053493259i,4.534862946906203,18.35246658645919
0.02540833333,4.5E9,4.53510512822617+0.06284054009037127i,4.53510512822617,36.084230989296195
0.02540833333,4.5E9,4.535381984486338+0.14080536509592373i,4.535381984486338,16.105146211568737
0.02540833333,4.5E9,4.5355296335095145+0.12689005179860263i,4.5355296335095145,17.871888178862974
0.02540833333,4.5E9,4.535588635273252+0.001493202611023323i,4.535588635273252,1518.7452130708905
0.02540833333,4.5E9,4.536212644169616+0.13305638552823051i,4.536212644169616,17.046204231991442
0.02540833333,4.5E9,4.537012585545987+0.012969319309840037i,4.537012585545987,174.91328870682057
0.02540833333,4.5E9,4.538924650199161+0.004131008660487391i,4.538924650199161,549.3724442668735
0.02540833333,4.5E9,4.5394819499245616+0.003547785500358898i,4.5394819499245616,639.7627406540422
0.02540833333,4.5E9,4.53959063035623+0.1450550767662546i,4.53959063035623,15.647817131114415
0.02540833333,4.5E9,4.539922677768644+0.1358097956629765i,4.539922677768644,16.714268126265527
0.02540833333,4.5E9,4.5404302840537225+0.14348068404188527i,4.5404302840537225,15.822444374213703
0.02540833333,4.5E9,4.54111297894382+0.07419593944882873i,4.54111297894382,30.602166457341802
0.02540833333,4.5E9,4.54209365018421+0.13550492195415562i,4.54209365018421,16.759884381620115
0.02540833333,4.5E9,4.542411658872491+0.14285554737684542i,4.542411658872491,15.898618367580251
0.02540833333,4.5E9,4.542625023089314+0.12149255804377788i,4.542625023089314,18.695075222024926
0.02540833333,4.5E9,4.542639077843561+0.1271218918009526i,4.542639077843561,17.867257218593096
0.02540833333,4.5E9,4.543893607819312+0.13401203386570246i,4.543893607819312,16.953304403889906
0.02540833333,4.5E9,4.54629498658417+0.12056383118738129i,4.54629498658417,18.85430705796949
0.02540833333,4.5E9,4.547625860834682+0.14478292086054254i,4.547625860834682,15.70498037270237
0.02540833333,4.5E9,4.550069568772788+0.14476938478475082i,4.550069568772788,15.7148888058688
0.02540833333,4.5E9,4.550889347589581+0.11514365980122478i,4.550889347589581,19.76178868834762
0.02540833333,4.5E9,4.551517156269393+0.1289542757494581i,4.551517156269393,17.647794653635277
0.02540833333,4.5E9,4.551558122581808+0.13832174185542404i,4.551558122581808,16.452793543256433
0.02540833333,4.5E9,4.552812886052741+0.13205721218694264i,4.552812886052741,17.238031950908116
0.02540833333,4.5E9,4.552912099497418+0.1291005034991779i,4.552912099497418,17.633208144406698
0.02540833333,4.5E9,4.553257260153128+0.1443174852262295i,4.553257260153128,15.775140666481
0.02540833333,4.5E9,4.55462044346664+0.12275564524600419i,4.55462044346664,18.551572248832674
0.02540833333,4.5E9,4.555842789527152+0.13410490813449913i,4.555842789527152,16.986115023314127
0.02540833333,4.5E9,4.555974264973992+0.14570381640662722i,4.555974264973992,15.634368327934775
0.02540833333,4.5E9,4.556053921437437+0.13748385055243173i,4.556053921437437,16.56941489175091
0.02540833333,4.5E9,4.556423912799073+0.10770993537154469i,4.556423912799073,21.151363136008392
0.02540833333,4.5E9,4.556563953771297+0.12581883270100172i,4.556563953771297,18.107638800781128
0.02540833333,4.5E9,4.557173793481692+0.0029081270478097053i,4.557173793481692,783.5238486079878
0.02540833333,4.5E9,4.558988346421399+0.14137626436392264i,4.558988346421399,16.123598847844477
0.02540833333,4.5E9,4.559188216408351+0.1297338728472464i,4.559188216408351,17.571310084053806
0.02540833333,4.5E9,4.559965934841087+0.11282013529423801i,4.559965934841087,20.20900756300536
0.02540833333,4.5E9,4.560493811861443+0.0022224409446838967i,4.560493811861443,1026.0101225119604
0.02540833333,4.5E9,4.5607223002996555+0.13419752021154152i,4.5607223002996555,16.992572936930525
0.02540833333,4.5E9,4.562584925066988+0.12578209520752584i,4.562584925066988,18.136861679475334
0.02540833333,4.5E9,4.563968460764746+0.13821442862668396i,4.563968460764746,16.510463148142033
0.02540833333,4.5E9,4.565548822544738+0.12252165264335645i,4.565548822544738,18.631599901098372
0.02540833333,4.5E9,4.5671473517591155+0.1111138548471241i,4.5671473517591155,20.551655588057947
0.02540833333,4.5E9,4.568729060889074+0.12296535140947223i,4.568729060889074,18.57730250237441
0.02540833333,4.5E9,4.568762818508534+0.1315837621794758i,4.568762818508534,17.360663439144176
0.02540833333,4.5E9,4.568861874859014+0.14145427427435997i,4.568861874859014,16.149606995958997
0.02540833333,4.5E9,4.570877365880015+0.11689185983771927i,4.570877365880015,19.551735134618248
0.02540833333,4.5E9,4.570962052346097+0.1290581473690077i,4.570962052346097,17.708924796807437
0.02540833333,4.5E9,4.57164914696053+0.11641394622000033i,4.57164914696053,19.635315593206407
0.02540833333,4.5E9,4.573572855095337+0.03822906824840716i,4.573572855095337,59.818000603322304
0.02540833333,4.5E9,4.575069119055745+0.12887781723415442i,4.575069119055745,17.74963766938818
0.02540833333,4.5E9,4.575741551872269+0.11582783325847716i,4.575741551872269,19.7523402758524
0.02540833333,4.5E9,4.576527832778465+0.020248770293224548i,4.576527832778465,113.00754975500463
0.02540833333,4.5E9,4.5785656538702755+0.1209265278542898i,4.5785656538702755,18.93118794987321
0.02540833333,4.5E9,4.5789603349128+0.13165043520799508i,4.5789603349128,17.390600827405095
0.02540833333,4.5E9,4.580905224975427+0.10421075132120992i,4.580905224975427,21.979043269996456
0.02540833333,4.5E9,4.58100661472432+0.037315030413522084i,4.58100661472432,61.38286052507506
0.02540833333,4.5E9,4.582168564125539+0.0027459212665851937i,4.582168564125539,834.3590582667886
0.02540833333,4.5E9,4.583448880269197+0.12230045989809109i,4.583448880269197,18.73847769701125
0.02540833333,4.5E9,4.584388671479498+0.12934887077586005i,4.584388671479498,17.72102316773788
0.02540833333,4.5E9,4.5846725033529445+0.024519817352666715i,4.5846725033529445,93.48912427470279
0.02540833333,4.5E9,4.587391130402059+0.1268269618371683i,4.587391130402059,18.085236230336253
0.02540833333,4.5E9,4.588968298830312+0.11282771562530738i,4.588968298830312,20.336174819270212
0.02540833333,4.5E9,4.589248118692985+0.003921027297835701i,4.589248118692985,585.2099169554523
0.02540833333,4.5E9,4.590006516475008+0.11537620487241278i,4.590006516475008,19.891478149895832
0.02540833333,4.5E9,4.5916499527491075+0.10786283796893449i,4.5916499527491075,21.284670602082368
0.02540833333,4.5E9,4.5921063866901735+0.12316182829280163i,4.5921063866901735,18.64257152700357
0.02540833333,4.5E9,4.594135399304279+0.11742106739415951i,4.594135399304279,19.56265388000037
0.02540833333,4.5E9,4.594435889340305+0.1073341942891621i,4.594435889340305,21.402479982114244
0.02540833333,4.5E9,4.597182313244345+0.028123028546913537i,4.597182313244345,81.7334147631991
0.02540833333,4.5E9,4.599103657009422+0.10973137693765131i,4.599103657009422,20.95619222760052
0.02540833333,4.5E9,4.603153118290953+0.10796022154298471i,4.603153118290953,21.31874616642109
0.02540833333,4.5E9,4.604065156026397+0.028687917486916178i,4.604065156026397,80.24397654737736
0.02540833333,4.5E9,4.60593737843714+0.10409666783772402i,4.60593737843714,22.12336606978295
0.02540833333,4.5E9,4.6066293554631415+0.04953167427007607i,4.6066293554631415,46.50185384755083
0.02540833333,4.5E9,4.608512927483135+0.05581329911308627i,4.608512927483135,41.2850790108786
0.02540833333,4.5E9,4.612499355544288+0.02127547561796708i,4.612499355544288,108.3994416474771
0.02540833333,4.5E9,4.615114251455412+0.018098429508630696i,4.615114251455412,127.5004068517265
0.02540833333,4.5E9,4.6169329750062404+0.021039000545567423i,4.6169329750062404,109.72320108568448
0.02540833333,4.5E9,4.6172616687683705+0.025517920519170068i,4.6172616687683705,90.4709626573941
0.02540833333,4.5E9,4.643497002581874+0.02254964230181531i,4.643497002581874,102.96165545402152
0.02540833333,4.5E9,4.650309174298695+0.0027193118098543015i,4.650309174298695,855.0525830555368
0.02540833333,4.5E9,4.653730389496573+0.02720106474234199i,4.653730389496573,85.54316593078867
0.02540833333,4.5E9,4.654941407849487+0.002568779685428055i,4.654941407849487,906.0608494873314
0.02540833333,5.0E9,4.864884699309113+0.01912218373201375i,4.864884699309113,127.20525980420528
0.02540833333,5.0E9,4.867987811822708+0.041130987820794135i,4.867987811822708,59.176646000240886
0.02540833333,5.0E9,4.868523980354286+0.020118007282945757i,4.868523980354286,120.99916040097531
0.02540833333,5.0E9,4.872461312396547+0.006297342091719921i,4.872461312396547,386.8664939453676
0.02540833333,5.0E9,4.879512554661439+0.029507338504723656i,4.879512554661439,82.68303415233987
0.02540833333,5.0E9,4.880633927457148+0.003229584603687101i,4.880633927457148,755.6132639914593
0.02540833333,5.0E9,4.885733558745332+0.02062819928899429i,4.885733558745332,118.4236561392929
0.02540833333,5.0E9,4.8873155991880495+0.03094627520749443i,4.8873155991880495,78.96452103554714
0.02540833333,5.0E9,4.888504442007943+0.002570726648197739i,4.888504442007943,950.8020709699201
0.02540833333,5.0E9,4.891346724788574+0.00659556489932706i,4.891346724788574,370.80574594055116
0.02540833333,5.0E9,4.893252757656135+0.006923540341390236i,4.893252757656135,353.3779335698633
0.02540833333,5.0E9,4.899337257713178+0.09399326774297054i,4.899337257713178,26.062171128631626
0.02540833333,5.0E9,4.903904025305439+0.0033712459989209006i,4.903904025305439,727.3132881544577
0.02540833333,5.0E9,4.905596125414131+0.06802742435529384i,4.905596125414131,36.05601837718541
0.02540833333,5.0E9,4.908916549227847+0.10311875723500222i,4.908916549227847,23.802248402008395
0.02540833333,5.0E9,4.911671362404394+0.09183594176590114i,4.911671362404394,26.741552751343956
0.02540833333,5.0E9,4.912406236400765+0.002071337797669538i,4.912406236400765,1185.8051936115182
0.02540833333,5.0E9,4.91271098681128+0.10705288104642836i,4.91271098681128,22.945253498972434
0.02540833333,5.0E9,4.913480889172552+0.10122251786928146i,4.913480889172552,24.27069091245987
0.02540833333,5.0E9,4.913652066133787+0.0797979569811226i,4.913652066133787,30.788081875931894
0.02540833333,5.0E9,4.9168846459822015+0.0029298704013023848i,4.9168846459822015,839.0959278943789
0.02540833333,5.0E9,4.9170265315630575+0.099223400136354i,4.9170265315630575,24.777555117069255
0.02540833333,5.0E9,4.919171558114315+0.0606317662476416i,4.919171558114315,40.56595958315545
0.02540833333,5.0E9,4.92107646828281+0.10990167055822381i,4.92107646828281,22.388542609439764
0.02540833333,5.0E9,4.922848470917338+0.005552651514022678i,4.922848470917338,443.28808124237275
0.02540833333,5.0E9,4.924319766192844+0.007699626795686675i,4.924319766192844,319.7765227368841
0.02540833333,5.0E9,4.924378426078487+0.10566882560517403i,4.924378426078487,23.300999125693732
0.02540833333,5.0E9,4.929532714437661+0.11754329418691434i,4.929532714437661,20.969008689678397
0.02540833333,5.0E9,4.929584499640994+0.0022466925421020566i,4.929584499640994,1097.0759031916227
0.02540833333,5.0E9,4.930082199083853+0.07403970611667215i,4.930082199083853,33.293501944179816
0.02540833333,5.0E9,4.931778398319965+0.11190129973203447i,4.931778398319965,22.036287380619775
0.02540833333,5.0E9,4.9337838775643466+0.008104075688513455i,4.9337838775643466,304.40139426124733
0.02540833333,5.0E9,4.93408509554623+0.09159197069071066i,4.93408509554623,26.935139938236137
0.02540833333,5.0E9,4.934285497738338+0.11122055892132258i,4.934285497738338,22.18243437001989
0.02540833333,5.0E9,4.935349373333601+0.10575073349070502i,4.935349373333601,23.334823364451626
0.02540833333,5.0E9,4.935892555394091+0.12036775698537609i,4.935892555394091,20.503383460048067
0.02540833333,5.0E9,4.938051285075755+0.10002593359347019i,4.938051285075755,24.683855014766472
0.02540833333,5.0E9,4.9387800683105345+0.029957582981406588i,4.9387800683105345,82.42954832797807
0.02540833333,5.0E9,4.939262107240655+0.0852920680345122i,4.939262107240655,28.954990898110566
0.02540833333,5.0E9,4.940854582908539+0.123283599208419i,4.940854582908539,20.038572099747434
0.02540833333,5.0E9,4.94122467748419+0.10543390950323334i,4.94122467748419,23.432805919677374
0.02540833333,5.0E9,4.9412551529511495+0.030322130126795875i,4.9412551529511495,81.47935406069192
0.02540833333,5.0E9,4.943509534226313+0.11983983708012651i,4.943509534226313,20.625485041843877
0.02540833333,5.0E9,4.943979118990009+0.0014034047386681805i,4.943979118990009,1761.4231243375323
0.02540833333,5.0E9,4.944915676075253+0.09297394479952739i,4.944915676075253,26.593018542655127
0.02540833333,5.0E9,4.945501139105354+0.11659010049538705i,4.945501139105354,21.208923905597906
0.02540833333,5.0E9,4.945920973608864+0.12615315538093524i,4.945920973608864,19.6028429042224
0.02540833333,5.0E9,4.948069524458851+0.12356024892631838i,4.948069524458851,20.022902055698715
0.02540833333,5.0E9,4.948706324676989+0.1107463126805766i,4.948706324676989,22.34253315029298
0.02540833333,5.0E9,4.9505139718176165+0.10551056462966926i,4.9505139718176165,23.459802291805513
0.02540833333,5.0E9,4.950968800407816+0.07354349612127292i,4.950968800407816,33.66014033548044
0.02540833333,5.0E9,4.951435163150615+0.1248245542163096i,4.951435163150615,19.833578394240558
0.02540833333,5.0E9,4.952330796114135+0.10966005582279403i,4.952330796114135,22.580376961128355
0.02540833333,5.0E9,4.95383158312389+0.11608171665466828i,4.95383158312389,21.33769092104768
0.02540833333,5.0E9,4.954587179673535+0.0317156598642297i,4.954587179673535,78.10947653120617
0.02540833333,5.0E9,4.955781358382769+0.12911123562014457i,4.955781358382769,19.191905857686425
0.02540833333,5.0E9,4.9561323602752285+0.12649931379493837i,4.9561323602752285,19.58956223394762
0.02540833333,5.0E9,4.956655738679022+0.11929980971600353i,4.956655738679022,20.773946540562292
0.02540833333,5.0E9,4.957036389829548+0.1158862113463128i,4.957036389829548,21.38751596173943
0.02540833333,5.0E9,4.958935516878554+0.12144640039229612i,4.958935516878554,20.416148609016822
0.02540833333,5.0E9,4.9591388906946445+0.01813370780095751i,4.9591388906946445,136.73813830927583
0.02540833333,5.0E9,4.959637186556604+0.12353049809962582i,4.959637186556604,20.074545407226957
0.02540833333,5.0E9,4.960186077246703+0.09504536883125395i,4.960186077246703,26.093780992386634
0.02540833333,5.0E9,4.961550383165371+0.1140312497806432i,4.961550383165371,21.755222330324727
0.02540833333,5.0E9,4.963092173254723+0.08929110467613816i,4.963092173254723,27.791638323078345
0.02540833333,5.0E9,4.964470578218703+0.12787939490979902i,4.964470578218703,19.410752536483457
0.02540833333,5.0E9,4.964578310240665+0.13273571509658036i,4.964578310240665,18.700989054183225
0.02540833333,5.0E9,4.964795379162329+0.03171601323579779i,4.964795379162329,78.2695375716166
0.02540833333,5.0E9,4.965225080652932+0.12846713634617554i,4.965225080652932,19.324884253951637
0.02540833333,5.0E9,4.966469621565652+0.12311417987109424i,4.966469621565652,20.170177094002312
0.02540833333,5.0E9,4.9670437842167745+0.10617713296786592i,4.9670437842167745,23.390364974914277
0.02540833333,5.0E9,4.967759423214377+0.11892869722280268i,4.967759423214377,20.885452961397988
0.02540833333,5.0E9,4.968451572655488+0.01609994156242983i,4.968451572655488,154.3002983392705
0.02540833333,5.0E9,4.970730539501304+0.10078975998196792i,4.970730539501304,24.65890652180642
0.02540833333,5.0E9,4.971034716582145+0.12337859555162545i,4.971034716582145,20.14545024749495
0.02540833333,5.0E9,4.971337907101791+0.11468461334774833i,4.971337907101791,21.673953296714828
0.02540833333,5.0E9,4.971569159805391+0.13053582454160204i,4.971569159805391,19.042930081699303
0.02540833333,5.0E9,4.973940315653548+0.0020964772169085677i,4.973940315653548,1186.261476046003
0.02540833333,5.0E9,4.9741017320894905+0.12115913244614866i,4.9741017320894905,20.527143235778446
0.02540833333,5.0E9,4.974880319531224+0.10463277008670417i,4.974880319531224,23.7730508109877
0.02540833333,5.0E9,4.975340832416688+0.1147809629041341i,4.975340832416688,21.673196959377872
0.02540833333,5.0E9,4.976542454165843+0.12657088390055546i,4.976542454165843,19.659112351920626
0.02540833333,5.0E9,4.976954934514145+0.0912026177031186i,4.976954934514145,27.28515397833785
0.02540833333,5.0E9,4.97760280662183+0.11127785728604571i,4.97760280662183,22.365648153282798
0.02540833333,5.0E9,4.97858126696848+0.13031859607028004i,4.97858126696848,19.101576509785147
0.02540833333,5.0E9,4.980501872990966+0.11365466847215397i,4.980501872990966,21.91067881303625
0.02540833333,5.0E9,4.982762886154987+0.12296824577477673i,4.982762886154987,20.260364188984195
0.02540833333,5.0E9,4.983370127337353+0.13329052610886652i,4.983370127337353,18.69363964872916
0.02540833333,5.0E9,4.9835855304723955+0.11172367605717139i,4.9835855304723955,22.303175595127165
0.02540833333,5.0E9,4.983624580144588+0.127862458073593i,4.983624580144588,19.488224515737816
0.02540833333,5.0E9,4.985259300667602+0.1350479041331343i,4.985259300667602,18.457373821044207
0.02540833333,5.0E9,4.985772374007524+0.09664277658642106i,4.985772374007524,25.79485270453238
0.02540833333,5.0E9,4.9864543255631935+0.12490105032582899i,4.9864543255631935,19.961618867715867
0.02540833333,5.0E9,4.986841165126802+0.1307736919946687i,4.986841165126802,19.066683401926518
0.02540833333,5.0E9,4.987011289390032+0.12045208390510277i,4.987011289390032,20.701224618575342
0.02540833333,5.0E9,4.987203992823653+0.10446574287271851i,4.987203992823653,23.870045125223886
0.02540833333,5.0E9,4.987599371394504+0.0036876090116447573i,4.987599371394504,676.2646684673766
0.02540833333,5.0E9,4.98778388427826+0.12769795367415673i,4.98778388427826,19.52961555282807
0.02540833333,5.0E9,4.989517687303118+0.10479056428181571i,4.989517687303118,23.80709428133573
0.02540833333,5.0E9,4.989590787266177+0.13486057139102534i,4.989590787266177,18.499071803570242
0.02540833333,5.0E9,4.990133061987349+0.11038087332989859i,4.990133061987349,22.604156460482017
0.02540833333,5.0E9,4.990652778707248+0.0021662244424712628i,4.990652778707248,1151.9242145134863
0.02540833333,5.0E9,4.991134730616832+0.11355490540968888i,4.991134730616832,21.976746458506458
0.02540833333,5.0E9,4.991222141048036+0.11973092122890168i,4.991222141048036,20.84349677518063
0.02540833333,5.0E9,4.992350325588694+0.11874930098261953i,4.992350325588694,21.020546160180714
0.02540833333,5.0E9,4.994507733124973+0.0038276256708206957i,4.994507733124973,652.4289680675698
0.02540833333,5.0E9,4.994696766599419+0.12185820709164445i,4.994696766599419,20.493887468913428
0.02540833333,5.0E9,4.996866146854488+0.12922252049314123i,4.996866146854488,19.33434717023535
0.02540833333,5.0E9,4.998028154121383+0.10889045718507281i,4.998028154121383,22.9497987396022
0.02540833333,5.0E9,4.998219857709018+0.005297625935027447i,4.998219857709018,471.7414856210608
0.02540833333,5.0E9,4.9986712617465+0.11954639606614817i,4.9986712617465,20.906825409360746
0.02540833333,5.0E9,4.999486448129198+0.10436725886110244i,4.999486448129198,23.951412074464766
0.02540833333,5.0E9,4.999709221933998+0.07301229674670194i,4.999709221933998,34.23881623173182
0.02540833333,5.0E9,4.999735543026606+0.12835718016952666i,4.999735543026606,19.47587013217043
0.02540833333,5.0E9,4.9998009350426225+0.1347172993009137i,4.9998009350426225,18.556640316381078
0.02540833333,5.0E9,5.000189404667273+0.010922815862291525i,5.000189404667273,228.8873797611686
0.02540833333,5.0E9,5.001178912279096+0.12399798896960572i,5.001178912279096,20.16637105907008
0.02540833333,5.0E9,5.001424979737073+0.13749514607335325i,5.001424979737073,18.18764197344402
0.02540833333,5.0E9,5.003579075447551+0.10874616904837958i,5.003579075447551,23.005771693996557
0.02540833333,5.0E9,5.003756257649519+0.1303343642666985i,5.003756257649519,19.195844034695686
0.02540833333,5.0E9,5.0057314045955295+0.11980826267310019i,5.0057314045955295,20.89059340695805
0.02540833333,5.0E9,5.006413688120689+0.1374413801121737i,5.006413688120689,18.21290532747369
0.02540833333,5.0E9,5.00653886675472+0.11043489164223447i,5.00653886675472,22.667378001211485
0.02540833333,5.0E9,5.006684019898552+0.10268686445521412i,5.006684019898552,24.378405390312455
0.02540833333,5.0E9,5.007451425395496+0.12619229894340733i,5.007451425395496,19.840558684334443
0.02540833333,5.0E9,5.008232476369484+0.0031861803854047175i,5.008232476369484,785.930466980344
0.02540833333,5.0E9,5.009013636817982+0.1209355606714605i,5.009013636817982,20.709432399398697
0.02540833333,5.0E9,5.0090197362254605+0.13676455160721857i,5.0090197362254605,18.3125659294052
0.02540833333,5.0E9,5.010198963891636+0.009585219248233141i,5.010198963891636,261.3502536634816
0.02540833333,5.0E9,5.011787049228319+0.12853303700380306i,5.011787049228319,19.496104527118696
0.02540833333,5.0E9,5.011833326228515+0.09829093587162387i,5.011833326228515,25.494890662015806
0.02540833333,5.0E9,5.012545671452825+0.00444071381411357i,5.012545671452825,564.3851283009781
0.02540833333,5.0E9,5.0129228672007775+0.06857606870511641i,5.0129228672007775,36.55008927937252
0.02540833333,5.0E9,5.013384318511127+0.11391199418018075i,5.013384318511127,22.00551554993053
0.02540833333,5.0E9,5.015050649984969+0.1313042655675252i,5.015050649984969,19.097059140877278
0.02540833333,5.0E9,5.015097210581907+0.11864116208942489i,5.015097210581907,21.135570160724722
0.02540833333,5.0E9,5.0163022349069+0.127519231436893i,5.0163022349069,19.66880672971033
0.02540833333,5.0E9,5.016589737071384+0.1370775022455755i,5.016589737071384,18.29837010045646
0.02540833333,5.0E9,5.016654419608606+0.10644319236085685i,5.016654419608606,23.564937824306636
0.02540833333,5.0E9,5.017282172771626+0.11730800206981794i,5.017282172771626,21.385080660505587
0.02540833333,5.0E9,5.01775517503057+0.1116770813682644i,5.01775517503057,22.46546522148133
0.02540833333,5.0E9,5.018525589085427+0.10176251451423532i,5.018525589085427,24.658026646852345
0.02540833333,5.0E9,5.020532415083877+0.12050418748710276i,5.020532415083877,20.831360800724088
0.02540833333,5.0E9,5.021383503502065+0.13111723127067826i,5.021383503502065,19.14845003528151
0.02540833333,5.0E9,5.0216670937657275+0.004332703835659019i,5.0216670937657275,579.5073104739358
0.02540833333,5.0E9,5.022053751234941+0.13547630297404376i,5.022053751234941,18.534805131924543
0.02540833333,5.0E9,5.023525596851205+0.09937536143212752i,5.023525596851205,25.27550855894108
0.02540833333,5.0E9,5.023629405940232+0.12272746325987498i,5.023629405940232,20.466606546338838
0.02540833333,5.0E9,5.024768579864702+0.10497281591506334i,5.024768579864702,23.933665759382855
0.02540833333,5.0E9,5.024909839585504+0.11710684870487224i,5.024909839585504,21.454380743559543
0.02540833333,5.0E9,5.025598142884802+0.13424496104160993i,5.025598142884802,18.718014083698428
0.02540833333,5.0E9,5.026178629094366+0.029527825062625548i,5.026178629094366,85.10919138870449
0.02540833333,5.0E9,5.026535591531229+0.11519442920267159i,5.026535591531229,21.817615775011166
0.02540833333,5.0E9,5.0290177399765374+0.13387550584565056i,5.0290177399765374,18.782441598296018
0.02540833333,5.0E9,5.029144098344196+0.12715641935052896i,5.029144098344196,19.775423545391284
0.02540833333,5.0E9,5.029503177968408+0.12216714013878506i,5.029503177968408,20.584517130607956
0.02540833333,5.0E9,5.029620150701987+0.003802460043388685i,5.029620150701987,661.3639713909629
0.02540833333,5.0E9,5.030129742518861+0.11733809913895847i,5.030129742518861,21.434341358137626
0.02540833333,5.0E9,5.030479098000402+0.11315604644213186i,5.030479098000402,22.228061407982274
0.02540833333,5.0E9,5.030747168393795+0.11116246788387665i,5.030747168393795,22.62790339293767
0.02540833333,5.0E9,5.031278485984521+0.10672161989127442i,5.031278485984521,23.57197394075481
0.02540833333,5.0E9,5.0315166650437835+0.043177335581925685i,5.0315166650437835,58.265715070547444
0.02540833333,5.0E9,5.033328645609619+0.1275303289998942i,5.033328645609619,19.733849528506255
0.02540833333,5.0E9,5.033956956196526+0.09155446502624708i,5.033956956196526,27.49159724079748
0.02540833333,5.0E9,5.034657976560704+0.10100365052308322i,5.034657976560704,24.923148571793902
0.02540833333,5.0E9,5.035223742077645+0.07041197265486611i,5.035223742077645,35.75545146816495
0.02540833333,5.0E9,5.03648096360836+0.09715298414220865i,5.03648096360836,25.920361623870253
0.02540833333,5.0E9,5.036790452017377+0.0519638318897528i,5.036790452017377,48.46438637073092
0.02540833333,5.0E9,5.0384114234258615+0.1185199387286427i,5.0384114234258615,21.255543486913016
0.02540833333,5.0E9,5.0405455620679+0.11723036586360613i,5.0405455620679,21.49846383629143
0.02540833333,5.0E9,5.04126056043855+0.03148464037011075i,5.04126056043855,80.05904627108842
0.02540833333,5.0E9,5.041358596905789+0.11230684176835953i,5.041358596905789,22.444574691646714
0.02540833333,5.0E9,5.041626213366089+0.1305621442161017i,5.041626213366089,19.307381337967968
0.02540833333,5.0E9,5.042220543463846+0.0052730719509462695i,5.042220543463846,478.1103491826053
0.02540833333,5.0E9,5.042403375578239+0.09006094050734019i,5.042403375578239,27.99439661174353
0.02540833333,5.0E9,5.042550313228222+0.031663812343360916i,5.042550313228222,79.6263927183979
0.02540833333,5.0E9,5.042793567182373+0.1127339778535948i,5.042793567182373,22.36589918671787
0.02540833333,5.0E9,5.045950658895201+0.11685442052826119i,5.045950658895201,21.590756413339278
0.02540833333,5.0E9,5.046189813280222+0.014934258518387885i,5.046189813280222,168.94678122342248
0.02540833333,5.0E9,5.046736899042886+0.10590723041779015i,5.046736899042886,23.82621507112484
0.02540833333,5.0E9,5.047426113600362+0.12015476931691706i,5.047426113600362,21.003852540748525
0.02540833333,5.0E9,5.048062472838096+0.1145791422528508i,5.048062472838096,22.02871471012647
0.02540833333,5.0E9,5.0484536503276+0.011470290159698639i,5.0484536503276,220.06651880811
0.02540833333,5.0E9,5.048506410480555+0.12338159442801021i,5.048506410480555,20.458912181695872
0.02540833333,5.0E9,5.049382070691154+0.09728022623273788i,5.049382070691154,25.952766899466138
0.02540833333,5.0E9,5.0497812919446785+0.12647478842465937i,5.0497812919446785,19.963588612574817
0.02540833333,5.0E9,5.050156329993564+0.09936047887038725i,5.050156329993564,25.413305105852707
0.02540833333,5.0E9,5.053089338184742+0.11125824877604573i,5.053089338184742,22.70883010371762
0.02540833333,5.0E9,5.055503107063717+0.09369262096174816i,5.055503107063717,26.979195667542083
0.02540833333,5.0E9,5.056559916233064+0.02648892526391429i,5.056559916233064,95.44667943024452
0.02540833333,5.0E9,5.056696522108439+0.01152212433228883i,5.056696522108439,219.43421092662098
0.02540833333,5.0E9,5.057086860840842+0.11076942258325238i,5.057086860840842,22.827088662667823
0.02540833333,5.0E9,5.058068690577043+0.1252086767962546i,5.058068690577043,20.198555004329968
0.02540833333,5.0E9,5.058809676064152+0.12300745990816923i,5.058809676064152,20.563019835710726
0.02540833333,5.0E9,5.0589049314710595+0.11586623737147156i,5.0589049314710595,21.83079836817354
0.02540833333,5.0E9,5.059300772463752+0.09648186513165816i,5.059300772463752,26.218920859168104
0.02540833333,5.0E9,5.059820362638392+0.11691104614892968i,5.059820362638392,21.63961631218675
0.02540833333,5.0E9,5.0612300019432865+0.007898250150586912i,5.0612300019432865,320.4019817963851
0.02540833333,5.0E9,5.062084084166923+0.029828142780404635i,5.062084084166923,84.85416141115597
0.02540833333,5.0E9,5.062508716031354+0.10958590991533068i,5.062508716031354,23.098355983642417
0.02540833333,5.0E9,5.062674931037045+0.06678223556776455i,5.062674931037045,37.90435351553859
0.02540833333,5.0E9,5.062921457883989+0.11349784211753208i,5.062921457883989,22.304042805682187
0.02540833333,5.0E9,5.063623816455812+0.1031970923200545i,5.063623816455812,24.533752369454053
0.02540833333,5.0E9,5.064843336035397+0.03425198380989591i,5.064843336035397,73.93503634922436
0.02540833333,5.0E9,5.067197850192139+0.08758414242179277i,5.067197850192139,28.92759870724791
0.02540833333,5.0E9,5.068159356706877+0.1084670466546133i,5.068159356706877,23.362668722995597
0.02540833333,5.0E9,5.0685828143348495+0.106837497326256i,5.0685828143348495,23.72099188572631
0.02540833333,5.0E9,5.072390306796051+0.11069268107590878i,5.072390306796051,22.912040152490302
0.02540833333,5.0E9,5.073148653775174+0.09660877754609284i,5.073148653775174,26.256147643286
0.02540833333,5.0E9,5.075577142356553+0.11108650489213287i,5.075577142356553,22.845156336879246
0.02540833333,5.0E9,5.07630934172369+0.01889656246024508i,5.07630934172369,134.31832780177135
0.02540833333,5.0E9,5.0765470571865645+0.1151355715152595i,5.0765470571865645,22.04595413205442
0.02540833333,5.0E9,5.076914556229699+0.01025508734913612i,5.076914556229699,247.5315120868948
0.02540833333,5.0E9,5.077740607092752+0.1044635757951872i,5.077740607092752,24.30388089073384
0.02540833333,5.0E9,5.077872853834302+0.07833725581880363i,5.077872853834302,32.41033146207962
0.02540833333,5.0E9,5.078503718319855+0.06331577848902036i,5.078503718319855,40.1045666618513
0.02540833333,5.0E9,5.079497401577438+0.1112925772551606i,5.079497401577438,22.820468026055632
0.02540833333,5.0E9,5.081306328351702+0.11032407239994027i,5.081306328351702,23.02900091437548
0.02540833333,5.0E9,5.083322315069671+0.01906340112662972i,5.083322315069671,133.3267416790796
0.02540833333,5.0E9,5.084066607456881+0.024470650571616088i,5.084066607456881,103.88090403599595
0.02540833333,5.0E9,5.084404898896861+0.09426401241618458i,5.084404898896861,26.968960733650558
0.02540833333,5.0E9,5.086164187725792+0.10490137945203895i,5.086164187725792,24.242599164538124
0.02540833333,5.0E9,5.0891519190564445+0.10541348396357864i,5.0891519190564445,24.13899876800768
0.02540833333,5.0E9,5.0921232500485845+0.09200632311135855i,5.0921232500485845,27.672680951967862
0.02540833333,5.0E9,5.092669694532948+0.08779673560126908i,5.092669694532948,29.002614161313623
0.02540833333,5.0E9,5.093603578834549+0.09953145076502068i,5.093603578834549,25.587909850022225
0.02540833333,5.0E9,5.094047826551283+0.026441367251776367i,5.094047826551283,96.32723939812638
0.02540833333,5.0E9,5.0964372228863075+0.07957751792365951i,5.0964372228863075,32.02184081548908
0.02540833333,5.0E9,5.100833582348311+0.0032027874006532796i,5.100833582348311,796.3116098976601
0.02540833333,5.0E9,5.1019502914173+0.00468573135451055i,5.1019502914173,544.4134442861402
0.02540833333,5.0E9,5.10239833631536+0.024452500535617747i,5.10239833631536,104.33285399346292
0.02540833333,5.0E9,5.104357636337141+0.08907787521419765i,5.104357636337141,28.65109671769306
0.02540833333,5.0E9,5.104386341667664+0.028514050354317626i,5.104386341667664,89.50651132056294
0.02540833333,5.0E9,5.109589558592547+0.0016883836535480019i,5.109589558592547,1513.160100743441
0.02540833333,5.0E9,5.110642207133733+0.08206316867099797i,5.110642207133733,31.138464977040858
0.02540833333,5.0E9,5.118726275215363+0.0026981745931552773i,5.118726275215363,948.5535680679328
0.02540833333,5.0E9,5.119105994938276+0.04999624967925838i,5.119105994938276,51.1948998952816
0.02540833333,5.0E9,5.119895232277017+0.07006469324787283i,5.119895232277017,36.53691320794056
0.02540833333,5.0E9,5.124455810093535+0.0045167553623039185i,5.124455810093535,567.2717912576561
0.02540833333,5.0E9,5.130749992451113+0.004291701313086061i,5.130749992451113,597.7524550469836
0.02540833333,5.5E9,5.381278669446683+0.004858190971027364i,5.381278669446683,553.8356459779824
0.02540833333,5.5E9,5.385553522975706+0.023608038288316008i,5.385553522975706,114.0618601428036
0.02540833333,5.5E9,5.386126723833043+0.004055875649790941i,5.386126723833043,663.9906137298206
0.02540833333,5.5E9,5.39396278880252+0.0035292438438394255i,5.39396278880252,764.1810862995637
0.02540833333,5.5E9,5.3974361266857365+0.007397750105465882i,5.3974361266857365,364.8025446748871
0.02540833333,5.5E9,5.404200053968535+0.0060445115211442005i,5.404200053968535,447.03364656219094
0.02540833333,5.5E9,5.404469855895518+0.07787186907487129i,5.404469855895518,34.701041082623135
0.02540833333,5.5E9,5.4095427567398096+0.006162980768048468i,5.4095427567398096,438.87389563060106
0.02540833333,5.5E9,5.413327184037896+0.0039414010567545045i,5.413327184037896,686.7262562332885
0.02540833333,5.5E9,5.414995920126339+0.07983065500293969i,5.414995920126339,33.91551729048783
0.02540833333,5.5E9,5.419148979682871+0.011002701867792343i,5.419148979682871,246.26446507407755
0.02540833333,5.5E9,5.424411307286244+0.0954158537741844i,5.424411307286244,28.425104910363785
0.02540833333,5.5E9,5.42447681782506+0.005228476140346773i,5.42447681782506,518.7435757778258
0.02540833333,5.5E9,5.425556849760987+0.059078969709296436i,5.425556849760987,45.917835707511024
0.02540833333,5.5E9,5.425808108340914+0.005183961750122797i,5.425808108340914,523.3264026506743
0.02540833333,5.5E9,5.426510920795957+0.09841924060206436i,5.426510920795957,27.5683437892841
0.02540833333,5.5E9,5.428615387115174+0.06827198345281667i,5.428615387115174,39.75727020489258
0.02540833333,5.5E9,5.430110250717181+0.08268359849814048i,5.430110250717181,32.836683147258654
0.02540833333,5.5E9,5.430820518948114+0.09996542529947551i,5.430820518948114,27.163494291543856
0.02540833333,5.5E9,5.431687271986834+0.08744436441575505i,5.431687271986834,31.05796072896033
0.02540833333,5.5E9,5.431907682664106+0.10277618630725428i,5.431907682664106,26.42590602858702
0.02540833333,5.5E9,5.43292725706705+0.03908539760759869i,5.43292725706705,69.50072903967109
0.02540833333,5.5E9,5.433296213594121+0.004001835026991957i,5.433296213594121,678.8505994059111
0.02540833333,5.5E9,5.433433033567603+0.02021288795759145i,5.433433033567603,134.40516379864815
0.02540833333,5.5E9,5.4352079571155105+0.0885897559653931i,5.4352079571155105,30.676277961747246
0.02540833333,5.5E9,5.435486407108446+0.0268118365706618i,5.435486407108446,101.36355994829714
0.02540833333,5.5E9,5.437929338472494+0.06307575406482374i,5.437929338472494,43.106336333956996
0.02540833333,5.5E9,5.438128692208033+0.09744482591503886i,5.438128692208033,27.903629777888266
0.02540833333,5.5E9,5.438462092484485+0.004659067621662388i,5.438462092484485,583.6427515237483
0.02540833333,5.5E9,5.438475736644777+0.10284398872020305i,5.438475736644777,26.440416228121375
0.02540833333,5.5E9,5.440187340290935+0.09490671369770505i,5.440187340290935,28.660708649226386
0.02540833333,5.5E9,5.441152960603489+0.10147866303687876i,5.441152960603489,26.809344929121202
0.02540833333,5.5E9,5.441531109382998+0.10383380840680584i,5.441531109382998,26.203079675474612
0.02540833333,5.5E9,5.442266241525579+0.008320990061072403i,5.442266241525579,327.02035464420345
0.02540833333,5.5E9,5.445203639506532+0.08534693611825948i,5.445203639506532,31.90040490710458
0.02540833333,5.5E9,5.445923012648359+0.10758152214845046i,5.445923012648359,25.310680235280532
0.02540833333,5.5E9,5.4461664363569495+0.09759517410886749i,5.4461664363569495,27.901822431720582
0.02540833333,5.5E9,5.446263943492554+0.013034291749516003i,5.446263943492554,208.92059377506214
0.02540833333,5.5E9,5.447590784706707+0.10299127252325108i,5.447590784706707,26.44685637550925
0.02540833333,5.5E9,5.4478668058614+0.08758924505302577i,5.4478668058614,31.098948293042763
0.02540833333,5.5E9,5.448707451487178+0.10859158993787114i,5.448707451487178,25.088072909718722
0.02540833333,5.5E9,5.449178338490326+0.09266059850135758i,5.449178338490326,29.403966878168234
0.02540833333,5.5E9,5.449550419327928+0.08271824390833056i,5.449550419327928,32.940438298999624
0.02540833333,5.5E9,5.449560142637866+0.10246626865038015i,5.449560142637866,26.591971262426018
0.02540833333,5.5E9,5.452996477937291+0.06636415846764307i,5.452996477937291,41.08389681906378
0.02540833333,5.5E9,5.453181102227703+0.09695982381375322i,5.453181102227703,28.120828234499115
0.02540833333,5.5E9,5.453544319403884+0.10537737165695937i,5.453544319403884,25.876258980709345
0.02540833333,5.5E9,5.454249194763808+0.10214771366251835i,5.454249194763808,26.697852547066685
0.02540833333,5.5E9,5.454679793054295+0.007129728034619429i,5.454679793054295,382.5307056993132
0.02540833333,5.5E9,5.454767660395586+0.11469925436133584i,5.454767660395586,23.778566350621116
0.02540833333,5.5E9,5.460113865984919+0.1058212448075293i,5.460113865984919,25.798760333598086
0.02540833333,5.5E9,5.460521364188805+0.08616445378032109i,5.460521364188805,31.68662438289559
0.02540833333,5.5E9,5.4607652852605115+0.11554677693397478i,5.4607652852605115,23.630106482246916
0.02540833333,5.5E9,5.461247202350333+0.09748991045316592i,5.461247202350333,28.00929438218077
0.02540833333,5.5E9,5.462980556476039+0.114855760953584i,5.462980556476039,23.781917907817277
0.02540833333,5.5E9,5.46339970832362+0.10872853046693286i,5.46339970832362,25.124039131500908
0.02540833333,5.5E9,5.464474306181202+0.09000184001584141i,5.464474306181202,30.357569940900035
0.02540833333,5.5E9,5.464817143950379+0.11208139110457407i,5.464817143950379,24.3787888876736
0.02540833333,5.5E9,5.46544183505421+0.05475754126612126i,5.46544183505421,49.90583679143118
0.02540833333,5.5E9,5.466083782485893+0.11367756592245948i,5.466083782485893,24.04205147308643
0.02540833333,5.5E9,5.466773618311429+0.09907473441372358i,5.466773618311429,27.589140918020895
0.02540833333,5.5E9,5.466977879016151+0.07365901492134232i,5.466977879016151,37.110039313274356
0.02540833333,5.5E9,5.467645199341029+0.09571585797693144i,5.467645199341029,28.561856493303292
0.02540833333,5.5E9,5.4691898737568145+0.0660270633846493i,5.4691898737568145,41.41627382316955
0.02540833333,5.5E9,5.469310064678064+0.11176530489906832i,5.469310064678064,24.467834940446068
0.02540833333,5.5E9,5.4711082112170875+0.11619027757473466i,5.4711082112170875,23.543743613565344
0.02540833333,5.5E9,5.471244396322418+0.09813586844629883i,5.471244396322418,27.87586477270719
0.02540833333,5.5E9,5.471703136973254+0.10092533044406246i,5.471703136973254,27.107680068513265
0.02540833333,5.5E9,5.473623870748151+0.10234213230251675i,5.473623870748151,26.7417912232299
0.02540833333,5.5E9,5.473716920192938+0.08726472996428884i,5.473716920192938,31.362710469813727
0.02540833333,5.5E9,5.474222338040425+0.11795014734900532i,5.474222338040425,23.205661294523978
0.02540833333,5.5E9,5.47437015762081+0.053291858691692326i,5.47437015762081,51.36216198886501
0.02540833333,5.5E9,5.475275924924907+0.10301263184561006i,5.475275924924907,26.575750113495616
0.02540833333,5.5E9,5.475290195248253+0.10752995781283749i,5.475290195248253,25.459371074888416
0.02540833333,5.5E9,5.47536122377361+0.09065739634774532i,5.47536122377361,30.198094388080136
0.02540833333,5.5E9,5.4768038038713875+0.023571923411170394i,5.4768038038713875,116.17218731662791
0.02540833333,5.5E9,5.476997945526829+0.1136560440407641i,5.476997945526829,24.094618072235725
0.02540833333,5.5E9,5.477547524329196+0.08374385844285459i,5.477547524329196,32.70417452801618
0.02540833333,5.5E9,5.478206244307289+0.006452476646943656i,5.478206244307289,424.5041512007758
0.02540833333,5.5E9,5.479853618852137+0.1085648085129973i,5.479853618852137,25.237706831104912
0.02540833333,5.5E9,5.4806270053443455+0.11672265702606076i,5.4806270053443455,23.477134366983616
0.02540833333,5.5E9,5.482073535722404+0.09761198157448228i,5.482073535722404,28.080945839314502
0.02540833333,5.5E9,5.4822980414922915+0.11035922681585926i,5.4822980414922915,24.838421759876148
0.02540833333,5.5E9,5.482399481709666+0.11275901219474105i,5.482399481709666,24.31024968647853
0.02540833333,5.5E9,5.482524489608533+0.12025683563303682i,5.482524489608533,22.79506383461823
0.02540833333,5.5E9,5.483161396091618+0.0924108667488601i,5.483161396091618,29.667297737791504
0.02540833333,5.5E9,5.48463495459511+0.0062039744745321064i,5.48463495459511,442.025912349418
0.02540833333,5.5E9,5.485557514745532+0.053651704031423816i,5.485557514745532,51.12193185450959
0.02540833333,5.5E9,5.486163964834162+0.10073031929645147i,5.486163964834162,27.231939713644035
0.02540833333,5.5E9,5.486435019389513+0.02647781327310468i,5.486435019389513,103.60438308858494
0.02540833333,5.5E9,5.4871741568708705+0.1046341937426953i,5.4871741568708705,26.22075040958559
0.02540833333,5.5E9,5.487504778710196+0.09148309498188464i,5.487504778710196,29.991906044481905
0.02540833333,5.5E9,5.487951439744854+0.12102323439393542i,5.487951439744854,22.67313159835637
0.02540833333,5.5E9,5.488188854810347+0.1147555395467438i,5.488188854810347,23.912522552232968
0.02540833333,5.5E9,5.488326719584004+0.11213181395426301i,5.488326719584004,24.47265644798458
0.02540833333,5.5E9,5.491415556726779+0.11240202612974318i,5.491415556726779,24.42756481270257
0.02540833333,5.5E9,5.491570490127154+0.10488001445079655i,5.491570490127154,26.180252352575103
0.02540833333,5.5E9,5.491648334624402+0.09440785603731201i,5.491648334624402,29.08469996635653
0.02540833333,5.5E9,5.492644166636156+0.10292783517025661i,5.492644166636156,26.682015402104675
0.02540833333,5.5E9,5.49305405792361+0.09158982342540416i,5.49305405792361,29.98725105304662
0.02540833333,5.5E9,5.4930889688601665+0.05174271259602555i,5.4930889688601665,53.08079817680549
0.02540833333,5.5E9,5.49389852721796+0.10433664843265497i,5.49389852721796,26.327750650166063
0.02540833333,5.5E9,5.4943632144068575+0.09039743730463437i,5.4943632144068575,30.390038579805957
0.02540833333,5.5E9,5.494803123467561+0.09867429449336246i,5.494803123467561,27.843133572326582
0.02540833333,5.5E9,5.4950868842756275+0.11942284371482953i,5.4950868842756275,23.00684991808341
0.02540833333,5.5E9,5.495812918498737+0.017678636352145206i,5.495812918498737,155.4365622162891
0.02540833333,5.5E9,5.496389919619417+0.09953054955862903i,5.496389919619417,27.611572245874807
0.02540833333,5.5E9,5.496907172900184+0.12153923455358794i,5.496907172900184,22.613714793787594
0.02540833333,5.5E9,5.497066385743946+0.11456044956165005i,5.497066385743946,23.991990284507967
0.02540833333,5.5E9,5.49720665394688+0.05013791061767261i,5.49720665394688,54.820858969033544
0.02540833333,5.5E9,5.497220226312587+0.00632712830304146i,5.497220226312587,434.41668660884153
0.02540833333,5.5E9,5.497493862725551+0.10426643388244926i,5.497493862725551,26.362721242214278
0.02540833333,5.5E9,5.498389125230541+0.04036656418038322i,5.498389125230541,68.10573598313044
0.02540833333,5.5E9,5.498402500411006+0.11231018485961371i,5.498402500411006,24.478645936180847
0.02540833333,5.5E9,5.500504524723074+0.11079819414126994i,5.500504524723074,24.822175881810036
0.02540833333,5.5E9,5.501460090151281+0.1201974008225378i,5.501460090151281,22.88510422231909
0.02540833333,5.5E9,5.502067990291355+0.10580347838411723i,5.502067990291355,26.00135682834649
0.02540833333,5.5E9,5.503191175186169+0.103483025908159i,5.503191175186169,26.58982536938107
0.02540833333,5.5E9,5.503588049265161+0.1136704905679468i,5.503588049265161,24.208517187560563
0.02540833333,5.5E9,5.504068232175996+0.09316704468323084i,5.504068232175996,29.538707870845855
0.02540833333,5.5E9,5.504290164036064+0.004680074077981009i,5.504290164036064,588.0558803473706
0.02540833333,5.5E9,5.5046913416543575+0.11699358383234577i,5.5046913416543575,23.525612094859376
0.02540833333,5.5E9,5.5050909125391+0.10292697419758824i,5.5050909125391,26.742702559054212
0.02540833333,5.5E9,5.505124322221971+0.08559479533727035i,5.505124322221971,32.15805529138806
0.02540833333,5.5E9,5.505397885274167+0.09882227636848949i,5.505397885274167,27.85504487240096
0.02540833333,5.5E9,5.505951777964442+0.11656542225626258i,5.505951777964442,23.617431616469908
0.02540833333,5.5E9,5.507418445114028+0.1195047350760752i,5.507418445114028,23.042678775899862
0.02540833333,5.5E9,5.507536760300288+0.007462810644518615i,5.507536760300288,368.9988278307407
0.02540833333,5.5E9,5.508031561724245+0.01388769858697165i,5.508031561724245,198.3061314021982
0.02540833333,5.5E9,5.508144731273052+0.10999847500693616i,5.508144731273052,25.037368613181798
0.02540833333,5.5E9,5.508998045680508+0.06987490359831088i,5.508998045680508,39.420433961168854
0.02540833333,5.5E9,5.510192235054629+0.09865616972006727i,5.510192235054629,27.926242477736402
0.02540833333,5.5E9,5.511450104466575+0.09665022138261048i,5.511450104466575,28.512351164972127
0.02540833333,5.5E9,5.5116398615094635+0.05256473007132355i,5.5116398615094635,52.42716793209897
0.02540833333,5.5E9,5.511872409249839+0.11031490989458113i,5.511872409249839,24.982445321838554
0.02540833333,5.5E9,5.5124736907435565+0.09180517814068943i,5.5124736907435565,30.022673025566217
0.02540833333,5.5E9,5.513473688632235+0.10820696379349627i,5.513473688632235,25.47651969587756
0.02540833333,5.5E9,5.513543399990145+0.007757345272885388i,5.513543399990145,355.37566048928437
0.02540833333,5.5E9,5.514644540950123+0.1115829125099184i,5.514644540950123,24.710972392210753
0.02540833333,5.5E9,5.514997819050586+0.10977347666004895i,5.514997819050586,25.11990139535099
0.02540833333,5.5E9,5.515228106471069+0.10348989225371168i,5.515228106471069,26.64621629400365
0.02540833333,5.5E9,5.515465808565151+0.12225635818864117i,5.515465808565151,22.556969184599808
0.02540833333,5.5E9,5.515543868337392+0.12048527474530588i,5.515543868337392,22.888871191922476
0.02540833333,5.5E9,5.516622770959416+0.05518826579376611i,5.516622770959416,49.980033722880236
0.02540833333,5.5E9,5.5168086800415415+0.0265101935464836i,5.5168086800415415,104.05070544596813
0.02540833333,5.5E9,5.516849892852558+0.11550484428327361i,5.516849892852558,23.881465435867693
0.02540833333,5.5E9,5.516972703219717+0.09633389139966769i,5.516972703219717,28.634640535442696
0.02540833333,5.5E9,5.5173123211278385+0.08783500608941579i,5.5173123211278385,31.40725188492177
0.02540833333,5.5E9,5.517947820635957+0.10308912132468638i,5.517947820635957,26.762997636078378
0.02540833333,5.5E9,5.520448067327012+0.12002588721311867i,5.520448067327012,22.996905898828608
0.02540833333,5.5E9,5.520470609229747+0.11056671637483843i,5.520470609229747,24.964432291334806
0.02540833333,5.5E9,5.520818472908173+0.09225441091473124i,5.520818472908173,29.92170465437661
0.02540833333,5.5E9,5.520850307287328+0.10774440377452202i,5.520850307287328,25.62012556513319
0.02540833333,5.5E9,5.522240607366795+0.10588148798543831i,5.522240607366795,26.077460340027802
0.02540833333,5.5E9,5.5235212170473575+0.06127499450232395i,5.5235212170473575,45.07157660240891
0.02540833333,5.5E9,5.523830303624477+0.0954465420047066i,5.523830303624477,28.936775432640022
0.02540833333,5.5E9,5.524771653531807+0.07292826568241839i,5.524771653531807,37.87812312437674
0.02540833333,5.5E9,5.524932228472816+0.09801613305362887i,5.524932228472816,28.183790037145656
0.02540833333,5.5E9,5.52574655682895+0.11273584772345792i,5.52574655682895,24.507495479094004
0.02540833333,5.5E9,5.526984583219356+0.1084549993671112i,5.526984583219356,25.480543153713782
0.02540833333,5.5E9,5.527424531484697+0.1132330726583896i,5.527424531484697,24.40728844372291
0.02540833333,5.5E9,5.527510092415297+0.008051323648410378i,5.527510092415297,343.2671653627182
0.02540833333,5.5E9,5.527996815878482+0.0062302805143127716i,5.527996815878482,443.63948005062224
0.02540833333,5.5E9,5.529012030313609+0.1005752097736187i,5.529012030313609,27.486952514236233
0.02540833333,5.5E9,5.5294686403009665+0.10373497206669277i,5.5294686403009665,26.65190210272572
0.02540833333,5.5E9,5.530504722274642+0.11869788811533173i,5.530504722274642,23.296559063043215
0.02540833333,5.5E9,5.5306932220367315+0.09832612466919756i,5.5306932220367315,28.124230669335635
0.02540833333,5.5E9,5.531808467041359+0.10861099528830122i,5.531808467041359,25.4661530923159
0.02540833333,5.5E9,5.534063200362086+0.1162773156816501i,5.534063200362086,23.796830740028103
0.02540833333,5.5E9,5.534703402735534+0.10387986858416653i,5.534703402735534,26.63992300996778
0.02540833333,5.5E9,5.53550557787389+0.09298935286941655i,5.53550557787389,29.764190238248624
0.02540833333,5.5E9,5.536064541652514+0.1131453716907196i,5.536064541652514,24.464387976846393
0.02540833333,5.5E9,5.536620199522767+0.04669095114023039i,5.536620199522767,59.29007724531275
0.02540833333,5.5E9,5.536873768270982+0.008590843122409562i,5.536873768270982,322.25438698955065
0.02540833333,5.5E9,5.537441678889731+0.09787373998492548i,5.537441678889731,28.288699705061894
0.02540833333,5.5E9,5.537782341743719+0.09528941310767605i,5.537782341743719,29.057699911983306
0.02540833333,5.5E9,5.538195585463897+0.11032517170854053i,5.538195585463897,25.0994197411939
0.02540833333,5.5E9,5.540100496240549+0.11538324813744755i,5.540100496240549,24.007386625314258
0.02540833333,5.5E9,5.542035799672893+0.09399718139954971i,5.542035799672893,29.479797783061194
0.02540833333,5.5E9,5.542341071070806+0.06274725040486544i,5.542341071070806,44.16401543740833
0.02540833333,5.5E9,5.542937313468683+0.11236259298687279i,5.542937313468683,24.665403165430064
0.02540833333,5.5E9,5.543678623092789+0.08318866515820669i,5.543678623092789,33.31991571537974
0.02540833333,5.5E9,5.5437148669964875+0.004087646514227232i,5.5437148669964875,678.1059526186212
0.02540833333,5.5E9,5.543959395645537+0.10491393483840943i,5.543959395645537,26.421463479491333
0.02540833333,5.5E9,5.544298068181667+0.10864816996665402i,5.544298068181667,25.514916955726477
0.02540833333,5.5E9,5.545168668090574+0.09999989048873277i,5.545168668090574,27.725873703408514
0.02540833333,5.5E9,5.545564725647473+0.11149368696392545i,5.545564725647473,24.86941133914506
0.02540833333,5.5E9,5.546861593675559+0.08546703803380117i,5.546861593675559,32.45029733850051
0.02540833333,5.5E9,5.5469617992646425+0.0795058782700975i,5.5469617992646425,34.88397285808538
0.02540833333,5.5E9,5.5470838432156375+0.10650678744885862i,5.5470838432156375,26.040987509266397
0.02540833333,5.5E9,5.548359544077211+0.09669353124846705i,5.548359544077211,28.690438090527252
0.02540833333,5.5E9,5.548517947627848+0.08963147777869752i,5.548517947627848,30.951837932022524
0.02540833333,5.5E9,5.54931204611491+0.1011753073632424i,5.54931204611491,27.424241105547697
0.02540833333,5.5E9,5.549514080279268+0.04290987275957739i,5.549514080279268,64.66476970664786
0.02540833333,5.5E9,5.550473884546161+0.015291206668698746i,5.550473884546161,181.49234409041236
0.02540833333,5.5E9,5.550646158686017+0.10689571386417963i,5.550646158686017,25.962903272897353
0.02540833333,5.5E9,5.551202946555022+0.11118147052540552i,5.551202946555022,24.964604804748216
0.02540833333,5.5E9,5.552798729738221+0.10089651359404883i,5.552798729738221,27.517297337346957
0.02540833333,5.5E9,5.554601449910844+0.09540779090184837i,5.554601449910844,29.10978965871451
0.02540833333,5.5E9,5.555020217392601+0.005544175991980992i,5.555020217392601,500.9779835116429
0.02540833333,5.5E9,5.555051267848669+0.0901435663921653i,5.555051267848669,30.812244790059026
0.02540833333,5.5E9,5.556314935005224+0.10246004763036773i,5.556314935005224,27.114543978400462
0.02540833333,5.5E9,5.558136839521756+0.09312633823715873i,5.558136839521756,29.841916608850305
0.02540833333,5.5E9,5.558213628724443+0.020447411228323074i,5.558213628724443,135.91484923591184
0.02540833333,5.5E9,5.560419502556666+0.09946714083665213i,5.560419502556666,27.951037175624414
0.02540833333,5.5E9,5.562824618746113+0.07720694825690298i,5.562824618746113,36.02541444997956
0.02540833333,5.5E9,5.563005915406658+0.011283412662196377i,5.563005915406658,246.5125614896986
0.02540833333,5.5E9,5.5633946128853005+0.006425735337941229i,5.5633946128853005,432.8994519923522
0.02540833333,5.5E9,5.563593456560131+0.09369597016367616i,5.563593456560131,29.689609098668647
0.02540833333,5.5E9,5.56364428238215+0.09501365369800197i,5.56364428238215,29.278130383586895
0.02540833333,5.5E9,5.565646655165894+0.10273739530428959i,5.565646655165894,27.086761537420013
0.02540833333,5.5E9,5.567408465628419+0.07921096776963227i,5.567408465628419,35.142914058442045
0.02540833333,5.5E9,5.569540108201169+0.007121781250890244i,5.569540108201169,391.0215655321454
0.02540833333,5.5E9,5.570982227132687+0.1007599833205729i,5.570982227132687,27.64481515150876
0.02540833333,5.5E9,5.571266649703416+0.006952874527652847i,5.571266649703416,400.6448431900702
0.02540833333,5.5E9,5.5716059481595295+0.08479953689248546i,5.5716059481595295,32.8516295744845
0.02540833333,5.5E9,5.572032738764144+0.09285942927995128i,5.572032738764144,30.002514456370715
0.02540833333,5.5E9,5.574205970905243+0.09565731363004505i,5.574205970905243,29.13632925373329
0.02540833333,5.5E9,5.5748904322485275+0.09126578811641367i,5.5748904322485275,30.54206043308091
0.02540833333,5.5E9,5.5749037943986535+0.07597901807599423i,5.5749037943986535,36.6871271541219
0.02540833333,5.5E9,5.576866957394191+0.007092353448122618i,5.576866957394191,393.16053536999175
0.02540833333,5.5E9,5.578356861654819+0.08590819931699786i,5.578356861654819,32.46696418970966
0.02540833333,5.5E9,5.5787417941753965+0.013581046905848942i,5.5787417941753965,205.3870306483075
0.02540833333,5.5E9,5.578781447650262+0.09200219824578286i,5.578781447650262,30.318739954161796
0.02540833333,5.5E9,5.582865744968114+0.08894751811212794i,5.582865744968114,31.382920307738715
0.02540833333,5.5E9,5.584227415604371+0.012963429796158488i,5.584227415604371,215.3838723012628
0.02540833333,5.5E9,5.584893644760216+0.005381910543928865i,5.584893644760216,518.8579036361288
0.02540833333,5.5E9,5.587381063290179+0.08704870230706815i,5.587381063290179,32.09341963295699
0.02540833333,5.5E9,5.5889745974342455+0.03614203010759423i,5.5889745974342455,77.31959965718528
0.02540833333,5.5E9,5.589034910227104+0.016667679004049578i,5.589034910227104,167.66086354522403
0.02540833333,5.5E9,5.5915893056841215+0.020988755989722104i,5.5915893056841215,133.20440021367259
0.02540833333,5.5E9,5.5952362186095055+0.009855186208321542i,5.5952362186095055,283.8726788279753
0.02540833333,5.5E9,5.597019836017295+0.006103951518647333i,5.597019836017295,458.4751221334752
0.02540833333,5.5E9,5.597405206254581+0.006051549425075291i,5.597405206254581,462.4770296893791
0.02540833333,5.5E9,5.599606861436088+0.015138372630254738i,5.599606861436088,184.94745103066808
0.02540833333,5.5E9,5.601945764053351+0.052524873545326235i,5.601945764053351,53.326599246537576
0.02540833333,5.5E9,5.604346253002205+0.04051797755743009i,5.604346253002205,69.15876100995683
0.02540833333,5.5E9,5.608294340109449+0.05145142385734568i,5.608294340109449,54.500866250650496
0.02540833333,5.5E9,5.60949931362491+0.006433220093918543i,5.60949931362491,435.9791233419549
0.02540833333,5.5E9,5.619114367513738+0.007413178834006802i,5.619114367513738,378.99492871647226
0.0381125,2.5E9,2.3015758773352553+0.12027836611470602i,2.3015758773352553,9.567705114734883
0.0381125,2.5E9,2.301886609523541+4.431768807667479E-4i,2.301886609523541,2597.029210482514
0.0381125,2.5E9,2.3020565052214725+4.427805563712565E-4i,2.3020565052214725,2599.5456124898988
0.0381125,2.5E9,2.3020891722179657+0.11914529102235967i,2.3020891722179657,9.660848332587223
0.0381125,2.5E9,2.316182900653849+0.09056091435083714i,2.316182900653849,12.787983189308633
0.0381125,2.5E9,2.3162876663696+0.09099263922936898i,2.3162876663696,12.727884837645142
0.0381125,2.5E9,2.3190328616466545+0.008143599930331384i,2.3190328616466545,142.38376648447948
0.0381125,2.5E9,2.3193265110540393+0.008136120454803965i,2.3193265110540393,142.53270486455216
0.0381125,2.5E9,2.329428869594438+0.15100718715534392i,2.329428869594438,7.712973512969652
0.0381125,2.5E9,2.3297755878633186+0.15071818174609522i,2.3297755878633186,7.728913528787571
0.0381125,2.5E9,2.3301462285746704+0.1524365527790259i,2.3301462285746704,7.643003551623482
0.0381125,2.5E9,2.330586556824191+0.15222194882240675i,2.330586556824191,7.655225067257627
0.0381125,2.5E9,2.3332189697921426+0.16483688804542257i,2.3332189697921426,7.077356887340651
0.0381125,2.5E9,2.333369850345603+0.16470628057461226i,2.333369850345603,7.083427062420312
0.0381125,2.5E9,2.3334934924863324+0.16607008383360977i,2.3334934924863324,7.025628694281639
0.0381125,2.5E9,2.3335814383406257+0.16587301000826205i,2.3335814383406257,7.034240948013156
0.0381125,2.5E9,2.3522252658722373+0.1298947640640861i,2.3522252658722373,9.054349814715094
0.0381125,2.5E9,2.3526628529772142+0.1308293366261574i,2.3526628529772142,8.991342896203427
0.0381125,2.5E9,2.352835838124602+0.13007931537282377i,2.352835838124602,9.04385078973193
0.0381125,2.5E9,2.3530794622750615+0.13111257764041184i,2.3530794622750615,8.973507746635091
0.0381125,2.5E9,2.358315864212886+0.14829929367860642i,2.358315864212886,7.9512039663648615
0.0381125,2.5E9,2.3584922887968998+0.14858087642796944i,2.3584922887968998,7.936728956974063
0.0381125,2.5E9,2.3588672344777573+0.1482039119228918i,2.3588672344777573,7.958181413271463
0.0381125,2.5E9,2.359063693915509+0.14846008214995116i,2.359063693915509,7.94511110243342
0.0381125,2.5E9,2.3670286829189413+0.19516276246876132i,2.3670286829189413,6.064242617230371
0.0381125,2.5E9,2.367924667627238+0.19336322796733607i,2.367924667627238,6.122996322825249
0.0381125,2.5E9,2.3830513962583617+0.035001289408411976i,2.3830513962583617,34.042337247233455
0.0381125,2.5E9,2.3832193833410122+0.03500481406134456i,2.3832193833410122,34.04130899202198
0.0381125,2.5E9,2.399793111714941+0.20642328145984684i,2.399793111714941,5.812796635009762
0.0381125,2.5E9,2.4009650528625586+0.20715848077160928i,2.4009650528625586,5.79499580205361
0.0381125,2.5E9,2.404418155393588+0.050406452365003844i,2.404418155393588,23.85030132633303
0.0381125,2.5E9,2.4048841451420913+0.050457354846502774i,2.4048841451420913,23.83085828080002
0.0381125,2.5E9,2.4095219054955104+0.19808458869779083i,2.4095219054955104,6.082052928336627
0.0381125,2.5E9,2.4098715802804827+0.21373450027211846i,2.4098715802804827,5.6375353001324715
0.0381125,2.5E9,2.4103623918689805+0.21264252430627317i,2.4103623918689805,5.667639621314146
0.0381125,2.5E9,2.4108319596462193+0.19835718916238382i,2.4108319596462193,6.076996679138783
0.0381125,2.5E9,2.4140720848941917+0.167114748429078i,2.4140720848941917,7.222797830793201
0.0381125,2.5E9,2.415056748436645+0.16785039518851655i,2.415056748436645,7.194075252918651
0.0381125,2.5E9,2.4155375340918295+0.20127724952337747i,2.4155375340918295,6.000523009460331
0.0381125,2.5E9,2.417095403741893+0.2016700003613951i,2.417095403741893,5.992699458051343
0.0381125,2.5E9,2.421657514991303+0.19564427633899814i,2.421657514991303,6.188930134595994
0.0381125,2.5E9,2.421779182670185+0.19606364999211615i,2.421779182670185,6.1760024940053055
0.0381125,2.5E9,2.4221122225636593+0.04948683041311888i,2.4221122225636593,24.472290934211472
0.0381125,2.5E9,2.4226263185337995+0.04951798816281764i,2.4226263185337995,24.462083461146303
0.0381125,2.5E9,2.4227315234171467+0.19790984724842586i,2.4227315234171467,6.12079579945312
0.0381125,2.5E9,2.4230169907420684+0.19831412276543964i,2.4230169907420684,6.109037916598468
0.0381125,2.5E9,2.430141083061656+0.19424778220522873i,2.430141083061656,6.255260820672171
0.0381125,2.5E9,2.4304848976349227+0.19327333344684675i,2.4304848976349227,6.287688152031965
0.0381125,2.5E9,2.430595711403465+0.19369359476783105i,2.430595711403465,6.274331668832093
0.0381125,2.5E9,2.431047715312639+0.2176292570312684i,2.431047715312639,5.585296178636846
0.0381125,2.5E9,2.4311929995731796+0.19319913438866762i,2.4311929995731796,6.291935539116433
0.0381125,2.5E9,2.432353163108063+0.21913330640223727i,2.432353163108063,5.54993944791596
0.0381125,2.5E9,2.436396073205492+0.2238049567962171i,2.436396073205492,5.443123575283283
0.0381125,2.5E9,2.441695894186498+0.17686013005942772i,2.441695894186498,6.902900878129092
0.0381125,2.5E9,2.442017236437036+0.17639146005277526i,2.442017236437036,6.922152681616218
0.0381125,2.5E9,2.4422564048440503+0.17814949299312186i,2.4422564048440503,6.854514048317676
0.0381125,2.5E9,2.4423993418884966+0.1784181858709525i,2.4423993418884966,6.8445919062730844
0.0381125,2.5E9,2.4438730674914297+0.07375162495308452i,2.4438730674914297,16.568265913097147
0.0381125,2.5E9,2.444377482094751+0.07343655918655223i,2.444377482094751,16.642783302831866
0.0381125,2.5E9,2.445801367561984+0.1612463364252483i,2.445801367561984,7.584052517980231
0.0381125,2.5E9,2.44610157139435+0.1627057823132688i,2.44610157139435,7.516947267075918
0.0381125,2.5E9,2.4465926058892493+0.16078416633969034i,2.4465926058892493,7.608313248707303
0.0381125,2.5E9,2.4469522742898646+0.1621601355208136i,2.4469522742898646,7.544863805246985
0.0381125,2.5E9,2.44778647235424+0.22307844202012272i,2.44778647235424,5.486380598205537
0.0381125,2.5E9,2.447990291549933+0.22509572331756603i,2.447990291549933,5.4376650419437285
0.0381125,2.5E9,2.4488641497731445+0.14842023365784288i,2.4488641497731445,8.24976517493759
0.0381125,2.5E9,2.4498657848336265+0.15038086426704161i,2.4498657848336265,8.145536989610699
0.0381125,2.5E9,2.449924191453847+0.148228853783915i,2.449924191453847,8.26399222861595
0.0381125,2.5E9,2.450651638919704+0.15001163035421705i,2.450651638919704,8.168205468912872
0.0381125,2.5E9,2.45469436982674+0.22123015954202074i,2.45469436982674,5.547829407410638
0.0381125,2.5E9,2.455892792712149+0.2117570171184079i,2.455892792712149,5.798846305383332
0.0381125,2.5E9,2.4566561808486584+0.2133342541099044i,2.4566561808486584,5.7577630725515165
0.0381125,2.5E9,2.4572988607158233+0.21443584643780614i,2.4572988607158233,5.7296830299977985
0.0381125,2.5E9,2.457328255200664+0.21167516839133363i,2.457328255200664,5.804479273302592
0.0381125,2.5E9,2.4581869293911787+0.21000800095016556i,2.4581869293911787,5.852603039573004
0.0381125,2.5E9,2.458511607963266+0.21461550604269808i,2.458511607963266,5.727711975000869
0.0381125,2.5E9,2.459278368757499+0.21708073585603796i,2.459278368757499,5.664432541790409
0.0381125,2.5E9,2.4593584047731603+0.2157068833850775i,2.4593584047731603,5.7006952355404
0.0381125,2.5E9,2.460810740371771+0.17663945722158447i,2.460810740371771,6.965631515966501
0.0381125,2.5E9,2.4610160116432915+0.17864925032210563i,2.4610160116432915,6.887843098154807
0.0381125,2.5E9,2.461738467420649+0.17712338393996463i,2.461738467420649,6.949219274895535
0.0381125,2.5E9,2.461829657967801+0.17881980391170163i,2.461829657967801,6.883548701304395
0.0381125,2.5E9,2.4644585195804116+0.12893537391212237i,2.4644585195804116,9.5569526220946
0.0381125,2.5E9,2.464921784593947+0.13010297742638752i,2.464921784593947,9.47296454452245
0.0381125,2.5E9,2.4650027274343516+0.12875293962810563i,2.4650027274343516,9.572607563580098
0.0381125,2.5E9,2.4652588644114277+0.12988639296323656i,2.4652588644114277,9.4900582276898
0.0381125,2.5E9,2.465267288587142+0.14531882777530053i,2.465267288587142,8.482270763975146
0.0381125,2.5E9,2.4655572128922265+0.14567668633822212i,2.4655572128922265,8.462428940646909
0.0381125,2.5E9,2.4656759272143614+0.1707338968393928i,2.4656759272143614,7.220815470327463
0.0381125,2.5E9,2.465718431185871+0.1456495683268848i,2.465718431185871,8.464557978132829
0.0381125,2.5E9,2.4658624808953213+0.1460695695009144i,2.4658624808953213,8.44071249515076
0.0381125,2.5E9,2.4660404035387087+0.1715043990911174i,2.4660404035387087,7.189437753805206
0.0381125,2.5E9,2.467645116760767+0.17249441900123413i,2.467645116760767,7.152825961120262
0.0381125,2.5E9,2.4676820888879045+0.1716859101117165i,2.4676820888879045,7.186617956249809
0.0381125,2.5E9,2.4850832712598674+0.21422173676211886i,2.4850832712598674,5.800259368682582
0.0381125,2.5E9,2.485400718406943+0.21237736607759045i,2.485400718406943,5.851378525663891
0.0381125,2.5E9,2.4873753308411253+0.2077476674797837i,2.4873753308411253,5.986530104082098
0.0381125,2.5E9,2.4881898109147893+0.20627148080353228i,2.4881898109147893,6.031347138300518
0.0381125,2.5E9,2.4911964115279863+0.19903140052160287i,2.4911964115279863,6.258299959200638
0.0381125,2.5E9,2.491513889855197+0.2001109396120894i,2.491513889855197,6.225331545304173
0.0381125,2.5E9,2.492926823288049+0.20143800917457805i,2.492926823288049,6.187826303246304
0.0381125,2.5E9,2.4929692007304487+0.2179417993327389i,2.4929692007304487,5.719346193256739
0.0381125,2.5E9,2.4930594061423275+0.1963060604476024i,2.4930594061423275,6.349929799563599
0.0381125,2.5E9,2.4930985747471675+0.21188062355132106i,2.4930985747471675,5.883262312901624
0.0381125,2.5E9,2.493389916341754+0.21832201998025355i,2.493389916341754,5.710349136031427
0.0381125,2.5E9,2.4934612682994377+0.20305201122257016i,2.4934612682994377,6.139957081159603
0.0381125,2.5E9,2.4934800038347538+0.19734702986060684i,2.4934800038347538,6.317500713327144
0.0381125,2.5E9,2.494995014424558+0.23300961549523497i,2.494995014424558,5.353845610881196
0.0381125,2.5E9,2.496471648264008+0.2334185193514364i,2.496471648264008,5.347629775050763
0.0381125,2.5E9,2.503050818983982+0.22576072653265977i,2.503050818983982,5.543592230205453
0.0381125,2.5E9,2.5033899008276284+0.0022552946940361104i,2.5033899008276284,555.0028356488356
0.0381125,2.5E9,2.5035062449922614+0.2250419644717076i,2.5035062449922614,5.562309791574459
0.0381125,2.5E9,2.5036724725615804+0.22466080584642265i,2.5036724725615804,5.572116736448195
0.0381125,2.5E9,2.503833986255677+0.002267409598306275i,2.503833986255677,552.1353504294079
0.0381125,2.5E9,2.50420415449306+0.22407927639020747i,2.50420415449306,5.587763837054449
0.0381125,2.5E9,2.5045711598411744+0.208817859324725i,2.5045711598411744,5.997023357916929
0.0381125,2.5E9,2.5049568505782043+0.21926846731598773i,2.5049568505782043,5.7120772568002485
0.0381125,2.5E9,2.505027727977526+0.2120080757228466i,2.505027727977526,5.907859215826034
0.0381125,2.5E9,2.5052720796511876+0.21984456189396565i,2.5052720796511876,5.697825904967161
0.0381125,2.5E9,2.5140591089564044+0.21677460839369173i,2.5140591089564044,5.798785954650501
0.0381125,2.5E9,2.518075654641282+0.21724186400511744i,2.518075654641282,5.795558020488089
0.0381125,2.5E9,2.519342503642275+0.22003936689735243i,2.519342503642275,5.724754027349885
0.0381125,2.5E9,2.519385202593399+0.06050310414966829i,2.519385202593399,20.820297057495782
0.0381125,2.5E9,2.5204049025616437+0.060151258436635574i,2.5204049025616437,20.950558376236504
0.0381125,2.5E9,2.5210357189008703+0.20393199191717612i,2.5210357189008703,6.181069716429659
0.0381125,2.5E9,2.5217562545373506+0.20326880433253672i,2.5217562545373506,6.203008530546317
0.0381125,2.5E9,2.5246182585776236+0.18772116362645366i,2.5246182585776236,6.724383681110568
0.0381125,2.5E9,2.5247114049268164+0.1884041388505128i,2.5247114049268164,6.700254623732077
0.0381125,2.5E9,2.525450304053247+0.19053621402366838i,2.525450304053247,6.62721865497846
0.0381125,2.5E9,2.5255589105542375+0.19008304261384518i,2.5255589105542375,6.643304094423944
0.0381125,2.5E9,2.5268838695682945+1.1083175628214686E-4i,2.5268838695682945,11399.638309148282
0.0381125,2.5E9,2.5272394841695833+1.1014127627849075E-4i,2.5272394841695833,11472.71744781444
0.0381125,2.5E9,2.5351783171917197+0.19890416758334786i,2.5351783171917197,6.372863746380252
0.0381125,2.5E9,2.53521902268069+0.19949242809176695i,2.53521902268069,6.354173556688787
0.0381125,2.5E9,2.535562810807768+0.21126272737955004i,2.535562810807768,6.000970550409564
0.0381125,2.5E9,2.5384939224035823+0.21291583932674288i,2.5384939224035823,5.961261337884738
0.0381125,2.5E9,2.5388433005235806+0.20400331199558652i,2.5388433005235806,6.222554123480374
0.0381125,2.5E9,2.5394647987666437+0.2037310093545323i,2.5394647987666437,6.232396351474095
0.0381125,2.5E9,2.540732616796135+0.1723782584774351i,2.540732616796135,7.369643478352943
0.0381125,2.5E9,2.540812662121444+0.17207758084329902i,2.540812662121444,7.3827533187929175
0.0381125,2.5E9,2.5413537231499945+0.17240605010926813i,2.5413537231499945,7.370256790696516
0.0381125,2.5E9,2.541650473319223+0.1723254192601674i,2.541650473319223,7.374566341492487
0.0381125,2.5E9,2.5434277338754283+0.21471887250447313i,2.5434277338754283,5.922692551914463
0.0381125,2.5E9,2.543860200597797+0.21643862228459654i,2.543860200597797,5.876631845431124
0.0381125,2.5E9,2.5444556025941982+0.21108850239293275i,2.5444556025941982,6.026987670455392
0.0381125,2.5E9,2.545443347219795+0.21017325311072585i,2.545443347219795,6.055583452093153
0.0381125,2.5E9,2.54861743578745+0.19694354755557722i,2.54861743578745,6.470426341508429
0.0381125,2.5E9,2.549914005780084+0.20557093370743096i,2.549914005780084,6.202029537427523
0.0381125,2.5E9,2.5503661627445133+0.19891282982832842i,2.5503661627445133,6.410763360376515
0.0381125,2.5E9,2.551114265803002+0.21610333146249508i,2.551114265803002,5.902533405057086
0.0381125,2.5E9,2.5511643566393816+0.21737256746750377i,2.5511643566393816,5.8681837969751385
0.0381125,2.5E9,2.5540934516947233+0.20770647027939046i,2.5540934516947233,6.148324239151426
0.0381125,2.5E9,2.55429674859754+0.1884699745731514i,2.55429674859754,6.776402327167857
0.0381125,2.5E9,2.5543694599929334+0.18752697980574315i,2.5543694599929334,6.81067189009009
0.0381125,2.5E9,2.5547948623979666+0.18907082983353848i,2.5547948623979666,6.7561846125265745
0.0381125,2.5E9,2.5549630478574414+0.18803297210989808i,2.5549630478574414,6.793922946567487
0.0381125,2.5E9,2.5592677891934374+0.1581635990315264i,2.5592677891934374,8.09057142371711
0.0381125,2.5E9,2.5596950583648956+0.15986299887072816i,2.5596950583648956,8.005902167626578
0.0381125,2.5E9,2.5597182705579455+0.1580158839023861i,2.5597182705579455,8.099560016824654
0.0381125,2.5E9,2.5601544412287804+0.15943791425867185i,2.5601544412287804,8.028687696814664
0.0381125,2.5E9,2.5653713874980664+0.21835843027607008i,2.5653713874980664,5.874221078285536
0.0381125,2.5E9,2.568773009767259+0.14653980257478255i,2.568773009767259,8.764762080446904
0.0381125,2.5E9,2.5688913549156585+0.14590736090620332i,2.5688913549156585,8.803158863818643
0.0381125,2.5E9,2.569581482811419+0.1489856477323509i,2.569581482811419,8.623587311670484
0.0381125,2.5E9,2.5696686662667223+0.1990568772970669i,2.5696686662667223,6.454609107606519
0.0381125,2.5E9,2.570015470877309+0.14812849825418425i,2.570015470877309,8.674952832058137
0.0381125,2.5E9,2.5712460405044353+0.19793982293771697i,2.5712460405044353,6.495019552769566
0.0381125,2.5E9,2.571481281714231+0.19518547897939217i,2.571481281714231,6.5872761005590235
0.0381125,2.5E9,2.572082920001912+0.14307393400575338i,2.572082920001912,8.988649602304504
0.0381125,2.5E9,2.572553639551868+0.14360861963481206i,2.572553639551868,8.956821833166124
0.0381125,2.5E9,2.5736165987829387+0.14290324859514134i,2.5736165987829387,9.004751900617189
0.0381125,2.5E9,2.5736668034711405+0.19415428253664468i,2.5736668034711405,6.627890896471436
0.0381125,2.5E9,2.573750470527953+0.1435457256766507i,2.573750470527953,8.964915041516287
0.0381125,2.5E9,2.57552811126962+0.2206976625279234i,2.57552811126962,5.834969164985505
0.0381125,2.5E9,2.576355889648928+0.12781073649196614i,2.576355889648928,10.078792910370526
0.0381125,2.5E9,2.5768780847659225+0.12918323659321443i,2.5768780847659225,9.973732477690831
0.0381125,2.5E9,2.5775147137194536+0.12787427014440356i,2.5775147137194536,10.0783164228768
0.0381125,2.5E9,2.577729731976404+0.12914376788869564i,2.577729731976404,9.98007791672168
0.0381125,2.5E9,2.5799237382218005+0.1720801622581753i,2.5799237382218005,7.496284593081361
0.0381125,2.5E9,2.5803771541172154+0.17280770096047335i,2.5803771541172154,7.466036350739457
0.0381125,2.5E9,2.5804959662612066+0.1743040634713192i,2.5804959662612066,7.4022828695723835
0.0381125,2.5E9,2.5805110806842646+0.17507194093906395i,2.5805110806842646,7.369859118607833
0.0381125,2.5E9,2.5912249904636355+0.1667813054169218i,2.5912249904636355,7.768331660392218
0.0381125,2.5E9,2.5913377715745662+0.02322393018399056i,2.5913377715745662,55.790250638991914
0.0381125,2.5E9,2.5919401433920912+0.02309010074105748i,2.5919401433920912,56.12665298560723
0.0381125,2.5E9,2.592216890483133+0.16630782018280918i,2.592216890483133,7.793430542333222
0.0381125,2.5E9,2.5926276892471023+0.21664160081290665i,2.5926276892471023,5.983679218392861
0.0381125,2.5E9,2.593086424237729+0.1685278103161476i,2.593086424237729,7.693348710142443
0.0381125,2.5E9,2.5930980620110473+0.21556648593955216i,2.5930980620110473,6.01461319626973
0.0381125,2.5E9,2.5938169508877884+0.21675151607691615i,2.5938169508877884,5.983388254519406
0.0381125,2.5E9,2.594172328245594+0.16793829315782677i,2.594172328245594,7.723587871074813
0.0381125,2.5E9,2.594218897607037+0.21556443885908416i,2.594218897607037,6.017270082527142
0.0381125,2.5E9,2.596525713968161+0.21209524763733736i,2.596525713968161,6.121131290994252
0.0381125,2.5E9,2.59836434918014+0.21110806922821618i,2.59836434918014,6.154109501070765
0.0381125,2.5E9,2.6038430614981247+0.17391702750403965i,2.6038430614981247,7.4858773142199775
0.0381125,2.5E9,2.6041344655383134+0.17680455837686893i,2.6041344655383134,7.3644437944508585
0.0381125,2.5E9,2.6146617980729006+0.2106757938826532i,2.6146617980729006,6.2054157952509525
0.0381125,2.5E9,2.6192286051776+0.19463348748615683i,2.6192286051776,6.728617564754603
0.0381125,2.5E9,2.619953007840749+0.1953845497599123i,2.619953007840749,6.704606405829263
0.0381125,2.5E9,2.620785253139153+0.19328804249853848i,2.620785253139153,6.779481077208823
0.0381125,2.5E9,2.6221665513163948+0.19451230345126372i,2.6221665513163948,6.7403616758191225
0.0381125,2.5E9,2.624087081769773+0.0374826866892205i,2.624087081769773,35.00398868852195
0.0381125,2.5E9,2.6264758593562134+0.19779389398022112i,2.6264758593562134,6.639426037132505
0.0381125,2.5E9,2.6287059566945947+0.19888690888921914i,2.6287059566945947,6.60854445216099
0.0381125,2.5E9,2.62915076534431+0.181406426619568i,2.62915076534431,7.246575588134947
0.0381125,2.5E9,2.6295089703049133+0.18376398559424803i,2.6295089703049133,7.154581899716968
0.0381125,2.5E9,2.6295764916807345+0.1812076822667728i,2.6295764916807345,7.255698154699336
0.0381125,2.5E9,2.6303817452189815+0.18350172904466425i,2.6303817452189815,7.1671851783444165
0.0381125,2.5E9,2.64088560382676+0.16782660033899327i,2.64088560382676,7.867899363070069
0.0381125,2.5E9,2.6409976636637573+0.1681207541749948i,2.6409976636637573,7.8544665012470025
0.0381125,2.5E9,2.6411248197458637+0.16812323917596034i,2.6411248197458637,7.854728569027932
0.0381125,2.5E9,2.6414148588211903+0.16788280852604653i,2.6414148588211903,7.866841405656443
0.0381125,2.5E9,2.6454526175351387+0.18935595378304507i,2.6454526175351387,6.985395929420236
0.0381125,2.5E9,2.659997038454239+0.03480286169557579i,2.659997038454239,38.215205716723915
0.0381125,2.5E9,2.6608284127991384+0.03493269538550708i,2.6608284127991384,38.08507164183881
0.0381125,2.5E9,2.669481522244047+0.04954303437364752i,2.669481522244047,26.941037786575034
0.0381125,2.5E9,2.6708874278290655+0.15635699735330905i,2.6708874278290655,8.54099104306105
0.0381125,2.5E9,2.671720004235263+0.15746355099611978i,2.671720004235263,8.483614104133533
0.0381125,2.5E9,2.6753874632657255+0.15573130739918734i,2.6753874632657255,8.589754712608565
0.0381125,2.5E9,2.6756673522541057+0.1579584300277607i,2.6756673522541057,8.46953009023914
0.0381125,2.5E9,2.679518658209046+0.05354730752524204i,2.679518658209046,25.020106351247712
0.0381125,2.5E9,2.680492369618866+0.14109728221889384i,2.680492369618866,9.498738485481368
0.0381125,2.5E9,2.6807713043213646+0.14072328978393436i,2.6807713043213646,9.524973827848267
0.0381125,2.5E9,2.680826242086861+0.14173814445089705i,2.680826242086861,9.45696817350248
0.0381125,2.5E9,2.6809524898663466+0.05330258270708782i,2.6809524898663466,25.148429529192885
0.0381125,2.5E9,2.681014269046079+0.14150387495858593i,2.681014269046079,9.47328922911381
0.0381125,2.5E9,2.686769692724337+5.625969186271781E-4i,2.686769692724337,2387.828304570582
0.0381125,2.5E9,2.6872223099644152+5.634399610717364E-4i,2.6872223099644152,2384.6571912054014
0.0381125,2.5E9,2.6877692771917796+0.14485693771394445i,2.6877692771917796,9.277323266695861
0.0381125,2.5E9,2.688023295112595+0.14397816589104395i,2.688023295112595,9.334829619745149
0.0381125,2.5E9,2.688844819293293+0.12651569433404475i,2.688844819293293,10.62652674613563
0.0381125,2.5E9,2.6891766315822045+0.14657534283001347i,2.6891766315822045,9.173359514843161
0.0381125,2.5E9,2.6891904344653534+0.12805573073328258i,2.6891904344653534,10.50007843876375
0.0381125,2.5E9,2.6894124719266834+0.1274205098077679i,2.6894124719266834,10.55329505424224
0.0381125,2.5E9,2.6897927910739066+0.1288970313223164i,2.6897927910739066,10.43388184925642
0.0381125,2.5E9,2.7059356667801326+0.029589924350123913i,2.7059356667801326,45.72393688409009
0.0381125,2.5E9,2.706981974743779+0.03000089714943467i,2.706981974743779,45.11501708199397
0.0381125,2.5E9,2.709467193144953+0.035238824276914577i,2.709467193144953,38.44434723266237
0.0381125,2.5E9,2.7099793504124725+0.035177461540277837i,2.7099793504124725,38.5186882701808
0.0381125,2.5E9,2.716831139914524+0.04701134415222539i,2.716831139914524,28.895484578331466
0.0381125,3.0E9,2.803999817119167+0.01315458547090979i,2.803999817119167,106.57879806703016
0.0381125,3.0E9,2.8043840730149987+0.013075666081147755i,2.8043840730149987,107.2367577915708
0.0381125,3.0E9,2.869835468341718+0.035193737643221874i,2.869835468341718,40.77196200975876
0.0381125,3.0E9,2.870531270516104+0.03588524002031433i,2.870531270516104,39.995988167992195
0.0381125,3.0E9,2.870592084156543+1.393889117397212E-4i,2.870592084156543,10297.060391420358
0.0381125,3.0E9,2.8730358607112443+1.3865446058498277E-4i,2.8730358607112443,10360.416277233038
0.0381125,3.0E9,2.896587045380107+0.13710194758994948i,2.896587045380107,10.56362471977184
0.0381125,3.0E9,2.8967712429532213+0.1381331513829863i,2.8967712429532213,10.485430955389084
0.0381125,3.0E9,2.897680161663863+0.02708458170529567i,2.897680161663863,53.49316805393562
0.0381125,3.0E9,2.8979237837712284+0.1378261025029968i,2.8979237837712284,10.512971531311415
0.0381125,3.0E9,2.898223117884831+0.13885341446478253i,2.898223117884831,10.43626881289228
0.0381125,3.0E9,2.898562523167865+0.0269885054260031i,2.898562523167865,53.69994516953012
0.0381125,3.0E9,2.903062889917358+0.1531857437544052i,2.903062889917358,9.475630103580945
0.0381125,3.0E9,2.903305871991759+0.1550546224958557i,2.903305871991759,9.362203542397966
0.0381125,3.0E9,2.9038675133597653+0.1527052250816724i,2.9038675133597653,9.508081703840421
0.0381125,3.0E9,2.9048066327715385+0.15533399373194504i,2.9048066327715385,9.350196190102055
0.0381125,3.0E9,2.908896741085754+0.016185521494506697i,2.908896741085754,89.86107559379603
0.0381125,3.0E9,2.9090079231660706+0.016142965933693874i,2.9090079231660706,90.10140810290441
0.0381125,3.0E9,2.913012933656309+0.12537153793307618i,2.913012933656309,11.617520936894334
0.0381125,3.0E9,2.9135645738196785+0.12652581002145813i,2.9135645738196785,11.51371634501116
0.0381125,3.0E9,2.9143289879615355+0.12571857947206497i,2.9143289879615355,11.590685323520965
0.0381125,3.0E9,2.914369713536+0.1283010667617206i,2.914369713536,11.357542797943125
0.0381125,3.0E9,2.914888596482471+0.20206426897372956i,2.914888596482471,7.212775943235754
0.0381125,3.0E9,2.919152635582108+0.1987796003014616i,2.919152635582108,7.342686651837087
0.0381125,3.0E9,2.9230913993042673+0.2038642858418664i,2.9230913993042673,7.169209131538746
0.0381125,3.0E9,2.9239323935486197+0.17711678282449073i,2.9239323935486197,8.254249955652181
0.0381125,3.0E9,2.924172203217633+0.17724243442826695i,2.924172203217633,8.249074812840872
0.0381125,3.0E9,2.924721009287182+0.1416705467013204i,2.924721009287182,10.322262027594489
0.0381125,3.0E9,2.924836771637314+0.19265895671827063i,2.924836771637314,7.590710604527892
0.0381125,3.0E9,2.925612549684784+0.19234855925933347i,2.925612549684784,7.604976509702716
0.0381125,3.0E9,2.9262500230843056+0.17951177398334073i,2.9262500230843056,8.15057964764994
0.0381125,3.0E9,2.926288845364305+0.14611971979052366i,2.926288845364305,10.013326228518007
0.0381125,3.0E9,2.926312639304136+0.14133665134538811i,2.926312639304136,10.352278094352993
0.0381125,3.0E9,2.9265058234349994+0.1798393994571029i,2.9265058234349994,8.136442382118439
0.0381125,3.0E9,2.926519841250241+0.20867913498494056i,2.926519841250241,7.012008750806435
0.0381125,3.0E9,2.927279479093759+0.1946301673555284i,2.927279479093759,7.520107285697739
0.0381125,3.0E9,2.9272846135886366+0.1974427486472155i,2.9272846135886366,7.412996004272147
0.0381125,3.0E9,2.9273719523896444+0.1451876300199431i,2.9273719523896444,10.08134078635879
0.0381125,3.0E9,2.9274956317234047+0.04458410058783302i,2.9274956317234047,32.83116170478851
0.0381125,3.0E9,2.929841894726208+0.045109980203026916i,2.929841894726208,32.47443117398679
0.0381125,3.0E9,2.930411181875501+0.20377229725939344i,2.930411181875501,7.1904062065542025
0.0381125,3.0E9,2.9308618710828784+0.19317025042531918i,2.9308618710828784,7.586214400586409
0.0381125,3.0E9,2.931291324402243+0.2013066005373959i,2.931291324402243,7.280663715389972
0.0381125,3.0E9,2.932657304892714+0.1929686818663562i,2.932657304892714,7.598790841416889
0.0381125,3.0E9,2.935445536994126+0.16572799518763634i,2.935445536994126,8.856215069972428
0.0381125,3.0E9,2.936393266851638+0.1638537254140075i,2.936393266851638,8.96041044972363
0.0381125,3.0E9,2.9375189527978693+0.1672210401761588i,2.9375189527978693,8.783341347785374
0.0381125,3.0E9,2.9375581801180406+0.16919797490314933i,2.9375581801180406,8.680831380516016
0.0381125,3.0E9,2.942698846841283+0.21451935239798273i,2.942698846841283,6.858819062118694
0.0381125,3.0E9,2.9443886987802004+0.21182238678192603i,2.9443886987802004,6.950135780056826
0.0381125,3.0E9,2.945690050250704+0.1566441964250429i,2.945690050250704,9.402487029451711
0.0381125,3.0E9,2.946224180828364+0.15729478379398132i,2.946224180828364,9.365295242998062
0.0381125,3.0E9,2.9464487763257416+0.1574721392446415i,2.9464487763257416,9.355460561021127
0.0381125,3.0E9,2.94669647696661+0.15791178982967652i,2.94669647696661,9.33019782799281
0.0381125,3.0E9,2.9486521452049073+0.16779691642626957i,2.9486521452049073,8.786371668815955
0.0381125,3.0E9,2.949007011402052+0.21422097324433514i,2.949007011402052,6.883095914326015
0.0381125,3.0E9,2.9493805499451384+0.17004499318814606i,2.9493805499451384,8.672353400849033
0.0381125,3.0E9,2.9502946318036263+0.16775985480282782i,2.9502946318036263,8.793208110698409
0.0381125,3.0E9,2.9506917428856227+0.17015284282932372i,2.9506917428856227,8.670709503941088
0.0381125,3.0E9,2.952809461328574+0.17915526225537295i,2.952809461328574,8.240923052317482
0.0381125,3.0E9,2.9545020462010414+0.2059905808633884i,2.9545020462010414,7.17144937845592
0.0381125,3.0E9,2.9548295889305924+0.2022335903150742i,2.9548295889305924,7.305486651171675
0.0381125,3.0E9,2.95509137781488+0.21554801499890341i,2.95509137781488,6.854833197675037
0.0381125,3.0E9,2.956206348083403+0.18023269868655625i,2.956206348083403,8.201082183273964
0.0381125,3.0E9,2.9575573556891235+0.2178901033154909i,2.9575573556891235,6.786809751076141
0.0381125,3.0E9,2.957768130788757+0.055740573552390225i,2.957768130788757,26.531554505882227
0.0381125,3.0E9,2.9589915608056017+0.055698816968302874i,2.9589915608056017,26.562427371567935
0.0381125,3.0E9,2.9605501424236946+0.18702612697097634i,2.9605501424236946,7.914803643672544
0.0381125,3.0E9,2.9609488424285644+0.1861616812629216i,2.9609488424285644,7.952627045322849
0.0381125,3.0E9,2.961211970459591+0.18140198420812972i,2.961211970459591,8.162016483408678
0.0381125,3.0E9,2.9620033158627823+0.18892607631909702i,2.9620033158627823,7.839053701776839
0.0381125,3.0E9,2.9623897447839793+0.18807925315026464i,2.9623897447839793,7.875376191591951
0.0381125,3.0E9,2.9633695525504833+0.21552575935882243i,2.9633695525504833,6.874745648423532
0.0381125,3.0E9,2.9640837712610826+0.15871062868724103i,2.9640837712610826,9.338012821756813
0.0381125,3.0E9,2.964540006218535+0.18069360331391204i,2.964540006218535,8.203223445238274
0.0381125,3.0E9,2.965293620267596+0.20471645392378546i,2.965293620267596,7.2424408576644135
0.0381125,3.0E9,2.9660659584374924+0.16310840397692833i,2.9660659584374924,9.092314945516364
0.0381125,3.0E9,2.96608206924272+0.20581841215707894i,2.96608206924272,7.205580001703225
0.0381125,3.0E9,2.966515387437359+0.19001147896573942i,2.966515387437359,7.8061478274484815
0.0381125,3.0E9,2.967292314375279+0.20851920952961012i,2.967292314375279,7.115153373804437
0.0381125,3.0E9,2.9675823632831766+0.19065193731508667i,2.9675823632831766,7.782722811724467
0.0381125,3.0E9,2.967694088104821+0.009690077344653835i,2.967694088104821,153.13056761833508
0.0381125,3.0E9,2.9680085227141704+0.20945320756104643i,2.9680085227141704,7.085135045852963
0.0381125,3.0E9,2.9681286059751435+0.009782841910592846i,2.9681286059751435,151.70073446455567
0.0381125,3.0E9,2.9682431448183246+0.15855528226546028i,2.9682431448183246,9.360278328188274
0.0381125,3.0E9,2.9685886262367576+9.901218481524214E-5i,2.9685886262367576,14991.026769968654
0.0381125,3.0E9,2.9704448536402865+2.9366212759533817E-5i,2.9704448536402865,50575.892743880024
0.0381125,3.0E9,2.970704675473485+0.20824278386621564i,2.970704675473485,7.132791399345672
0.0381125,3.0E9,2.971265697618421+0.19266539494384138i,2.971265697618421,7.710948036320933
0.0381125,3.0E9,2.9715200127684116+0.16295082433257724i,2.9715200127684116,9.117842836755578
0.0381125,3.0E9,2.971539980566649+0.1933741068415836i,2.971539980566649,7.6833967822822355
0.0381125,3.0E9,2.9722541391227084+0.18053049454283832i,2.9722541391227084,8.23200021317567
0.0381125,3.0E9,2.9726282189903164+0.19302523699343907i,2.9726282189903164,7.700102497714732
0.0381125,3.0E9,2.973496874100024+0.19404966929410572i,2.973496874100024,7.661690135615047
0.0381125,3.0E9,2.974440417025383+0.18584187401691524i,2.974440417025383,8.002610909839003
0.0381125,3.0E9,2.974534846532979+0.19816875879623513i,2.974534846532979,7.50505494559693
0.0381125,3.0E9,2.976254433615782+0.21352737962626178i,2.976254433615782,6.969257148252223
0.0381125,3.0E9,2.978578419663905+0.20708849568816062i,2.978578419663905,7.191559361532878
0.0381125,3.0E9,2.981262637902144+0.1833003568720142i,2.981262637902144,8.132179033300385
0.0381125,3.0E9,2.982303635929556+0.17967350703864635i,2.982303635929556,8.299230323611612
0.0381125,3.0E9,2.9831327553681275+0.18364910270672968i,2.9831327553681275,8.12182774487036
0.0381125,3.0E9,2.983838172890902+0.1794925889047483i,2.983838172890902,8.311870119814088
0.0381125,3.0E9,2.985643343742494+0.20775489136178138i,2.985643343742494,7.185494705256634
0.0381125,3.0E9,2.9885287843860597+0.20441922426211534i,2.9885287843860597,7.3098036526986245
0.0381125,3.0E9,2.9890883125951087+0.18699405265689192i,2.9890883125951087,7.992468931831938
0.0381125,3.0E9,2.991000498258509+0.1878018988724194i,2.991000498258509,7.963179595671724
0.0381125,3.0E9,3.0014972298604983+0.18780059048285472i,3.0014972298604983,7.991181556307516
0.0381125,3.0E9,3.0033563348518397+0.18744952028804232i,3.0033563348518397,8.011107017603363
0.0381125,3.0E9,3.004350523031668+0.1893686735409978i,3.004350523031668,7.932543611499804
0.0381125,3.0E9,3.0053626708670196+0.13629460922689815i,3.0053626708670196,11.025244094077868
0.0381125,3.0E9,3.0057791985721787+0.18900003363055204i,3.0057791985721787,7.951795406681588
0.0381125,3.0E9,3.0058469851278935+0.1380591265318657i,3.0058469851278935,10.886085768600411
0.0381125,3.0E9,3.00655541088558+0.13638275094339272i,3.00655541088558,11.02249144444038
0.0381125,3.0E9,3.0067834298698504+0.1357506189591537i,3.0067834298698504,11.074658270157014
0.0381125,3.0E9,3.0090895545289413+0.2114750459534012i,3.0090895545289413,7.114526304895563
0.0381125,3.0E9,3.0119036104524723+0.21824231860135984i,3.0119036104524723,6.900365680118158
0.0381125,3.0E9,3.0139146292731533+0.20618098053863326i,3.0139146292731533,7.308905558115773
0.0381125,3.0E9,3.014076153632447+0.049500310565225705i,3.014076153632447,30.445022659613933
0.0381125,3.0E9,3.015235315793572+0.04890898431446193i,3.015235315793572,30.82496353233402
0.0381125,3.0E9,3.016416471402733+0.2156068419651108i,3.016416471402733,6.995177991361809
0.0381125,3.0E9,3.0182049916366513+0.1502495451359677i,3.0182049916366513,10.043973806727134
0.0381125,3.0E9,3.0189700902563232+0.15126307948779133i,3.0189700902563232,9.979203452948308
0.0381125,3.0E9,3.0189799125949452+0.006150053268415995i,3.0189799125949452,245.44339543359047
0.0381125,3.0E9,3.0192102900225395+0.15290597214545673i,3.0192102900225395,9.87276771358027
0.0381125,3.0E9,3.019730489847518+0.15402235612623316i,3.019730489847518,9.802896689142376
0.0381125,3.0E9,3.0198021413887632+0.006039374402928118i,3.0198021413887632,250.00951588004287
0.0381125,3.0E9,3.0245797143436217+0.22083782316359998i,3.0245797143436217,6.847965785514395
0.0381125,3.0E9,3.0256373878606246+0.12576050051764137i,3.0256373878606246,12.029362857999265
0.0381125,3.0E9,3.026187923437739+0.12792237777023385i,3.026187923437739,11.828219488200837
0.0381125,3.0E9,3.026315573792148+0.12392059654923858i,3.026315573792148,12.21070450782438
0.0381125,3.0E9,3.026344192644471+0.126057124285741i,3.026344192644471,12.003860193512272
0.0381125,3.0E9,3.0327811933426236+0.21240872324906068i,3.0327811933426236,7.139022227883091
0.0381125,3.0E9,3.0352007297051093+0.19964331905912022i,3.0352007297051093,7.6015584794157265
0.0381125,3.0E9,3.0368362271023908+0.17408208764804534i,3.0368362271023908,8.722425920242259
0.0381125,3.0E9,3.0385792218293513+0.20504165944138095i,3.0385792218293513,7.409663065807477
0.0381125,3.0E9,3.0386875288091204+0.1732961962386085i,3.0386875288091204,8.767323215292055
0.0381125,3.0E9,3.0389931395483267+0.20365106347942366i,3.0389931395483267,7.461274907251782
0.0381125,3.0E9,3.03901904068832+0.19981758821333337i,3.03901904068832,7.604483338683229
0.0381125,3.0E9,3.042409761979358+0.21151969928385447i,3.042409761979358,7.191788217078816
0.0381125,3.0E9,3.0429362937857145+0.14094217386509794i,3.0429362937857145,10.794981410951717
0.0381125,3.0E9,3.0444253863490305+0.2055659849966377i,3.0444253863490305,7.404983335153494
0.0381125,3.0E9,3.0445486637967507+0.1457477277631702i,3.0445486637967507,10.444583632699674
0.0381125,3.0E9,3.045529564861797+0.20584462957685776i,3.045529564861797,7.397641539452125
0.0381125,3.0E9,3.0455726847392577+0.13970114719376947i,3.0455726847392577,10.900313798121362
0.0381125,3.0E9,3.046248460252162+0.1758056141394744i,3.046248460252162,8.663683680304537
0.0381125,3.0E9,3.0470036122590693+0.21110088639649857i,3.0470036122590693,7.216937039610668
0.0381125,3.0E9,3.047193854825339+0.1449070910142279i,3.047193854825339,10.514302072788645
0.0381125,3.0E9,3.048175905627996+0.17562353242052572i,3.048175905627996,8.678153387580267
0.0381125,3.0E9,3.0482113013976844+0.2080386344703435i,3.0482113013976844,7.326070249303179
0.0381125,3.0E9,3.048303613959361+0.21505575656622922i,3.048303613959361,7.087240217679539
0.0381125,3.0E9,3.048735694719452+0.15364001003133615i,3.048735694719452,9.921685419369725
0.0381125,3.0E9,3.0488348117639306+0.15447801338712486i,3.0488348117639306,9.86818364929219
0.0381125,3.0E9,3.049383771203682+0.18002005900869178i,3.049383771203682,8.469566636061515
0.0381125,3.0E9,3.0497220519454156+0.19660189371579187i,3.0497220519454156,7.75608513810681
0.0381125,3.0E9,3.0498451116538825+0.15463066859110697i,3.0498451116538825,9.861708351396484
0.0381125,3.0E9,3.050261102059574+0.1554347429780465i,3.050261102059574,9.812031221650333
0.0381125,3.0E9,3.0505026960048447+0.19609513704831197i,3.0505026960048447,7.778119187252696
0.0381125,3.0E9,3.0507590543664502+0.1798983960880994i,3.0507590543664502,8.47911688126569
0.0381125,3.0E9,3.051743567550132+0.1601704794015627i,3.051743567550132,9.526548147174857
0.0381125,3.0E9,3.052310519859604+0.20860727636789042i,3.052310519859604,7.315925343075488
0.0381125,3.0E9,3.052639130151791+0.20809144577625158i,3.052639130151791,7.3348501154490355
0.0381125,3.0E9,3.0532824234571607+0.16432057208007686i,3.0532824234571607,9.29062741447015
0.0381125,3.0E9,3.0553406981421127+0.18891088164724903i,3.0553406981421127,8.08672499831776
0.0381125,3.0E9,3.055474804440175+0.1812577892334783i,3.055474804440175,8.428533795324007
0.0381125,3.0E9,3.0555982112260676+0.18190198904033011i,3.0555982112260676,8.399023637252808
0.0381125,3.0E9,3.055612561455062+0.1947370833840059i,3.055612561455062,7.845481991300136
0.0381125,3.0E9,3.055614573388039+0.1995526184286644i,3.055614573388039,7.656162563660755
0.0381125,3.0E9,3.0559673200986692+0.18279191257421037i,3.0559673200986692,8.359142582027525
0.0381125,3.0E9,3.0564798844228256+0.18331684436753193i,3.0564798844228256,8.336604022854793
0.0381125,3.0E9,3.0566570589546243+0.16514883135646452i,3.0566570589546243,9.254249739003606
0.0381125,3.0E9,3.05685795531289+0.19230262588156577i,3.05685795531289,7.948040078234631
0.0381125,3.0E9,3.0568629598108332+0.16685777176357428i,3.0568629598108332,9.160085645103162
0.0381125,3.0E9,3.0570513035060123+0.18202387653024324i,3.0570513035060123,8.397390940627735
0.0381125,3.0E9,3.0572649518704518+0.21390696036482232i,3.0572649518704518,7.146249347511247
0.0381125,3.0E9,3.0574832394226066+0.1973649646499858i,3.0574832394226066,7.74575985369252
0.0381125,3.0E9,3.0582495548029085+3.766450877392751E-5i,3.0582495548029085,40598.558886820254
0.0381125,3.0E9,3.058438422749586+0.19161612004407544i,3.058438422749586,7.980639682209634
0.0381125,3.0E9,3.058482047232035+0.16459961309418775i,3.058482047232035,9.29067204271586
0.0381125,3.0E9,3.0597482166540955+0.16690305355290436i,3.0597482166540955,9.16624397073786
0.0381125,3.0E9,3.0603478826504844+0.19461255224632212i,3.0603478826504844,7.862668279425742
0.0381125,3.0E9,3.0605249844565225+3.6770416335611286E-5i,3.0605249844565225,41616.675706394926
0.0381125,3.0E9,3.0614105324288095+0.1753738759451982i,3.0614105324288095,8.728239927209728
0.0381125,3.0E9,3.061687908250334+0.19953081385916338i,3.061687908250334,7.672218263018244
0.0381125,3.0E9,3.0632606938540254+0.16921246783522617i,3.0632606938540254,9.051521832412886
0.0381125,3.0E9,3.06538619111389+0.17427326411059144i,3.06538619111389,8.79476897032421
0.0381125,3.0E9,3.0719509022943203+0.20304094865133548i,3.0719509022943203,7.564855569034781
0.0381125,3.0E9,3.072282605068158+0.19852567317846775i,3.072282605068158,7.737746347562519
0.0381125,3.0E9,3.0807969288758086+0.17733865186116074i,3.0807969288758086,8.68619699242943
0.0381125,3.0E9,3.085242715371406+0.17549287789763135i,3.085242715371406,8.790222008813066
0.0381125,3.0E9,3.08785013614891+0.1879668357580449i,3.08785013614891,8.213816346101764
0.0381125,3.0E9,3.088807099221636+0.15579681304787024i,3.088807099221636,9.91293415697973
0.0381125,3.0E9,3.08957878625582+0.18757820606638986i,3.08957878625582,8.235441768651738
0.0381125,3.0E9,3.0900507806991673+0.19158757095481116i,3.0900507806991673,8.064329970100207
0.0381125,3.0E9,3.0902728289526413+0.18113935225987807i,3.0902728289526413,8.530097933990264
0.0381125,3.0E9,3.091237286181398+0.16179803966670153i,3.091237286181398,9.55276495484507
0.0381125,3.0E9,3.0913524685196814+0.039590428201748386i,3.0913524685196814,39.04166497980895
0.0381125,3.0E9,3.0913733439234337+0.15751590063228738i,3.0913733439234337,9.812892957200818
0.0381125,3.0E9,3.0917241241191977+0.19145783908057487i,3.0917241241191977,8.074164366855848
0.0381125,3.0E9,3.091948829424815+0.20100897422137703i,3.091948829424815,7.691071608622712
0.0381125,3.0E9,3.093900760865488+0.03992101016817705i,3.093900760865488,38.750281466221324
0.0381125,3.0E9,3.094282227801676+0.17833060364835446i,3.094282227801676,8.675690443753592
0.0381125,3.0E9,3.0943056340571387+0.1634775165050158i,3.0943056340571387,9.464009792325783
0.0381125,3.0E9,3.0961414129419205+0.1762428748911796i,3.0961414129419205,8.783734987453023
0.0381125,3.0E9,3.096148126383726+0.18095022591054985i,3.096148126383726,8.555248026919465
0.0381125,3.0E9,3.0971578213866207+0.17949196451190289i,3.0971578213866207,8.627566782192178
0.0381125,3.0E9,3.097645113237332+0.17515631909491963i,3.097645113237332,8.842516014391336
0.0381125,3.0E9,3.1030874513272675+0.19212540880472292i,3.1030874513272675,8.075682104289648
0.0381125,3.0E9,3.1064628032931796+0.19376336644694878i,3.1064628032931796,8.016125184694575
0.0381125,3.0E9,3.1098446433319693+0.006598531241554666i,3.1098446433319693,235.6467317868806
0.0381125,3.0E9,3.110524584493097+0.00660684276303982i,3.110524584493097,235.40174150155948
0.0381125,3.0E9,3.114212531299098+0.13645961358120487i,3.114212531299098,11.410748021230036
0.0381125,3.0E9,3.1143245854916723+0.13503284423573608i,3.1143245854916723,11.531729939920332
0.0381125,3.0E9,3.1161288617138774+0.13443959126823252i,3.1161288617138774,11.589327341439953
0.0381125,3.0E9,3.116459567719012+0.13573642202159583i,3.116459567719012,11.479820674892915
0.0381125,3.0E9,3.131348402772484+0.023421235284161596i,3.131348402772484,66.84848951775894
0.0381125,3.0E9,3.131392487284299+0.023677195554747423i,3.131392487284299,66.12676066394263
0.0381125,3.0E9,3.1328938990002753+0.1493230526321281i,3.1328938990002753,10.49032230381221
0.0381125,3.0E9,3.134101724219433+0.15300024955946392i,3.134101724219433,10.24214579140721
0.0381125,3.0E9,3.134174707170949+0.1484889587887264i,3.134174707170949,10.553561465907801
0.0381125,3.0E9,3.135339774404465+0.1511693312984142i,3.135339774404465,10.370290545954656
0.0381125,3.0E9,3.1372027655094548+0.1244418337198789i,3.1372027655094548,12.605096982785398
0.0381125,3.0E9,3.137268833134778+0.12634446264267943i,3.137268833134778,12.415537521448138
0.0381125,3.0E9,3.139681412566787+0.12451462588303314i,3.139681412566787,12.60768118725325
0.0381125,3.0E9,3.1399784471549257+0.12696058107556293i,3.1399784471549257,12.365958081454075
0.0381125,3.0E9,3.1469822488418435+0.026517213011914127i,3.1469822488418435,59.338480394374606
0.0381125,3.0E9,3.1521625724994133+0.15156750307319192i,3.1521625724994133,10.398543581526296
0.0381125,3.0E9,3.152525313543117+0.15236036016701637i,3.152525313543117,10.345621755184029
0.0381125,3.0E9,3.153767968204888+0.15129477438320343i,3.153767968204888,10.422593843912086
0.0381125,3.0E9,3.1541065156474843+0.15260707657920417i,3.1541065156474843,10.334076853934361
0.0381125,3.0E9,3.1612108648143478+0.13902193201549218i,3.1612108648143478,11.369468180251127
0.0381125,3.0E9,3.163639579109671+0.1450030696879619i,3.163639579109671,10.908871053273693
0.0381125,3.0E9,3.1646455194389733+0.13893362930066253i,3.1646455194389733,11.389055102672259
0.0381125,3.0E9,3.1661908138367503+0.14413464445826665i,3.1661908138367503,10.983448239446354
0.0381125,3.0E9,3.1807346962123275+0.03995286574906904i,3.1807346962123275,39.806089457881306
0.0381125,3.0E9,3.182055010603274+0.04004241133075781i,3.182055010603274,39.73355880492442
0.0381125,3.0E9,3.186949079215212+2.535026979228891E-5i,3.186949079215212,62858.287216032404
0.0381125,3.0E9,3.1899816886836403+3.1314345460293346E-5i,3.1899816886836403,50934.82941753555
0.0381125,3.0E9,3.1954631825075315+0.05426261560544292i,3.1954631825075315,29.444426396089582
0.0381125,3.0E9,3.2190075305906856+0.0031988037958941536i,3.2190075305906856,503.15801405551423
0.0381125,3.0E9,3.22227127710817+0.0032130322006766843i,3.22227127710817,501.4377503638992
0.0381125,3.5E9,3.308473582594973+0.0025829259967232506i,3.308473582594973,640.4507110912518
0.0381125,3.5E9,3.310419780442048+0.002565711074120039i,3.310419780442048,645.1271567234867
0.0381125,3.5E9,3.3287325585363146+0.04894455428033975i,3.3287325585363146,34.00513711362383
0.0381125,3.5E9,3.3619766584344095+0.12220917569853283i,3.3619766584344095,13.755009144026046
0.0381125,3.5E9,3.3620370920133675+0.12450120001873234i,3.3620370920133675,13.502026853988227
0.0381125,3.5E9,3.3634341316794365+0.018351755115979352i,3.3634341316794365,91.63794172337245
0.0381125,3.5E9,3.3639890193243907+0.14593866361827482i,3.3639890193243907,11.52535228129615
0.0381125,3.5E9,3.3643895974919187+0.1276146259404958i,3.3643895974919187,13.181833871693781
0.0381125,3.5E9,3.3645237506876766+0.018184422570353586i,3.3645237506876766,92.51115171984962
0.0381125,3.5E9,3.3646637841787927+0.12496361634259585i,3.3646637841787927,13.462573678063016
0.0381125,3.5E9,3.3658693053075392+0.14638024255569088i,3.3658693053075392,11.497006858787595
0.0381125,3.5E9,3.3859540760784843+0.1578664503475714i,3.3859540760784843,10.72410910812176
0.0381125,3.5E9,3.38759247940446+0.16030076048308778i,3.38759247940446,10.56636434286243
0.0381125,3.5E9,3.3877394116195436+0.15907720825878308i,3.3877394116195436,10.64809801699703
0.0381125,3.5E9,3.3895589585122305+0.16171426097079822i,3.3895589585122305,10.48008672260607
0.0381125,3.5E9,3.397775936366213+0.02805560269530496i,3.397775936366213,60.55432088320139
0.0381125,3.5E9,3.397943271598417+0.13637721495057958i,3.397943271598417,12.457884819065137
0.0381125,3.5E9,3.3997643068119596+0.14331724734918627i,3.3997643068119596,11.860974061721201
0.0381125,3.5E9,3.4007419597124877+0.1363891920011843i,3.4007419597124877,12.467050760455265
0.0381125,3.5E9,3.401463437506784+0.028743607763253673i,3.401463437506784,59.16904143562788
0.0381125,3.5E9,3.4020720520086183+0.1435005485598284i,3.4020720520086183,11.853864274916772
0.0381125,3.5E9,3.4046708161578434+6.717649182168794E-5i,3.4046708161578434,25341.237119044104
0.0381125,3.5E9,3.408844640681698+6.483192256840901E-5i,3.408844640681698,26289.862352028595
0.0381125,3.5E9,3.4111928206950175+0.16702675476641043i,3.4111928206950175,10.211516189324353
0.0381125,3.5E9,3.4163286422343724+0.17845184885999793i,3.4163286422343724,9.572130140592177
0.0381125,3.5E9,3.4202116613431035+0.15670121995132177i,3.4202116613431035,10.913162202583907
0.0381125,3.5E9,3.420650741986479+0.15999436763731065i,3.420650741986479,10.689909877767422
0.0381125,3.5E9,3.4226646588336274+0.16451003416570212i,3.4226646588336274,10.402601507535284
0.0381125,3.5E9,3.423342850899623+0.16599646794150902i,3.423342850899623,10.311493049677063
0.0381125,3.5E9,3.42471548818567+0.18225929891738882i,3.42471548818567,9.395173548149012
0.0381125,3.5E9,3.4304646285644735+0.03202764190539947i,3.4304646285644735,53.55474871826481
0.0381125,3.5E9,3.432114541420797+0.03231576952887031i,3.432114541420797,53.10278219360689
0.0381125,3.5E9,3.4363862696361065+0.17429044187680154i,3.4363862696361065,9.858217790465932
0.0381125,3.5E9,3.436561064162456+0.18909106943740991i,3.436561064162456,9.087052800502498
0.0381125,3.5E9,3.437351749485558+0.1801104882451012i,3.437351749485558,9.542341989567758
0.0381125,3.5E9,3.437917652934367+0.1757231723831759i,3.437917652934367,9.78219777821266
0.0381125,3.5E9,3.4395124893270057+0.17328488291297664i,3.4395124893270057,9.924444739516959
0.0381125,3.5E9,3.4395410205917987+0.1671653840273616i,3.4395410205917987,10.287838719135818
0.0381125,3.5E9,3.440078009853828+0.16722164168545528i,3.440078009853828,10.285983247086618
0.0381125,3.5E9,3.442279470156831+0.17813104784335923i,3.442279470156831,9.66221080444051
0.0381125,3.5E9,3.442302171102699+9.771274578791492E-5i,3.442302171102699,17614.39689032074
0.0381125,3.5E9,3.443608684569903+0.19186270536858918i,3.443608684569903,8.974148149204806
0.0381125,3.5E9,3.4436433535060247+0.13284858062614238i,3.4436433535060247,12.96078338690347
0.0381125,3.5E9,3.4441507918614733+0.13281638879779425i,3.4441507918614733,12.965835101513736
0.0381125,3.5E9,3.4441805786862085+0.18763847060501956i,3.4441805786862085,9.177703718168315
0.0381125,3.5E9,3.444228693158433+0.13084732444953567i,3.444228693158433,13.16124998217591
0.0381125,3.5E9,3.44443952610691+0.13396950458143786i,3.44443952610691,12.855311874401579
0.0381125,3.5E9,3.445637476070489+0.17689957798454933i,3.445637476070489,9.738964658161695
0.0381125,3.5E9,3.4458218131648892+0.16760284996255875i,3.4458218131648892,10.279723208569127
0.0381125,3.5E9,3.446359883389861+1.736179320734772E-4i,3.446359883389861,9925.126518415505
0.0381125,3.5E9,3.446460600584512+0.16988276315176923i,3.446460600584512,10.143644171555904
0.0381125,3.5E9,3.4467205304682746+0.16854941539567772i,3.4467205304682746,10.224658811117603
0.0381125,3.5E9,3.4469858122130774+0.16958321810612567i,3.4469858122130774,10.163110037385726
0.0381125,3.5E9,3.44725861153453+8.610867834830609E-4i,3.44725861153453,2001.6905831433792
0.0381125,3.5E9,3.447486163614119+0.18570900579124294i,3.447486163614119,9.281957406765367
0.0381125,3.5E9,3.4495365663887334+0.18248539541791986i,3.4495365663887334,9.45154147401429
0.0381125,3.5E9,3.4529422335143574+0.1885953618138429i,3.4529422335143574,9.154366789048233
0.0381125,3.5E9,3.4554226079835852+0.16722664782100344i,3.4554226079835852,10.331554967490023
0.0381125,3.5E9,3.4569853851322203+0.18240851646674996i,3.4569853851322203,9.475942933186376
0.0381125,3.5E9,3.4582713288312488+0.050408911873240474i,3.4582713288312488,34.30218189917991
0.0381125,3.5E9,3.459204780720988+0.1482637118082919i,3.459204780720988,11.665716238083304
0.0381125,3.5E9,3.459966317493655+0.16078265167696346i,3.459966317493655,10.759762578257659
0.0381125,3.5E9,3.461329516248643+0.17206703674773285i,3.461329516248643,10.0580842841017
0.0381125,3.5E9,3.4629971485537743+0.001022793186813073i,3.4629971485537743,1692.9117211584808
0.0381125,3.5E9,3.463090409675474+0.18031211851363876i,3.463090409675474,9.603043983462284
0.0381125,3.5E9,3.4630916726475087+0.05146552781414912i,3.4630916726475087,33.644769807407094
0.0381125,3.5E9,3.4639467795654095+0.1935419862812177i,3.4639467795654095,8.948825126069218
0.0381125,3.5E9,3.4644188026661746+0.19538288006854912i,3.4644188026661746,8.865717409454453
0.0381125,3.5E9,3.4644926448829736+0.15080910939682798i,3.4644926448829736,11.486350720919527
0.0381125,3.5E9,3.465228890647523+0.17342096849618027i,3.465228890647523,9.990801345120637
0.0381125,3.5E9,3.46531566109728+0.0011407596967006259i,3.46531566109728,1518.863118639217
0.0381125,3.5E9,3.4657611025756783+0.18716141395724242i,3.4657611025756783,9.258748983824843
0.0381125,3.5E9,3.4662667644374117+0.16774996936772057i,3.4662667644374117,10.331646490018409
0.0381125,3.5E9,3.46648717558522+0.145868921122574i,3.46648717558522,11.882199268041214
0.0381125,3.5E9,3.467657252276577+0.1464435665707491i,3.467657252276577,11.839568420376114
0.0381125,3.5E9,3.4684885948341493+0.1690772201957809i,3.4684885948341493,10.25711385252802
0.0381125,3.5E9,3.4687579575443097+0.14814502887990696i,3.4687579575443097,11.707304604720289
0.0381125,3.5E9,3.468957750453143+0.1455589158230413i,3.468957750453143,11.915991991416108
0.0381125,3.5E9,3.468997464623773+0.1629415288577626i,3.468997464623773,10.644915046955228
0.0381125,3.5E9,3.4691646115632992+0.17395847854718943i,3.4691646115632992,9.971243254528192
0.0381125,3.5E9,3.4701978669061315+0.0011953770555912027i,3.4701978669061315,1451.5076438328745
0.0381125,3.5E9,3.470877055487877+0.17647456775711035i,3.470877055487877,9.833929895963811
0.0381125,3.5E9,3.4729820633214525+0.17766894420053125i,3.4729820633214525,9.77374543128249
0.0381125,3.5E9,3.4731415175128073+0.12285563116312706i,3.4731415175128073,14.135052193501771
0.0381125,3.5E9,3.4735700714113147+0.12588710427178193i,3.4735700714113147,13.79636973741213
0.0381125,3.5E9,3.475731669465474+0.19079709791230592i,3.475731669465474,9.10845004325744
0.0381125,3.5E9,3.4766104243584994+0.16634352526245194i,3.4766104243584994,10.450092418304846
0.0381125,3.5E9,3.476996564988308+0.1441967939263377i,3.476996564988308,12.056428129617487
0.0381125,3.5E9,3.477586758676388+0.12639498297422072i,3.477586758676388,13.756822766397578
0.0381125,3.5E9,3.4783781829744753+0.12423400265728574i,3.4783781829744753,13.999300145588943
0.0381125,3.5E9,3.478755531159749+0.1498169507086091i,3.478755531159749,11.610019809860695
0.0381125,3.5E9,3.4802019260153565+0.19575730610601524i,3.4802019260153565,8.889072891436813
0.0381125,3.5E9,3.480828216899862+0.14475122642656085i,3.480828216899862,12.023484369805498
0.0381125,3.5E9,3.481993084843191+0.18101513961794083i,3.481993084843191,9.61796094015244
0.0381125,3.5E9,3.4829295955105795+0.15041133305787413i,3.4829295955105795,11.57801584728474
0.0381125,3.5E9,3.484516105435345+0.17302613645228276i,3.484516105435345,10.069334543559858
0.0381125,3.5E9,3.4861405488444115+0.187936754227266i,3.4861405488444115,9.274770555600666
0.0381125,3.5E9,3.487737257251679+0.1963448911281467i,3.487737257251679,8.881660320296717
0.0381125,3.5E9,3.488829891084895+0.18714153663706265i,3.488829891084895,9.321367008573409
0.0381125,3.5E9,3.4894771536620803+0.19938951240832029i,3.4894771536620803,8.750402946259646
0.0381125,3.5E9,3.4895232168343115+0.17698056363650724i,3.4895232168343115,9.858492777775567
0.0381125,3.5E9,3.4906552143071536+0.19599220392080435i,3.4906552143071536,8.90508689753201
0.0381125,3.5E9,3.491673209158507+0.19796026561240265i,3.491673209158507,8.819126399827748
0.0381125,3.5E9,3.4922270056787394+0.19981439604827886i,3.4922270056787394,8.7386771792833
0.0381125,3.5E9,3.4942288123039966+0.04529299628795516i,3.4942288123039966,38.57361069787762
0.0381125,3.5E9,3.4944610099733726+0.15486986473608022i,3.4944610099733726,11.281926977622213
0.0381125,3.5E9,3.4951542118959495+0.15758041057854016i,3.4951542118959495,11.0900656974552
0.0381125,3.5E9,3.4957264822122025+0.18988387660838085i,3.4957264822122025,9.2049060316528
0.0381125,3.5E9,3.496670076926284+0.18837566987769178i,3.496670076926284,9.281108540175586
0.0381125,3.5E9,3.4974375524298473+0.19191504856711872i,3.4974375524298473,9.111941920507302
0.0381125,3.5E9,3.4975205465904606+0.04519384041201533i,3.4975205465904606,38.694659656104406
0.0381125,3.5E9,3.497871031434514+0.15732531848149572i,3.497871031434514,11.116681870394327
0.0381125,3.5E9,3.498025266030088+0.16106841522440052i,3.498025266030088,10.858818164804807
0.0381125,3.5E9,3.4981509058351867+0.18386464899229743i,3.4981509058351867,9.51284253119732
0.0381125,3.5E9,3.50395343934556+0.19898708080823874i,3.50395343934556,8.80447470537616
0.0381125,3.5E9,3.5051649026410203+0.1966759332617833i,3.5051649026410203,8.911016321390758
0.0381125,3.5E9,3.50628503463845+0.1883769636900912i,3.50628503463845,9.306565319756462
0.0381125,3.5E9,3.5067825313895864+0.0010923461855399516i,3.5067825313895864,1605.1607895971954
0.0381125,3.5E9,3.506811545181627+0.19282912284370457i,3.506811545181627,9.093054756111796
0.0381125,3.5E9,3.507462912588855+0.0010280358282083856i,3.507462912588855,1705.9049968625623
0.0381125,3.5E9,3.508226661060663+0.07700510156409686i,3.508226661060663,22.779183390470013
0.0381125,3.5E9,3.5083039432340555+0.18281751412610261i,3.5083039432340555,9.595098040809486
0.0381125,3.5E9,3.5103079498990266+0.17970894909503968i,3.5103079498990266,9.766647592053385
0.0381125,3.5E9,3.5111172116383065+0.08645825615393475i,3.5111172116383065,20.305274289750486
0.0381125,3.5E9,3.513755225316196+0.1794751839104445i,3.513755225316196,9.788972349150812
0.0381125,3.5E9,3.5138815061698474+0.19287380220216285i,3.5138815061698474,9.109276288561816
0.0381125,3.5E9,3.5138831300976165+0.18924995576482267i,3.5138831300976165,9.283709250807572
0.0381125,3.5E9,3.515679567308369+0.19285897561038381i,3.515679567308369,9.114638186222638
0.0381125,3.5E9,3.516895364010292+0.13642688547016613i,3.516895364010292,12.889304596707838
0.0381125,3.5E9,3.5176744134179105+0.17933895872261138i,3.5176744134179105,9.807334776764252
0.0381125,3.5E9,3.518125157776658+0.13467466179662332i,3.518125157776658,13.061570420312231
0.0381125,3.5E9,3.518301980856197+0.1950898490035892i,3.518301980856197,9.017132359335283
0.0381125,3.5E9,3.518871542395616+0.18697271398311466i,3.518871542395616,9.410120512861042
0.0381125,3.5E9,3.518906374200597+0.14440982109459144i,3.518906374200597,12.183750203165335
0.0381125,3.5E9,3.5190645524155735+0.14323482407983182i,3.5190645524155735,12.284249221593717
0.0381125,3.5E9,3.519322171981663+0.1840589662879487i,3.519322171981663,9.560311684234671
0.0381125,3.5E9,3.520034869223264+0.19697080059278868i,3.520034869223264,8.93542306430605
0.0381125,3.5E9,3.523920519051653+0.18951489396848079i,3.523920519051653,9.297212597015553
0.0381125,3.5E9,3.527704431544033+0.19691763888208844i,3.527704431544033,8.957309389780907
0.0381125,3.5E9,3.527995745040976+0.16133516242219703i,3.527995745040976,10.933747151190094
0.0381125,3.5E9,3.5293368749019596+0.18059903571086613i,3.5293368749019596,9.77119523648046
0.0381125,3.5E9,3.533920003550784+0.1709501465308298i,3.533920003550784,10.336112823727422
0.0381125,3.5E9,3.534291546324972+0.1895393753667826i,3.534291546324972,9.32337024822856
0.0381125,3.5E9,3.535185082324503+0.1950328524098452i,3.535185082324503,9.063050246774855
0.0381125,3.5E9,3.53617504848963+0.18876035443681544i,3.53617504848963,9.366837276397755
0.0381125,3.5E9,3.536613209716678+0.1792503891614065i,3.536613209716678,9.865008456221885
0.0381125,3.5E9,3.537685762144191+0.15443879137277955i,3.537685762144191,11.453358740696936
0.0381125,3.5E9,3.538783541235136+0.19496152643069656i,3.538783541235136,9.075594569919094
0.0381125,3.5E9,3.538934311187373+0.16309968203971192i,3.538934311187373,10.848992060958476
0.0381125,3.5E9,3.542680691980265+0.18488054438072682i,3.542680691980265,9.580999190171081
0.0381125,3.5E9,3.5438392537430237+0.19414028292935614i,3.5438392537430237,9.127006513719149
0.0381125,3.5E9,3.5440704482383936+0.1662139471986142i,3.5440704482383936,10.661170461235342
0.0381125,3.5E9,3.54430474980402+0.16005565925943396i,3.54430474980402,11.072100687358583
0.0381125,3.5E9,3.544728887973323+0.16489873635025i,3.544728887973323,10.748199065771521
0.0381125,3.5E9,3.54626198891036+0.1690208688316669i,3.54626198891036,10.490603951522083
0.0381125,3.5E9,3.5463033989718777+0.18769299288686728i,3.5463033989718777,9.447085222593863
0.0381125,3.5E9,3.546334293524026+0.16448795321631915i,3.546334293524026,10.779921034278477
0.0381125,3.5E9,3.5463677418442625+0.19436669853047608i,3.5463677418442625,9.122878992792593
0.0381125,3.5E9,3.54742117378254+0.1660103040629172i,3.54742117378254,10.684340329977598
0.0381125,3.5E9,3.549770943500604+0.17120839242729816i,3.549770943500604,10.366813487276847
0.0381125,3.5E9,3.5500626637118535+0.16030864365817785i,3.5500626637118535,11.072586551482415
0.0381125,3.5E9,3.551592503674528+0.19027009937663208i,3.551592503674528,9.333028456153514
0.0381125,3.5E9,3.5517994061869143+0.1324616022124709i,3.5517994061869143,13.406901875193087
0.0381125,3.5E9,3.551803256597607+0.13081672673144693i,3.551803256597607,13.575493537187674
0.0381125,3.5E9,3.5524938257842678+0.17031607669756427i,3.5524938257842678,10.429120652222823
0.0381125,3.5E9,3.553091236877944+0.17727329875002265i,3.553091236877944,10.02150707955247
0.0381125,3.5E9,3.5533815996533153+0.183611183907012i,3.5533815996533153,9.676375708826345
0.0381125,3.5E9,3.5543153378397983+0.10353323783607261i,3.5543153378397983,17.16509312433296
0.0381125,3.5E9,3.55510620446424+0.06840902465573394i,3.55510620446424,25.98419011493871
0.0381125,3.5E9,3.555184113129701+0.19073489285306736i,3.555184113129701,9.319700396582489
0.0381125,3.5E9,3.555584428120378+0.13349799649656185i,3.555584428120378,13.316995465965475
0.0381125,3.5E9,3.555927128583599+0.13193421865410643i,3.555927128583599,13.476136687125184
0.0381125,3.5E9,3.556060923696044+0.0706694374200203i,3.556060923696044,25.15982193660869
0.0381125,3.5E9,3.5569131609039633+0.1665372705421747i,3.5569131609039633,10.679030433620543
0.0381125,3.5E9,3.5577175269032995+0.15787961156555147i,3.5577175269032995,11.26718482400794
0.0381125,3.5E9,3.5591124983812374+0.1744059664331789i,3.5591124983812374,10.203528500685954
0.0381125,3.5E9,3.559318325064179+0.17763609221278218i,3.559318325064179,10.018567400144768
0.0381125,3.5E9,3.562830863868535+0.1725392646356748i,3.562830863868535,10.32469586384186
0.0381125,3.5E9,3.5629202078875934+0.18280607532509274i,3.5629202078875934,9.745081506595126
0.0381125,3.5E9,3.563989180900946+0.16489021163767245i,3.563989180900946,10.807158125105715
0.0381125,3.5E9,3.5652572346181066+0.175613887373203i,3.5652572346181066,10.150840824568329
0.0381125,3.5E9,3.5662764355741707+0.10841708741739618i,3.5662764355741707,16.44702196178875
0.0381125,3.5E9,3.5663539769381827+0.18808706513717807i,3.5663539769381827,9.48059340055395
0.0381125,3.5E9,3.5678131935512245+0.17456607478576736i,3.5678131935512245,10.219090960055526
0.0381125,3.5E9,3.5704414829101245+0.17871530017031317i,3.5704414829101245,9.989188053590107
0.0381125,3.5E9,3.570926910357152+0.18036380787148065i,3.570926910357152,9.89923353387404
0.0381125,3.5E9,3.5714398135811383+0.14598359551109027i,3.5714398135811383,12.232332684633112
0.0381125,3.5E9,3.5715497702408943+0.17565961210870568i,3.5715497702408943,10.166109691824511
0.0381125,3.5E9,3.5717202977370217+0.14378406727928186i,3.5717202977370217,12.420431433475239
0.0381125,3.5E9,3.572338509301625+0.15381330665864232i,3.572338509301625,11.61257951898047
0.0381125,3.5E9,3.572408746311054+0.17340049512017033i,3.572408746311054,10.30103386912274
0.0381125,3.5E9,3.575273499143749+0.17829683677505273i,3.575273499143749,10.026183200475042
0.0381125,3.5E9,3.575703851515433+0.14374711265976003i,3.575703851515433,12.437480605189227
0.0381125,3.5E9,3.5760863210827405+0.14510143707191472i,3.5760863210827405,12.32271159144472
0.0381125,3.5E9,3.576584871461549+0.17473516462798913i,3.576584871461549,10.23430194796821
0.0381125,3.5E9,3.5833513365301077+0.12530801341463152i,3.5833513365301077,14.298173113131885
0.0381125,3.5E9,3.584174154968344+0.12254348091774707i,3.584174154968344,14.624091498486536
0.0381125,3.5E9,3.584309250615267+0.14699086063834071i,3.584309250615267,12.192286088569048
0.0381125,3.5E9,3.5847836084630136+0.1599820092954045i,3.5847836084630136,11.203708542764211
0.0381125,3.5E9,3.5855863302668447+0.15020800183315156i,3.5855863302668447,11.935403861671936
0.0381125,3.5E9,3.58695759114188+0.1749341402235446i,3.58695759114188,10.252308630431383
0.0381125,3.5E9,3.588355858140534+0.1644570295751412i,3.588355858140534,10.909706527628233
0.0381125,3.5E9,3.5885379583792316+0.17927460174868948i,3.5885379583792316,10.008495133654549
0.0381125,3.5E9,3.590847001090725+0.15054989552692535i,3.590847001090725,11.925770484671355
0.0381125,3.5E9,3.5917747679017062+0.16961125012354128i,3.5917747679017062,10.588256278063906
0.0381125,3.5E9,3.593407773509975+0.12363122992892574i,3.593407773509975,14.532767228700171
0.0381125,3.5E9,3.5934686489737806+0.12573545280613901i,3.5934686489737806,14.289798814795097
0.0381125,3.5E9,3.5939541782805287+0.1428488284883457i,3.5939541782805287,12.579571762374448
0.0381125,3.5E9,3.5946144712463037+0.16031749504404108i,3.5946144712463037,11.210923892800414
0.0381125,3.5E9,3.5946516504444603+0.17084624844575375i,3.5946516504444603,10.520136330607857
0.0381125,3.5E9,3.595326701294537+0.15057664479640076i,3.595326701294537,11.938527074221529
0.0381125,3.5E9,3.5961416100991856+0.14369659737271187i,3.5961416100991856,12.512967167801902
0.0381125,3.5E9,3.5963330155603215+0.012417733629961958i,3.5963330155603215,144.80633595179393
0.0381125,3.5E9,3.596863666569268+0.15620918264354228i,3.596863666569268,11.512971278958176
0.0381125,3.5E9,3.5981858066391803+0.14958250146735053i,3.5981858066391803,12.027428914954195
0.0381125,3.5E9,3.5985440080623796+0.012493220667822864i,3.5985440080623796,144.01986900506262
0.0381125,3.5E9,3.600582858332278+0.16781615265708827i,3.600582858332278,10.727760115230469
0.0381125,3.5E9,3.6087247747857454+0.15720068795645106i,3.6087247747857454,11.478082003640665
0.0381125,3.5E9,3.6089939558198783+0.15381888263631768i,3.6089939558198783,11.731309882001998
0.0381125,3.5E9,3.610582820814835+0.1568133018861136i,3.610582820814835,11.51236144315435
0.0381125,3.5E9,3.6119057007900834+0.15986871674005154i,3.6119057007900834,11.29647430229607
0.0381125,3.5E9,3.617131325752217+0.15791999397638506i,3.617131325752217,11.452417248360309
0.0381125,3.5E9,3.619575523646329+9.806702448185047E-5i,3.619575523646329,18454.60052841826
0.0381125,3.5E9,3.625828370530395+0.14911084249269738i,3.625828370530395,12.158164724701251
0.0381125,3.5E9,3.6258424018904867+0.04529518742756951i,3.6258424018904867,40.02458768592676
0.0381125,3.5E9,3.6289105284113425+9.135009008077801E-5i,3.6289105284113425,19862.654350983183
0.0381125,3.5E9,3.6318583981090033+0.04445658661814982i,3.6318583981090033,40.84724755528423
0.0381125,3.5E9,3.633747208625571+0.032100515709957374i,3.633747208625571,56.59951449780612
0.0381125,3.5E9,3.6338496383756573+0.13213488614738297i,3.6338496383756573,13.750530780805567
0.0381125,3.5E9,3.635993857009872+1.2285866878409784E-4i,3.635993857009872,14797.465628573113
0.0381125,3.5E9,3.636617227808714+0.14080464124469766i,3.636617227808714,12.913697999090848
0.0381125,3.5E9,3.6373253085551287+0.13632116673142838i,3.6373253085551287,13.34101444319782
0.0381125,3.5E9,3.6374233943874525+0.1459426230478941i,3.6374233943874525,12.46182684133941
0.0381125,3.5E9,3.638884723253525+0.0315999771981095i,3.638884723253525,57.57733147148006
0.0381125,3.5E9,3.6476867000243764+1.607077847791932E-4i,3.6476867000243764,11348.817684955864
0.0381125,3.5E9,3.673534256377012+4.089922376815274E-4i,3.673534256377012,4490.95840693865
0.0381125,3.5E9,3.6759581486411412+4.2480326627665233E-4i,3.6759581486411412,4326.659468582311
0.0381125,3.5E9,3.6770823317662256+0.023835612038169883i,3.6770823317662256,77.13421257817541
0.0381125,3.5E9,3.6795615002576114+0.025010895555853976i,3.6795615002576114,73.55917128278088
0.0381125,3.5E9,3.6851663052924435+0.02580223305069544i,3.6851663052924435,71.41177079619312
0.0381125,4.0E9,3.8294814807656734+0.007397111877243888i,3.8294814807656734,258.84977436575633
0.0381125,4.0E9,3.833736443982984+0.006515471639468644i,3.833736443982984,294.2025271631477
0.0381125,4.0E9,3.836568396301765+9.603924704241334E-4i,3.836568396301765,1997.3961242154678
0.0381125,4.0E9,3.8404147515380926+3.4745385872325733E-4i,3.8404147515380926,5526.5104345796535
0.0381125,4.0E9,3.84315941981269+3.428638058866581E-4i,3.84315941981269,5604.498570320279
0.0381125,4.0E9,3.8458783783835315+2.230417151801107E-4i,3.8458783783835315,8621.432935264836
0.0381125,4.0E9,3.861870188584069+0.0410284362210652i,3.861870188584069,47.06333636232121
0.0381125,4.0E9,3.8619380384692703+0.04399646627035775i,3.8619380384692703,43.88918435787216
0.0381125,4.0E9,3.867814236444406+0.035261644101081874i,3.867814236444406,54.84449654923686
0.0381125,4.0E9,3.87493097266027+0.03498609512103612i,3.87493097266027,55.37815751164505
0.0381125,4.0E9,3.883327241486367+0.13397358373277485i,3.883327241486367,14.492884094345396
0.0381125,4.0E9,3.887261058130795+0.12948631435915553i,3.887261058130795,15.010316253765314
0.0381125,4.0E9,3.88806131644331+6.869540997761601E-4i,3.88806131644331,2829.928024092302
0.0381125,4.0E9,3.890197325482713+0.126908170759198i,3.890197325482713,15.326819787136365
0.0381125,4.0E9,3.890261913991466+0.14042584517270415i,3.890261913991466,13.851659248363392
0.0381125,4.0E9,3.8935922770861495+0.14023513482588704i,3.8935922770861495,13.882370783614075
0.0381125,4.0E9,3.8951063512285313+0.13913997257526775i,3.8951063512285313,13.997078909590392
0.0381125,4.0E9,3.8973685661493622+8.550007082418573E-4i,3.8973685661493622,2279.1610162309357
0.0381125,4.0E9,3.9004145551693195+6.253804981463035E-4i,3.9004145551693195,3118.433151281961
0.0381125,4.0E9,3.9049393632240044+0.14558515543975142i,3.9049393632240044,13.411186571284784
0.0381125,4.0E9,3.9067034516312313+4.89280751576086E-4i,3.9067034516312313,3992.292195275248
0.0381125,4.0E9,3.907287625106516+0.14970824586432432i,3.907287625106516,13.049674059528972
0.0381125,4.0E9,3.9106512505013526+0.13975864770980284i,3.9106512505013526,13.990730858463559
0.0381125,4.0E9,3.9164721953794643+0.012536307117049892i,3.9164721953794643,156.20517903764903
0.0381125,4.0E9,3.9189618014097105+0.01282205910103582i,3.9189618014097105,152.82107852291526
0.0381125,4.0E9,3.9198592632243234+0.15553368581375657i,3.9198592632243234,12.601319266355421
0.0381125,4.0E9,3.9217585014189718+0.14845662392862446i,3.9217585014189718,13.208432192639952
0.0381125,4.0E9,3.923801050598438+0.04881699443661841i,3.923801050598438,40.18888397249557
0.0381125,4.0E9,3.9252417737878793+0.127183925426373i,3.9252417737878793,15.43135958663349
0.0381125,4.0E9,3.926260138720823+0.15963804866439485i,3.926260138720823,12.297382020043834
0.0381125,4.0E9,3.9262904442464217+0.12512199212266292i,3.9262904442464217,15.689849472654242
0.0381125,4.0E9,3.9277206558382303+0.15081527596832717i,3.9277206558382303,13.021627386946843
0.0381125,4.0E9,3.929711020230466+0.019265875407816747i,3.929711020230466,101.98630835731616
0.0381125,4.0E9,3.9304328651644527+0.16077932628613115i,3.9304328651644527,12.22306672118296
0.0381125,4.0E9,3.931579914102856+0.14298936073806331i,3.931579914102856,13.747805759146532
0.0381125,4.0E9,3.9324469498544703+0.12765700473797936i,3.9324469498544703,15.402393930227177
0.0381125,4.0E9,3.9334115959543556+0.0514855742602409i,3.9334115959543556,38.199162119396654
0.0381125,4.0E9,3.9341112495502886+0.14183078886354905i,3.9341112495502886,13.869031121779816
0.0381125,4.0E9,3.934403715678958+0.12461893029318213i,3.934403715678958,15.785738596948173
0.0381125,4.0E9,3.9348774847102694+0.15317257802277026i,3.9348774847102694,12.844588553328782
0.0381125,4.0E9,3.935311650178008+0.01965707589372062i,3.935311650178008,100.09911116625257
0.0381125,4.0E9,3.9360756696444854+0.025095783943058534i,3.9360756696444854,78.42105428097614
0.0381125,4.0E9,3.9368830748852517+0.159920888174027i,3.9368830748852517,12.308845704386998
0.0381125,4.0E9,3.937251219780015+0.1457325302923805i,3.937251219780015,13.508484385335173
0.0381125,4.0E9,3.939478782621992+0.15201141584046235i,3.939478782621992,12.95783859666342
0.0381125,4.0E9,3.9421529113505667+0.16728780265486382i,3.9421529113505667,11.782547348905448
0.0381125,4.0E9,3.942678874189447+0.1626435812161519i,3.942678874189447,12.120610124016087
0.0381125,4.0E9,3.9429071137685177+0.13747773083488737i,3.9429071137685177,14.34016654851542
0.0381125,4.0E9,3.9435791973475047+0.02534381774274574i,3.9435791973475047,77.80160111189821
0.0381125,4.0E9,3.9440540246867166+7.925021698266147E-4i,3.9440540246867166,2488.355347689209
0.0381125,4.0E9,3.945020096415242+0.13940941446692565i,3.945020096415242,14.14904478115853
0.0381125,4.0E9,3.945698767985233+0.14950849060706226i,3.945698767985233,13.195567529189047
0.0381125,4.0E9,3.946342660953809+0.14579188679398836i,3.946342660953809,13.534164169677698
0.0381125,4.0E9,3.9467321722415334+0.1535251381049072i,3.9467321722415334,12.853700120252107
0.0381125,4.0E9,3.947173719289082+0.16938753973842186i,3.947173719289082,11.651310732136904
0.0381125,4.0E9,3.9479806767183594+0.15045377401837975i,3.9479806767183594,13.120244747852139
0.0381125,4.0E9,3.948213978783933+0.1552615159883969i,3.948213978783933,12.714721847360401
0.0381125,4.0E9,3.9489713935780393+0.15831109406347904i,3.9489713935780393,12.472187805090256
0.0381125,4.0E9,3.9502816812671906+0.16551789801805414i,3.9502816812671906,11.933095237943112
0.0381125,4.0E9,3.9503176505813893+0.06106561701448832i,3.9503176505813893,32.34485987134252
0.0381125,4.0E9,3.951648664718239+0.1554340116127573i,3.951648664718239,12.711660156347358
0.0381125,4.0E9,3.952605856275477+0.14883761110807756i,3.952605856275477,13.278249452033045
0.0381125,4.0E9,3.95299768192933+4.889040335155469E-4i,3.95299768192933,4042.713304597462
0.0381125,4.0E9,3.9535205426874813+0.0688687961771187i,3.9535205426874813,28.703279004033305
0.0381125,4.0E9,3.954096991642349+0.1359930882815471i,3.954096991642349,14.537860128068289
0.0381125,4.0E9,3.9544332426512687+0.1624933305328147i,3.9544332426512687,12.167986309606386
0.0381125,4.0E9,3.954656396490284+0.1553389894638891i,3.954656396490284,12.729117171866257
0.0381125,4.0E9,3.9551257111758664+0.17168727529984837i,3.9551257111758664,11.518400837418847
0.0381125,4.0E9,3.9552272342665384+0.1529996273039793i,3.9552272342665384,12.925610682725068
0.0381125,4.0E9,3.9581613142901104+0.15397726021363867i,3.9581613142901104,12.853070995023176
0.0381125,4.0E9,3.9583676310428624+0.14152954552662664i,3.9583676310428624,13.984244831402204
0.0381125,4.0E9,3.959524987248917+0.17273134707843518i,3.959524987248917,11.461512499670789
0.0381125,4.0E9,3.960661354494429+0.165564540175311i,3.960661354494429,11.961079800966472
0.0381125,4.0E9,3.961466637508673+0.1531607252498175i,3.961466637508673,12.932384039861399
0.0381125,4.0E9,3.9624477093370922+0.16890896377099926i,3.9624477093370922,11.72953649372107
0.0381125,4.0E9,3.9635081577848275+0.13798523238270805i,3.9635081577848275,14.362073713772011
0.0381125,4.0E9,3.9639482648600017+0.15897351927655248i,3.9639482648600017,12.467322491503332
0.0381125,4.0E9,3.9668333180817825+0.14822065456998665i,3.9668333180817825,13.381513290405582
0.0381125,4.0E9,3.968588827905308+0.1688940440328425i,3.968588827905308,11.748753044049296
0.0381125,4.0E9,3.9692054712421676+0.16039284104554705i,3.9692054712421676,12.373387257711286
0.0381125,4.0E9,3.970487247085519+0.04570125931720562i,3.970487247085519,43.43958247984984
0.0381125,4.0E9,3.9707889680764965+0.14373397067668217i,3.9707889680764965,13.81298015139532
0.0381125,4.0E9,3.971128901721721+0.17311723694986653i,3.971128901721721,11.469478636814573
0.0381125,4.0E9,3.9716263709469315+0.1588760447338419i,3.9716263709469315,12.499135340385719
0.0381125,4.0E9,3.9730584955815034+0.16574350103864907i,3.9730584955815034,11.985563447990163
0.0381125,4.0E9,3.9739001893060997+0.13332172544325935i,3.9739001893060997,14.903423189633708
0.0381125,4.0E9,3.974800039107684+0.15234777643720743i,3.974800039107684,13.045152781556876
0.0381125,4.0E9,3.9790927679924453+0.16158103382783248i,3.9790927679924453,12.31299451961745
0.0381125,4.0E9,3.9799623855164787+0.177413861087285i,3.9799623855164787,11.216604951623244
0.0381125,4.0E9,3.9808218825730997+0.14320687663254333i,3.9808218825730997,13.89885030726405
0.0381125,4.0E9,3.982162957204417+0.15290562487641343i,3.982162957204417,13.021636582771286
0.0381125,4.0E9,3.9826278692942756+0.17252445336240743i,3.9826278692942756,11.542212688332096
0.0381125,4.0E9,3.983701826144442+0.17573038636649627i,3.983701826144442,11.334698308339778
0.0381125,4.0E9,3.9867037644931953+0.1324540486309778i,3.9867037644931953,15.049384317425849
0.0381125,4.0E9,3.9867437813395816+0.16641087855337527i,3.9867437813395816,11.978615268414853
0.0381125,4.0E9,3.987009514661665+0.1401952718146629i,3.987009514661665,14.219486374449422
0.0381125,4.0E9,3.987649553836047+0.14371385886509302i,3.987649553836047,13.873573451184447
0.0381125,4.0E9,3.988991155029855+0.13157950546520433i,3.988991155029855,15.158102095484498
0.0381125,4.0E9,3.9891871115215456+0.16045532977314808i,3.9891871115215456,12.430833918578655
0.0381125,4.0E9,3.990386382615662+0.16869489776587004i,3.990386382615662,11.827229025485641
0.0381125,4.0E9,3.990753849289393+0.13459492107632332i,3.990753849289393,14.825053640123608
0.0381125,4.0E9,3.993023432373321+0.04284038591060913i,3.993023432373321,46.60349513079989
0.0381125,4.0E9,3.99316306041686+0.1423950177285543i,3.99316306041686,14.021428291925819
0.0381125,4.0E9,3.993501866838563+0.13502523989762916i,3.993501866838563,14.787982861079453
0.0381125,4.0E9,3.9937458557158796+0.17002196422236748i,3.9937458557158796,11.744793897606545
0.0381125,4.0E9,3.9945179221523226+0.04518729707384771i,3.9945179221523226,44.199566922804095
0.0381125,4.0E9,3.994746432310147+0.12971262244136844i,3.994746432310147,15.398449114371337
0.0381125,4.0E9,3.9958157265906737+0.16276053509481878i,3.9958157265906737,12.275136980419877
0.0381125,4.0E9,3.9958886624968017+0.1400945136646814i,3.9958886624968017,14.261403098414794
0.0381125,4.0E9,3.9973595157786406+0.15996893894416203i,3.9973595157786406,12.494174000785051
0.0381125,4.0E9,3.9978176044755225+0.17255283545959918i,3.9978176044755225,11.584328921130812
0.0381125,4.0E9,3.998197038519872+0.05978200625480849i,3.998197038519872,33.439803119674345
0.0381125,4.0E9,3.998221699109622+0.14866110488901638i,3.998221699109622,13.447437048495345
0.0381125,4.0E9,3.9989458317343693+0.17659429105445704i,3.9989458317343693,11.322409710575522
0.0381125,4.0E9,3.9998291023774044+0.13491920763220452i,3.9998291023774044,14.823052894296225
0.0381125,4.0E9,3.999881066554969+0.13987803117440448i,3.999881066554969,14.29774580387033
0.0381125,4.0E9,3.99988567332866+0.14444757291903i,3.99988567332866,13.845458225770237
0.0381125,4.0E9,4.000088538668782+0.14798816435642986i,4.000088538668782,13.514893424296282
0.0381125,4.0E9,4.0013672433457526+0.16093005303827715i,4.0013672433457526,12.432007470953947
0.0381125,4.0E9,4.002123372004296+0.15400466658147643i,4.002123372004296,12.993513316322028
0.0381125,4.0E9,4.003565530792942+0.08548949624509049i,4.003565530792942,23.41554054380605
0.0381125,4.0E9,4.003744151128112+0.13183969605105858i,4.003744151128112,15.184137520984388
0.0381125,4.0E9,4.003757305512381+0.13067131925842634i,4.003757305512381,15.319954402519736
0.0381125,4.0E9,4.003976369236314+0.1673975772138919i,4.003976369236314,11.959481241834945
0.0381125,4.0E9,4.004019964846915+0.1292803344851511i,4.004019964846915,15.485804475957666
0.0381125,4.0E9,4.004032624334638+0.16134265429055258i,4.004032624334638,12.408475123769838
0.0381125,4.0E9,4.004722598779022+0.17185561971203198i,4.004722598779022,11.65141589634803
0.0381125,4.0E9,4.005329478586531+0.07582490037678265i,4.005329478586531,26.41170287520055
0.0381125,4.0E9,4.0083700731280505+0.05801376861127982i,4.0083700731280505,34.54671338442138
0.0381125,4.0E9,4.010159759503382+0.15991490034454145i,4.010159759503382,12.538418092571025
0.0381125,4.0E9,4.011883767607077+0.15440544457004357i,4.011883767607077,12.99139346665703
0.0381125,4.0E9,4.012471676292616+0.14449445506780897i,4.012471676292616,13.884517832914856
0.0381125,4.0E9,4.012752865612806+0.16300122152410984i,4.012752865612806,12.308965626430203
0.0381125,4.0E9,4.01699814369906+0.17619337214263572i,4.01699814369906,11.399401960611595
0.0381125,4.0E9,4.017312317956391+0.05346335991932899i,4.017312317956391,37.57070565727747
0.0381125,4.0E9,4.0175360265852005+0.15699784009702836i,4.0175360265852005,12.794876745126775
0.0381125,4.0E9,4.018053319853137+0.16332652515372262i,4.018053319853137,12.30067594982307
0.0381125,4.0E9,4.018523174214433+0.16971783373138294i,4.018523174214433,11.838835925088048
0.0381125,4.0E9,4.018602298662831+0.14739154303130061i,4.018602298662831,13.632404600749126
0.0381125,4.0E9,4.019095909980386+0.15012290842958215i,4.019095909980386,13.38601800359342
0.0381125,4.0E9,4.020197968138685+0.1707350070750523i,4.020197968138685,11.77320936406285
0.0381125,4.0E9,4.020795315482694+0.12319483522386457i,4.020795315482694,16.318846923153355
0.0381125,4.0E9,4.021183211046214+0.15799243700062343i,4.021183211046214,12.725872476510842
0.0381125,4.0E9,4.02226248774023+0.14895258537805728i,4.02226248774023,13.501821662011793
0.0381125,4.0E9,4.023682696647117+0.16265829002622081i,4.023682696647117,12.368514067123453
0.0381125,4.0E9,4.024155444783628+0.1717814090296377i,4.024155444783628,11.713012099258465
0.0381125,4.0E9,4.025797327056759+0.13927276684084275i,4.025797327056759,14.452923634587277
0.0381125,4.0E9,4.028496766822467+0.06144316815943433i,4.028496766822467,32.78230019299476
0.0381125,4.0E9,4.031181680799001+0.15876628605415471i,4.031181680799001,12.695332809586468
0.0381125,4.0E9,4.031326542800438+0.1310696944604885i,4.031326542800438,15.378560846556708
0.0381125,4.0E9,4.031566369063191+0.14838672407223072i,4.031566369063191,13.584659929215542
0.0381125,4.0E9,4.031917689770073+0.12197503488230467i,4.031917689770073,16.527634911769134
0.0381125,4.0E9,4.034910773027494+0.12151875212182003i,4.034910773027494,16.60200875409986
0.0381125,4.0E9,4.03533356290952+0.16143895062510755i,4.03533356290952,12.498017198712922
0.0381125,4.0E9,4.035407052054365+0.14987412236521838i,4.035407052054365,13.462654487546379
0.0381125,4.0E9,4.036261909710507+0.1692073597385814i,4.036261909710507,11.926969122224854
0.0381125,4.0E9,4.037119853755322+0.17018774047454557i,4.037119853755322,11.860783398670074
0.0381125,4.0E9,4.038630426754042+0.13295673158316212i,4.038630426754042,15.187762133833552
0.0381125,4.0E9,4.039707723513014+2.809428365031312E-4i,4.039707723513014,7189.554597289029
0.0381125,4.0E9,4.0400506048470906+0.15849619696033102i,4.0400506048470906,12.74494493346818
0.0381125,4.0E9,4.040431392801825+0.15521562032466182i,4.040431392801825,13.015543746017714
0.0381125,4.0E9,4.042002566712395+0.14791504696814153i,4.042002566712395,13.663256881441466
0.0381125,4.0E9,4.043227164429966+0.1732327605890814i,4.043227164429966,11.669926492774497
0.0381125,4.0E9,4.043654249522419+0.1584551974257044i,4.043654249522419,12.759613806351744
0.0381125,4.0E9,4.044259665939752+0.05791654454720611i,4.044259665939752,34.914545554797314
0.0381125,4.0E9,4.044430396789239+0.16737009638634315i,4.044430396789239,12.082296909997034
0.0381125,4.0E9,4.044492323022737+0.16078056762161497i,4.044492323022737,12.577677709600911
0.0381125,4.0E9,4.045875548281105+2.5471953066078326E-4i,4.045875548281105,7941.82436224159
0.0381125,4.0E9,4.046427677395119+0.14273046069421882i,4.046427677395119,14.175066967884508
0.0381125,4.0E9,4.046851062875516+0.12926057287015688i,4.046851062875516,15.653849325503934
0.0381125,4.0E9,4.047687541743489+0.1641089795639229i,4.047687541743489,12.332315856509407
0.0381125,4.0E9,4.048041421749223+0.12563017398531504i,4.048041421749223,16.110944104170386
0.0381125,4.0E9,4.049956276008198+0.15439718996827603i,4.049956276008198,13.115382076708592
0.0381125,4.0E9,4.050855330899279+0.15027603790703228i,4.050855330899279,13.478048088429524
0.0381125,4.0E9,4.052364143640511+0.165233249970049i,4.052364143640511,12.262556550739825
0.0381125,4.0E9,4.052366944586535+0.13923540142794638i,4.052366944586535,14.55221482118402
0.0381125,4.0E9,4.053067102439332+0.16091554380894868i,4.053067102439332,12.59377126193429
0.0381125,4.0E9,4.053816400085873+3.297977718312152E-4i,4.053816400085873,6145.912353465726
0.0381125,4.0E9,4.0542141483721466+0.1478319917282504i,4.0542141483721466,13.712235426769924
0.0381125,4.0E9,4.054480888471813+0.1445360816685679i,4.054480888471813,14.025843379956301
0.0381125,4.0E9,4.055630932655535+0.13580156096247326i,4.055630932655535,14.932195565028328
0.0381125,4.0E9,4.055680246130043+0.15397705231583467i,4.055680246130043,13.169755444503226
0.0381125,4.0E9,4.056600879182651+0.15041540433731623i,4.056600879182651,13.484659024967488
0.0381125,4.0E9,4.057099211946896+0.012064117862225861i,4.057099211946896,168.1473630430178
0.0381125,4.0E9,4.0577921171480575+0.004885665917616937i,4.0577921171480575,415.275234284471
0.0381125,4.0E9,4.058153127330802+0.13594488217949413i,4.058153127330802,14.925729686435128
0.0381125,4.0E9,4.058695948949727+0.14830181882113197i,4.058695948949727,13.683904827374212
0.0381125,4.0E9,4.05881362512424+0.14391926514999498i,4.05881362512424,14.101008717957527
0.0381125,4.0E9,4.058916573021528+0.15505641578950868i,4.058916573021528,13.08851540374687
0.0381125,4.0E9,4.059044518336774+0.1638775461651942i,4.059044518336774,12.384382770306793
0.0381125,4.0E9,4.059354242912784+0.16646952011798788i,4.059354242912784,12.192484966724397
0.0381125,4.0E9,4.061681646109296+0.16503237283811928i,4.061681646109296,12.305711831742887
0.0381125,4.0E9,4.063883955945154+0.13823690781267037i,4.063883955945154,14.698983145124544
0.0381125,4.0E9,4.064038865662055+0.1659847591563957i,4.064038865662055,12.242204905791375
0.0381125,4.0E9,4.0641497416918995+5.464808138149789E-4i,4.0641497416918995,3718.474316893303
0.0381125,4.0E9,4.066131773609133+0.15898136431036983i,4.066131773609133,12.788076738576311
0.0381125,4.0E9,4.066809340548528+0.15065268233964263i,4.066809340548528,13.497301466495003
0.0381125,4.0E9,4.0670249777712915+0.011552788342223853i,4.0670249777712915,176.01919369139975
0.0381125,4.0E9,4.0692292667615195+0.15065394277297542i,4.0692292667615195,13.505219949316407
0.0381125,4.0E9,4.069508897013416+0.14681041056671404i,4.069508897013416,13.85974223934255
0.0381125,4.0E9,4.070903872225799+0.1418922308168723i,4.070903872225799,14.345055570659653
0.0381125,4.0E9,4.070959512458383+0.14015063579033346i,4.070959512458383,14.523514251296628
0.0381125,4.0E9,4.075672613361315+0.1561800750543398i,4.075672613361315,13.047991595417226
0.0381125,4.0E9,4.078327257812916+0.1542427374988897i,4.078327257812916,13.220483907199434
0.0381125,4.0E9,4.080489551830156+0.004998447891202301i,4.080489551830156,408.17566179014983
0.0381125,4.0E9,4.081177724097641+0.1461170135029329i,4.081177724097641,13.965443264468725
0.0381125,4.0E9,4.081638666882331+0.13083920131512247i,4.081638666882331,15.597919529682166
0.0381125,4.0E9,4.081952888851114+0.009429544862273318i,4.081952888851114,216.44485224215887
0.0381125,4.0E9,4.082450659987685+0.15439907245516754i,4.082450659987685,13.220450728980563
0.0381125,4.0E9,4.084347068377682+0.14405395682920746i,4.084347068377682,14.17644873587244
0.0381125,4.0E9,4.088722702103464+0.009992823530488155i,4.088722702103464,204.5829534379723
0.0381125,4.0E9,4.089661768742608+0.1443088988341365i,4.089661768742608,14.169818361108554
0.0381125,4.0E9,4.092739423816746+0.13841196240402343i,4.092739423816746,14.784630434868312
0.0381125,4.0E9,4.092834511925773+0.1256663978744288i,4.092834511925773,16.284522279438242
0.0381125,4.0E9,4.094307196547663+0.14860272605708896i,4.094307196547663,13.776016447284915
0.0381125,4.0E9,4.097405057111586+6.315652608395492E-4i,4.097405057111586,3243.8492988553894
0.0381125,4.0E9,4.099741750933009+0.14459980905218467i,4.099741750933009,14.176165853211645
0.0381125,4.0E9,4.099843464765161+0.13968096627567472i,4.099843464765161,14.675741348587536
0.0381125,4.0E9,4.1018046629842475+0.13040979859699545i,4.1018046629842475,15.726596878122736
0.0381125,4.0E9,4.102094040428903+7.186457686209211E-4i,4.102094040428903,2854.044523424112
0.0381125,4.0E9,4.103938202304053+0.13853617171329366i,4.103938202304053,14.811793019650214
0.0381125,4.0E9,4.104380321366008+0.13157997001711227i,4.104380321366008,15.596524002977901
0.0381125,4.0E9,4.104438684866333+0.1277425276160832i,4.104438684866333,16.065278969591837
0.0381125,4.0E9,4.104720385985901+0.046843877636955425i,4.104720385985901,43.812773333987
0.0381125,4.0E9,4.105409602445502+0.13241048948358292i,4.105409602445502,15.502584494842901
0.0381125,4.0E9,4.106649463007705+0.046981189498167666i,4.106649463007705,43.70525211125051
0.0381125,4.0E9,4.106934257731369+0.13721653965691702i,4.106934257731369,14.965157509437095
0.0381125,4.0E9,4.107065300275506+0.1425931328511935i,4.107065300275506,14.40134324196921
0.0381125,4.0E9,4.107135507449791+0.1253225599500927i,4.107135507449791,16.386257626262097
0.0381125,4.0E9,4.111896182644305+0.13597153981049515i,4.111896182644305,15.120429570684772
0.0381125,4.0E9,4.115336947859799+7.961643865820873E-4i,4.115336947859799,2584.4769103066965
0.0381125,4.0E9,4.11688249601629+8.798708071810565E-4i,4.11688249601629,2339.4812411188072
0.0381125,4.0E9,4.116934582454094+0.13139533831195724i,4.116934582454094,15.666212497888312
0.0381125,4.0E9,4.118140026478123+0.11807815429868047i,4.118140026478123,17.43819612924007
0.0381125,4.0E9,4.129487194851507+0.11890299972222435i,4.129487194851507,17.36494118945116
0.0381125,4.0E9,4.136783496279542+0.006067356997469532i,4.136783496279542,340.9049029095239
0.0381125,4.0E9,4.140062705652161+0.006358270332055371i,4.140062705652161,325.5651686261228
0.0381125,4.0E9,4.162949822806426+0.04546246702832924i,4.162949822806426,45.78446897978884
0.0381125,4.0E9,4.168869939239059+0.04713670858288113i,4.168869939239059,44.22105472117211
0.0381125,4.0E9,4.174281405218622+0.027659196409530448i,4.174281405218622,75.45919526028425
0.0381125,4.5E9,4.3478105121588415+0.00115554364799114i,4.3478105121588415,1881.2835498327177
0.0381125,4.5E9,4.349071526860692+0.02945244171057466i,4.349071526860692,73.8321048149158
0.0381125,4.5E9,4.35724648362648+0.028907735743547203i,4.35724648362648,75.36471417688095
0.0381125,4.5E9,4.35783922208386+0.0032242540508608556i,4.35783922208386,675.7902996074928
0.0381125,4.5E9,4.368964754984632+0.0032581429621127557i,4.368964754984632,670.4685469282722
0.0381125,4.5E9,4.388965191641037+0.02248682843549106i,4.388965191641037,97.58968909803916
0.0381125,4.5E9,4.389161999548415+0.061189874614199634i,4.389161999548415,35.86510045348151
0.0381125,4.5E9,4.39340328887192+0.019201471016416338i,4.39340328887192,114.40277896198086
0.0381125,4.5E9,4.39392490511115+0.056336327526034694i,4.39392490511115,38.99726072027491
0.0381125,4.5E9,4.401730968987358+0.11526192893890498i,4.401730968987358,19.09447034901052
0.0381125,4.5E9,4.410340591280115+0.12635978373756476i,4.410340591280115,17.451520020166793
0.0381125,4.5E9,4.410513517615504+0.08999680504218606i,4.410513517615504,24.503722746313457
0.0381125,4.5E9,4.411464397675643+0.11626813047100985i,4.411464397675643,18.971081670465114
0.0381125,4.5E9,4.413855015065827+0.0014543445801015647i,4.413855015065827,1517.472226134189
0.0381125,4.5E9,4.414284213699072+0.12996686448879208i,4.414284213699072,16.982344811741402
0.0381125,4.5E9,4.417661821790609+0.13200747640404978i,4.417661821790609,16.732619780825846
0.0381125,4.5E9,4.417695551754443+0.0014711579952340515i,4.417695551754443,1501.434776572593
0.0381125,4.5E9,4.418556462917075+0.032483201023967824i,4.418556462917075,68.01294705618498
0.0381125,4.5E9,4.419663351044422+9.199469600486516E-4i,4.419663351044422,2402.1294395117557
0.0381125,4.5E9,4.422255462198939+0.12416198311475174i,4.422255462198939,17.80841184741648
0.0381125,4.5E9,4.424403504970919+0.13526568947480885i,4.424403504970919,16.354492858275403
0.0381125,4.5E9,4.42455978000997+0.061272304135030486i,4.42455978000997,36.10570748456943
0.0381125,4.5E9,4.427163758926086+0.11811952435208106i,4.427163758926086,18.74018619364719
0.0381125,4.5E9,4.429450145717734+0.13449755469982655i,4.429450145717734,16.46665679388536
0.0381125,4.5E9,4.430171099535477+0.13876568553738136i,4.430171099535477,15.962775964314522
0.0381125,4.5E9,4.430855777755956+0.035487753825013915i,4.430855777755956,62.42795471930969
0.0381125,4.5E9,4.43205971519849+0.105466159368719i,4.43205971519849,21.01176216962456
0.0381125,4.5E9,4.432060470353924+0.01200519030594875i,4.432060470353924,184.58934666607377
0.0381125,4.5E9,4.433670216706855+0.13588138592185806i,4.433670216706855,16.3144870308305
0.0381125,4.5E9,4.435976869981738+0.12705567458980366i,4.435976869981738,17.4568230986266
0.0381125,4.5E9,4.436176587464451+0.012113726074643992i,4.436176587464451,183.10536989729746
0.0381125,4.5E9,4.437461115373203+0.03283444446046412i,4.437461115373203,67.57326320407734
0.0381125,4.5E9,4.438301738786349+0.10730849210853055i,4.438301738786349,20.680104862052772
0.0381125,4.5E9,4.4383763036825945+0.14457268241157104i,4.4383763036825945,15.349982547350743
0.0381125,4.5E9,4.438841303694432+0.14031996469880825i,4.438841303694432,15.816855830965482
0.0381125,4.5E9,4.4390381817035705+0.13332311346049144i,4.4390381817035705,16.64766920935664
0.0381125,4.5E9,4.441574068676649+0.12407383172928849i,4.441574068676649,17.898915535902585
0.0381125,4.5E9,4.442957049402307+0.03520123495524433i,4.442957049402307,63.107971283552764
0.0381125,4.5E9,4.443141326664695+0.12697406828294144i,4.443141326664695,17.496254891840845
0.0381125,4.5E9,4.443274917794356+0.07168401671075869i,4.443274917794356,30.992089462025692
0.0381125,4.5E9,4.443922578367686+0.13365213405020432i,4.443922578367686,16.624959301803575
0.0381125,4.5E9,4.444120588157005+0.11924886736414132i,4.444120588157005,18.633806284240535
0.0381125,4.5E9,4.444198445967123+0.14273010026934327i,4.444198445967123,15.568539633828324
0.0381125,4.5E9,4.444707701906888+0.0963108922928615i,4.444707701906888,23.074792456451615
0.0381125,4.5E9,4.446347593402676+0.03357632827906132i,4.446347593402676,66.21253456375517
0.0381125,4.5E9,4.447270538724912+0.14892684144132237i,4.447270538724912,14.931057745145125
0.0381125,4.5E9,4.4484236681845495+0.13179153527624132i,4.4484236681845495,16.876742724259348
0.0381125,4.5E9,4.448427204864403+0.1256230422571773i,4.448427204864403,17.705458827201138
0.0381125,4.5E9,4.449410168702538+0.1410456438363755i,4.449410168702538,15.772944302569949
0.0381125,4.5E9,4.450909854203013+0.1356630560270474i,4.450909854203013,16.404281255891902
0.0381125,4.5E9,4.45155607829471+0.15001886694933608i,4.45155607829471,14.836654111639424
0.0381125,4.5E9,4.453625147347653+8.461223874017609E-4i,4.453625147347653,2631.7854329700867
0.0381125,4.5E9,4.454460228574879+0.1405392851778797i,4.454460228574879,15.847740448291368
0.0381125,4.5E9,4.4544890514868225+0.12048852287777133i,4.4544890514868225,18.485117690444447
0.0381125,4.5E9,4.454946539778247+0.13081363952100264i,4.454946539778247,17.02783653176696
0.0381125,4.5E9,4.4553763173005+0.1467308455265225i,4.4553763173005,15.182139451705005
0.0381125,4.5E9,4.4560068873297745+0.1154166428296245i,4.4560068873297745,19.304004942803758
0.0381125,4.5E9,4.458270602835674+0.12949930116822136i,4.458270602835674,17.213492901572955
0.0381125,4.5E9,4.459006462500751+0.1236543084721503i,4.459006462500751,18.030129793273716
0.0381125,4.5E9,4.460393210981914+0.12141034534664229i,4.460393210981914,18.36908213318607
0.0381125,4.5E9,4.460550823728291+0.14611471926450972i,4.460550823728291,15.263865427730831
0.0381125,4.5E9,4.460666962712171+0.1399917746728312i,4.460666962712171,15.931889473995904
0.0381125,4.5E9,4.461701346421159+0.0020568360322766686i,4.461701346421159,1084.6030690843634
0.0381125,4.5E9,4.463996782983138+0.13250611802411996i,4.463996782983138,16.844493105482726
0.0381125,4.5E9,4.465024982844492+0.1211290684938774i,4.465024982844492,18.430856599339656
0.0381125,4.5E9,4.466188434766904+0.14512654996711216i,4.466188434766904,15.387220449252771
0.0381125,4.5E9,4.467781462106517+0.11440126000795543i,4.467781462106517,19.526801810556233
0.0381125,4.5E9,4.468475179810048+0.1265024805263658i,4.468475179810048,17.661610907616645
0.0381125,4.5E9,4.469054049958955+0.0026969660728181134i,4.469054049958955,828.5336057804303
0.0381125,4.5E9,4.470277823552318+0.13828175624224434i,4.470277823552318,16.16365724962738
0.0381125,4.5E9,4.47120877646001+0.1393436506982918i,4.47120877646001,16.043819557093112
0.0381125,4.5E9,4.472717234631256+0.1459950557393632i,4.472717234631256,15.318043518597467
0.0381125,4.5E9,4.4747594795842724+0.15099477923620877i,4.4747594795842724,14.81759668188322
0.0381125,4.5E9,4.47482193460984+0.13311515331055107i,4.47482193460984,16.808086169462243
0.0381125,4.5E9,4.475667834199004+0.12833531343518406i,4.475667834199004,17.437397838512492
0.0381125,4.5E9,4.477042914559697+0.14715132316248664i,4.477042914559697,15.21237736209848
0.0381125,4.5E9,4.477339778366538+0.11770265179840099i,4.477339778366538,19.019706480510084
0.0381125,4.5E9,4.477376591097352+0.13858119429938826i,4.477376591097352,16.154344078694074
0.0381125,4.5E9,4.478379858542444+0.1456270867104777i,4.478379858542444,15.376191200768659
0.0381125,4.5E9,4.478581906911742+0.12489391788598497i,4.478581906911742,17.929543658804175
0.0381125,4.5E9,4.480821843745309+0.13325657897273593i,4.480821843745309,16.8127603090504
0.0381125,4.5E9,4.481168032523559+0.12488960392034958i,4.481168032523559,17.940516631718594
0.0381125,4.5E9,4.481676775388732+0.14418181825590382i,4.481676775388732,15.541754257233544
0.0381125,4.5E9,4.482999405707579+0.15363425327420338i,4.482999405707579,14.589843443657092
0.0381125,4.5E9,4.483490959295869+0.11909477546327915i,4.483490959295869,18.823205895703953
0.0381125,4.5E9,4.483828785632951+0.15227128076994223i,4.483828785632951,14.723159754620129
0.0381125,4.5E9,4.485503490894854+0.12648432091348077i,4.485503490894854,17.731460541908106
0.0381125,4.5E9,4.485877410353372+0.12980157196714087i,4.485877410353372,17.279749938193998
0.0381125,4.5E9,4.4861202514536815+0.14687394187489147i,4.4861202514536815,15.272008751814527
0.0381125,4.5E9,4.487028159087167+0.14562513296349272i,4.487028159087167,15.406091200658459
0.0381125,4.5E9,4.487649841112568+0.09472253865592987i,4.487649841112568,23.688395099995716
0.0381125,4.5E9,4.488091705776348+0.0019667389636827863i,4.488091705776348,1140.998319719116
0.0381125,4.5E9,4.488803234294299+0.1468899835355445i,4.488803234294299,15.2794735428917
0.0381125,4.5E9,4.489058737270067+0.1342384909141993i,4.489058737270067,16.72046037875724
0.0381125,4.5E9,4.489769533219007+0.0037658164158380736i,4.489769533219007,596.1216689077258
0.0381125,4.5E9,4.491526201046404+0.1294298259875709i,4.491526201046404,17.35120234758611
0.0381125,4.5E9,4.492114955079481+0.021374417758004388i,4.492114955079481,105.08157475768562
0.0381125,4.5E9,4.492125649603905+0.14719340301911055i,4.492125649603905,15.259262838772331
0.0381125,4.5E9,4.492248398392851+0.15165608868865071i,4.492248398392851,14.810643071559817
0.0381125,4.5E9,4.492838283839174+0.11503559465164015i,4.492838283839174,19.528035202689832
0.0381125,4.5E9,4.494097394544705+0.1555708367474441i,4.494097394544705,14.443894140135296
0.0381125,4.5E9,4.494363430404995+0.12345137839431312i,4.494363430404995,18.20296982043269
0.0381125,4.5E9,4.495703336354544+0.0012564334437338326i,4.495703336354544,1789.073412036193
0.0381125,4.5E9,4.497635694598881+0.003693047723085555i,4.497635694598881,608.9327882880822
0.0381125,4.5E9,4.49833819130834+0.1375302154081074i,4.49833819130834,16.353999657311537
0.0381125,4.5E9,4.499059030021794+0.1514221504892592i,4.499059030021794,14.856013520759387
0.0381125,4.5E9,4.499151806214323+0.13102191778384914i,4.499151806214323,17.169462492667495
0.0381125,4.5E9,4.499259153354618+0.12558613130892357i,4.499259153354618,17.913041457926184
0.0381125,4.5E9,4.500149120307209+0.14083552372540212i,4.500149120307209,15.976612296630133
0.0381125,4.5E9,4.5030778146810935+0.15212019823818454i,4.5030778146810935,14.801051625078511
0.0381125,4.5E9,4.503107202172303+0.13823100511700495i,4.503107202172303,16.288339936328573
0.0381125,4.5E9,4.503623046027941+0.12902575358640397i,4.503623046027941,17.452419074661805
0.0381125,4.5E9,4.505435824181959+0.13681522555090395i,4.505435824181959,16.465403634866835
0.0381125,4.5E9,4.505715747910438+0.020457073798690505i,4.505715747910438,110.12610582161697
0.0381125,4.5E9,4.505878798768162+0.1443743501197756i,4.505878798768162,15.60484530330354
0.0381125,4.5E9,4.506251421620325+0.0021862298885939454i,4.506251421620325,1030.5987135960531
0.0381125,4.5E9,4.507064377029264+0.14635843559733255i,4.507064377029264,15.397350889392152
0.0381125,4.5E9,4.508447468552601+0.12261054391479026i,4.508447468552601,18.38523557845809
0.0381125,4.5E9,4.509877703102886+0.13973155764626308i,4.509877703102886,16.137649143366204
0.0381125,4.5E9,4.511155338028931+0.13389062571431595i,4.511155338028931,16.84641965769298
0.0381125,4.5E9,4.511760418286588+0.12642963947822966i,4.511760418286588,17.842969563570904
0.0381125,4.5E9,4.512859756005929+0.1510961696557828i,4.512859756005929,14.933733152490973
0.0381125,4.5E9,4.513223815842361+0.128466117059857i,4.513223815842361,17.56581392484793
0.0381125,4.5E9,4.513302900550021+0.14596682156518564i,4.513302900550021,15.46003006763587
0.0381125,4.5E9,4.513839277298231+0.05707321290853756i,4.513839277298231,39.544289231901715
0.0381125,4.5E9,4.5151397175248285+0.12145812848967052i,4.5151397175248285,18.587227440725886
0.0381125,4.5E9,4.515224532081121+0.15235143130660914i,4.515224532081121,14.818451304845889
0.0381125,4.5E9,4.515331390267712+0.10853662006003557i,4.515331390267712,20.800958182455457
0.0381125,4.5E9,4.5153483112859165+0.11809801640875237i,4.5153483112859165,19.116952378174233
0.0381125,4.5E9,4.516004191106945+0.033861369361924694i,4.516004191106945,66.68372065580064
0.0381125,4.5E9,4.516229734650566+0.14393603414461936i,4.516229734650566,15.68832211297727
0.0381125,4.5E9,4.516342200780155+0.02283547241309697i,4.516342200780155,98.88874026949996
0.0381125,4.5E9,4.516767156788942+0.15371920848676088i,4.516767156788942,14.691615970615509
0.0381125,4.5E9,4.519046586602813+0.13008159241972506i,4.519046586602813,17.37004637835892
0.0381125,4.5E9,4.519437506611877+0.020994634574397573i,4.519437506611877,107.63315480906766
0.0381125,4.5E9,4.520204915493228+0.13590804639059356i,4.520204915493228,16.629644217320156
0.0381125,4.5E9,4.5208497324019286+0.10143348441795001i,4.5208497324019286,22.284799533130816
0.0381125,4.5E9,4.52179465350932+0.1403168485316542i,4.52179465350932,16.112800069370305
0.0381125,4.5E9,4.5219054330342185+0.034546389703591765i,4.5219054330342185,65.44685959708372
0.0381125,4.5E9,4.522809818444355+0.05962150731498888i,4.522809818444355,37.92934816751369
0.0381125,4.5E9,4.5232705782527605+0.14644602354249006i,4.5232705782527605,15.443473536652128
0.0381125,4.5E9,4.524422254130083+0.1542731853498171i,4.524422254130083,14.663670306252111
0.0381125,4.5E9,4.5250209752620405+0.12196447860663247i,4.5250209752620405,18.5505690958448
0.0381125,4.5E9,4.52523269864818+0.14253030138063744i,4.52523269864818,15.874633866672392
0.0381125,4.5E9,4.525973815394834+0.11776033019729104i,4.525973815394834,19.216886568729024
0.0381125,4.5E9,4.52633485135344+0.13623587679009522i,4.52633485135344,16.61212508041244
0.0381125,4.5E9,4.526958928244681+0.13023154868617917i,4.526958928244681,17.38042346080579
0.0381125,4.5E9,4.527140323356141+0.11545526140250208i,4.527140323356141,19.605604233026455
0.0381125,4.5E9,4.527432220098602+0.14967029842002058i,4.527432220098602,15.124684950494462
0.0381125,4.5E9,4.5276494121608+0.12703767953468922i,4.5276494121608,17.82010435307294
0.0381125,4.5E9,4.5295599292885695+0.15087087647537542i,4.5295599292885695,15.011379383176937
0.0381125,4.5E9,4.5323636680897605+0.139967195813861i,4.5323636680897605,16.190806859191643
0.0381125,4.5E9,4.533670511986207+0.12666244417655825i,4.533670511986207,17.89666440380149
0.0381125,4.5E9,4.534230231734989+0.13411265668349023i,4.534230231734989,16.904557496150062
0.0381125,4.5E9,4.534404438555179+0.14190510855789318i,4.534404438555179,15.976889361616161
0.0381125,4.5E9,4.534612251473637+0.002450148151954782i,4.534612251473637,925.3751141243895
0.0381125,4.5E9,4.535535333026622+0.14853102372863172i,4.535535333026622,15.267973044180687
0.0381125,4.5E9,4.535787047109445+0.11330538789763152i,4.535787047109445,20.015760641530175
0.0381125,4.5E9,4.5369444568694774+0.14081744165142088i,4.5369444568694774,16.10931289356974
0.0381125,4.5E9,4.5372621406824+0.13006016810095036i,4.5372621406824,17.442935092782054
0.0381125,4.5E9,4.537498941942164+0.15280401411594535i,4.537498941942164,14.847446803652616
0.0381125,4.5E9,4.53771005872888+0.017234279790103998i,4.53771005872888,131.64780060419042
0.0381125,4.5E9,4.538399732175444+0.016450340749888798i,4.538399732175444,137.94242323540084
0.0381125,4.5E9,4.538771230704802+0.126164773361341i,4.538771230704802,17.987474275824912
0.0381125,4.5E9,4.539799234910941+0.11700586843669922i,4.539799234910941,19.399878380318146
0.0381125,4.5E9,4.540939767416435+0.0020620281212511775i,4.540939767416435,1101.085800095958
0.0381125,4.5E9,4.541617573083328+0.1326186531958325i,4.541617573083328,17.12284608401545
0.0381125,4.5E9,4.542102484323807+0.1423469497376807i,4.542102484323807,15.954337246755442
0.0381125,4.5E9,4.5428683656102375+0.12473740188899243i,4.5428683656102375,18.209728184226062
0.0381125,4.5E9,4.543161771959007+0.13609610896986604i,4.543161771959007,16.691005372405392
0.0381125,4.5E9,4.546293073091866+0.1343651069590906i,4.546293073091866,16.917684866190932
0.0381125,4.5E9,4.546674251733894+0.14702227383908084i,4.546674251733894,15.46253548190368
0.0381125,4.5E9,4.547386089883879+0.12158767161036957i,4.547386089883879,18.70002949170735
0.0381125,4.5E9,4.547418994191824+0.13100375225487104i,4.547418994191824,17.356063913897323
0.0381125,4.5E9,4.547560267852735+0.12724904241600213i,4.547560267852735,17.868740626691196
0.0381125,4.5E9,4.548051509183148+0.0029861294885995425i,4.548051509183148,761.5295194911537
0.0381125,4.5E9,4.549712462540005+0.06591712540055468i,4.549712462540005,34.51085309692313
0.0381125,4.5E9,4.551054789083578+0.13069214994207304i,4.551054789083578,17.41135481779415
0.0381125,4.5E9,4.5532685441576275+0.12370312387170732i,4.5532685441576275,18.404016008843193
0.0381125,4.5E9,4.553462841306334+0.1329548185369997i,4.553462841306334,17.1240985900754
0.0381125,4.5E9,4.554286910225954+0.12703957509323474i,4.554286910225954,17.924677829265207
0.0381125,4.5E9,4.554920938658587+0.14190069860988885i,4.554920938658587,16.049677638236666
0.0381125,4.5E9,4.555252739467717+0.1403789660772106i,4.555252739467717,16.224840753429746
0.0381125,4.5E9,4.556720324723275+0.126292182061693i,4.556720324723275,18.040389556723884
0.0381125,4.5E9,4.556833955710145+0.10627547548173118i,4.556833955710145,21.438784136484376
0.0381125,4.5E9,4.5571467280452165+0.13462890550818057i,4.5571467280452165,16.924845042910594
0.0381125,4.5E9,4.55770134688349+0.11109308712485001i,4.55770134688349,20.512983592585726
0.0381125,4.5E9,4.5579705296533986+0.11880064604027875i,4.5579705296533986,19.183273330466747
0.0381125,4.5E9,4.558103412226567+0.0013785235215647627i,4.558103412226567,1653.2555813964864
0.0381125,4.5E9,4.559410885355261+0.14225636018265492i,4.559410885355261,16.025332292703993
0.0381125,4.5E9,4.56056994062733+0.001627473856211265i,4.56056994062733,1401.119263213318
0.0381125,4.5E9,4.562185958785457+0.12733260283660602i,4.562185958785457,17.91444554321913
0.0381125,4.5E9,4.562196323614138+0.07069057438066922i,4.562196323614138,32.268773903623135
0.0381125,4.5E9,4.562505065101299+0.13809026491060225i,4.562505065101299,16.520009821311454
0.0381125,4.5E9,4.564254514783037+0.13978944723604164i,4.564254514783037,16.325461631864307
0.0381125,4.5E9,4.564420804714519+0.125121446184841i,4.564420804714519,18.23996182865219
0.0381125,4.5E9,4.566685316094972+0.1329766287614424i,4.566685316094972,17.171007261311765
0.0381125,4.5E9,4.56718215962817+0.12144243894873559i,4.56718215962817,18.80389672327032
0.0381125,4.5E9,4.5696956601324485+0.12293292396368842i,4.5696956601324485,18.586134262462643
0.0381125,4.5E9,4.569823502878754+0.12676203142003262i,4.569823502878754,18.02520617445931
0.0381125,4.5E9,4.570001825852394+0.1383271294999165i,4.570001825852394,16.518819707941503
0.0381125,4.5E9,4.570986413294316+0.13618934744702096i,4.570986413294316,16.78173256198498
0.0381125,4.5E9,4.571552675400368+0.10016346383949308i,4.571552675400368,22.82046017660717
0.0381125,4.5E9,4.5725905518692445+0.12233064705883334i,4.5725905518692445,18.689472596634417
0.0381125,4.5E9,4.574423814518322+0.11604218344662441i,4.574423814518322,19.710176414520873
0.0381125,4.5E9,4.5765116293994845+0.1333905833335474i,4.5765116293994845,17.15455287408022
0.0381125,4.5E9,4.57712617209443+0.11361254482779747i,4.57712617209443,20.143577362130127
0.0381125,4.5E9,4.577944211899712+0.12901951646533302i,4.577944211899712,17.741285726837248
0.0381125,4.5E9,4.57817074350241+0.06976318960767763i,4.57817074350241,32.81222353255599
0.0381125,4.5E9,4.581010841534971+0.1259766504899442i,4.581010841534971,18.181983818900786
0.0381125,4.5E9,4.5811521671326885+0.11911894245588725i,4.5811521671326885,19.22931849747241
0.0381125,4.5E9,4.582178241361405+0.12884692443376441i,4.582178241361405,17.78148085993678
0.0381125,4.5E9,4.583805005891235+0.11249423681058442i,4.583805005891235,20.373510394178485
0.0381125,4.5E9,4.5839316546998425+0.002068563040979602i,4.5839316546998425,1107.9990224830292
0.0381125,4.5E9,4.58612639722471+0.1233104934753696i,4.58612639722471,18.595848041678448
0.0381125,4.5E9,4.586322931513908+0.04254249852097071i,4.586322931513908,53.90283940720061
0.0381125,4.5E9,4.588124887090493+0.13107395953478904i,4.588124887090493,17.50204580442515
0.0381125,4.5E9,4.58913607399611+0.10353686839190591i,4.58913607399611,22.16184507640985
0.0381125,4.5E9,4.589924500576373+0.002391111833477616i,4.589924500576373,959.7887552379389
0.0381125,4.5E9,4.592894753415498+0.11167950611787371i,4.592894753415498,20.5628360702449
0.0381125,4.5E9,4.593550327585989+0.12087207848826925i,4.593550327585989,19.001701571764556
0.0381125,4.5E9,4.594628951388795+0.12046090170725558i,4.594628951388795,19.07103834634525
0.0381125,4.5E9,4.595825612739223+0.10946834008527083i,4.595825612739223,20.99157440936478
0.0381125,4.5E9,4.598803923710675+0.10696239737966134i,4.598803923710675,21.497292676543577
0.0381125,4.5E9,4.599743825807604+0.028656921348736042i,4.599743825807604,80.255373035919
0.0381125,4.5E9,4.60256611110325+0.03359356023925222i,4.60256611110325,68.50369651689084
0.0381125,4.5E9,4.602619072896971+0.04875321297855637i,4.602619072896971,47.20323842985886
0.0381125,4.5E9,4.603497828999724+0.0230507066474077i,4.603497828999724,99.85589377836787
0.0381125,4.5E9,4.606821997051631+0.10251913330940983i,4.606821997051631,22.468108382987996
0.0381125,4.5E9,4.610841452980553+0.02585940136009838i,4.610841452980553,89.15213056894623
0.0381125,4.5E9,4.6130308916219835+0.022314089280219232i,4.6130308916219835,103.36587869869501
0.0381125,4.5E9,4.622177315473923+0.019563004524723815i,4.622177315473923,118.1356705620651
0.0381125,4.5E9,4.622884700159081+0.0982572652772361i,4.622884700159081,23.524391235169524
0.0381125,4.5E9,4.6362757622745905+0.062084056608467546i,4.6362757622745905,37.33869865747671
0.0381125,4.5E9,4.639260495188699+0.02797417228721189i,4.639260495188699,82.92042473245026
0.0381125,4.5E9,4.6399404655667835+0.023644145890166675i,4.6399404655667835,98.12028074772792
0.0381125,4.5E9,4.643367448436957+0.0023681261075125686i,4.643367448436957,980.3885514598411
0.0381125,4.5E9,4.64480652553915+0.0012798433378481847i,4.64480652553915,1814.5996420735823
0.0381125,4.5E9,4.654251900607705+9.834224417054535E-4i,4.654251900607705,2366.3543271070216
0.0381125,4.5E9,4.6547239732152885+0.020258768811408458i,4.6547239732152885,114.88170916373856
0.0381125,5.0E9,4.866742067737637+0.0323928630914801i,4.866742067737637,75.12059144005822
0.0381125,5.0E9,4.86845686177005+0.02589754553658371i,4.86845686177005,93.99456127787691
0.0381125,5.0E9,4.8713915192837565+0.0507016110916129i,4.8713915192837565,48.0398099232155
0.0381125,5.0E9,4.873666578782763+0.0015073583633580673i,4.873666578782763,1616.6250499069417
0.0381125,5.0E9,4.87562068264543+9.425791584987574E-4i,4.87562068264543,2586.3189519333387
0.0381125,5.0E9,4.879134878115443+0.03480491368405103i,4.879134878115443,70.0926156922385
0.0381125,5.0E9,4.886136184034309+0.04880386319028025i,4.886136184034309,50.05890788792544
0.0381125,5.0E9,4.888273520681694+0.031164548887341922i,4.888273520681694,78.42682944573538
0.0381125,5.0E9,4.888533467792596+0.07330977342735095i,4.888533467792596,33.34162171867213
0.0381125,5.0E9,4.890754502880009+0.0031902124250375286i,4.890754502880009,766.5248972915143
0.0381125,5.0E9,4.895778352054907+0.009043722472982402i,4.895778352054907,270.67274381101157
0.0381125,5.0E9,4.90321175087803+0.009153450704347484i,4.90321175087803,267.83406112348547
0.0381125,5.0E9,4.903516571391173+0.09910386327769852i,4.903516571391173,24.739280635564377
0.0381125,5.0E9,4.904178734080846+0.0014385805593163444i,4.904178734080846,1704.5200222959552
0.0381125,5.0E9,4.906307978708017+0.00323381356325242i,4.906307978708017,758.594749317193
0.0381125,5.0E9,4.909214280353615+0.0999694991677489i,4.909214280353615,24.553560442050177
0.0381125,5.0E9,4.9112399640376925+0.08893487051987858i,4.9112399640376925,27.611441582635123
0.0381125,5.0E9,4.91518795351376+0.0024920364206242112i,4.91518795351376,986.1789965899842
0.0381125,5.0E9,4.916864167687041+0.08819742586447636i,4.916864167687041,27.874193149595232
0.0381125,5.0E9,4.918196813870904+0.098802062091725i,4.918196813870904,24.889140518671518
0.0381125,5.0E9,4.9185271262684465+0.0023946886549971983i,4.9185271262684465,1026.9658888650395
0.0381125,5.0E9,4.921010277120505+0.041801904382430206i,4.921010277120505,58.861077621009755
0.0381125,5.0E9,4.921592653926462+0.10298698355188446i,4.921592653926462,23.894246069684044
0.0381125,5.0E9,4.923318843382852+0.114529667515697i,4.923318843382852,21.49363981480205
0.0381125,5.0E9,4.924692077960353+0.10178855972533508i,4.924692077960353,24.190793598264275
0.0381125,5.0E9,4.925815276841792+0.06419480123871368i,4.925815276841792,38.36615412613196
0.0381125,5.0E9,4.928552687989181+0.1102832858498098i,4.928552687989181,22.344966646628443
0.0381125,5.0E9,4.9296701555570355+0.09681137899806484i,4.9296701555570355,25.460179405437323
0.0381125,5.0E9,4.9305505600828745+0.11985979502037412i,4.9305505600828745,20.56799179092858
0.0381125,5.0E9,4.930919603819971+0.001860152744919655i,4.930919603819971,1325.407178869322
0.0381125,5.0E9,4.931615810818639+0.09235169860976203i,4.931615810818639,26.700190061784866
0.0381125,5.0E9,4.931646637758438+0.11715475216874999i,4.931646637758438,21.04757402693696
0.0381125,5.0E9,4.9346432267709925+0.12172370401824499i,4.9346432267709925,20.269853216228725
0.0381125,5.0E9,4.934961250670003+0.007094254709342739i,4.934961250670003,347.8139320379161
0.0381125,5.0E9,4.9363015867329505+0.11806233240322309i,4.9363015867329505,20.90548901691099
0.0381125,5.0E9,4.937134282872436+0.10729728566677103i,4.937134282872436,23.006799529885125
0.0381125,5.0E9,4.93871554254526+0.10623846709459124i,4.93871554254526,23.24353728743088
0.0381125,5.0E9,4.940097696058893+0.11505480884349327i,4.940097696058893,21.468453799175
0.0381125,5.0E9,4.940522410640385+0.12335087882021593i,4.940522410640385,20.02629595303169
0.0381125,5.0E9,4.940955572224036+0.09195379154607912i,4.940955572224036,26.866513545273797
0.0381125,5.0E9,4.941002189776377+0.07668392327480382i,4.941002189776377,32.21667579571957
0.0381125,5.0E9,4.942119224751471+0.11780283892083276i,4.942119224751471,20.976231430520667
0.0381125,5.0E9,4.944433196979064+0.09741761080958095i,4.944433196979064,25.377512114538447
0.0381125,5.0E9,4.944777636954968+0.1174686784068811i,4.944777636954968,21.047217454118016
0.0381125,5.0E9,4.945132318409435+0.11198740594781367i,4.945132318409435,22.078966275519747
0.0381125,5.0E9,4.945919931660998+0.12531679686818878i,4.945919931660998,19.733667214871584
0.0381125,5.0E9,4.9462862552263145+0.07517887339188496i,4.9462862552263145,32.89678357803266
0.0381125,5.0E9,4.946626640072012+0.007146807403616745i,4.946626640072012,346.07247409302647
0.0381125,5.0E9,4.947140165825788+0.10974221050589006i,4.947140165825788,22.53982375159222
0.0381125,5.0E9,4.948762350033883+0.1261491360643041i,4.948762350033883,19.614729456059326
0.0381125,5.0E9,4.949141658579751+0.11353520128033263i,4.949141658579751,21.79562639061915
0.0381125,5.0E9,4.950731267011211+0.12838595044533388i,4.950731267011211,19.2806582411804
0.0381125,5.0E9,4.951275388685556+0.12188324589056675i,4.951275388685556,20.311550420683226
0.0381125,5.0E9,4.951685365169082+0.11025945009978001i,4.951685365169082,22.454698262543584
0.0381125,5.0E9,4.953968270749908+0.12529828262630896i,4.953968270749908,19.768699805426227
0.0381125,5.0E9,4.9553275839525766+0.0013766703375031992i,4.9553275839525766,1799.750982119589
0.0381125,5.0E9,4.956551494907249+0.030899842873038263i,4.956551494907249,80.20350645912346
0.0381125,5.0E9,4.956564482619659+0.12157081925044949i,4.956564482619659,20.385502512772337
0.0381125,5.0E9,4.9565982036791265+0.1126045694741975i,4.9565982036791265,22.00886796523339
0.0381125,5.0E9,4.9566829392571545+0.03640775775121522i,4.9566829392571545,68.07179630681472
0.0381125,5.0E9,4.956912749508236+0.08807778046959613i,4.956912749508236,28.139405438465435
0.0381125,5.0E9,4.9583547351395865+0.13204907405456798i,4.9583547351395865,18.774666807169716
0.0381125,5.0E9,4.958851517224727+0.09957707335498103i,4.958851517224727,24.89956447879815
0.0381125,5.0E9,4.9601206992910525+0.1255392850176997i,4.9601206992910525,19.75525310101825
0.0381125,5.0E9,4.962066909394914+0.11644056512083911i,4.962066909394914,21.307294860023244
0.0381125,5.0E9,4.962999290257219+0.01806086880266904i,4.962999290257219,137.39647146774539
0.0381125,5.0E9,4.9631994319514945+0.09215049819937803i,4.9631994319514945,26.92985675027525
0.0381125,5.0E9,4.963611862795265+0.11368714136145126i,4.963611862795265,21.830137530744146
0.0381125,5.0E9,4.964150957651933+0.103262589525455i,4.964150957651933,24.0365411155423
0.0381125,5.0E9,4.964271366023531+0.1278790600423147i,4.964271366023531,19.41002445740871
0.0381125,5.0E9,4.965297161950059+0.1256354288019996i,4.965297161950059,19.760736319749928
0.0381125,5.0E9,4.96611119847279+0.1321776485226163i,4.96611119847279,18.7857449953918
0.0381125,5.0E9,4.9672776541306085+0.059030088537346384i,4.9672776541306085,42.074116583680684
0.0381125,5.0E9,4.9684479761398315+0.10632404200003545i,4.9684479761398315,23.364649625237984
0.0381125,5.0E9,4.9688770290727655+0.12149824176393083i,4.9688770290727655,20.44834952725989
0.0381125,5.0E9,4.9689468085548505+0.03552992226540527i,4.9689468085548505,69.9262268495449
0.0381125,5.0E9,4.969063762651457+0.13501356871377354i,4.969063762651457,18.402090286146677
0.0381125,5.0E9,4.969114589531635+0.11564485327361088i,4.969114589531635,21.4843741371478
0.0381125,5.0E9,4.969650666935887+0.09965331387283827i,4.969650666935887,24.934698475142362
0.0381125,5.0E9,4.96981568432938+0.09155439913756493i,4.96981568432938,27.14132652906165
0.0381125,5.0E9,4.970123125945233+0.13396068921197357i,4.970123125945233,18.550677647233982
0.0381125,5.0E9,4.970905885600266+0.12329596675034488i,4.970905885600266,20.158428603206364
0.0381125,5.0E9,4.9736024409510415+0.13190694768961156i,4.9736024409510415,18.85269323589519
0.0381125,5.0E9,4.974363112856344+0.12596774988453885i,4.974363112856344,19.74458985500579
0.0381125,5.0E9,4.975086702460974+0.09642584300374321i,4.975086702460974,25.797475798411444
0.0381125,5.0E9,4.975129973702492+0.11591041190818266i,4.975129973702492,21.461100395551583
0.0381125,5.0E9,4.975567658388002+0.11151911403389848i,4.975567658388002,22.308138391753978
0.0381125,5.0E9,4.976470764869664+0.034994068195031876i,4.976470764869664,71.10449029724667
0.0381125,5.0E9,4.97736920261723+0.11744853029517932i,4.97736920261723,21.189576362121265
0.0381125,5.0E9,4.978740108102066+0.003375507673974076i,4.978740108102066,737.480193940792
0.0381125,5.0E9,4.978770067005016+0.113388157665954i,4.978770067005016,21.954541680060935
0.0381125,5.0E9,4.9805271531669915+0.016343746113569313i,4.9805271531669915,152.36797973238015
0.0381125,5.0E9,4.980788052915083+0.1256915336305662i,4.980788052915083,19.813538386581648
0.0381125,5.0E9,4.981632395962509+0.13561040737965244i,4.981632395962509,18.367441305651496
0.0381125,5.0E9,4.981836049409288+0.11907089708678134i,4.981836049409288,20.91962087838484
0.0381125,5.0E9,4.981971196458752+0.10879081035112956i,4.981971196458752,22.89702218587723
0.0381125,5.0E9,4.983442240495842+0.13322932857280648i,4.983442240495842,18.702497017285935
0.0381125,5.0E9,4.98460769877502+0.13763566991093498i,4.98460769877502,18.10797921062394
0.0381125,5.0E9,4.984893151921457+0.0022032214483776224i,4.984893151921457,1131.273743633933
0.0381125,5.0E9,4.985413975570404+0.09792631798520184i,4.985413975570404,25.454924059964025
0.0381125,5.0E9,4.985777383187716+0.12569524879045058i,4.985777383187716,19.83279969276969
0.0381125,5.0E9,4.98670371279871+0.11003713549471118i,4.98670371279871,22.65918542126349
0.0381125,5.0E9,4.9868792645855855+0.11948142860695359i,4.9868792645855855,20.868846827193693
0.0381125,5.0E9,4.988783716238218+0.10473189964138852i,4.988783716238218,23.816925565755344
0.0381125,5.0E9,4.990104834553815+0.12580239575569976i,4.990104834553815,19.833107329069794
0.0381125,5.0E9,4.991406187803293+0.07076143906390332i,4.991406187803293,35.26925295637112
0.0381125,5.0E9,4.991630407021432+0.12311502080437449i,4.991630407021432,20.272223382689265
0.0381125,5.0E9,4.991820577997408+0.11241238998218452i,4.991820577997408,22.20316007331811
0.0381125,5.0E9,4.992273251384151+0.11028211500467952i,4.992273251384151,22.634101872149973
0.0381125,5.0E9,4.993809927720988+0.11651827773677265i,4.993809927720988,21.429298581817967
0.0381125,5.0E9,4.994475284785846+0.11904046981538963i,4.994475284785846,20.978056002850877
0.0381125,5.0E9,4.995013089704656+0.1280140178823166i,4.995013089704656,19.509633289912735
0.0381125,5.0E9,4.99546688365451+0.1354612007937633i,4.99546688365451,18.438736901719917
0.0381125,5.0E9,4.996903518479833+0.002659704881044267i,4.996903518479833,939.371799121924
0.0381125,5.0E9,4.99697168647647+0.10365835163516644i,4.99697168647647,24.10308290480875
0.0381125,5.0E9,4.997201315249287+0.11983982633540977i,4.997201315249287,20.849501655914594
0.0381125,5.0E9,4.997814374673523+0.12571787218114858i,4.997814374673523,19.877103740159175
0.0381125,5.0E9,4.999691045138623+0.002244702581017203i,4.999691045138623,1113.6644755121586
0.0381125,5.0E9,5.000814936684672+0.0913002231740308i,5.000814936684672,27.386652314926053
0.0381125,5.0E9,5.001207695092957+0.1196626319515471i,5.001207695092957,20.897115555330632
0.0381125,5.0E9,5.001573651040326+0.12314632504632347i,5.001573651040326,20.307441773674142
0.0381125,5.0E9,5.002179219371299+0.1293164008092906i,5.002179219371299,19.340853859473956
0.0381125,5.0E9,5.003417257221777+0.07002271451239654i,5.003417257221777,35.72710149887142
0.0381125,5.0E9,5.004359232300402+0.10314533616688333i,5.004359232300402,24.258776103088323
0.0381125,5.0E9,5.005137937007878+0.11440453875461964i,5.005137937007878,21.8747350039282
0.0381125,5.0E9,5.005138476532232+0.1311752578036136i,5.005138476532232,19.078058470544704
0.0381125,5.0E9,5.005143379866493+0.013639840131823198i,5.005143379866493,183.47514822365702
0.0381125,5.0E9,5.005908462247208+0.12181433956667434i,5.005908462247208,20.547287290045414
0.0381125,5.0E9,5.006084470020033+0.1381612006967961i,5.006084470020033,18.11682456714536
0.0381125,5.0E9,5.007836561339067+0.1068466508637635i,5.007836561339067,23.434691311590043
0.0381125,5.0E9,5.008103637347126+0.12934790943194455i,5.008103637347126,19.35904360318287
0.0381125,5.0E9,5.010023327924961+0.11413521553963477i,5.010023327924961,21.947754267766605
0.0381125,5.0E9,5.010766419993033+0.12211884721035032i,5.010766419993033,20.51594219261652
0.0381125,5.0E9,5.010797014150736+0.12790034479884732i,5.010797014150736,19.588676723394943
0.0381125,5.0E9,5.012876242874823+0.10785997196112045i,5.012876242874823,23.237889606914514
0.0381125,5.0E9,5.013470155431586+0.012448209782906436i,5.013470155431586,201.3731389037143
0.0381125,5.0E9,5.014000872675098+0.1024195977336848i,5.014000872675098,24.477741485143724
0.0381125,5.0E9,5.014041630393501+0.0033716206548685544i,5.014041630393501,743.5655050863036
0.0381125,5.0E9,5.014627100109406+0.13207861255595554i,5.014627100109406,18.983494008104234
0.0381125,5.0E9,5.0153155667707905+0.1045029071342068i,5.0153155667707905,23.996057642348273
0.0381125,5.0E9,5.015888664512636+0.0964892278109767i,5.015888664512636,25.99196189205084
0.0381125,5.0E9,5.016831937266912+0.12061988444184013i,5.016831937266912,20.796040223724063
0.0381125,5.0E9,5.0168355724227105+0.11318019331421707i,5.0168355724227105,22.163045606816983
0.0381125,5.0E9,5.017106672757812+0.12579503544453582i,5.017106672757812,19.94159250811571
0.0381125,5.0E9,5.018322590275787+0.13201174922629424i,5.018322590275787,19.00710588143707
0.0381125,5.0E9,5.018379699156674+0.1335206551305479i,5.018379699156674,18.79252200436714
0.0381125,5.0E9,5.018585832725806+0.003213725062776316i,5.018585832725806,780.8050991752049
0.0381125,5.0E9,5.01962227753956+0.12566999094368256i,5.01962227753956,19.971443619300654
0.0381125,5.0E9,5.020142485094582+0.10666648069496518i,5.020142485094582,23.531958926491235
0.0381125,5.0E9,5.021318835631497+0.090866449647295i,5.021318835631497,27.63021365488652
0.0381125,5.0E9,5.022254077877303+0.13389113094545085i,5.022254077877303,18.754991620480975
0.0381125,5.0E9,5.022766878576209+0.1156199065246087i,5.022766878576209,21.721029836272862
0.0381125,5.0E9,5.022874328857065+0.10633149714436482i,5.022874328857065,23.61893918430198
0.0381125,5.0E9,5.024111354845854+0.12744698265060195i,5.024111354845854,19.710593575289028
0.0381125,5.0E9,5.024841597745948+0.004209672581833173i,5.024841597745948,596.82095223161
0.0381125,5.0E9,5.024867484402334+0.12106947135511502i,5.024867484402334,20.752000599984612
0.0381125,5.0E9,5.027218729948241+0.10340104822513516i,5.027218729948241,24.30932188908992
0.0381125,5.0E9,5.027796582981652+0.11309720230194974i,5.027796582981652,22.22776726854089
0.0381125,5.0E9,5.028050464246675+0.11837334270458068i,5.028050464246675,21.23810289278967
0.0381125,5.0E9,5.030917372444704+0.12861945538628755i,5.030917372444704,19.557373172414565
0.0381125,5.0E9,5.031104400592665+0.06697066095192941i,5.031104400592665,37.56200348839263
0.0381125,5.0E9,5.031869140105864+0.12334398968867219i,5.031869140105864,20.39770706625678
0.0381125,5.0E9,5.031931407070715+0.12959420638885802i,5.031931407070715,19.414183501274717
0.0381125,5.0E9,5.032109368815592+0.10016511189005582i,5.032109368815592,25.119072269089976
0.0381125,5.0E9,5.033239402810316+0.11875218606469821i,5.033239402810316,21.192196832772918
0.0381125,5.0E9,5.033728936189853+0.0038337896056347223i,5.033728936189853,656.4951984834427
0.0381125,5.0E9,5.0349388839861025+0.09273500101868803i,5.0349388839861025,27.146917715412858
0.0381125,5.0E9,5.035447967162537+0.13275135441785635i,5.035447967162537,18.96571221154042
0.0381125,5.0E9,5.035765802391011+0.10571915709545443i,5.035765802391011,23.8167137382877
0.0381125,5.0E9,5.037012281457681+0.11355853814578103i,5.037012281457681,22.17804298868045
0.0381125,5.0E9,5.037281650490081+0.0957070463437126i,5.037281650490081,26.31614830322783
0.0381125,5.0E9,5.0393478631582225+0.11839998500010677i,5.0393478631582225,21.28103252358384
0.0381125,5.0E9,5.039542848046957+0.004563572435609444i,5.039542848046957,552.1488832656111
0.0381125,5.0E9,5.040035963240517+0.13210807442796885i,5.040035963240517,19.075427391792644
0.0381125,5.0E9,5.040247809975322+0.12748241727476645i,5.040247809975322,19.7684038227481
0.0381125,5.0E9,5.041755078980449+0.002867999766185663i,5.041755078980449,878.9671356364514
0.0381125,5.0E9,5.042074369785616+0.11543839888747044i,5.042074369785616,21.83880934930776
0.0381125,5.0E9,5.0422035645605865+0.0993110425633807i,5.0422035645605865,25.38591597879275
0.0381125,5.0E9,5.042495439595586+0.12049079461616652i,5.042495439595586,20.924816105906164
0.0381125,5.0E9,5.042811093799958+0.13016600409339793i,5.042811093799958,19.37069179054461
0.0381125,5.0E9,5.0433097575498795+0.11171599175870553i,5.0433097575498795,22.57201354145825
0.0381125,5.0E9,5.043384656460534+0.10560721882630338i,5.043384656460534,23.878029894696876
0.0381125,5.0E9,5.046258493623285+0.10458523566509413i,5.046258493623285,24.125099788380076
0.0381125,5.0E9,5.048018586406107+0.11910991685804842i,5.048018586406107,21.19058899361915
0.0381125,5.0E9,5.049001674860838+0.11169423997642394i,5.049001674860838,22.601889210789047
0.0381125,5.0E9,5.0493926721837115+0.12502782791680878i,5.0493926721837115,20.193075238991934
0.0381125,5.0E9,5.049582666826005+0.09369702484639121i,5.049582666826005,26.946334075731823
0.0381125,5.0E9,5.050557156927899+0.02500551710295087i,5.050557156927899,100.98885650182952
0.0381125,5.0E9,5.052221958503473+0.10272591553205274i,5.052221958503473,24.59078574445545
0.0381125,5.0E9,5.052273709746811+0.12150463526787353i,5.052273709746811,20.790456671090716
0.0381125,5.0E9,5.052663732187471+0.028122312840577153i,5.052663732187471,89.83371603947663
0.0381125,5.0E9,5.053981876180325+0.06607655540569936i,5.053981876180325,38.24338182544243
0.0381125,5.0E9,5.054239208659172+0.10954778886150732i,5.054239208659172,23.068650043903897
0.0381125,5.0E9,5.054708283925711+0.12772862662083484i,5.054708283925711,19.78690453993027
0.0381125,5.0E9,5.054773661931024+0.1214340693807457i,5.054773661931024,20.812831554224832
0.0381125,5.0E9,5.0551342710603375+0.10328879929857841i,5.0551342710603375,24.470873441211122
0.0381125,5.0E9,5.055353479676834+0.09846544372925073i,5.055353479676834,25.670698715264407
0.0381125,5.0E9,5.055388307796547+0.02909801474677519i,5.055388307796547,86.8682683645422
0.0381125,5.0E9,5.056029797950298+0.11518238753995702i,5.056029797950298,21.947929305582207
0.0381125,5.0E9,5.056335032226519+0.019548101183169426i,5.056335032226519,129.33059290126695
0.0381125,5.0E9,5.059004967047012+0.04594727450559669i,5.059004967047012,55.05228570663957
0.0381125,5.0E9,5.060072790642269+0.020618325780093667i,5.060072790642269,122.70813946318586
0.0381125,5.0E9,5.060544352007245+0.11425734272887528i,5.060544352007245,22.14537915526166
0.0381125,5.0E9,5.061295631281026+0.012013719915722155i,5.061295631281026,210.64648030696108
0.0381125,5.0E9,5.062597744578212+0.11748154603757277i,5.062597744578212,21.546353088335678
0.0381125,5.0E9,5.062811387286237+0.10462956910222473i,5.062811387286237,24.193979917568956
0.0381125,5.0E9,5.064534106896523+0.11715127582727902i,5.064534106896523,21.615360443719688
0.0381125,5.0E9,5.066118138427181+0.09357452551948435i,5.066118138427181,27.069964342871824
0.0381125,5.0E9,5.0678549244264515+0.10186377842527736i,5.0678549244264515,24.87564766775267
0.0381125,5.0E9,5.071375221994874+0.006189530204603894i,5.071375221994874,409.67367912856173
0.0381125,5.0E9,5.071378713246051+0.029324169728236607i,5.071378713246051,86.47096849195286
0.0381125,5.0E9,5.071812637671779+0.11079200275823846i,5.071812637671779,22.888893202603654
0.0381125,5.0E9,5.072127462378384+0.1070011656252665i,5.072127462378384,23.70127200362333
0.0381125,5.0E9,5.072144982111025+0.11642706555434061i,5.072144982111025,21.782499447019372
0.0381125,5.0E9,5.073647194075245+0.09159485178152964i,5.073647194075245,27.696137366851225
0.0381125,5.0E9,5.075080428864141+0.07086289829419634i,5.075080428864141,35.80915084642953
0.0381125,5.0E9,5.078312518439783+0.10566649178594832i,5.078312518439783,24.029909731114515
0.0381125,5.0E9,5.080439117107982+0.005793824686947608i,5.080439117107982,438.43569590164265
0.0381125,5.0E9,5.081610579561362+0.09404257087637491i,5.081610579561362,27.017607729171242
0.0381125,5.0E9,5.081785192462848+0.09814200389743892i,5.081785192462848,25.889960417832167
0.0381125,5.0E9,5.082256473503389+0.039770377407681294i,5.082256473503389,63.89499930319741
0.0381125,5.0E9,5.083295794420033+0.10387049643299884i,5.083295794420033,24.469392026536568
0.0381125,5.0E9,5.083543129086471+0.025342916110892493i,5.083543129086471,100.29514967501198
0.0381125,5.0E9,5.08614417146482+0.0034707420907838485i,5.08614417146482,732.7171017648478
0.0381125,5.0E9,5.086567530039117+0.10184306124184563i,5.086567530039117,24.97257774862099
0.0381125,5.0E9,5.087775223012754+0.0024546326262837753i,5.087775223012754,1036.361850757981
0.0381125,5.0E9,5.093106601529002+0.003301157328419817i,5.093106601529002,771.4122798211117
0.0381125,5.0E9,5.093213566900905+0.021052341822291796i,5.093213566900905,120.96548711525834
0.0381125,5.0E9,5.093491636922694+0.08886857407191508i,5.093491636922694,28.6574398774582
0.0381125,5.0E9,5.094813679612641+0.09975646702779378i,5.094813679612641,25.53625760519938
0.0381125,5.0E9,5.098191036905116+0.07715809950315622i,5.098191036905116,33.03730308116629
0.0381125,5.0E9,5.101285064203082+0.029129402751095355i,5.101285064203082,87.56247266366039
0.0381125,5.0E9,5.102590128955902+0.08841426622194405i,5.102590128955902,28.856147016743893
0.0381125,5.0E9,5.1037752326945585+0.030744121076874655i,5.1037752326945585,83.00408425943837
0.0381125,5.0E9,5.107372850387291+0.06123045597649797i,5.107372850387291,41.70614744684941
0.0381125,5.0E9,5.11236235051968+0.003455654876312881i,5.11236235051968,739.7096257445818
0.0381125,5.0E9,5.114293981728489+0.027660224269867265i,5.114293981728489,92.44852702260881
0.0381125,5.0E9,5.115236231547019+0.0038807906298825483i,5.115236231547019,659.0456326294819
0.0381125,5.0E9,5.122260035112895+0.034457503006441674i,5.122260035112895,74.32720870916431
0.0381125,5.0E9,5.124133735065762+0.0537479590883931i,5.124133735065762,47.66817030799892
0.0381125,5.5E9,5.385865666971635+0.0055176635783202085i,5.385865666971635,488.05672822583557
0.0381125,5.5E9,5.387809474798117+0.006156249099982612i,5.387809474798117,437.5886507592208
0.0381125,5.5E9,5.394572811832872+0.004449473177632426i,5.394572811832872,606.2035432589499
0.0381125,5.5E9,5.396336728897227+0.004149954166126031i,5.396336728897227,650.1682323319113
0.0381125,5.5E9,5.397797342142309+0.06558873910583436i,5.397797342142309,41.148811638476474
0.0381125,5.5E9,5.401502948287+0.03714655139862339i,5.401502948287,72.70530836527632
0.0381125,5.5E9,5.405493885110982+0.00795276518479592i,5.405493885110982,339.84996158601496
0.0381125,5.5E9,5.415385105964243+0.010382646707409753i,5.415385105964243,260.79020400932365
0.0381125,5.5E9,5.415623600236774+0.005170867659518803i,5.415623600236774,523.6668154006429
0.0381125,5.5E9,5.416398701145699+0.003696837604803165i,5.416398701145699,732.5719006575202
0.0381125,5.5E9,5.41646274531316+0.090657229587381i,5.41646274531316,29.873308339366584
0.0381125,5.5E9,5.416927427440538+0.08745674967134315i,5.416927427440538,30.96917875290932
0.0381125,5.5E9,5.418464354657128+0.031119463505682707i,5.418464354657128,87.05909010397407
0.0381125,5.5E9,5.42106459889918+0.07945944865273123i,5.42106459889918,34.11214582290488
0.0381125,5.5E9,5.42110371790593+0.07316417175741674i,5.42110371790593,37.04753014822713
0.0381125,5.5E9,5.4227709806958595+0.00535454703755431i,5.4227709806958595,506.3706549464463
0.0381125,5.5E9,5.4287776082078505+0.09510978431290038i,5.4287776082078505,28.539532748532945
0.0381125,5.5E9,5.429298409458504+0.005235600379943833i,5.429298409458504,518.4981678755196
0.0381125,5.5E9,5.430899755127256+0.09359926854593394i,5.430899755127256,29.01144335578881
0.0381125,5.5E9,5.431037684575497+0.08477030463286818i,5.431037684575497,32.03384550814572
0.0381125,5.5E9,5.432544016110921+0.006015379998316434i,5.432544016110921,451.5545167247425
0.0381125,5.5E9,5.434338431080621+0.09754126842666959i,5.434338431080621,27.85661145654516
0.0381125,5.5E9,5.436679719028853+0.032275156040533104i,5.436679719028853,84.22391067917904
0.0381125,5.5E9,5.437152608099182+0.10118034600435939i,5.437152608099182,26.868620353724232
0.0381125,5.5E9,5.438045077374107+0.08823190980063836i,5.438045077374107,30.816770767296493
0.0381125,5.5E9,5.438055636475307+0.056467070400403746i,5.438055636475307,48.15245060452459
0.0381125,5.5E9,5.4398172627750965+0.07818257422675629i,5.4398172627750965,34.78919258272157
0.0381125,5.5E9,5.440533277592532+0.10174668689663664i,5.440533277592532,26.735677806981133
0.0381125,5.5E9,5.441157897870247+0.09732155952162445i,5.441157897870247,27.954535072268563
0.0381125,5.5E9,5.442198363567964+0.058112121156658175i,5.442198363567964,46.824984661091015
0.0381125,5.5E9,5.4423307538255+0.10232658884721031i,5.4423307538255,26.592945270323415
0.0381125,5.5E9,5.443379245186578+0.07645799086645706i,5.443379245186578,35.597189930703806
0.0381125,5.5E9,5.4434102901439125+0.006264357717210144i,5.4434102901439125,434.47473275585526
0.0381125,5.5E9,5.444464450338763+0.10815641408897946i,5.444464450338763,25.16940163095479
0.0381125,5.5E9,5.444511818542568+0.09592367476639614i,5.444511818542568,28.379395554859844
0.0381125,5.5E9,5.444832828495618+0.06977981711485835i,5.444832828495618,39.01438161935394
0.0381125,5.5E9,5.446494615653562+0.08751710384597092i,5.446494615653562,31.116743906650118
0.0381125,5.5E9,5.447667993149667+0.007022286729472929i,5.447667993149667,387.8841895109111
0.0381125,5.5E9,5.44859680300706+0.10794873592470786i,5.44859680300706,25.23696436245141
0.0381125,5.5E9,5.449251343899231+0.09757815914721224i,5.449251343899231,27.92249511326692
0.0381125,5.5E9,5.45013779017978+0.1008857829892376i,5.45013779017978,27.01142633130575
0.0381125,5.5E9,5.450334353607997+0.027350569823704526i,5.450334353607997,99.63840586758515
0.0381125,5.5E9,5.450443448782476+0.09204288941206155i,5.450443448782476,29.60817225316394
0.0381125,5.5E9,5.450518259654968+0.1049424225875995i,5.450518259654968,25.969089169373852
0.0381125,5.5E9,5.451258758093569+0.011149140492541535i,5.451258758093569,244.4699105612809
0.0381125,5.5E9,5.453206651829627+0.10950828654081246i,5.453206651829627,24.898602763715427
0.0381125,5.5E9,5.454209149433713+0.10497367042540551i,5.454209149433713,25.978938944073054
0.0381125,5.5E9,5.456651182152243+0.10416720305055129i,5.456651182152243,26.191790805327592
0.0381125,5.5E9,5.457158458139163+0.031669771781907566i,5.457158458139163,86.15721161048513
0.0381125,5.5E9,5.457796202658171+0.08735628067656497i,5.457796202658171,31.238716669185823
0.0381125,5.5E9,5.4578840830591755+0.09956158588860907i,5.4578840830591755,27.40958791659634
0.0381125,5.5E9,5.459727807634856+0.09527078792649012i,5.459727807634856,28.653734929995128
0.0381125,5.5E9,5.460124569909245+0.11680914070311113i,5.460124569909245,23.37199185373263
0.0381125,5.5E9,5.4607407992921315+0.11184170749429292i,5.4607407992921315,24.412810397993894
0.0381125,5.5E9,5.461893293298944+0.09335454103978029i,5.461893293298944,29.253495504688512
0.0381125,5.5E9,5.462671383095266+0.11231801825329034i,5.462671383095266,24.317876454943764
0.0381125,5.5E9,5.464895724913836+0.10154069470743055i,5.464895724913836,26.90987953480057
0.0381125,5.5E9,5.4650483379522985+0.10890205853736663i,5.4650483379522985,25.091574995697272
0.0381125,5.5E9,5.465372365734477+0.09418154401372505i,5.465372365734477,29.01509219756479
0.0381125,5.5E9,5.465709868505283+0.11859800119182318i,5.465709868505283,23.04301005741621
0.0381125,5.5E9,5.46712005516073+0.005233917864353908i,5.46712005516073,522.2779757774828
0.0381125,5.5E9,5.4675142385196285+0.10433077268018998i,5.4675142385196285,26.202788008095453
0.0381125,5.5E9,5.468786862827761+0.11624695476237719i,5.468786862827761,23.522280106204164
0.0381125,5.5E9,5.469933004643962+0.09094196149878724i,5.469933004643962,30.073757561941896
0.0381125,5.5E9,5.470413199999454+0.09834740467846192i,5.470413199999454,27.81168053129862
0.0381125,5.5E9,5.470636362874934+0.10336361473730966i,5.470636362874934,26.4630662190855
0.0381125,5.5E9,5.472190970585354+0.11474899928461729i,5.472190970585354,23.84417731178824
0.0381125,5.5E9,5.473481505218512+0.10129486761449638i,5.473481505218512,27.017565816114452
0.0381125,5.5E9,5.473534459681311+0.11140873224267404i,5.473534459681311,24.565105218856115
0.0381125,5.5E9,5.473646889134341+0.09815120020894046i,5.473646889134341,27.883749141540065
0.0381125,5.5E9,5.474808297348222+0.0748725162716378i,5.474808297348222,36.5608675250448
0.0381125,5.5E9,5.474816533592807+0.1158064136161353i,5.474816533592807,23.63779501772776
0.0381125,5.5E9,5.476008215121254+0.11601543974818686i,5.476008215121254,23.600342450138566
0.0381125,5.5E9,5.476545868247611+0.10750401887823716i,5.476545868247611,25.471354119563383
0.0381125,5.5E9,5.4768931887430305+0.09264353498807i,5.4768931887430305,29.558960533232604
0.0381125,5.5E9,5.478341881061717+0.004582422905448799i,5.478341881061717,597.756033663721
0.0381125,5.5E9,5.478849263464395+0.08145544340235933i,5.478849263464395,33.63095843945588
0.0381125,5.5E9,5.4795678233922755+0.11870498706149607i,5.4795678233922755,23.080613372012508
0.0381125,5.5E9,5.480220653685107+0.12143674325611784i,5.480220653685107,22.56409595128458
0.0381125,5.5E9,5.480455093994218+0.08954152510511473i,5.480455093994218,30.60286882293212
0.0381125,5.5E9,5.480576845091218+0.0033040280478195154i,5.480576845091218,829.3780751510432
0.0381125,5.5E9,5.480721674537488+0.09891123443077286i,5.480721674537488,27.70525363513383
0.0381125,5.5E9,5.480958987126828+0.05110712868112271i,5.480958987126828,53.62225513904985
0.0381125,5.5E9,5.481049262504831+0.09479744304581174i,5.481049262504831,28.909267414818686
0.0381125,5.5E9,5.481659097784348+0.10651279055204649i,5.481659097784348,25.732398284625663
0.0381125,5.5E9,5.483749850193581+0.097570284507491i,5.483749850193581,28.101536640351622
0.0381125,5.5E9,5.484732045334433+0.1092852080160453i,5.484732045334433,25.09366155266485
0.0381125,5.5E9,5.484993956758984+0.12259517181077184i,5.484993956758984,22.370350625329614
0.0381125,5.5E9,5.4863417458401775+0.11663734234599259i,5.4863417458401775,23.518804679060306
0.0381125,5.5E9,5.4868102720344805+0.07613190540128807i,5.4868102720344805,36.034893932535475
0.0381125,5.5E9,5.486849267722245+0.10891582965127454i,5.486849267722245,25.188484012333085
0.0381125,5.5E9,5.487465276557463+0.103470191579411i,5.487465276557463,26.51713113117201
0.0381125,5.5E9,5.4877088308883+0.12221394165597159i,5.4877088308883,22.451239017951114
0.0381125,5.5E9,5.488466391402149+0.005314974669576446i,5.488466391402149,516.3210299776958
0.0381125,5.5E9,5.488906475078732+0.04061694919758249i,5.488906475078732,67.56916242499854
0.0381125,5.5E9,5.489948120541289+0.09087058675769698i,5.489948120541289,30.207508922441704
0.0381125,5.5E9,5.489987918265464+0.10910648072383168i,5.489987918265464,25.158853451435306
0.0381125,5.5E9,5.490937345641961+0.05530061911739098i,5.490937345641961,49.64625562315963
0.0381125,5.5E9,5.491615433596646+0.11817627713538302i,5.491615433596646,23.234846987544877
0.0381125,5.5E9,5.492033028706556+0.1128127994747339i,5.492033028706556,24.34135600870617
0.0381125,5.5E9,5.492126170327083+0.12183455668100764i,5.492126170327083,22.53927916652908
0.0381125,5.5E9,5.492866195744329+0.09539621150054471i,5.492866195744329,28.78975018684555
0.0381125,5.5E9,5.493120558835809+0.10600492363548503i,5.493120558835809,25.90974254047287
0.0381125,5.5E9,5.494210713729486+0.08337656881497005i,5.494210713729486,32.94816992242918
0.0381125,5.5E9,5.4943655193274985+0.05453764701812763i,5.4943655193274985,50.37222744044349
0.0381125,5.5E9,5.494683691423377+0.11681496602229101i,5.494683691423377,23.5187488321268
0.0381125,5.5E9,5.494844378982278+0.12181887206869058i,5.494844378982278,22.55333794210422
0.0381125,5.5E9,5.494971710364263+0.0027551539303972677i,5.494971710364263,997.2168251179961
0.0381125,5.5E9,5.495479612765847+0.1077792820322077i,5.495479612765847,25.49413722724388
0.0381125,5.5E9,5.495489973557205+0.11261793211039166i,5.495489973557205,24.398822951971592
0.0381125,5.5E9,5.495685119506757+0.10576559774350583i,5.495685119506757,25.980494776923813
0.0381125,5.5E9,5.496373219255576+0.09961635631857646i,5.496373219255576,27.587704581755577
0.0381125,5.5E9,5.498122936610338+0.006811895434425607i,5.498122936610338,403.5677726954093
0.0381125,5.5E9,5.498328090944661+0.11946896257565705i,5.498328090944661,23.01153359167529
0.0381125,5.5E9,5.500145974357335+0.1152723208292435i,5.500145974357335,23.857184165246718
0.0381125,5.5E9,5.501870453226343+0.006812116747046837i,5.501870453226343,403.82972411706635
0.0381125,5.5E9,5.5023003382207065+0.1087262709475453i,5.5023003382207065,25.30345375716636
0.0381125,5.5E9,5.503046071388386+0.12302426873015342i,5.503046071388386,22.365693079058236
0.0381125,5.5E9,5.503405638393811+0.0984049285862782i,5.503405638393811,27.963058951709954
0.0381125,5.5E9,5.503772007818067+0.08958923795158936i,5.503772007818067,30.71670288563062
0.0381125,5.5E9,5.50409393054301+0.10552396915868048i,5.50409393054301,26.07982799749643
0.0381125,5.5E9,5.504636975429389+0.09240267248842664i,5.504636975429389,29.786135114862837
0.0381125,5.5E9,5.5047466391045905+0.07079059384865204i,5.5047466391045905,38.880494849877635
0.0381125,5.5E9,5.506003282987364+0.10100923949334129i,5.506003282987364,27.25494870867892
0.0381125,5.5E9,5.506223181637685+0.11127101159463569i,5.506223181637685,24.74239742556244
0.0381125,5.5E9,5.507495753940739+0.08729526166955244i,5.507495753940739,31.545215906384573
0.0381125,5.5E9,5.507600641770456+0.1111729765019973i,5.507600641770456,24.770411007532523
0.0381125,5.5E9,5.5079189721501365+0.11639149469207803i,5.5079189721501365,23.66117467054499
0.0381125,5.5E9,5.509645768584313+0.02525784780363817i,5.509645768584313,109.06799762628029
0.0381125,5.5E9,5.510148540290356+0.06398717488047924i,5.510148540290356,43.05666370317713
0.0381125,5.5E9,5.51058302446008+0.09634427236167285i,5.51058302446008,28.59839453545071
0.0381125,5.5E9,5.510754726817265+0.10314150305097024i,5.510754726817265,26.714535680626902
0.0381125,5.5E9,5.510835923279534+0.09987178942079539i,5.510835923279534,27.58955234125435
0.0381125,5.5E9,5.510889211409999+0.11733883161241969i,5.510889211409999,23.4828024775845
0.0381125,5.5E9,5.511011996849335+0.020140107389807645i,5.511011996849335,136.81684735301627
0.0381125,5.5E9,5.511834658820153+0.11621215549249644i,5.511834658820153,23.71453586529526
0.0381125,5.5E9,5.512353261182907+0.10796562942991367i,5.512353261182907,25.528278259894154
0.0381125,5.5E9,5.512610951115318+0.11098124511306191i,5.512610951115318,24.835777186944323
0.0381125,5.5E9,5.513104305211783+0.004813715951053496i,5.513104305211783,572.6453701537192
0.0381125,5.5E9,5.51527934585843+0.10604427983524867i,5.51527934585843,26.0046055969592
0.0381125,5.5E9,5.515298762217529+0.08899128013691i,5.515298762217529,30.987860573150723
0.0381125,5.5E9,5.515814812089916+0.12090668457404724i,5.515814812089916,22.810214470449104
0.0381125,5.5E9,5.515825406836365+0.07824442775712712i,5.515825406836365,35.247400773110904
0.0381125,5.5E9,5.5160710810449665+0.04629772835312082i,5.5160710810449665,59.5717249772271
0.0381125,5.5E9,5.516540868638872+0.1117635359834839i,5.516540868638872,24.679520114029366
0.0381125,5.5E9,5.517377356614719+0.11515965248210111i,5.517377356614719,23.955340423905266
0.0381125,5.5E9,5.517871777004497+0.10341550993974591i,5.517871777004497,26.678163556991763
0.0381125,5.5E9,5.519954772719779+0.09570124130093151i,5.519954772719779,28.839515024483028
0.0381125,5.5E9,5.520113613803792+0.11165514899064728i,5.520113613803792,24.71947627899445
0.0381125,5.5E9,5.520289838185731+0.12155530217867329i,5.520289838185731,22.70690681214175
0.0381125,5.5E9,5.520575507428313+0.0037381252218086146i,5.520575507428313,738.4150048292518
0.0381125,5.5E9,5.521322777248668+0.1005775755294372i,5.521322777248668,27.448080490032684
0.0381125,5.5E9,5.521390394490217+0.01907698781448089i,5.521390394490217,144.7133700609448
0.0381125,5.5E9,5.521822550445164+0.08778509626710383i,5.521822550445164,31.450797374783907
0.0381125,5.5E9,5.52413087961612+0.1007398545736304i,5.52413087961612,27.417802532058214
0.0381125,5.5E9,5.524138104564207+0.007215371128771778i,5.524138104564207,382.80346263384394
0.0381125,5.5E9,5.524641889068574+0.11332267192025662i,5.524641889068574,24.375713153658157
0.0381125,5.5E9,5.524648804380259+0.1044667120286374i,5.524648804380259,26.442149355987148
0.0381125,5.5E9,5.525664279368155+0.06894240127834572i,5.525664279368155,40.07449825441259
0.0381125,5.5E9,5.525693360417116+0.12089697669996709i,5.525693360417116,22.8529013348711
0.0381125,5.5E9,5.5261942565928726+0.0926386119892059i,5.5261942565928726,29.826624870182513
0.0381125,5.5E9,5.5263859368934245+0.09742321515243514i,5.5263859368934245,28.362777435780867
0.0381125,5.5E9,5.52904011592651+0.10699343314117746i,5.52904011592651,25.8382218123189
0.0381125,5.5E9,5.529324355052872+0.0966325473958436i,5.529324355052872,28.610051706505576
0.0381125,5.5E9,5.530378154017508+0.1160779379038938i,5.530378154017508,23.82183149478568
0.0381125,5.5E9,5.5304243624610026+0.08957419475850596i,5.5304243624610026,30.870633988790804
0.0381125,5.5E9,5.530646096192881+0.11283979161782377i,5.530646096192881,24.50663022723661
0.0381125,5.5E9,5.532493991537434+0.10118228514398753i,5.532493991537434,27.33924215916064
0.0381125,5.5E9,5.533449599147671+0.10859723977078242i,5.533449599147671,25.476934822778155
0.0381125,5.5E9,5.534220784476176+0.10617495042195778i,5.534220784476176,26.06180065298932
0.0381125,5.5E9,5.534917125165339+0.11683974993095968i,5.534917125165339,23.685933633185233
0.0381125,5.5E9,5.534991537633757+0.0581984248581645i,5.534991537633757,47.552760672845494
0.0381125,5.5E9,5.535273100775967+0.027384672884326857i,5.535273100775967,101.06516744160169
0.0381125,5.5E9,5.535610920769158+0.10047986879515562i,5.535610920769158,27.545870566642517
0.0381125,5.5E9,5.535864329945262+0.004156309342309921i,5.535864329945262,665.9591327324829
0.0381125,5.5E9,5.538148640749668+0.11566961167837561i,5.538148640749668,23.939514278602108
0.0381125,5.5E9,5.538856645000349+0.0754142192489124i,5.538856645000349,36.72289324324092
0.0381125,5.5E9,5.538908915812548+0.09838466182884652i,5.538908915812548,28.149250161820103
0.0381125,5.5E9,5.539402441385748+0.09090569062585603i,5.539402441385748,30.46785302024972
0.0381125,5.5E9,5.540036643172381+0.11427187526967825i,5.540036643172381,24.240595641307447
0.0381125,5.5E9,5.54026686060113+0.09673676393707657i,5.54026686060113,28.63578765258704
0.0381125,5.5E9,5.540275649881206+0.10779727641368118i,5.540275649881206,25.697660619086186
0.0381125,5.5E9,5.540317353295909+0.1018794841982757i,5.540317353295909,27.19054477402664
0.0381125,5.5E9,5.541250494818088+0.06406598385537096i,5.541250494818088,43.246432516571254
0.0381125,5.5E9,5.541602613555765+0.11283726000837108i,5.541602613555765,24.55573014243987
0.0381125,5.5E9,5.54266830055365+0.10982689534234374i,5.54266830055365,25.233656488588164
0.0381125,5.5E9,5.543016182167601+0.003727827613976508i,5.543016182167601,743.4646604077828
0.0381125,5.5E9,5.543137907860421+0.1030772223216662i,5.543137907860421,26.8882774632902
0.0381125,5.5E9,5.545325944218169+0.10651181894112827i,5.545325944218169,26.03150523268788
0.0381125,5.5E9,5.546020595298897+0.0973392940523731i,5.546020595298897,28.488087207181092
0.0381125,5.5E9,5.546033794996716+0.03939947796721519i,5.546033794996716,70.38207206211769
0.0381125,5.5E9,5.546593754367034+0.005775995882237298i,5.546593754367034,480.141768402594
0.0381125,5.5E9,5.546984570643368+0.07573929449634645i,5.546984570643368,36.61893477837285
0.0381125,5.5E9,5.548285639014913+0.09984396559833268i,5.548285639014913,27.78478201344381
0.0381125,5.5E9,5.548361015592875+0.10557844773121461i,5.548361015592875,26.27601151002945
0.0381125,5.5E9,5.548967763622208+0.11352577246487058i,5.548967763622208,24.439242487159824
0.0381125,5.5E9,5.549842730149073+0.10034044575049475i,5.549842730149073,27.655063163408897
0.0381125,5.5E9,5.551667058717182+0.08500762249390299i,5.551667058717182,32.653936763820006
0.0381125,5.5E9,5.551823366671676+0.028370241308984537i,5.551823366671676,97.84589609594677
0.0381125,5.5E9,5.55204562392838+0.08775100034826007i,5.55204562392838,31.63522695977144
0.0381125,5.5E9,5.552505040307624+0.10614401214696727i,5.552505040307624,26.155526477648177
0.0381125,5.5E9,5.55306950886953+0.04450037501523484i,5.55306950886953,62.393513616103455
0.0381125,5.5E9,5.554631702744061+0.09268076523513162i,5.554631702744061,29.96647518312958
0.0381125,5.5E9,5.557724719612195+0.08425298002675531i,5.557724719612195,32.98236286625878
0.0381125,5.5E9,5.55835379363668+0.10484694297984123i,5.55835379363668,26.50699026439605
0.0381125,5.5E9,5.55856311895092+0.10621980258191142i,5.55856311895092,26.165380577997368
0.0381125,5.5E9,5.55916419197936+0.09316830019507912i,5.55916419197936,29.833989566941675
0.0381125,5.5E9,5.559734617087378+0.09802766888838528i,5.559734617087378,28.357986475317055
0.0381125,5.5E9,5.5601960419155185+0.10067183099089946i,5.5601960419155185,27.61545105113936
0.0381125,5.5E9,5.561583463902867+0.08428412081839372i,5.561583463902867,32.99306802930509
0.0381125,5.5E9,5.563518126863018+0.10147287879060178i,5.563518126863018,27.413818318606236
0.0381125,5.5E9,5.564368124442104+0.005546451327021333i,5.564368124442104,501.61515862705613
0.0381125,5.5E9,5.564760929189186+0.10387069049119076i,5.564760929189186,26.78696417090407
0.0381125,5.5E9,5.564995149811757+0.025105250718535116i,5.564995149811757,110.83329165287208
0.0381125,5.5E9,5.565622167660336+0.003350061285897787i,5.565622167660336,830.674679160205
0.0381125,5.5E9,5.5660986982614284+0.07420300578318077i,5.5660986982614284,37.50588429345721
0.0381125,5.5E9,5.568602517266632+0.0949468197469005i,5.568602517266632,29.324850121946373
0.0381125,5.5E9,5.568848352110757+0.006143941276178555i,5.568848352110757,453.1983707024053
0.0381125,5.5E9,5.569148738686508+0.0892677597660914i,5.569148738686508,31.19350565803021
0.0381125,5.5E9,5.569209363614756+0.08593604566105145i,5.569209363614756,32.403221027767586
0.0381125,5.5E9,5.57280093563349+0.006893080350924906i,5.57280093563349,404.2315374204029
0.0381125,5.5E9,5.5738683134271785+0.09158101112720592i,5.5738683134271785,30.4313538626751
0.0381125,5.5E9,5.576926279616077+0.021483065300352967i,5.576926279616077,129.79819689707986
0.0381125,5.5E9,5.5781800324785955+0.005946598092436216i,5.5781800324785955,469.02278796794496
0.0381125,5.5E9,5.57986259483415+0.09300347334070967i,5.57986259483415,29.998140899495425
0.0381125,5.5E9,5.581878379612086+0.08514787704300862i,5.581878379612086,32.77755461121275
0.0381125,5.5E9,5.584533691372391+0.004866993530817289i,5.584533691372391,573.7149285294622
0.0381125,5.5E9,5.584951089049439+0.007874041944269175i,5.584951089049439,354.6432142842619
0.0381125,5.5E9,5.5883846295694894+0.08374158111109045i,5.5883846295694894,33.36684449602172
0.0381125,5.5E9,5.5884647124368385+0.07426455397148797i,5.5884647124368385,37.625383938765665
0.0381125,5.5E9,5.594130331769256+0.010411857260419748i,5.594130331769256,268.6422888755455
0.0381125,5.5E9,5.596253984525225+0.012015214970134962i,5.596253984525225,232.88197499733812
0.0381125,5.5E9,5.599371426939546+0.06365459772372814i,5.599371426939546,43.98245866890697
0.0381125,5.5E9,5.601084124986523+0.011570438872387344i,5.601084124986523,242.04285536451934
0.0381125,5.5E9,5.601256132799629+0.005921830596156846i,5.601256132799629,472.93282388344045
0.0381125,5.5E9,5.6017930312282385+0.023678477377898872i,5.6017930312282385,118.28870880981701
0.0381125,5.5E9,5.606275529862178+0.011155870673599761i,5.606275529862178,251.27019189678148
0.0381125,5.5E9,5.607414731571907+0.029354119755704625i,5.607414731571907,95.51324955813354
0.0381125,5.5E9,5.612174531453223+0.0521553385509659i,5.612174531453223,53.80249354501878
0.0381125,5.5E9,5.621142138892567+0.008103153778313063i,5.621142138892567,346.8490351211619
0.05081666666,2.5E9,2.3017417247722314+4.418936025675838E-4i,2.3017417247722314,2604.4071597757516
0.05081666666,2.5E9,2.302161517007172+4.4083419994086137E-4i,2.302161517007172,2611.1421451829406
0.05081666666,2.5E9,2.3021982606549187+0.12051049426516841i,2.3021982606549187,9.551858013249937
0.05081666666,2.5E9,2.3033411983121788+0.11987853869826606i,2.3033411983121788,9.606978961053578
0.05081666666,2.5E9,2.315129758287975+0.09137908915500252i,2.315129758287975,12.667721793335657
0.05081666666,2.5E9,2.3154932613223855+0.0907302646500158i,2.3154932613223855,12.76031360789149
0.05081666666,2.5E9,2.3185007964872413+0.008124464823173203i,2.3185007964872413,142.68637054555526
0.05081666666,2.5E9,2.3189060052924653+0.008156801879401885i,2.3189060052924653,142.14553936563826
0.05081666666,2.5E9,2.3295133033014954+0.1511164095682999i,2.3295133033014954,7.707678173258305
0.05081666666,2.5E9,2.32985506928078+0.15073918721775187i,2.32985506928078,7.72810014530317
0.05081666666,2.5E9,2.3302357897265216+0.1525648707935515i,2.3302357897265216,7.63686875493036
0.05081666666,2.5E9,2.330636730606577+0.1522442625536957i,2.330636730606577,7.654267857169905
0.05081666666,2.5E9,2.3331575365739674+0.16473952251294108i,2.3331575365739674,7.0813533418815355
0.05081666666,2.5E9,2.333428489310692+0.16473235206390957i,2.333428489310692,7.082483981062247
0.05081666666,2.5E9,2.3334683402820326+0.16607658663370245i,2.3334683402820326,7.025277878057301
0.05081666666,2.5E9,2.333672833202504+0.16589659088588118i,2.333672833202504,7.033516544073581
0.05081666666,2.5E9,2.3522275980735285+0.12992171141083203i,2.3522275980735285,9.052480807597393
0.05081666666,2.5E9,2.3526706415264975+0.13081235235161032i,2.3526706415264975,8.992540074513597
0.05081666666,2.5E9,2.352816515120493+0.13007828227856874i,2.352816515120493,9.04384834234598
0.05081666666,2.5E9,2.353027984403937+0.1310887336082393i,2.353027984403937,8.974943611233584
0.05081666666,2.5E9,2.358376158587177+0.14829919938476405i,2.358376158587177,7.951412308263182
0.05081666666,2.5E9,2.3585640186703047+0.14860842008835343i,2.3585640186703047,7.935499271400798
0.05081666666,2.5E9,2.358827511349573+0.14820492265859i,2.358827511349573,7.957993125449179
0.05081666666,2.5E9,2.3590661856684316+0.1484811499351188i,2.3590661856684316,7.943992172404588
0.05081666666,2.5E9,2.367822212210682+0.1952150952491941i,2.367822212210682,6.06464937864598
0.05081666666,2.5E9,2.368630969369125+0.19304361619501823i,2.368630969369125,6.134963217266574
0.05081666666,2.5E9,2.3811561686442424+0.034950629395799446i,2.3811561686442424,34.06456778901988
0.05081666666,2.5E9,2.3813644824532463+0.0349559277116703i,2.3813644824532463,34.06238424131725
0.05081666666,2.5E9,2.4001619362971973+0.2065489715382336i,2.4001619362971973,5.810152232718601
0.05081666666,2.5E9,2.4012801428342896+0.20723750005490219i,2.4012801428342896,5.793546395314875
0.05081666666,2.5E9,2.4066735418527943+0.050387375419947526i,2.4066735418527943,23.881711656884914
0.05081666666,2.5E9,2.4074755195970594+0.05040634597952115i,2.4074755195970594,23.88067883927906
0.05081666666,2.5E9,2.4095892485266233+0.1979763467603824i,2.4095892485266233,6.08554831917126
0.05081666666,2.5E9,2.4101465249833844+0.21223160946226824i,2.4101465249833844,5.678104527148379
0.05081666666,2.5E9,2.410446807738373+0.21352864434840038i,2.410446807738373,5.644317218174739
0.05081666666,2.5E9,2.4106005020148364+0.19861264110720547i,2.4106005020148364,6.068597871153787
0.05081666666,2.5E9,2.41465674547432+0.16589790701322726i,2.41465674547432,7.27753830336689
0.05081666666,2.5E9,2.4157605975140273+0.1665101510013606i,2.4157605975140273,7.254094068698211
0.05081666666,2.5E9,2.415813669806487+0.20094044238506595i,2.415813669806487,6.011267918821981
0.05081666666,2.5E9,2.4168144942930896+0.20207990849348856i,2.4168144942930896,5.979848546821181
0.05081666666,2.5E9,2.4216072400719058+0.049583799979693435i,2.4216072400719058,24.419338988375753
0.05081666666,2.5E9,2.4217111379543588+0.19577406069163306i,2.4217111379543588,6.1849642628827
0.05081666666,2.5E9,2.4218886534174446+0.19585323654350473i,2.4218886534174446,6.182917107115237
0.05081666666,2.5E9,2.4221993409010167+0.049626142364980676i,2.4221993409010167,24.404469352933955
0.05081666666,2.5E9,2.4228549988491705+0.19824887257271476i,2.4228549988491705,6.110640044019677
0.05081666666,2.5E9,2.422919135745391+0.19801576383449387i,2.422919135745391,6.117995579812834
0.05081666666,2.5E9,2.430151379879262+0.19419338579590878i,2.430151379879262,6.257039522533676
0.05081666666,2.5E9,2.4304600166938135+0.19333215612110738i,2.4304600166938135,6.285710730840144
0.05081666666,2.5E9,2.4306024856150845+0.1938916081817626i,2.4306024856150845,6.267941424614236
0.05081666666,2.5E9,2.4307910098456262+0.21844204869507486i,2.4307910098456262,5.563926506747764
0.05081666666,2.5E9,2.4312832402480646+0.19312346276034367i,2.4312832402480646,6.294634544910688
0.05081666666,2.5E9,2.43176442670946+0.21982635580211912i,2.43176442670946,5.5311029877110345
0.05081666666,2.5E9,2.436631259960919+0.22396288782966806i,2.436631259960919,5.439810326552999
0.05081666666,2.5E9,2.4419316819385064+0.1768889269033254i,2.4419316819385064,6.902443597481623
0.05081666666,2.5E9,2.442163540733517+0.17641344258354402i,2.442163540733517,6.921704788956156
0.05081666666,2.5E9,2.4421714806409036+0.17815556896484763i,2.4421714806409036,6.854041933212807
0.05081666666,2.5E9,2.4423114957782914+0.1784327888857975i,2.4423114957782914,6.8437855817560695
0.05081666666,2.5E9,2.445422194043836+0.07391560987113002i,2.445422194043836,16.541987533535654
0.05081666666,2.5E9,2.4457729319204433+0.16123619805927109i,2.4457729319204433,7.584441215307518
0.05081666666,2.5E9,2.4459621516437053+0.07401494375415221i,2.4459621516437053,16.52343450917294
0.05081666666,2.5E9,2.4461536622373625+0.16277302735420981i,2.4461536622373625,7.5140018650457865
0.05081666666,2.5E9,2.446651832684853+0.16069641531827958i,2.446651832684853,7.612652179698438
0.05081666666,2.5E9,2.446960191940839+0.1621230553714648i,2.446960191940839,7.546613855550144
0.05081666666,2.5E9,2.4476604313940533+0.22449292395355772i,2.4476604313940533,5.451531362967183
0.05081666666,2.5E9,2.4476643254668917+0.22326240635738812i,2.4476643254668917,5.481586366019867
0.05081666666,2.5E9,2.448926134229285+0.148541442834152i,2.448926134229285,8.24324204580245
0.05081666666,2.5E9,2.449857511779745+0.15045718988164403i,2.449857511779745,8.141377336991694
0.05081666666,2.5E9,2.450032097756376+0.1482723344737081i,2.450032097756376,8.26193270124448
0.05081666666,2.5E9,2.4507794746686273+0.1501140587577869i,2.4507794746686273,8.163057794017234
0.05081666666,2.5E9,2.4531432083635876+0.22152544195120827i,2.4531432083635876,5.536933335413232
0.05081666666,2.5E9,2.456478215211707+0.21349374062335125i,2.456478215211707,5.753045049562977
0.05081666666,2.5E9,2.456770196743398+0.21209373349117305i,2.456770196743398,5.791708591064159
0.05081666666,2.5E9,2.456800551677766+0.21080659661892895i,2.456800551677766,5.82714343640507
0.05081666666,2.5E9,2.4571237078794814+0.2148360320447252i,2.4571237078794814,5.718602425518523
0.05081666666,2.5E9,2.45788529450439+0.2101343798790244i,2.45788529450439,5.848365450526013
0.05081666666,2.5E9,2.458693390638615+0.21456693667891089i,2.458693390638615,5.729432103320587
0.05081666666,2.5E9,2.4592899207346455+0.21581488122611525i,2.4592899207346455,5.6976838361715645
0.05081666666,2.5E9,2.4599056981590635+0.21714746134520954i,2.4599056981590635,5.664136441937112
0.05081666666,2.5E9,2.460790426876669+0.17671513386035598i,2.460790426876669,6.9625910727635745
0.05081666666,2.5E9,2.461119145633592+0.17886040186916988i,2.461119145633592,6.88000004448669
0.05081666666,2.5E9,2.4616904481159696+0.17698884917004631i,2.4616904481159696,6.954365937909572
0.05081666666,2.5E9,2.461817059845156+0.17871853857183634i,2.461817059845156,6.887413805858822
0.05081666666,2.5E9,2.4644756961830754+0.12900064652819263i,2.4644756961830754,9.552183506477517
0.05081666666,2.5E9,2.4649120820132358+0.13010658470054054i,2.4649120820132358,9.47266461450277
0.05081666666,2.5E9,2.464959908653674+0.12871375935910728i,2.464959908653674,9.575355117149963
0.05081666666,2.5E9,2.4652198603754836+0.1298377175731708i,2.4652198603754836,9.493465791195051
0.05081666666,2.5E9,2.465308299492627+0.1453725312691977i,2.465308299492627,8.479278299582687
0.05081666666,2.5E9,2.465661370448732+0.14578290737187583i,2.465661370448732,8.456620240667538
0.05081666666,2.5E9,2.4656990089313324+0.14556684203010564i,2.4656990089313324,8.469301712341142
0.05081666666,2.5E9,2.465839068015049+0.1460145089682412i,2.465839068015049,8.443815225757394
0.05081666666,2.5E9,2.46588606012335+0.17104438634320737i,2.46588606012335,7.208322099432869
0.05081666666,2.5E9,2.465937655641727+0.17135150850709854i,2.465937655641727,7.1955528058265426
0.05081666666,2.5E9,2.467648622889564+0.17242838672571967i,2.467648622889564,7.155575336950846
0.05081666666,2.5E9,2.467907587951278+0.17198046768117434i,2.467907587951278,7.174964753923114
0.05081666666,2.5E9,2.4853627109821375+0.21394226127899157i,2.4853627109821375,5.808489393643219
0.05081666666,2.5E9,2.4859616887553426+0.2123492579124419i,2.4859616887553426,5.853473925914026
0.05081666666,2.5E9,2.4874719203863247+0.2077353747307304i,2.4874719203863247,5.9871168394179906
0.05081666666,2.5E9,2.4881735453922373+0.2063516555554962i,2.4881735453922373,6.028964339283114
0.05081666666,2.5E9,2.4915139514054956+0.19924214333633708i,2.4915139514054956,6.25247728639321
0.05081666666,2.5E9,2.4917219285950756+0.20038987559074273i,2.4917219285950756,6.217185177767994
0.05081666666,2.5E9,2.4925419998175373+0.21713990994179683i,2.4925419998175373,5.739483820559864
0.05081666666,2.5E9,2.4926481284009347+0.20099960784088344i,2.4926481284009347,6.200629332506411
0.05081666666,2.5E9,2.4929983936336204+0.20310663235562806i,2.4929983936336204,6.1371663857547585
0.05081666666,2.5E9,2.4930912743408586+0.19629046165238792i,2.4930912743408586,6.350515591419542
0.05081666666,2.5E9,2.4933981884791456+0.21215135010757963i,2.4933981884791456,5.87646080784961
0.05081666666,2.5E9,2.4934496312973087+0.19720891217076505i,2.4934496312973087,6.3218482467420305
0.05081666666,2.5E9,2.4937031041539064+0.21773824268498645i,2.4937031041539064,5.726378318763415
0.05081666666,2.5E9,2.4949320529001366+0.2332330332240348i,2.4949320529001366,5.348582099225198
0.05081666666,2.5E9,2.4975513879470617+0.23248367028087585i,2.4975513879470617,5.371455519713788
0.05081666666,2.5E9,2.503071721538397+0.002254389282615131i,2.503071721538397,555.1551679297353
0.05081666666,2.5E9,2.5031232655241147+0.225745780717837i,2.5031232655241147,5.544119711926766
0.05081666666,2.5E9,2.5034705102717996+0.0022821382883466378i,2.5034705102717996,548.4922896774833
0.05081666666,2.5E9,2.5036921430011603+0.22513738844226663i,2.5036921430011603,5.560365073798477
0.05081666666,2.5E9,2.5037194694329368+0.22466934950060044i,2.5037194694329368,5.572009432969506
0.05081666666,2.5E9,2.5041295724378676+0.22417268064509224i,2.5041295724378676,5.585269278200716
0.05081666666,2.5E9,2.5045518700617975+0.219275036265156i,2.5045518700617975,5.710982683485216
0.05081666666,2.5E9,2.504779074676178+0.21190462500080925i,2.504779074676178,5.91015669116852
0.05081666666,2.5E9,2.5049218309711487+0.22022802626656057i,2.5049218309711487,5.6871095687413336
0.05081666666,2.5E9,2.5049625932845805+0.2091097103606814i,2.5049625932845805,5.989589361880693
0.05081666666,2.5E9,2.513858960500624+0.21691805675948278i,2.513858960500624,5.794489859569351
0.05081666666,2.5E9,2.5182786862813304+0.21722345719184494i,2.5182786862813304,5.796516450931138
0.05081666666,2.5E9,2.5194743936649076+0.21987638672152884i,2.5194743936649076,5.729297336634415
0.05081666666,2.5E9,2.520372349807199+0.06070034915239664i,2.520372349807199,20.7607730845127
0.05081666666,2.5E9,2.5210179169393525+0.06075208171415983i,2.5210179169393525,20.748407674331308
0.05081666666,2.5E9,2.5212189821680075+0.2040608140288417i,2.5212189821680075,6.177616692766063
0.05081666666,2.5E9,2.521479168340973+0.20290522761883453i,2.521479168340973,6.213440624303853
0.05081666666,2.5E9,2.5246452764434157+0.1877633375247298i,2.5246452764434157,6.722945250456314
0.05081666666,2.5E9,2.524926135571291+0.18831102188140805i,2.524926135571291,6.704137947807973
0.05081666666,2.5E9,2.5254685331356277+0.1902829865915305i,2.5254685331356277,6.636086016867355
0.05081666666,2.5E9,2.525662534700558+0.1904533743117046i,2.525662534700558,6.630658406101393
0.05081666666,2.5E9,2.526874657224109+1.0903844067353763E-4i,2.526874657224109,11587.081774168073
0.05081666666,2.5E9,2.52701266990286+1.0962387058449099E-4i,2.52701266990286,11525.832177012951
0.05081666666,2.5E9,2.5349329060439847+0.1987756817933343i,2.5349329060439847,6.376365768624396
0.05081666666,2.5E9,2.5353219479419864+0.19962968195696895i,2.5353219479419864,6.3500625836003834
0.05081666666,2.5E9,2.536894364125001+0.21121796907363455i,2.536894364125001,6.005394274103147
0.05081666666,2.5E9,2.5388722896739737+0.21484143315928994i,2.5388722896739737,5.908711956393386
0.05081666666,2.5E9,2.5389374306316683+0.20371424208624278i,2.5389374306316683,6.231614944125519
0.05081666666,2.5E9,2.539492801055968+0.20409826601320658i,2.539492801055968,6.221250309132086
0.05081666666,2.5E9,2.5408949405831738+0.1724029853227701i,2.5408949405831738,7.36905725798817
0.05081666666,2.5E9,2.5409129420489105+0.17209363707036374i,2.5409129420489105,7.382355865400212
0.05081666666,2.5E9,2.541335852841067+0.17243100551094187i,2.541335852841067,7.369138297693806
0.05081666666,2.5E9,2.541607961741652+0.1723236946635472i,2.541607961741652,7.37451679730987
0.05081666666,2.5E9,2.5433778911734084+0.21535360031332257i,2.5433778911734084,5.905120433261839
0.05081666666,2.5E9,2.5439970586653065+0.21616507938235863i,2.5439970586653065,5.884384901423915
0.05081666666,2.5E9,2.544107580745654+0.21059722853571058i,2.544107580745654,6.040220943159882
0.05081666666,2.5E9,2.545434598686158+0.21022624592718447i,2.545434598686158,6.054036182446538
0.05081666666,2.5E9,2.547188868337931+0.19655826017744094i,2.547188868337931,6.479475515398038
0.05081666666,2.5E9,2.547822212311628+0.2036833640991098i,2.547822212311628,6.254369922601753
0.05081666666,2.5E9,2.550921433148698+0.21590601493405284i,2.550921433148698,5.907481164727767
0.05081666666,2.5E9,2.5513536526381366+0.19769250144199157i,2.5513536526381366,6.452833653346163
0.05081666666,2.5E9,2.551533604883951+0.21678213579682765i,2.551533604883951,5.885018143919609
0.05081666666,2.5E9,2.5526069663026325+0.20812361203747123i,2.5526069663026325,6.13243000472972
0.05081666666,2.5E9,2.5544327181912596+0.18850330146501793i,2.5544327181912596,6.775564932652668
0.05081666666,2.5E9,2.5545596254614815+0.18732716560474216i,2.5545596254614815,6.818444130125709
0.05081666666,2.5E9,2.554743475619965+0.18900985396043174i,2.554743475619965,6.758228267174862
0.05081666666,2.5E9,2.5547472481757394+0.18819684685207777i,2.5547472481757394,6.787433718758752
0.05081666666,2.5E9,2.5593583210879673+0.1581923395357904i,2.5593583210879673,8.089387667564404
0.05081666666,2.5E9,2.5596551445912725+0.15787103739796815i,2.5596551445912725,8.106791425392306
0.05081666666,2.5E9,2.559735762609855+0.15999987973206964i,2.559735762609855,7.9991802709361455
0.05081666666,2.5E9,2.5601670190825723+0.15932872943911044i,2.5601670190825723,8.03422906871599
0.05081666666,2.5E9,2.5640031871217763+0.2183298896759957i,2.5640031871217763,5.871855637647208
0.05081666666,2.5E9,2.568805787857587+0.14670880681990914i,2.568805787857587,8.754777042835942
0.05081666666,2.5E9,2.569024056834026+0.14592455276209623i,2.569024056834026,8.802576428047574
0.05081666666,2.5E9,2.5695820970956986+0.19926403318429764i,2.5695820970956986,6.447681641370556
0.05081666666,2.5E9,2.569621778823494+0.14916705302187744i,2.569621778823494,8.613235050124045
0.05081666666,2.5E9,2.5701091494866133+0.14815488185501266i,2.5701091494866133,8.67372413688593
0.05081666666,2.5E9,2.5714758167555156+0.19758385905483875i,2.5714758167555156,6.507302340020121
0.05081666666,2.5E9,2.5714988460511203+0.19564939530642864i,2.5714988460511203,6.57170149190496
0.05081666666,2.5E9,2.572160420086184+0.14308554680323965i,2.572160420086184,8.98819090240897
0.05081666666,2.5E9,2.572633928352101+0.1436814811760197i,2.572633928352101,8.952559186108498
0.05081666666,2.5E9,2.5735742208764063+0.14286557751418597i,2.5735742208764063,9.006977977675765
0.05081666666,2.5E9,2.573695528816751+0.19389070617444895i,2.573695528816751,6.636974973161231
0.05081666666,2.5E9,2.5737393208545485+0.14352720130015503i,2.5737393208545485,8.966033258992312
0.05081666666,2.5E9,2.5751424503037805+0.2214950538428378i,2.5751424503037805,5.813092449755058
0.05081666666,2.5E9,2.5764975718406307+0.12783110406730325i,2.5764975718406307,10.077741214235704
0.05081666666,2.5E9,2.5769562688445475+0.12915784476667344i,2.5769562688445475,9.975995935438057
0.05081666666,2.5E9,2.577331547797578+0.12787181820317592i,2.577331547797578,10.077793465415688
0.05081666666,2.5E9,2.577593892850258+0.12911012450500903i,2.577593892850258,9.98215245602314
0.05081666666,2.5E9,2.579977152707063+0.17204204132507342i,2.579977152707063,7.498100850338656
0.05081666666,2.5E9,2.580317393950586+0.17274374985462734i,2.580317393950586,7.468627363137752
0.05081666666,2.5E9,2.5804887465779287+0.17437852486618727i,2.5804887465779287,7.399101318691957
0.05081666666,2.5E9,2.580634059457524+0.17502857426802443i,2.580634059457524,7.3720364524759034
0.05081666666,2.5E9,2.589473631655483+0.023078108881491432i,2.589473631655483,56.10237920604128
0.05081666666,2.5E9,2.590057968115658+0.022952582126628852i,2.590057968115658,56.42193008669721
0.05081666666,2.5E9,2.5913016992995073+0.16689215552137424i,2.5913016992995073,7.763401734504034
0.05081666666,2.5E9,2.592378625262105+0.16633243329063727i,2.592378625262105,7.792763485676812
0.05081666666,2.5E9,2.592796655748424+0.21673206838863943i,2.592796655748424,5.981571336040301
0.05081666666,2.5E9,2.5930918132344525+0.21555479862080915i,2.5930918132344525,6.014924812219238
0.05081666666,2.5E9,2.593328953210985+0.1686985458727665i,2.593328953210985,7.686281288894126
0.05081666666,2.5E9,2.593909819848967+0.21675344369172617i,2.593909819848967,5.983549270705268
0.05081666666,2.5E9,2.59424066019472+0.21567983585881131i,2.59424066019472,6.01410106295928
0.05081666666,2.5E9,2.594265308070407+0.16805141139112748i,2.594265308070407,7.71866563510271
0.05081666666,2.5E9,2.5967007042450616+0.21129919792846144i,2.5967007042450616,6.144606154927796
0.05081666666,2.5E9,2.5979895075896637+0.21149239099541114i,2.5979895075896637,6.142040135254875
0.05081666666,2.5E9,2.6037455570082972+0.17748619772925464i,2.6037455570082972,7.335064896088897
0.05081666666,2.5E9,2.6053101253094226+0.1745886522012928i,2.6053101253094226,7.4612813961860995
0.05081666666,2.5E9,2.614804178494413+0.20994646477672743i,2.614804178494413,6.227311760822429
0.05081666666,2.5E9,2.6193766580385023+0.19496218417401423i,2.6193766580385023,6.71765314164866
0.05081666666,2.5E9,2.6197946557593674+0.1954134686715276i,2.6197946557593674,6.703209030496783
0.05081666666,2.5E9,2.6211312332133367+0.19329838987261067i,2.6211312332133367,6.780013105491307
0.05081666666,2.5E9,2.6221264972614526+0.19441937320408414i,2.6221264972614526,6.743480482546814
0.05081666666,2.5E9,2.625158426913751+0.037579643965172195i,2.625158426913751,34.92793105419887
0.05081666666,2.5E9,2.626803974903548+0.19785708094734908i,2.626803974903548,6.638134865647178
0.05081666666,2.5E9,2.628374068086878+0.1994192954475161i,2.628374068086878,6.590069587269761
0.05081666666,2.5E9,2.6294792629889625+0.1810959472638695i,2.6294792629889625,7.259906427275335
0.05081666666,2.5E9,2.6295852050712383+0.18150190084091403i,2.6295852050712383,7.243960511950956
0.05081666666,2.5E9,2.6298573141740356+0.1835904299731177i,2.6298573141740356,7.162294120012448
0.05081666666,2.5E9,2.6302141268878714+0.18379959642830287i,2.6302141268878714,7.1551139882776456
0.05081666666,2.5E9,2.6409265604180487+0.16814597530737596i,2.6409265604180487,7.8530769338675945
0.05081666666,2.5E9,2.641012108570368+0.16790164023216728i,2.641012108570368,7.864759703712507
0.05081666666,2.5E9,2.6411001032203054+0.1680828528185145i,2.6411001032203054,7.856542350789353
0.05081666666,2.5E9,2.6414762271072436+0.16786629301976128i,2.6414762271072436,7.8677981731457205
0.05081666666,2.5E9,2.6449140636352864+0.18949043276829544i,2.6449140636352864,6.97901742318945
0.05081666666,2.5E9,2.660586444738943+0.034629633250618685i,2.660586444738943,38.41488047944327
0.05081666666,2.5E9,2.660932568373289+0.034692716639254995i,2.660932568373289,38.350017325573596
0.05081666666,2.5E9,2.670934512581478+0.1561396218053982i,2.670934512581478,8.553032477273288
0.05081666666,2.5E9,2.6711976112643225+0.04885936772668i,2.6711976112643225,27.335572844567288
0.05081666666,2.5E9,2.671749970346501+0.15727949982081085i,2.671749970346501,8.493637039126002
0.05081666666,2.5E9,2.675406744448832+0.15585626064665195i,2.675406744448832,8.582929980959683
0.05081666666,2.5E9,2.6757161039585795+0.15815723433976026i,2.6757161039585795,8.459037979288668
0.05081666666,2.5E9,2.6804900090163684+0.14115749589372845i,2.6804900090163684,9.494678238817714
0.05081666666,2.5E9,2.680784892087695+0.14063888062873678i,2.680784892087695,9.530738868593959
0.05081666666,2.5E9,2.6808396832544474+0.1419037114002852i,2.6808396832544474,9.445981563132884
0.05081666666,2.5E9,2.6810464347946468+0.1414119328811453i,2.6810464347946468,9.47956222707184
0.05081666666,2.5E9,2.68357168760903+0.05311131407378423i,2.68357168760903,25.263653652787724
0.05081666666,2.5E9,2.6837477170472606+0.05375317117913487i,2.6837477170472606,24.96362222150159
0.05081666666,2.5E9,2.6865171984149043+5.690576253152157E-4i,2.6865171984149043,2360.4966166007994
0.05081666666,2.5E9,2.686881835010769+5.66665259784451E-4i,2.686881835010769,2370.78397573976
0.05081666666,2.5E9,2.6878886908396105+0.14495302800953447i,2.6878886908396105,9.27158517400137
0.05081666666,2.5E9,2.688101210076088+0.1440142253981354i,2.688101210076088,9.332762797024674
0.05081666666,2.5E9,2.688785032858025+0.12659454614617072i,2.688785032858025,10.619671679036848
0.05081666666,2.5E9,2.689121478053592+0.14669621809246955i,2.689121478053592,9.165612832494809
0.05081666666,2.5E9,2.6891653780989944+0.12810362160396654i,2.6891653780989944,10.49605524195316
0.05081666666,2.5E9,2.689409437047216+0.12735444050303607i,2.689409437047216,10.558758008061377
0.05081666666,2.5E9,2.6897566617086435+0.1287860025272673i,2.6897566617086435,10.442736822812531
0.05081666666,2.5E9,2.7072684035346404+0.029946782845371316i,2.7072684035346404,45.20132291861671
0.05081666666,2.5E9,2.7084309041528223+0.02996532003375225i,2.7084309041528223,45.192757846438944
0.05081666666,2.5E9,2.7094907432831623+0.03546560658693841i,2.7094907432831623,38.19884959025398
0.05081666666,2.5E9,2.709938198113503+0.035420176038899014i,2.709938198113503,38.25416049792363
0.05081666666,2.5E9,2.7195131307548035+0.04708981007564177i,2.7195131307548035,28.875813327621916
0.05081666666,3.0E9,2.8018890874083433+0.012963303065806706i,2.8018890874083433,108.07002942015929
0.05081666666,3.0E9,2.80252113665539+0.013049897569072927i,2.80252113665539,107.3771315760022
0.05081666666,3.0E9,2.8690668434183126+0.03582552588890764i,2.8690668434183126,40.042215323162054
0.05081666666,3.0E9,2.869507608478475+0.03573803146304353i,2.869507608478475,40.1464139322533
0.05081666666,3.0E9,2.87012021192991+1.3101457797832377E-4i,2.87012021192991,10953.438373876106
0.05081666666,3.0E9,2.8728516433609697+1.3806974707445275E-4i,2.8728516433609697,10403.624632598961
0.05081666666,3.0E9,2.896494026044825+0.13723265193207004i,2.896494026044825,10.553224707333445
0.05081666666,3.0E9,2.896781396549878+0.1383136803542403i,2.896781396549878,10.471781927611294
0.05081666666,3.0E9,2.8980649490266863+0.13763842982452587i,2.8980649490266863,10.527818984572136
0.05081666666,3.0E9,2.8982965825757647+0.13876790036988665i,2.8982965825757647,10.442964744909803
0.05081666666,3.0E9,2.898462885335941+0.026870221996625664i,2.898462885335941,53.934479694658414
0.05081666666,3.0E9,2.898616698114698+0.026787176806319306i,2.898616698114698,54.10455754767877
0.05081666666,3.0E9,2.9027670142866526+0.15316474364363586i,2.9027670142866526,9.475963414401814
0.05081666666,3.0E9,2.9031701234202676+0.15513995975071346i,2.9031701234202676,9.35661620669886
0.05081666666,3.0E9,2.904271112168027+0.15275182850774469i,2.904271112168027,9.506501953332682
0.05081666666,3.0E9,2.904998112726486+0.15526128162133415i,2.904998112726486,9.355191720661786
0.05081666666,3.0E9,2.908716350745091+0.01633542130761444i,2.908716350745091,89.03095598119803
0.05081666666,3.0E9,2.9097717801760905+0.016333730105100613i,2.9097717801760905,89.07248256990124
0.05081666666,3.0E9,2.912709558725782+0.12540474210262517i,2.912709558725782,11.613235312673268
0.05081666666,3.0E9,2.9134100709853152+0.12666054870825735i,2.9134100709853152,11.500858399468555
0.05081666666,3.0E9,2.9144158665122095+0.1280984791136646i,2.9144158665122095,11.375684889772126
0.05081666666,3.0E9,2.9145006759002516+0.1257016941559172i,2.9145006759002516,11.592925200694507
0.05081666666,3.0E9,2.914645186100177+0.20023845214602987i,2.914645186100177,7.277935768237424
0.05081666666,3.0E9,2.9192752522615417+0.1987184920971648i,2.9192752522615417,7.3452531303280555
0.05081666666,3.0E9,2.923214977448218+0.20366335010931774i,2.923214977448218,7.17658571333321
0.05081666666,3.0E9,2.923404752159578+0.17696006866204986i,2.923404752159578,8.26006899257753
0.05081666666,3.0E9,2.9247455666643427+0.14173825871830784i,2.9247455666643427,10.317417446467344
0.05081666666,3.0E9,2.9247604606034137+0.17720437072833292i,2.9247604606034137,8.252506551001732
0.05081666666,3.0E9,2.9255710001160065+0.19230216787556673i,2.9255710001160065,7.606703118420017
0.05081666666,3.0E9,2.9255773926795636+0.17978132482537637i,2.9255773926795636,8.136488580004652
0.05081666666,3.0E9,2.9258669742428425+0.20829066048520922i,2.9258669742428425,7.023519363343247
0.05081666666,3.0E9,2.9259158918715498+0.19291737402492995i,2.9259158918715498,7.583339516878985
0.05081666666,3.0E9,2.9262371998328898+0.14624911187838543i,2.9262371998328898,10.004290495337246
0.05081666666,3.0E9,2.9264578510418464+0.14157700874393458i,2.9264578510418464,10.335215714067067
0.05081666666,3.0E9,2.927136048912839+0.17973722617056792i,2.927136048912839,8.142820803674335
0.05081666666,3.0E9,2.9271522974241493+0.1955297793251094i,2.9271522974241493,7.485182838970893
0.05081666666,3.0E9,2.92728689440132+0.20892804356464478i,2.92728689440132,7.005490609247923
0.05081666666,3.0E9,2.9273673017541566+0.19805249926948917i,2.9273673017541566,7.390382127344176
0.05081666666,3.0E9,2.927423880691582+0.1454637080077284i,2.927423880691582,10.06238573450929
0.05081666666,3.0E9,2.9288310076397868+0.19274836356936748i,2.9288310076397868,7.597550903683136
0.05081666666,3.0E9,2.9290134905883805+0.043728762119284906i,2.9290134905883805,33.490697525332536
0.05081666666,3.0E9,2.930230856090875+0.2035423342750277i,2.930230856090875,7.1980869889492585
0.05081666666,3.0E9,2.9307716441835345+0.04368263016342111i,2.9307716441835345,33.54619025021185
0.05081666666,3.0E9,2.930849084078834+0.2013575833247237i,2.930849084078834,7.277722139106964
0.05081666666,3.0E9,2.933315196212626+0.1919505249364464i,2.933315196212626,7.640810560908411
0.05081666666,3.0E9,2.9352086780664726+0.16528025490129322i,2.9352086780664726,8.879489809050101
0.05081666666,3.0E9,2.936578293884483+0.1642570779254961i,2.936578293884483,8.938970335319308
0.05081666666,3.0E9,2.9374929419944054+0.1677374252494829i,2.9374929419944054,8.756224013887625
0.05081666666,3.0E9,2.9376914821457927+0.16886015359861967i,2.9376914821457927,8.698592946707489
0.05081666666,3.0E9,2.9416311962061985+0.21379226345447863i,2.9416311962061985,6.879648376126904
0.05081666666,3.0E9,2.94564055774177+0.21512422107563223i,2.94564055774177,6.846371233823451
0.05081666666,3.0E9,2.94568660239143+0.1568300050812493i,2.94568660239143,9.391336182337527
0.05081666666,3.0E9,2.946115969467838+0.15741510372397724i,2.946115969467838,9.357793184298774
0.05081666666,3.0E9,2.9467168289727024+0.15773063970300583i,2.9467168289727024,9.340977867461687
0.05081666666,3.0E9,2.9467842126437542+0.15740882428153144i,2.9467842126437542,9.360289126400318
0.05081666666,3.0E9,2.948964870839293+0.16786685741486493i,2.948964870839293,8.783642334922735
0.05081666666,3.0E9,2.9495845366249513+0.17031835681160015i,2.9495845366249513,8.659032977542381
0.05081666666,3.0E9,2.950523923265052+0.16774247979282295i,2.950523923265052,8.794802386697796
0.05081666666,3.0E9,2.9507713070007733+0.1700348425961453i,2.9507713070007733,8.67696073918578
0.05081666666,3.0E9,2.9518873022285916+0.2153157671191009i,2.9518873022285916,6.854786673833712
0.05081666666,3.0E9,2.953319030434711+0.1795218104039708i,2.953319030434711,8.225515952042189
0.05081666666,3.0E9,2.9539192731852864+0.20155465726627012i,2.9539192731852864,7.327836809255462
0.05081666666,3.0E9,2.954348534346508+0.20647938357819165i,2.954348534346508,7.154100528462024
0.05081666666,3.0E9,2.954869186096432+0.21475803879517943i,2.954869186096432,6.879531035656763
0.05081666666,3.0E9,2.9560200167798616+0.17995629828727336i,2.9560200167798616,8.213160764345734
0.05081666666,3.0E9,2.960533730451663+0.18704687630189473i,2.960533730451663,7.91388177387508
0.05081666666,3.0E9,2.9608228123371134+0.18631118189028884i,2.9608228123371134,7.945907439094619
0.05081666666,3.0E9,2.9618181687424396+0.18174486047642674i,2.9618181687424396,8.14828590194605
0.05081666666,3.0E9,2.9621469817661903+0.056020474086795405i,2.9621469817661903,26.438074918616213
0.05081666666,3.0E9,2.96220979120959+0.21619856561784612i,2.96220979120959,6.850669389836772
0.05081666666,3.0E9,2.9622834684316857+0.1888416930694131i,2.9622834684316857,7.843298321157369
0.05081666666,3.0E9,2.962406341617965+0.18788971262811235i,2.962406341617965,7.883364927704735
0.05081666666,3.0E9,2.9636868046299942+0.055558614169566006i,2.9636868046299942,26.67171282912819
0.05081666666,3.0E9,2.9640134238076032+0.1587210602342831i,2.9640134238076032,9.337177496900908
0.05081666666,3.0E9,2.964542171378538+0.1800605502460414i,2.964542171378538,8.232070176747982
0.05081666666,3.0E9,2.965164852680036+0.20510439661022312i,2.965164852680036,7.228428306963562
0.05081666666,3.0E9,2.966123000675022+0.1632086772759118i,2.966123000675022,9.086903497357111
0.05081666666,3.0E9,2.9668840493748916+0.20902510649296022i,2.9668840493748916,7.096956196204147
0.05081666666,3.0E9,2.9668952468244276+0.20559702621630957i,2.9668952468244276,7.215316537951634
0.05081666666,3.0E9,2.967451809683676+0.18973415201926108i,2.967451809683676,7.8200254885647364
0.05081666666,3.0E9,2.9678066093769395+0.1918472021346794i,2.9678066093769395,7.7348185857135885
0.05081666666,3.0E9,2.9678859645962667+0.009753621096502517i,2.9678859645962667,152.14277524377587
0.05081666666,3.0E9,2.9683501588986725+0.20939217649581135i,2.9683501588986725,7.088015914859288
0.05081666666,3.0E9,2.9685261476148823+3.177853993640619E-5i,2.9685261476148823,46706.45903737813
0.05081666666,3.0E9,2.968826018995887+0.15884026882675806i,2.968826018995887,9.345319171657563
0.05081666666,3.0E9,2.96930865735664+0.009756446210444318i,2.96930865735664,152.17163059731635
0.05081666666,3.0E9,2.969768953860797+4.02585872147997E-5i,2.969768953860797,36883.670780790126
0.05081666666,3.0E9,2.970160610150854+0.20791027972198037i,2.970160610150854,7.14289022679057
0.05081666666,3.0E9,2.9716840798468094+0.18205904326986455i,2.9716840798468094,8.161319609490388
0.05081666666,3.0E9,2.971687279719602+0.19292913112101492i,2.971687279719602,7.701499671025857
0.05081666666,3.0E9,2.97171779890601+0.19348477104536516i,2.97171779890601,7.679461755181885
0.05081666666,3.0E9,2.971948295573395+0.16314266351708057i,2.971948295573395,9.108433782749417
0.05081666666,3.0E9,2.9730600798677935+0.192831667973341i,2.9730600798677935,7.708951831186825
0.05081666666,3.0E9,2.9733688888563954+0.19369793968359844i,2.9733688888563954,7.675272369219136
0.05081666666,3.0E9,2.9745589153021696+0.18653812933194303i,2.9745589153021696,7.973058714470561
0.05081666666,3.0E9,2.9759800139885364+0.20799723372515488i,2.9759800139885364,7.15389325302509
0.05081666666,3.0E9,2.97608679231286+0.19844023505385575i,2.97608679231286,7.498698012288597
0.05081666666,3.0E9,2.9784339504900954+0.21139214923260416i,2.9784339504900954,7.0448073906774855
0.05081666666,3.0E9,2.9812484985009413+0.18344671013376454i,2.9812484985009413,8.125652665907971
0.05081666666,3.0E9,2.9822509124339285+0.1797094452982767i,2.9822509124339285,8.297423954216963
0.05081666666,3.0E9,2.9833922995800126+0.18354503208933254i,2.9833922995800126,8.12713987847946
0.05081666666,3.0E9,2.984220764640972+0.17946049411654658i,2.984220764640972,8.314422567852
0.05081666666,3.0E9,2.98595756583359+0.2049644842514898i,2.98595756583359,7.28408528125742
0.05081666666,3.0E9,2.9865237124264996+0.20653995660640745i,2.9865237124264996,7.229893337582528
0.05081666666,3.0E9,2.9895114448416673+0.18825714636623478i,2.9895114448416673,7.939968023912043
0.05081666666,3.0E9,2.991680219295182+0.18713048492707027i,2.991680219295182,7.99356721717768
0.05081666666,3.0E9,3.002274735145172+0.18787327767895465i,3.002274735145172,7.990159037613585
0.05081666666,3.0E9,3.003279795780267+0.18754113555587607i,3.003279795780267,8.0069894716124
0.05081666666,3.0E9,3.0053082756123164+0.18925390064645747i,3.0053082756123164,7.939884634733342
0.05081666666,3.0E9,3.0053282026566475+0.18858899048027586i,3.0053282026566475,7.967931200551627
0.05081666666,3.0E9,3.0055249197188667+0.13577930977683106i,3.0055249197188667,11.067683745994854
0.05081666666,3.0E9,3.006209072287551+0.13661193104185704i,3.006209072287551,11.002732518898615
0.05081666666,3.0E9,3.0063972680413933+0.13793061353724761i,3.0063972680413933,10.898223356447
0.05081666666,3.0E9,3.0067001297811435+0.13617318400169157i,3.0067001297811435,11.03998614640528
0.05081666666,3.0E9,3.01045526459912+0.209674409010994i,3.01045526459912,7.178881006029855
0.05081666666,3.0E9,3.012145244769831+0.21608826790811628i,3.012145244769831,6.96971028073268
0.05081666666,3.0E9,3.0126751837886876+0.20749200129901554i,3.0126751837886876,7.259738122259321
0.05081666666,3.0E9,3.0154894605293134+0.21782230240329187i,3.0154894605293134,6.921902457320967
0.05081666666,3.0E9,3.0165365790554324+0.00601059817912159i,3.0165365790554324,250.93480625053863
0.05081666666,3.0E9,3.017541872329736+0.006026313775777998i,3.017541872329736,250.36381979132597
0.05081666666,3.0E9,3.018257366966597+0.15034945682648654i,3.018257366966597,10.03747346573347
0.05081666666,3.0E9,3.0184772889299754+0.04954866602972408i,3.0184772889299754,30.459723043998807
0.05081666666,3.0E9,3.0190861516660976+0.15100097880618316i,3.0190861516660976,9.996909210572854
0.05081666666,3.0E9,3.0193574130644434+0.15324031280724454i,3.0193574130644434,9.851707288219856
0.05081666666,3.0E9,3.019695702819499+0.153602360397431i,3.019695702819499,9.829587562998164
0.05081666666,3.0E9,3.0199862413697955+0.05001579043790281i,3.0199862413697955,30.190328043693167
0.05081666666,3.0E9,3.025286900583769+0.21870508550583087i,3.025286900583769,6.916361577936678
0.05081666666,3.0E9,3.0255326126450557+0.12564021815331733i,3.0255326126450557,12.040462270421374
0.05081666666,3.0E9,3.026218706311302+0.1277692778470181i,3.026218706311302,11.842513150675714
0.05081666666,3.0E9,3.0262589800836572+0.12603419036296745i,3.0262589800836572,12.005706433184109
0.05081666666,3.0E9,3.026262266034031+0.12403580616654589i,3.026262266034031,12.19914780886172
0.05081666666,3.0E9,3.033640452442798+0.20975867202142282i,3.033640452442798,7.231263487721189
0.05081666666,3.0E9,3.0362831913063433+0.19912566452873398i,3.0362831913063433,7.624037811731209
0.05081666666,3.0E9,3.037227813977401+0.20183187765618757i,3.037227813977401,7.524152897074057
0.05081666666,3.0E9,3.0380854731722398+0.1737552238460805i,3.0380854731722398,8.742429165362823
0.05081666666,3.0E9,3.038512994620499+0.20040786530800447i,3.038512994620499,7.5808227135962065
0.05081666666,3.0E9,3.040549763008878+0.17210561627067858i,3.040549763008878,8.833383328487265
0.05081666666,3.0E9,3.0407081920351913+0.2040696709493643i,3.0407081920351913,7.450171742545909
0.05081666666,3.0E9,3.0428898946612684+0.2118250405247104i,3.0428898946612684,7.182554732725994
0.05081666666,3.0E9,3.0431556077087203+0.14074616098011322i,3.0431556077087203,10.81079436382888
0.05081666666,3.0E9,3.044183379414298+0.20601466633922078i,3.044183379414298,7.388268596376992
0.05081666666,3.0E9,3.0446859694146333+0.14579978222379703i,3.0446859694146333,10.441325504660762
0.05081666666,3.0E9,3.0456647573725872+0.14008438829752598i,3.0456647573725872,10.87082148977188
0.05081666666,3.0E9,3.045737232345581+0.20977485990396444i,3.045737232345581,7.259538234800701
0.05081666666,3.0E9,3.046727429135104+0.20598061480174587i,3.046727429135104,7.395665441788165
0.05081666666,3.0E9,3.04687868659954+0.1760581314691023i,3.04687868659954,8.653047323560454
0.05081666666,3.0E9,3.0469383473526523+0.21495335709369442i,3.0469383473526523,7.087440709345481
0.05081666666,3.0E9,3.0470916320333052+0.14521650103841552i,3.0470916320333052,10.4915474833925
0.05081666666,3.0E9,3.0479061272613728+0.17534039653290615i,3.0479061272613728,8.691397383401524
0.05081666666,3.0E9,3.0489103722619544+0.15357353649773645i,3.0489103722619544,9.92654868082332
0.05081666666,3.0E9,3.0489471914229216+0.15456259733026428i,3.0489471914229216,9.863146854694836
0.05081666666,3.0E9,3.0492671363354393+0.17926501689558388i,3.0492671363354393,8.504914090716149
0.05081666666,3.0E9,3.049622002478322+0.19688818359732307i,3.049622002478322,7.744553143715896
0.05081666666,3.0E9,3.049860917495241+0.15473080491462232i,3.049860917495241,9.855377276613082
0.05081666666,3.0E9,3.0500418090914225+0.21085179417252944i,3.0500418090914225,7.232667431313691
0.05081666666,3.0E9,3.0500689062721777+0.15529541711578818i,3.0500689062721777,9.820215441380503
0.05081666666,3.0E9,3.0501416736508347+0.19730773923694067i,3.0501416736508347,7.729402012933755
0.05081666666,3.0E9,3.051011415041787+0.18090138917654489i,3.051011415041787,8.432802613981726
0.05081666666,3.0E9,3.051362855731684+0.15981239846400302i,3.051362855731684,9.546702524519674
0.05081666666,3.0E9,3.051741174443973+0.208600641693606i,3.051741174443973,7.314793352664731
0.05081666666,3.0E9,3.0532632314057087+0.16416988824740253i,3.0532632314057087,9.299096393379
0.05081666666,3.0E9,3.0542524215171323+0.19733554316687554i,3.0542524215171323,7.738728595218964
0.05081666666,3.0E9,3.05519499508515+0.18786883401227633i,3.05519499508515,8.131191666643089
0.05081666666,3.0E9,3.055733020105976+0.20913452585210232i,3.055733020105976,7.305663681440522
0.05081666666,3.0E9,3.055747426432691+0.1819241027462509i,3.055747426432691,8.398412800460175
0.05081666666,3.0E9,3.0559674966021206+0.19170456902129585i,3.0559674966021206,7.97051294135468
0.05081666666,3.0E9,3.0564197271046973+0.18266369631120688i,3.0564197271046973,8.366248435861687
0.05081666666,3.0E9,3.056530878732797+0.19514800386117734i,3.056530878732797,7.831314741264599
0.05081666666,3.0E9,3.0566041807993396+0.20974637196552515i,3.0566041807993396,7.286429205320741
0.05081666666,3.0E9,3.056694620891145+0.1834775018732697i,3.056694620891145,8.329889467871773
0.05081666666,3.0E9,3.0568067898862386+0.18180265486164526i,3.0568067898862386,8.406936609953572
0.05081666666,3.0E9,3.057090438068183+0.16555003093831966i,3.057090438068183,9.233131581857538
0.05081666666,3.0E9,3.0571017819551987+0.18086577279152558i,3.0571017819551987,8.451299919191893
0.05081666666,3.0E9,3.057502862703261+0.16705094336374252i,3.057502862703261,9.151408549803124
0.05081666666,3.0E9,3.0576612814714497+4.127184217516435E-5i,3.0576612814714497,37042.946477821875
0.05081666666,3.0E9,3.0580622576750245+0.16429984935726116i,3.0580622576750245,9.30634528771062
0.05081666666,3.0E9,3.0584448398891833+0.19643740184037534i,3.0584448398891833,7.784782356199329
0.05081666666,3.0E9,3.059032975686747+0.16688840216782264i,3.059032975686747,9.164905817153759
0.05081666666,3.0E9,3.059542732717158+0.19255303422876216i,3.059542732717158,7.9446754629747245
0.05081666666,3.0E9,3.060033444779234+0.17846719209183814i,3.060033444779234,8.573097970871196
0.05081666666,3.0E9,3.0602481010089813+4.698059303995135E-5i,3.0602481010089813,32569.2791745584
0.05081666666,3.0E9,3.060267363618433+0.20052434871686092i,3.060267363618433,7.6306627678903745
0.05081666666,3.0E9,3.060835398855406+0.1944743222041873i,3.060835398855406,7.86951039130425
0.05081666666,3.0E9,3.0636207732654257+0.16916603163231184i,3.0636207732654257,9.05507076008117
0.05081666666,3.0E9,3.0658858204038775+0.17386997419636782i,3.0658858204038775,8.81660515156367
0.05081666666,3.0E9,3.0720469933180685+0.20398325111841312i,3.0720469933180685,7.530145187103457
0.05081666666,3.0E9,3.0725157732410846+0.1995957933518413i,3.0725157732410846,7.69684501272266
0.05081666666,3.0E9,3.0815006719985223+0.17789255531265308i,3.0815006719985223,8.661128810541467
0.05081666666,3.0E9,3.085052062675087+0.17523709831312065i,3.085052062675087,8.802508408244107
0.05081666666,3.0E9,3.0889746162008156+0.1561529940335103i,3.0889746162008156,9.890859395042801
0.05081666666,3.0E9,3.0891523036709527+0.18864514177331412i,3.0891523036709527,8.187733526111792
0.05081666666,3.0E9,3.089694191778197+0.19166899473187698i,3.089694191778197,8.059973904752635
0.05081666666,3.0E9,3.090066134762591+0.18750214731632078i,3.090066134762591,8.24008199103334
0.05081666666,3.0E9,3.091102899271725+0.1809879358925846i,3.091102899271725,8.539527466367367
0.05081666666,3.0E9,3.091425122019513+0.19150657952292938i,3.091425122019513,8.071328749436965
0.05081666666,3.0E9,3.0914294793118398+0.16205978457060632i,3.0914294793118398,9.53792912752196
0.05081666666,3.0E9,3.091775369927532+0.15748216553949926i,3.091775369927532,9.816271446788242
0.05081666666,3.0E9,3.0919647229577842+0.20134484843592199i,3.0919647229577842,7.678281185182154
0.05081666666,3.0E9,3.0945097776554347+0.17771664703179882i,3.0945097776554347,8.706302502718653
0.05081666666,3.0E9,3.094514275057954+0.16330607077751005i,3.094514275057954,9.474584319874898
0.05081666666,3.0E9,3.096106543332234+0.18059922409988038i,3.096106543332234,8.571760368194973
0.05081666666,3.0E9,3.096416349879533+0.1758011231896616i,3.096416349879533,8.806588643176612
0.05081666666,3.0E9,3.0969139519114357+0.039925132115040424i,3.0969139519114357,38.784016330715914
0.05081666666,3.0E9,3.097044047262718+0.1798470512425104i,3.097044047262718,8.610216364033079
0.05081666666,3.0E9,3.097372165869329+0.17542440406694942i,3.097372165869329,8.828224848029809
0.05081666666,3.0E9,3.0980521055073527+0.040234233972874456i,3.0980521055073527,38.500199949078564
0.05081666666,3.0E9,3.1028109906044214+0.1919102247083762i,3.1028109906044214,8.084016876431166
0.05081666666,3.0E9,3.106650571011545+0.19528873208407296i,3.106650571011545,7.953993397002837
0.05081666666,3.0E9,3.110289826880423+0.0067539252507777i,3.110289826880423,230.2579397456524
0.05081666666,3.0E9,3.1117502701837623+0.006728861495679451i,3.1117502701837623,231.22412849348976
0.05081666666,3.0E9,3.1143284205845294+0.13645464467128607i,3.1143284205845294,11.411588180405387
0.05081666666,3.0E9,3.114446714086161+0.13498297744226057i,3.114446714086161,11.536442494826343
0.05081666666,3.0E9,3.1160004411204634+0.134394392752538i,3.1160004411204634,11.592747202102368
0.05081666666,3.0E9,3.116411724223076+0.13582195518528178i,3.116411724223076,11.472415192270708
0.05081666666,3.0E9,3.1300786711708657+0.02335080986753403i,3.1300786711708657,67.02291459969432
0.05081666666,3.0E9,3.1332370150572024+0.14949096739484755i,3.1332370150572024,10.479686731779069
0.05081666666,3.0E9,3.133329426094734+0.02335575103660608i,3.133329426094734,67.0783273289689
0.05081666666,3.0E9,3.1340870801479377+0.14845562571769885i,3.1340870801479377,10.555635951808501
0.05081666666,3.0E9,3.13430191326434+0.15299966985596994i,3.13430191326434,10.242838812053952
0.05081666666,3.0E9,3.135261278224828+0.15133779799943575i,3.135261278224828,10.358487171316307
0.05081666666,3.0E9,3.1371563222511867+0.12426312995696936i,3.1371563222511867,12.623037595051489
0.05081666666,3.0E9,3.1372193130179857+0.1261770214990566i,3.1372193130179857,12.431817123855001
0.05081666666,3.0E9,3.139534303564461+0.1246264255973349i,3.139534303564461,12.59578090487897
0.05081666666,3.0E9,3.139821083777973+0.12704176371707662i,3.139821083777973,12.357436609469575
0.05081666666,3.0E9,3.15103975321665+0.026444337861798426i,3.15103975321665,59.578722857127225
0.05081666666,3.0E9,3.152776765322097+0.15239816327129618i,3.152776765322097,10.343880456451389
0.05081666666,3.0E9,3.152844954051985+0.1515653414462313i,3.152844954051985,10.400942999130429
0.05081666666,3.0E9,3.1534018340695704+0.15143750506507384i,3.1534018340695704,10.411561629711642
0.05081666666,3.0E9,3.153794439308764+0.152719738361601i,3.153794439308764,10.325431647353243
0.05081666666,3.0E9,3.161127737042897+0.1389580025463071i,3.161127737042897,11.37439974351051
0.05081666666,3.0E9,3.163356613141493+0.14495965331462046i,3.163356613141493,10.911162315888486
0.05081666666,3.0E9,3.1649824453652036+0.13924433648818638i,3.1649824453652036,11.364851616904806
0.05081666666,3.0E9,3.16641343943614+0.14461915718241308i,3.16641343943614,10.94742045634464
0.05081666666,3.0E9,3.1824595895646635+0.03799829577027375i,3.1824595895646635,41.87634636043754
0.05081666666,3.0E9,3.1870402485514937+2.5776792169202348E-5i,3.1870402485514937,61819.95470249617
0.05081666666,3.0E9,3.1875926564837824+0.03939438924273322i,3.1875926564837824,40.45744480061679
0.05081666666,3.0E9,3.1890445988527167+2.2200296944274546E-5i,3.1890445988527167,71824.36808970636
0.05081666666,3.0E9,3.19794394339358+0.0531331004760927i,3.19794394339358,30.09370726288125
0.05081666666,3.0E9,3.219607260004145+0.0031970338278964933i,3.219607260004145,503.53037116947
0.05081666666,3.0E9,3.2212400538601424+0.0032205929166235743i,3.2212400538601424,500.10046864868076
0.05081666666,3.5E9,3.3069620096150962+0.05075165808330576i,3.3069620096150962,32.579842063356026
0.05081666666,3.5E9,3.308984286860418+0.00267641815417535i,3.308984286860418,618.1740102342065
0.05081666666,3.5E9,3.3093762181443585+0.04949680811793875i,3.3093762181443585,33.43019826913815
0.05081666666,3.5E9,3.31252542409849+0.0026816525176002006i,3.31252542409849,617.6276386216613
0.05081666666,3.5E9,3.329503992088634+0.04966582873938889i,3.329503992088634,33.51906206538416
0.05081666666,3.5E9,3.3617872783009166+0.12222630613532832i,3.3617872783009166,13.752306621206253
0.05081666666,3.5E9,3.3618736561259954+0.124522639425637i,3.3618736561259954,13.499045923025324
0.05081666666,3.5E9,3.3636027112081845+0.017740375128890446i,3.3636027112081845,94.80077751373226
0.05081666666,3.5E9,3.3636670811496407+0.14573083259181324i,3.3636670811496407,11.540684360773366
0.05081666666,3.5E9,3.364359715256804+0.1275684610038464i,3.364359715256804,13.186487039125456
0.05081666666,3.5E9,3.364619759537471+0.12499703723775828i,3.364619759537471,13.458798039899097
0.05081666666,3.5E9,3.3651051682030233+0.01830075438310491i,3.3651051682030233,91.93897414714382
0.05081666666,3.5E9,3.3654890471691132+0.14603840078448876i,3.3654890471691132,11.522616753848256
0.05081666666,3.5E9,3.3858383369712137+0.15783222736693805i,3.3858383369712137,10.726067779236265
0.05081666666,3.5E9,3.3874370971406593+0.1604181562363608i,3.3874370971406593,10.558147458538281
0.05081666666,3.5E9,3.3881143747983047+0.15978360076597234i,3.3881143747983047,10.60219684171694
0.05081666666,3.5E9,3.3895716956929434+0.16216824690014944i,3.3895716956929434,10.450787254856301
0.05081666666,3.5E9,3.3982417949513057+0.1367764468693586i,3.3982417949513057,12.422613223010249
0.05081666666,3.5E9,3.4000656407720573+0.14361588475441872i,3.4000656407720573,11.837359239843577
0.05081666666,3.5E9,3.4006073123500005+0.13630767950655465i,3.4006073123500005,12.474012193078512
0.05081666666,3.5E9,3.4015122506050175+0.14379385399873293i,3.4015122506050175,11.827738655071414
0.05081666666,3.5E9,3.4024996041020135+0.028583313370974365i,3.4024996041020135,59.51898507954585
0.05081666666,3.5E9,3.404140354657646+0.028520698309700724i,3.404140354657646,59.67841876963787
0.05081666666,3.5E9,3.40492242323165+6.663467208302496E-5i,3.40492242323165,25549.179704742983
0.05081666666,3.5E9,3.407485572189069+7.802303234277956E-5i,3.407485572189069,21836.408236601983
0.05081666666,3.5E9,3.4121793073102307+0.16781094185962056i,3.4121793073102307,10.166736654647444
0.05081666666,3.5E9,3.4143350012811617+0.17914910899984715i,3.4143350012811617,9.529310584748917
0.05081666666,3.5E9,3.4191041104248785+0.16033169705374276i,3.4191041104248785,10.662595647817549
0.05081666666,3.5E9,3.4205281573193385+0.1559579680217954i,3.4205281573193385,10.966185956081812
0.05081666666,3.5E9,3.4210781805694417+0.18194362820203955i,3.4210781805694417,9.401478398491923
0.05081666666,3.5E9,3.4214094442976486+0.1661972891496876i,3.4214094442976486,10.293216760040277
0.05081666666,3.5E9,3.422884749440248+0.16410120536255862i,3.422884749440248,10.429188322772717
0.05081666666,3.5E9,3.4258688029077673+0.1826076606071011i,3.4258688029077673,9.380408224709893
0.05081666666,3.5E9,3.4318692452100787+0.1880517413847547i,3.4318692452100787,9.124800493573892
0.05081666666,3.5E9,3.4361375746196647+0.17314414557994226i,3.4361375746196647,9.92276569072088
0.05081666666,3.5E9,3.4363956571416603+0.030758671114862197i,3.4363956571416603,55.86060015904325
0.05081666666,3.5E9,3.4366433892022767+0.17666855461030193i,3.4366433892022767,9.726245275461938
0.05081666666,3.5E9,3.4378012428124727+0.18427205113848857i,3.4378012428124727,9.328059305718623
0.05081666666,3.5E9,3.4391514792297415+0.18042438065899113i,3.4391514792297415,9.53072823824699
0.05081666666,3.5E9,3.4392250794684736+0.16628133589518307i,3.4392250794684736,10.341584823555964
0.05081666666,3.5E9,3.439407850947573+0.17235276068355213i,3.439407850947573,9.977814794804736
0.05081666666,3.5E9,3.4394341795486016+0.16854730287441222i,3.4394341795486016,10.203171812578304
0.05081666666,3.5E9,3.43977296132707+0.031300131818068705i,3.43977296132707,54.94821845033547
0.05081666666,3.5E9,3.4406613467408507+2.9464091083601434E-4i,3.4406613467408507,5838.736611589877
0.05081666666,3.5E9,3.443746434512659+0.13321912272514738i,3.443746434512659,12.925120523491456
0.05081666666,3.5E9,3.4441327227116565+0.13240567571925502i,3.4441327227116565,13.005985974552885
0.05081666666,3.5E9,3.4441858851360325+0.131108469492957i,3.4441858851360325,13.134871829622913
0.05081666666,3.5E9,3.444332493925875+7.720017506390619E-4i,3.444332493925875,2230.78023532632
0.05081666666,3.5E9,3.4445409402878244+0.1338335274075859i,3.4445409402878244,12.868751974972538
0.05081666666,3.5E9,3.4453503648483794+0.18490463186151357i,3.4453503648483794,9.31656046190561
0.05081666666,3.5E9,3.4457157543221055+0.16820330748213833i,3.4457157543221055,10.242711055750226
0.05081666666,3.5E9,3.4461006255395707+7.473437607773465E-5i,3.4461006255395707,23055.659298975905
0.05081666666,3.5E9,3.446435805913663+0.18030549935696405i,3.446435805913663,9.55721211556199
0.05081666666,3.5E9,3.4465205360362674+0.16899738014737695i,3.4465205360362674,10.196964393858273
0.05081666666,3.5E9,3.4468279848575647+0.18771275342975555i,3.4468279848575647,9.181123610089205
0.05081666666,3.5E9,3.4471288528327353+0.17497385497130366i,3.4471288528327353,9.850411232575508
0.05081666666,3.5E9,3.447204512518007+0.16978004870572375i,3.447204512518007,10.151971738719947
0.05081666666,3.5E9,3.4473995642063042+0.16828181961873706i,3.4473995642063042,10.242935249977709
0.05081666666,3.5E9,3.448086459199689+0.18265902381295257i,3.448086459199689,9.438587777438842
0.05081666666,3.5E9,3.4542309390391543+0.1849283108324916i,3.4542309390391543,9.339378388006809
0.05081666666,3.5E9,3.4575304893108467+0.19300418832904137i,3.4575304893108467,8.957138493327172
0.05081666666,3.5E9,3.458284147162278+0.16111604112178i,3.458284147162278,10.732277565547694
0.05081666666,3.5E9,3.4593812959491035+0.1487595878206455i,3.4593812959491035,11.627422966914795
0.05081666666,3.5E9,3.4596493027105266+9.361428013118591E-4i,3.4596493027105266,1847.8213461997275
0.05081666666,3.5E9,3.46001993457037+0.18813401040624855i,3.46001993457037,9.195625838993573
0.05081666666,3.5E9,3.461861336257519+0.17879679227013198i,3.461861336257519,9.680993971712946
0.05081666666,3.5E9,3.4619760620149584+0.16531718327644557i,3.4619760620149584,10.470708469021627
0.05081666666,3.5E9,3.46206351523715+0.04771067712546441i,3.46206351523715,36.281852656722805
0.05081666666,3.5E9,3.462994526715276+0.18413252282382725i,3.462994526715276,9.403538477633772
0.05081666666,3.5E9,3.4637771996451097+0.17395539244230673i,3.4637771996451097,9.955935113635212
0.05081666666,3.5E9,3.4644856722787982+0.001133083123357948i,3.4644856722787982,1528.7870769849712
0.05081666666,3.5E9,3.464625616782362+0.15228289043033985i,3.464625616782362,11.37562337762172
0.05081666666,3.5E9,3.466344611620237+0.17710356359589385i,3.466344611620237,9.786207971313246
0.05081666666,3.5E9,3.4664782074537057+0.165824209157233i,3.4664782074537057,10.452268173240078
0.05081666666,3.5E9,3.4665355744094333+0.14536685766736823i,3.4665355744094333,11.923404103367353
0.05081666666,3.5E9,3.466741666024043+0.14589204455737237i,3.466741666024043,11.881188163967154
0.05081666666,3.5E9,3.4684906917403002+0.16326029233444583i,3.4684906917403002,10.622578957028159
0.05081666666,3.5E9,3.4688321267868174+0.0011957673928322842i,3.4688321267868174,1450.4627520284578
0.05081666666,3.5E9,3.4691580682146457+0.052025806088572116i,3.4691580682146457,33.34074307573942
0.05081666666,3.5E9,3.469305689399826+0.1479865293573787i,3.469305689399826,11.721694212524095
0.05081666666,3.5E9,3.4694256639418346+0.17387956809453325i,3.4694256639418346,9.976519098712075
0.05081666666,3.5E9,3.469433008711476+0.14593457404655646i,3.469433008711476,11.886946706695591
0.05081666666,3.5E9,3.470018541507767+0.16792169867122905i,3.470018541507767,10.332251784510754
0.05081666666,3.5E9,3.4707501970036807+0.1976967000866992i,3.4707501970036807,8.777966945026385
0.05081666666,3.5E9,3.471980792470209+0.17708164389085784i,3.471980792470209,9.803333412157961
0.05081666666,3.5E9,3.4726182904233713+0.12294345306393067i,3.4726182904233713,14.122827218044739
0.05081666666,3.5E9,3.472773199145878+0.176058844362395i,3.472773199145878,9.862535482732158
0.05081666666,3.5E9,3.4733485116381546+0.1259794622885564i,3.4733485116381546,13.785375999154683
0.05081666666,3.5E9,3.475076349814723+0.16851155386086197i,3.475076349814723,10.31109223728378
0.05081666666,3.5E9,3.477293869568722+0.18635505371271904i,3.477293869568722,9.3297546814299
0.05081666666,3.5E9,3.477468796479753+0.14463267208784936i,3.477468796479753,12.021726302503597
0.05081666666,3.5E9,3.4776559813042143+0.1260858320689628i,3.4776559813042143,13.790827741066524
0.05081666666,3.5E9,3.478364102838607+0.12403763685548473i,3.478364102838607,14.021405885421782
0.05081666666,3.5E9,3.479084668450021+0.15004627598748682i,3.479084668450021,11.593372263168202
0.05081666666,3.5E9,3.4808473780623173+0.14385886594233718i,3.4808473780623173,12.098132969634078
0.05081666666,3.5E9,3.481596687092872+0.19552508611623626i,3.481596687092872,8.903196915159835
0.05081666666,3.5E9,3.4831030602562274+0.1498205314818659i,3.4831030602562274,11.624251448733574
0.05081666666,3.5E9,3.4842165070947297+0.17323829790497608i,3.4842165070947297,10.056138132359962
0.05081666666,3.5E9,3.4851528227873994+0.19045880261297093i,3.4851528227873994,9.149361370998264
0.05081666666,3.5E9,3.4859389961158236+0.19841476513116502i,3.4859389961158236,8.784474768829305
0.05081666666,3.5E9,3.4861775452503463+0.17784272532286297i,3.4861775452503463,9.801293639988359
0.05081666666,3.5E9,3.490076063710419+0.19851771665634005i,3.490076063710419,8.7903390248846
0.05081666666,3.5E9,3.4903387815547875+0.178994499362085i,3.4903387815547875,9.749849280268213
0.05081666666,3.5E9,3.490593771813456+0.19911994913681852i,3.490593771813456,8.76505289134795
0.05081666666,3.5E9,3.4910235711384763+0.19059680797129772i,3.4910235711384763,9.158137558274834
0.05081666666,3.5E9,3.4925975266186824+0.1973021229692071i,3.4925975266186824,8.850886838059447
0.05081666666,3.5E9,3.493560392924231+0.19244807025843547i,3.493560392924231,9.076631395245439
0.05081666666,3.5E9,3.4938717987621+0.19443472446698917i,3.4938717987621,8.984690899066448
0.05081666666,3.5E9,3.494111825145992+0.18878228497434274i,3.494111825145992,9.254342444315878
0.05081666666,3.5E9,3.4944262989768395+0.15612602543969803i,3.4944262989768395,11.19104354682533
0.05081666666,3.5E9,3.496235923103741+0.19477082607616078i,3.496235923103741,8.975255672368037
0.05081666666,3.5E9,3.4963328314470714+0.15616613597931212i,3.4963328314470714,11.19427335997557
0.05081666666,3.5E9,3.4969381971024687+0.1928569970809622i,3.4969381971024687,9.066142919446264
0.05081666666,3.5E9,3.4981918906713974+0.1576416237998877i,3.4981918906713974,11.095394117203611
0.05081666666,3.5E9,3.4985432524360247+0.1603350252855351i,3.4985432524360247,10.910102911717482
0.05081666666,3.5E9,3.49953123751043+0.1788745126057244i,3.49953123751043,9.782084620473864
0.05081666666,3.5E9,3.50206832941594+0.04562277366193196i,3.50206832941594,38.380703849425274
0.05081666666,3.5E9,3.504528623969539+0.046762319049248026i,3.504528623969539,37.47171542410806
0.05081666666,3.5E9,3.5053782919757186+0.19127403878616592i,3.5053782919757186,9.163235936829208
0.05081666666,3.5E9,3.5074832313976896+0.0011217216885251043i,3.5074832313976896,1563.4373781296429
0.05081666666,3.5E9,3.50857991005414+0.1845741847765829i,3.50857991005414,9.50452500792862
0.05081666666,3.5E9,3.508874757398751+0.08849321668067758i,3.508874757398751,19.825670763332703
0.05081666666,3.5E9,3.509907631071538+0.0010886516762245754i,3.509907631071538,1612.043460606167
0.05081666666,3.5E9,3.510439914768946+0.1902228221443445i,3.510439914768946,9.227178619254111
0.05081666666,3.5E9,3.5115215234648196+0.1781078424910969i,3.5115215234648196,9.857852058480667
0.05081666666,3.5E9,3.5120885696045474+0.19655441223524828i,3.5120885696045474,8.934138210545653
0.05081666666,3.5E9,3.5128067836919503+0.07653771696450885i,3.5128067836919503,22.948207256566505
0.05081666666,3.5E9,3.513000199957437+0.19210452281122656i,3.513000199957437,9.143460415581997
0.05081666666,3.5E9,3.513540384137719+0.18065049363496943i,3.513540384137719,9.724690792258054
0.05081666666,3.5E9,3.515856040108298+0.19954113782916344i,3.515856040108298,8.809852640808302
0.05081666666,3.5E9,3.51686893596124+0.19642525960895216i,3.51686893596124,8.952180954126526
0.05081666666,3.5E9,3.517076047932431+0.18889358154052296i,3.517076047932431,9.309675901237332
0.05081666666,3.5E9,3.5173899681009484+0.13665664387860352i,3.5173899681009484,12.869443695783861
0.05081666666,3.5E9,3.517967007579186+0.1345339513379462i,3.517967007579186,13.074643882056703
0.05081666666,3.5E9,3.5181005851399187+0.18410524632449787i,3.5181005851399187,9.554590798947222
0.05081666666,3.5E9,3.5186727012060834+0.17980651415365373i,3.5186727012060834,9.784608521466582
0.05081666666,3.5E9,3.518705702225787+0.14327808101889017i,3.518705702225787,12.279288210741289
0.05081666666,3.5E9,3.519262087492745+0.1446681004231546i,3.519262087492745,12.163227681841724
0.05081666666,3.5E9,3.52037952784681+0.18349041598718108i,3.52037952784681,9.592815812496575
0.05081666666,3.5E9,3.5204751668946956+0.18472809676349042i,3.5204751668946956,9.52880267965409
0.05081666666,3.5E9,3.5218456902615562+0.19098032102254806i,3.5218456902615562,9.220441329779078
0.05081666666,3.5E9,3.524526498025036+0.17498413527882847i,3.524526498025036,10.070988699658054
0.05081666666,3.5E9,3.526214519507959+0.19666486004639433i,3.526214519507959,8.965034522883512
0.05081666666,3.5E9,3.526473346163165+0.15701350082848975i,3.526473346163165,11.22984115237081
0.05081666666,3.5E9,3.530545282188366+0.18704207274629495i,3.530545282188366,9.43783724792555
0.05081666666,3.5E9,3.534788617910478+0.18745509290027898i,3.534788617910478,9.42836111630984
0.05081666666,3.5E9,3.537037334528635+0.1940375434118912i,3.537037334528635,9.114311777851219
0.05081666666,3.5E9,3.5372087430362926+0.16205127093644003i,3.5372087430362926,10.91385683862875
0.05081666666,3.5E9,3.537602384553545+0.15377303793201302i,3.537602384553545,11.502674435415686
0.05081666666,3.5E9,3.538730070940081+0.16826249707759847i,3.538730070940081,10.515504442169627
0.05081666666,3.5E9,3.5413096390749654+0.1796563280176236i,3.5413096390749654,9.855788766671152
0.05081666666,3.5E9,3.5413473595975127+0.18884552748885183i,3.5413473595975127,9.376307203798008
0.05081666666,3.5E9,3.5440563471993722+0.19234098065790736i,3.5440563471993722,9.212951746104327
0.05081666666,3.5E9,3.544320413621679+0.1588538394622391i,3.544320413621679,11.155916739627164
0.05081666666,3.5E9,3.544449610524259+0.16584262740941244i,3.544449610524259,10.6861838415468
0.05081666666,3.5E9,3.544639117154626+0.16801856392489414i,3.544639117154626,10.548355593430475
0.05081666666,3.5E9,3.5446984524035297+0.16473849669584573i,3.5446984524035297,10.758561366952543
0.05081666666,3.5E9,3.545294429245773+0.18689823927215204i,3.545294429245773,9.484558129205512
0.05081666666,3.5E9,3.546261137388347+0.16473617495810128i,3.546261137388347,10.763455987400148
0.05081666666,3.5E9,3.547518251096121+0.19410306015120932i,3.547518251096121,9.138233700005937
0.05081666666,3.5E9,3.547574457346488+0.18856768430228138i,3.547574457346488,9.406634202654752
0.05081666666,3.5E9,3.5476773996632573+0.1656844481394537i,3.5476773996632573,10.706126735193754
0.05081666666,3.5E9,3.550153500059585+0.18556708223490256i,3.550153500059585,9.565687667507689
0.05081666666,3.5E9,3.5513241533577973+0.16128607419492655i,3.5513241533577973,11.009394862775787
0.05081666666,3.5E9,3.5519040695872355+0.1324573953742612i,3.5519040695872355,13.407722760783777
0.05081666666,3.5E9,3.552018344185496+0.1305595910470631i,3.552018344185496,13.603054037236882
0.05081666666,3.5E9,3.552294969376698+0.17108844270007537i,3.552294969376698,10.381458014683107
0.05081666666,3.5E9,3.5534346609583953+0.1773695703560981i,3.5534346609583953,10.01703576837983
0.05081666666,3.5E9,3.5542319752730767+0.18992387674687225i,3.5542319752730767,9.356990906441176
0.05081666666,3.5E9,3.5552502498165355+0.13369759486257582i,3.5552502498165355,13.295864646895415
0.05081666666,3.5E9,3.5556003383959416+0.1322194864923544i,3.5556003383959416,13.445825697566692
0.05081666666,3.5E9,3.5556719711871345+0.15772851798985224i,3.5556719711871345,11.27149362874219
0.05081666666,3.5E9,3.555678349766435+0.17095577497770265i,3.555678349766435,10.39940987729193
0.05081666666,3.5E9,3.556715440644816+0.18977389022298566i,3.556715440644816,9.370929363532701
0.05081666666,3.5E9,3.557715723668137+0.1667949041399943i,3.557715723668137,10.664941300251222
0.05081666666,3.5E9,3.5579184718084886+0.17779079774992504i,3.5579184718084886,10.005912895483336
0.05081666666,3.5E9,3.558544998702989+0.17184069864140833i,3.558544998702989,10.354197308429383
0.05081666666,3.5E9,3.5607943300567544+0.07274478763332792i,3.5607943300567544,24.474566810236873
0.05081666666,3.5E9,3.560900800786285+0.1008739004475993i,3.560900800786285,17.650258317492426
0.05081666666,3.5E9,3.5616986041044982+0.1847085389329475i,3.5616986041044982,9.641402137335563
0.05081666666,3.5E9,3.5633342769317062+0.16514238936247672i,3.5633342769317062,10.788672401700635
0.05081666666,3.5E9,3.5654631202685656+0.1772052132205752i,3.5654631202685656,10.060265878945884
0.05081666666,3.5E9,3.565531308061702+0.18498944265949768i,3.565531308061702,9.637121061618165
0.05081666666,3.5E9,3.566155669561909+0.17444120507036837i,3.566155669561909,10.221655107585812
0.05081666666,3.5E9,3.5685819404577215+0.1828084331583074i,3.5685819404577215,9.760441241152758
0.05081666666,3.5E9,3.5691423283134234+0.17711102916433688i,3.5691423283134234,10.076002452116366
0.05081666666,3.5E9,3.5707325682326196+0.17368700955044739i,3.5707325682326196,10.279215980155097
0.05081666666,3.5E9,3.571671522019608+0.14572892949440963i,3.571671522019608,12.254504079633078
0.05081666666,3.5E9,3.5722847050431565+0.14370581460825763i,3.5722847050431565,12.429158537464932
0.05081666666,3.5E9,3.57240791932961+0.1772048647639188i,3.57240791932961,10.079881057692607
0.05081666666,3.5E9,3.5727607606914185+0.1741330864555891i,3.5727607606914185,10.258707387015205
0.05081666666,3.5E9,3.574988104512471+0.1641443974258923i,3.574988104512471,10.889765842073599
0.05081666666,3.5E9,3.575313389759801+0.17595425104685034i,3.575313389759801,10.159781217243289
0.05081666666,3.5E9,3.575448088509844+0.14445836081345012i,3.575448088509844,12.375358782892073
0.05081666666,3.5E9,3.5761880599210802+0.14543790334459025i,3.5761880599210802,12.294553131200999
0.05081666666,3.5E9,3.5777962373374437+0.07620134432079878i,3.5777962373374437,23.47593910072858
0.05081666666,3.5E9,3.5781260642855783+0.1019024434427722i,3.5781260642855783,17.556625451749017
0.05081666666,3.5E9,3.578519720663886+0.17796479180781097i,3.578519720663886,10.054010358769242
0.05081666666,3.5E9,3.5835525195382014+0.12520587113059453i,3.5835525195382014,14.310640895587152
0.05081666666,3.5E9,3.5838392494521+0.1523859866313902i,3.5838392494521,11.759084049247678
0.05081666666,3.5E9,3.5842099555004303+0.17383457342890207i,3.5842099555004303,10.309255186703018
0.05081666666,3.5E9,3.5843105012373044+0.12252967460350143i,3.5843105012373044,14.626295682396592
0.05081666666,3.5E9,3.584647274231973+0.1612199543498361i,3.584647274231973,11.117256820621401
0.05081666666,3.5E9,3.585570547521889+0.14779355231165933i,3.585570547521889,12.130334819887219
0.05081666666,3.5E9,3.5891890936683697+0.14880866422240763i,3.5891890936683697,12.059745016943406
0.05081666666,3.5E9,3.5896338106087433+0.16112872700081035i,3.5896338106087433,11.13902491946917
0.05081666666,3.5E9,3.5913820293663887+0.14172554490075215i,3.5913820293663887,12.670200110648258
0.05081666666,3.5E9,3.592909734746985+0.1589698306861248i,3.592909734746985,11.30060250816063
0.05081666666,3.5E9,3.5930776805207536+0.12355467141424381i,3.5930776805207536,14.540436388981934
0.05081666666,3.5E9,3.593470452172191+0.12562149929871314i,3.593470452172191,14.302768523831029
0.05081666666,3.5E9,3.5934710183507197+0.14206092060086375i,3.5934710183507197,12.647640896425637
0.05081666666,3.5E9,3.5961029759042633+0.14784551672706572i,3.5961029759042633,12.161690984999389
0.05081666666,3.5E9,3.5961227339819035+0.14281895074019008i,3.5961227339819035,12.589795385501084
0.05081666666,3.5E9,3.5965847684009424+0.01239288374687315i,3.5965847684009424,145.10685494441105
0.05081666666,3.5E9,3.5970971627750923+0.17023200588563867i,3.5970971627750923,10.565278673834142
0.05081666666,3.5E9,3.5975640163494926+0.1647083057431646i,3.5975640163494926,10.9210157924862
0.05081666666,3.5E9,3.598516504301061+0.15073950888581453i,3.598516504301061,11.936208797877086
0.05081666666,3.5E9,3.5996109892962402+0.012022313934087415i,3.5996109892962402,149.7054148241005
0.05081666666,3.5E9,3.607408704120725+0.1562877365775769i,3.607408704120725,11.54092055818502
0.05081666666,3.5E9,3.607604863830626+0.159070973432875i,3.607604863830626,11.339607679439291
0.05081666666,3.5E9,3.6110483204108608+0.15354617179388758i,3.6110483204108608,11.758835398573614
0.05081666666,3.5E9,3.6129950181709165+0.1561599130385408i,3.6129950181709165,11.568253810692175
0.05081666666,3.5E9,3.6131742627239785+0.15801835669223926i,3.6131742627239785,11.432767490934905
0.05081666666,3.5E9,3.6207561545221787+1.7748666742407445E-4i,3.6207561545221787,10200.07927094319
0.05081666666,3.5E9,3.6259813469740556+1.1241758086371732E-4i,3.6259813469740556,16127.287738782581
0.05081666666,3.5E9,3.6345869616302817+0.13143379020413412i,3.6345869616302817,13.826683975198788
0.05081666666,3.5E9,3.636339063298007+0.14020125031701733i,3.636339063298007,12.968283289470193
0.05081666666,3.5E9,3.636386128982958+0.14657439678240824i,3.636386128982958,12.404574771613165
0.05081666666,3.5E9,3.6364450700444073+0.13660663581664587i,3.6364450700444073,13.309913710653346
0.05081666666,3.5E9,3.638704671001118+1.266177855280555E-4i,3.638704671001118,14368.852905719423
0.05081666666,3.5E9,3.6399811680606136+0.04514418013187728i,3.6399811680606136,40.31506561230408
0.05081666666,3.5E9,3.6431032025970285+0.03217357509013585i,3.6431032025970285,56.61638770933437
0.05081666666,3.5E9,3.643501100864067+1.0145852082683053E-4i,3.643501100864067,17955.61906073319
0.05081666666,3.5E9,3.6482161034803604+0.033663858123176925i,3.6482161034803604,54.18594758407434
0.05081666666,3.5E9,3.6496820022812857+0.0458192021079974i,3.6496820022812857,39.82699211652423
0.05081666666,3.5E9,3.6688992242436713+4.3334646028832875E-4i,3.6688992242436713,4233.217022013466
0.05081666666,3.5E9,3.6715925912896097+4.577863392071791E-4i,3.6715925912896097,4010.1596277952353
0.05081666666,3.5E9,3.685065929662621+0.02500991568678818i,3.685065929662621,73.67209821521521
0.05081666666,3.5E9,3.6888353905647033+0.02508535920437902i,3.6888353905647033,73.5256641236527
0.05081666666,3.5E9,3.695960517956469+0.02614827177971087i,3.695960517956469,70.67313184392289
0.05081666666,4.0E9,3.8294219333968753+2.9353553899183704E-4i,3.8294219333968753,6522.927251925308
0.05081666666,4.0E9,3.830504271149146+0.0074222618974138i,3.830504271149146,258.0415730468794
0.05081666666,4.0E9,3.8353337008879196+0.007329141756129697i,3.8353337008879196,261.64957838891945
0.05081666666,4.0E9,3.8379428251680334+1.5778781710093975E-4i,3.8379428251680334,12161.721024104261
0.05081666666,4.0E9,3.8442342899431208+3.7186421409153797E-4i,3.8442342899431208,5168.868291527543
0.05081666666,4.0E9,3.8516920711083054+2.0135267147934377E-4i,3.8516920711083054,9564.541763488447
0.05081666666,4.0E9,3.863019116189478+0.03772351072259738i,3.863019116189478,51.20174451148615
0.05081666666,4.0E9,3.867013418707526+0.04156981760919934i,3.867013418707526,46.51227309993972
0.05081666666,4.0E9,3.883654516983474+6.262825529133393E-4i,3.883654516983474,3100.560999917291
0.05081666666,4.0E9,3.8857571663609183+0.12900352706891832i,3.8857571663609183,15.060662505316648
0.05081666666,4.0E9,3.8861666876270426+0.03636077113873406i,3.8861666876270426,53.43900261080029
0.05081666666,4.0E9,3.889257028212418+0.12664342225156253i,3.889257028212418,15.355148175350388
0.05081666666,4.0E9,3.8897445542018625+0.13953771614430868i,3.8897445542018625,13.937968391926102
0.05081666666,4.0E9,3.8904128921546843+0.03647797576350118i,3.8904128921546843,53.3255040983842
0.05081666666,4.0E9,3.8929992471744006+7.191956670178039E-4i,3.8929992471744006,2706.495204091676
0.05081666666,4.0E9,3.8948059679642695+0.13929866768811783i,3.8948059679642695,13.980054628679323
0.05081666666,4.0E9,3.895648194471094+0.1381988531600751i,3.895648194471094,14.09435789586033
0.05081666666,4.0E9,3.9013976304314584+4.3182567903818304E-4i,3.9013976304314584,4517.3293528086915
0.05081666666,4.0E9,3.90463938174295+0.14649020561580356i,3.90463938174295,13.327305280680529
0.05081666666,4.0E9,3.905812252779626+7.102198090639764E-4i,3.905812252779626,2749.7207223262562
0.05081666666,4.0E9,3.9094662778461275+0.14257721379609262i,3.9094662778461275,13.709996758097919
0.05081666666,4.0E9,3.9134230348681327+0.14501790033003323i,3.9134230348681327,13.4928964836821
0.05081666666,4.0E9,3.9155693789331227+0.15499854895038528i,3.9155693789331227,12.630987210681852
0.05081666666,4.0E9,3.920269054294109+0.04683786111663987i,3.920269054294109,41.84936033406288
0.05081666666,4.0E9,3.921562900064127+0.15412651620483256i,3.921562900064127,12.721895610916198
0.05081666666,4.0E9,3.9223723610341406+0.14463533732762837i,3.9223723610341406,13.55952298209521
0.05081666666,4.0E9,3.922646140642945+0.013667528500644345i,3.922646140642945,143.50239476208208
0.05081666666,4.0E9,3.924745979686401+0.1272195589478161i,3.924745979686401,15.42508876837202
0.05081666666,4.0E9,3.9258535317932393+0.01448865030630214i,3.9258535317932393,135.48030523193756
0.05081666666,4.0E9,3.9259584832118133+0.12476150657262158i,3.9259584832118133,15.733853297637836
0.05081666666,4.0E9,3.92686573017114+0.1597391178859154i,3.92686573017114,12.291496854814488
0.05081666666,4.0E9,3.928297835351206+0.049024274901684685i,3.928297835351206,40.06482342909893
0.05081666666,4.0E9,3.9303593513464383+0.16276580873057298i,3.9303593513464383,12.073663940847615
0.05081666666,4.0E9,3.9318815150475457+0.1581919727698889i,3.9318815150475457,12.42756331500773
0.05081666666,4.0E9,3.9328201557968065+0.1267765916968276i,3.9328201557968065,15.51082933828083
0.05081666666,4.0E9,3.9329505800576348+0.15104548339970178i,3.9329505800576348,13.019093625097431
0.05081666666,4.0E9,3.9344323180156926+0.1410922112693772i,3.9344323180156926,13.942769351399432
0.05081666666,4.0E9,3.934498987088839+0.1511262043390478i,3.934498987088839,13.017262639184302
0.05081666666,4.0E9,3.9347665980331614+0.12440802972981316i,3.9347665980331614,15.813957533844913
0.05081666666,4.0E9,3.9358631539076616+0.02008320700069359i,3.9358631539076616,97.98891067974687
0.05081666666,4.0E9,3.939209391226077+0.13587827941819025i,3.939209391226077,14.495360877739845
0.05081666666,4.0E9,3.9392940396670317+0.14472055411956336i,3.9392940396670317,13.610001922783258
0.05081666666,4.0E9,3.939324852486664+0.15456630949254094i,3.939324852486664,12.743154913318184
0.05081666666,4.0E9,3.9399124038510305+0.16533953779347133i,3.9399124038510305,11.914610553624652
0.05081666666,4.0E9,3.9421913710914165+0.147554845294889i,3.9421913710914165,13.358393495018516
0.05081666666,4.0E9,3.9430003467292316+0.16746262572182374i,3.9430003467292316,11.772777148732416
0.05081666666,4.0E9,3.9444834123039825+7.770387287462581E-4i,3.9444834123039825,2538.1511026280214
0.05081666666,4.0E9,3.9451557397755312+0.1554201262787665i,3.9451557397755312,12.691907522644055
0.05081666666,4.0E9,3.945491717681718+0.1392379163216936i,3.945491717681718,14.168165618645503
0.05081666666,4.0E9,3.9469276173311+0.15178824138404803i,3.9469276173311,13.001427453608725
0.05081666666,4.0E9,3.94699577882613+0.1473849982531015i,3.94699577882613,13.390086595000762
0.05081666666,4.0E9,3.947182611300141+0.15323239321155846i,3.947182611300141,12.879726435684232
0.05081666666,4.0E9,3.948691934004028+0.020293496409826754i,3.948691934004028,97.28959106553829
0.05081666666,4.0E9,3.9487906047574963+0.02521972387274877i,3.9487906047574963,78.28774463752895
0.05081666666,4.0E9,3.949803366638787+0.15852854918652828i,3.949803366638787,12.45770363416169
0.05081666666,4.0E9,3.950508625987808+6.118497476781131E-4i,3.950508625987808,3228.332316046099
0.05081666666,4.0E9,3.951427089372463+0.16269242827647534i,3.951427089372463,12.14385675852569
0.05081666666,4.0E9,3.952098751442816+0.15162527105606524i,3.952098751442816,13.032454035915558
0.05081666666,4.0E9,3.9527256454004873+0.1559751255851748i,3.9527256454004873,12.671012863656859
0.05081666666,4.0E9,3.953023566640151+0.1498558282082517i,3.953023566640151,13.189422172979194
0.05081666666,4.0E9,3.9542441356561198+0.16185800892449365i,3.9542441356561198,12.215163654647341
0.05081666666,4.0E9,3.9542998764166057+0.13848858911871342i,3.9542998764166057,14.2766270549083
0.05081666666,4.0E9,3.9547788715443026+0.1653539295946163i,3.9547788715443026,11.958527025151099
0.05081666666,4.0E9,3.9558004147819346+0.057744593193320225i,3.9558004147819346,34.252561114583564
0.05081666666,4.0E9,3.9559300441753638+0.17156714937306947i,3.9559300441753638,11.528809736103003
0.05081666666,4.0E9,3.955956135451258+0.15216015750166506i,3.955956135451258,12.99931664242648
0.05081666666,4.0E9,3.9561450088798966+0.052107825041715974i,3.9561450088798966,37.961141207800594
0.05081666666,4.0E9,3.957385678839221+0.04487433338161822i,3.957385678839221,44.094088765453144
0.05081666666,4.0E9,3.958202812422185+0.16251326473895264i,3.958202812422185,12.178091489271052
0.05081666666,4.0E9,3.9586128942669268+0.14126008206672194i,3.9586128942669268,14.011788880304975
0.05081666666,4.0E9,3.9589236930562306+0.15318577467854944i,3.9589236930562306,12.921969097208207
0.05081666666,4.0E9,3.9593513827300453+0.1718094674552522i,3.9593513827300453,11.522506417643308
0.05081666666,4.0E9,3.959986694801723+0.14687037026101854i,3.959986694801723,13.481230719865485
0.05081666666,4.0E9,3.9606616457618538+0.15331894355950224i,3.9606616457618538,12.916413177034263
0.05081666666,4.0E9,3.9620987001252734+0.02700887701516504i,3.9620987001252734,73.34808288957406
0.05081666666,4.0E9,3.9625353656043094+0.17344754974308477i,3.9625353656043094,11.422863486609424
0.05081666666,4.0E9,3.963197002622661+0.16356403286849172i,3.963197002622661,12.115123762597426
0.05081666666,4.0E9,3.966672758301735+0.17172279962234588i,3.966672758301735,11.549639206399128
0.05081666666,4.0E9,3.9677119200798057+0.17295487645345684i,3.9677119200798057,11.470367304582881
0.05081666666,4.0E9,3.9683029248423507+0.16502660782829373i,3.9683029248423507,12.023221518833122
0.05081666666,4.0E9,3.9684215737477944+0.14518442900813966i,3.9684215737477944,13.666829152612873
0.05081666666,4.0E9,3.9684811213239177+0.15485779985226944i,3.9684811213239177,12.813307192500965
0.05081666666,4.0E9,3.9693505075041355+0.13590490960871576i,3.9693505075041355,14.603411013378047
0.05081666666,4.0E9,3.9747046714627166+0.16312184347017544i,3.9747046714627166,12.18323857463466
0.05081666666,4.0E9,3.97772497407571+0.14903074186428458i,3.97772497407571,13.345316960503492
0.05081666666,4.0E9,3.977862201441542+0.16265352226209923i,3.977862201441542,12.228023550057623
0.05081666666,4.0E9,3.980208969238791+0.14523260807825572i,3.980208969238791,13.702876447326947
0.05081666666,4.0E9,3.980497206148521+0.17545682161869913i,3.980497206148521,11.34323866529081
0.05081666666,4.0E9,3.981463577459357+0.13539269131514262i,3.981463577459357,14.70339181083278
0.05081666666,4.0E9,3.982474119851395+0.13748809515688656i,3.982474119851395,14.482978018231417
0.05081666666,4.0E9,3.983304090312146+0.1578204429590828i,3.983304090312146,12.61973422335684
0.05081666666,4.0E9,3.984540017714517+0.1501109812902485i,3.984540017714517,13.271980448952538
0.05081666666,4.0E9,3.984566914353595+0.16547925264076965i,3.984566914353595,12.039475797620035
0.05081666666,4.0E9,3.98540960930659+0.13425810677746103i,3.98540960930659,14.842342503431055
0.05081666666,4.0E9,3.98589371945408+0.17053454890955055i,3.98589371945408,11.686469823684083
0.05081666666,4.0E9,3.986641622704325+0.03983934746447948i,3.986641622704325,50.0339723969976
0.05081666666,4.0E9,3.987086973477709+0.1446064053310234i,3.987086973477709,13.785997115240967
0.05081666666,4.0E9,3.987830863836032+0.1405195516157296i,3.987830863836032,14.189594323291443
0.05081666666,4.0E9,3.988746741431453+0.16366466672089747i,3.988746741431453,12.185729581552225
0.05081666666,4.0E9,3.9895321105556105+0.1313605783842284i,3.9895321105556105,15.185423814465356
0.05081666666,4.0E9,3.9912656752415305+0.15114561171555033i,3.9912656752415305,13.20337927757018
0.05081666666,4.0E9,3.991283563981023+0.12816397342216798i,3.991283563981023,15.57100430568684
0.05081666666,4.0E9,3.991734406846724+0.17367347111422546i,3.991734406846724,11.492067214518189
0.05081666666,4.0E9,3.9925913282361725+0.13629933640752614i,3.9925913282361725,14.646407801643965
0.05081666666,4.0E9,3.9945476571559393+0.1762150830182926i,3.9945476571559393,11.334295534569172
0.05081666666,4.0E9,3.9968744709378456+0.17078811563218071i,3.9968744709378456,11.701266379523002
0.05081666666,4.0E9,3.996907404525207+0.16499025102150647i,3.996907404525207,12.112556286747543
0.05081666666,4.0E9,3.9974197849865933+0.14238572073963773i,3.9974197849865933,14.037291675814021
0.05081666666,4.0E9,3.998229596302352+0.14062730988379474i,3.998229596302352,14.215693948800661
0.05081666666,4.0E9,3.999226222350846+0.1623162572264715i,3.999226222350846,12.319241124353097
0.05081666666,4.0E9,3.9996001461855695+0.12841103092284828i,3.9996001461855695,15.573429001549732
0.05081666666,4.0E9,3.9998053325771714+0.16701718202754756i,3.9998053325771714,11.974233081951562
0.05081666666,4.0E9,4.000621513359111+0.15879038910241075i,4.000621513359111,12.597177751038002
0.05081666666,4.0E9,4.001849673372526+0.13488402229077695i,4.001849673372526,14.834409611338238
0.05081666666,4.0E9,4.002093166434106+0.13217197333093803i,4.002093166434106,15.13971935795151
0.05081666666,4.0E9,4.002103012311974+0.15241650714619806i,4.002103012311974,13.128837181897731
0.05081666666,4.0E9,4.003396767142361+0.1318241299948621i,4.003396767142361,15.18461289028949
0.05081666666,4.0E9,4.003531857043809+0.172330992718505i,4.003531857043809,11.61582079313905
0.05081666666,4.0E9,4.004141105531989+0.13012741177304576i,4.004141105531989,15.385463565953275
0.05081666666,4.0E9,4.005112760089687+0.15984429403911973i,4.005112760089687,12.528169316789903
0.05081666666,4.0E9,4.007102086893659+0.1506602331619652i,4.007102086893659,13.298473003774923
0.05081666666,4.0E9,4.008644170850887+0.16472253764432243i,4.008644170850887,12.167867943810343
0.05081666666,4.0E9,4.0094856776502095+0.08200268402994695i,4.0094856776502095,24.447283190059768
0.05081666666,4.0E9,4.01007766860096+0.17384751499337353i,4.01007766860096,11.53331892248736
0.05081666666,4.0E9,4.010597904937231+0.044681931529419065i,4.010597904937231,44.879415097539024
0.05081666666,4.0E9,4.010629899729368+0.14070120459420635i,4.010629899729368,14.252294112535672
0.05081666666,4.0E9,4.010966718998489+0.16330137412968393i,4.010966718998489,12.280872529012601
0.05081666666,4.0E9,4.0116905994073635+0.05455510507794319i,4.0116905994073635,36.76732538298512
0.05081666666,4.0E9,4.014101587656495+0.1497524431046444i,4.014101587656495,13.402457764416942
0.05081666666,4.0E9,4.014547789107143+0.15534237647939847i,4.014547789107143,12.921611861781813
0.05081666666,4.0E9,4.015328275545105+0.16032971055544556i,4.015328275545105,12.522096689485744
0.05081666666,4.0E9,4.015395263935243+0.17082881087604787i,4.015395263935243,11.752687510213908
0.05081666666,4.0E9,4.0166684649934075+0.14041504488948206i,4.0166684649934075,14.302842220913183
0.05081666666,4.0E9,4.018071119315541+0.16572513726505414i,4.018071119315541,12.12269660965554
0.05081666666,4.0E9,4.0193797801970135+0.15974176901442966i,4.0193797801970135,12.58086662303689
0.05081666666,4.0E9,4.019405407809039+0.059493304332848974i,4.019405407809039,33.780317406153394
0.05081666666,4.0E9,4.019739665812752+0.1549896510359473i,4.019739665812752,12.967767973361136
0.05081666666,4.0E9,4.020125434356792+0.16856326820241666i,4.020125434356792,11.924678125987935
0.05081666666,4.0E9,4.021302556924156+0.08026727603001906i,4.021302556924156,25.04945200470136
0.05081666666,4.0E9,4.021611018206125+0.052005340107764725i,4.021611018206125,38.66536599772831
0.05081666666,4.0E9,4.023034446320358+0.1345522527782782i,4.023034446320358,14.949710477719428
0.05081666666,4.0E9,4.023104582953038+0.173972552941523i,4.023104582953038,11.562469237044866
0.05081666666,4.0E9,4.024424670498812+0.17053696031009635i,4.024424670498812,11.799274078712871
0.05081666666,4.0E9,4.0249690881422655+0.05437593614826142i,4.0249690881422655,37.01057281264809
0.05081666666,4.0E9,4.025611333376656+0.14544888208995407i,4.025611333376656,13.838577772247787
0.05081666666,4.0E9,4.026343568305451+0.17518582692663776i,4.026343568305451,11.491636164127467
0.05081666666,4.0E9,4.026715060774253+0.1556342333294233i,4.026715060774253,12.936469614146853
0.05081666666,4.0E9,4.028709205247924+0.1671416100440914i,4.028709205247924,12.051784125404692
0.05081666666,4.0E9,4.0295567635251155+0.14129330400904647i,4.0295567635251155,14.2595460973406
0.05081666666,4.0E9,4.029578540677219+0.14786733074076114i,4.029578540677219,13.62565524274533
0.05081666666,4.0E9,4.02966304381786+0.1499566464381207i,4.02966304381786,13.436093496131534
0.05081666666,4.0E9,4.031284269413545+0.1602648153155488i,4.031284269413545,12.576947290259138
0.05081666666,4.0E9,4.031485288030486+3.139006127034725E-4i,4.031485288030486,6421.595124184808
0.05081666666,4.0E9,4.031700883451601+0.12249725719449148i,4.031700883451601,16.456290433713075
0.05081666666,4.0E9,4.033616065755552+0.16191152957038543i,4.033616065755552,12.45623482298732
0.05081666666,4.0E9,4.034025627448775+0.12073924977796013i,4.034025627448775,16.705527137477503
0.05081666666,4.0E9,4.0344474968911905+0.056511083567843234i,4.0344474968911905,35.696072718617366
0.05081666666,4.0E9,4.035550005851175+0.17037419207499344i,4.035550005851175,11.843196310139659
0.05081666666,4.0E9,4.038342327008612+0.16225681544400736i,4.038342327008612,12.444291834391974
0.05081666666,4.0E9,4.039296155731783+0.15537529419666435i,4.039296155731783,12.998514907457213
0.05081666666,4.0E9,4.03962988357105+0.14190724914610128i,4.03962988357105,14.233345751815786
0.05081666666,4.0E9,4.04022319356783+0.13385836502323542i,4.04022319356783,15.091410958390682
0.05081666666,4.0E9,4.040472296408192+0.16656214274835784i,4.040472296408192,12.12902352761077
0.05081666666,4.0E9,4.042284735208676+0.1711227613834084i,4.042284735208676,11.811066811129091
0.05081666666,4.0E9,4.044556932779607+0.17230621759509238i,4.044556932779607,11.736537976487986
0.05081666666,4.0E9,4.045867549180074+0.12854830254840965i,4.045867549180074,15.736759914260448
0.05081666666,4.0E9,4.046647282286789+0.15200459858075588i,4.046647282286789,13.310937037661121
0.05081666666,4.0E9,4.047027722379649+0.15740466399016892i,4.047027722379649,12.85548858524426
0.05081666666,4.0E9,4.047264436241128+0.16926247901833988i,4.047264436241128,11.955586553244915
0.05081666666,4.0E9,4.047408603722482+0.12549148092566167i,4.047408603722482,16.126228545027992
0.05081666666,4.0E9,4.047569653163292+0.14614246136924355i,4.047569653163292,13.848027517946004
0.05081666666,4.0E9,4.047799566309499+0.15422074969027583i,4.047799566309499,13.123394791034166
0.05081666666,4.0E9,4.048286920561419+5.536528480211882E-4i,4.048286920561419,3655.9794960239165
0.05081666666,4.0E9,4.0494564094096495+0.14091843430565967i,4.0494564094096495,14.368086153391971
0.05081666666,4.0E9,4.0502202458530885+0.1681193639857811i,4.0502202458530885,12.045668475749293
0.05081666666,4.0E9,4.051192965495133+0.15196533299914272i,4.051192965495133,13.329332702209085
0.05081666666,4.0E9,4.051384218545838+0.16515038503043977i,4.051384218545838,12.265742576982504
0.05081666666,4.0E9,4.051792878912209+5.563774225866483E-4i,4.051792878912209,3641.226903200944
0.05081666666,4.0E9,4.054456293503662+0.011492544684076744i,4.054456293503662,176.39506327616152
0.05081666666,4.0E9,4.055065676333181+0.1431616069909649i,4.055065676333181,14.162545956155343
0.05081666666,4.0E9,4.055428834784234+0.16385770705814268i,4.055428834784234,12.374849213974475
0.05081666666,4.0E9,4.055499853303929+0.15881617972080697i,4.055499853303929,12.767905198429245
0.05081666666,4.0E9,4.055898831553397+0.14788619162868902i,4.055898831553397,13.712905805759409
0.05081666666,4.0E9,4.056026667244438+0.13505910629294438i,4.056026667244438,15.015746729609184
0.05081666666,4.0E9,4.056591266258993+0.1523871720298759i,4.056591266258993,13.310146819522602
0.05081666666,4.0E9,4.057426493302475+0.004805122068653857i,4.057426493302475,422.1980664935691
0.05081666666,4.0E9,4.057602836022776+0.13893548644617787i,4.057602836022776,14.602471045418074
0.05081666666,4.0E9,4.057997275716828+0.14457926209840682i,4.057997275716828,14.033815143401348
0.05081666666,4.0E9,4.059172019980279+0.1678387243473836i,4.059172019980279,12.092477572633424
0.05081666666,4.0E9,4.059218329638012+0.14953884935656298i,4.059218329638012,13.572454071647776
0.05081666666,4.0E9,4.063398113771383+0.15867419121108126i,4.063398113771383,12.804218766635847
0.05081666666,4.0E9,4.064973755906217+0.16410561917508978i,4.064973755906217,12.385236338461878
0.05081666666,4.0E9,4.06563041758448+0.012813385293618319i,4.06563041758448,158.64778606202373
0.05081666666,4.0E9,4.065719466479695+0.13686658928222828i,4.065719466479695,14.85285593730952
0.05081666666,4.0E9,4.06601420636212+0.14275903874719048i,4.06601420636212,14.240829309458139
0.05081666666,4.0E9,4.06653673224079+0.1554300877646933i,4.06653673224079,13.081562233938733
0.05081666666,4.0E9,4.066696770141036+0.15753192063413937i,4.066696770141036,12.907532498082567
0.05081666666,4.0E9,4.069829400411537+0.1428658985280144i,4.069829400411537,14.243529919820192
0.05081666666,4.0E9,4.070166012150278+0.14779071052413217i,4.070166012150278,13.770033304920323
0.05081666666,4.0E9,4.0705445053124425+0.150544617127702i,4.0705445053124425,13.51939572126825
0.05081666666,4.0E9,4.070960392419578+7.152852174790945E-4i,4.070960392419578,2845.690287552014
0.05081666666,4.0E9,4.072334002157683+0.15943392058982991i,4.072334002157683,12.771228315442466
0.05081666666,4.0E9,4.074425454654481+0.14593843116666647i,4.074425454654481,13.959398569939928
0.05081666666,4.0E9,4.075381310695387+0.1561268523713316i,4.075381310695387,13.051506671647084
0.05081666666,4.0E9,4.076062577530547+0.14289299562961097i,4.076062577530547,14.262639535166572
0.05081666666,4.0E9,4.078872122029875+0.15865522150308278i,4.078872122029875,12.854515859569801
0.05081666666,4.0E9,4.0804062494262965+0.1440609304731445i,4.0804062494262965,14.162084876256426
0.05081666666,4.0E9,4.081178039368431+0.14790208596598406i,4.081178039368431,13.796891412021932
0.05081666666,4.0E9,4.081268302883869+0.009200214015312895i,4.081268302883869,221.80290024183023
0.05081666666,4.0E9,4.081496930136636+0.15526308302642006i,4.081496930136636,13.143810011302286
0.05081666666,4.0E9,4.082328020470481+0.13677629568060273i,4.082328020470481,14.923375429041636
0.05081666666,4.0E9,4.082903091765321+0.004924709266382334i,4.082903091765321,414.53239886022754
0.05081666666,4.0E9,4.089145185749257+0.13811103668603836i,4.089145185749257,14.803832061028286
0.05081666666,4.0E9,4.091503597303677+0.14211627522455544i,4.091503597303677,14.394915680272241
0.05081666666,4.0E9,4.092534234560866+0.00927808428700566i,4.092534234560866,220.54845094976287
0.05081666666,4.0E9,4.0970348852204515+0.14339269701929608i,4.0970348852204515,14.286065365899079
0.05081666666,4.0E9,4.098016489418058+0.13455618264278388i,4.098016489418058,15.227901122527237
0.05081666666,4.0E9,4.098754726992885+7.792591726055131E-4i,4.098754726992885,2629.9047037767828
0.05081666666,4.0E9,4.101688452722047+6.933340350086739E-4i,4.101688452722047,2957.9454098706788
0.05081666666,4.0E9,4.1016949571606+0.14222631343349484i,4.1016949571606,14.41960653461835
0.05081666666,4.0E9,4.1018351170872664+0.13212111650533956i,4.1018351170872664,15.523011103684906
0.05081666666,4.0E9,4.1039066054349735+0.13539259156685132i,4.1039066054349735,15.155580367957699
0.05081666666,4.0E9,4.105450460944857+0.12894582862409648i,4.105450460944857,15.91928372073627
0.05081666666,4.0E9,4.105768877207743+0.12584294905912005i,4.105768877207743,16.313066834117517
0.05081666666,4.0E9,4.1059899687007935+0.13190895256990978i,4.1059899687007935,15.563727437395427
0.05081666666,4.0E9,4.106211504204417+0.14040401143509681i,4.106211504204417,14.62284254642737
0.05081666666,4.0E9,4.106836676915127+7.211188472948926E-4i,4.106836676915127,2847.5449590043004
0.05081666666,4.0E9,4.107664105182653+0.13106155633178945i,4.107664105182653,15.670743657216605
0.05081666666,4.0E9,4.10988312671971+0.12972893159345805i,4.10988312671971,15.84027200501111
0.05081666666,4.0E9,4.110091208624125+0.13973365933435647i,4.110091208624125,14.706876024728755
0.05081666666,4.0E9,4.111110946156943+0.13597297135549416i,4.111110946156943,15.117382907698106
0.05081666666,4.0E9,4.11542142592371+7.578497383222876E-4i,4.11542142592371,2715.196177961575
0.05081666666,4.0E9,4.12171119761983+0.04712506882222815i,4.12171119761983,43.731619927902194
0.05081666666,4.0E9,4.126066303676556+0.05004565202863555i,4.126066303676556,41.22302474264565
0.05081666666,4.0E9,4.1300991628624875+0.11271880414782587i,4.1300991628624875,18.320364530509213
0.05081666666,4.0E9,4.142698514065448+0.007025879220708205i,4.142698514065448,294.81708864672646
0.05081666666,4.0E9,4.146511135907361+0.006856670465275841i,4.146511135907361,302.3706007825876
0.05081666666,4.0E9,4.168725965298103+0.03923760742698099i,4.168725965298103,53.121561668303436
0.05081666666,4.0E9,4.169443328592298+0.02538031585015628i,4.169443328592298,82.13931129164068
0.05081666666,4.0E9,4.1760591916275125+0.0013487137219705503i,4.1760591916275125,1548.1636775838701
0.05081666666,4.5E9,4.34954384917151+0.027969250316385932i,4.34954384917151,77.7558175490908
0.05081666666,4.5E9,4.3630842128011+0.02916267635663763i,4.3630842128011,74.80596361328186
0.05081666666,4.5E9,4.364794861461158+0.0032598691903436222i,4.364794861461158,669.4739277254658
0.05081666666,4.5E9,4.371595790433627+0.004060909395091504i,4.371595790433627,538.2533030308008
0.05081666666,4.5E9,4.384797725502336+0.02383276308810754i,4.384797725502336,91.99096448221594
0.05081666666,4.5E9,4.395965905447922+0.10322624327638429i,4.395965905447922,21.292869748625325
0.05081666666,4.5E9,4.397261132486985+0.028125697520496436i,4.397261132486985,78.17159253174978
0.05081666666,4.5E9,4.397878138168848+0.1130030181469913i,4.397878138168848,19.459118040759787
0.05081666666,4.5E9,4.40293400987987+0.0010810002898245926i,4.40293400987987,2036.5091717941666
0.05081666666,4.5E9,4.4062942020964275+0.11863582664057734i,4.4062942020964275,18.570672649527147
0.05081666666,4.5E9,4.409938866157887+0.12384122861212288i,4.409938866157887,17.804809091365055
0.05081666666,4.5E9,4.414337334907613+0.029814712903879725i,4.414337334907613,74.02951269628332
0.05081666666,4.5E9,4.416962514791379+0.10322824069347653i,4.416962514791379,21.394157670026573
0.05081666666,4.5E9,4.417784675550054+0.1307756468914622i,4.417784675550054,16.890700908620293
0.05081666666,4.5E9,4.4187728839281295+0.0560254505827633i,4.4187728839281295,39.435406926362155
0.05081666666,4.5E9,4.419064512954626+0.12572984999793063i,4.419064512954626,17.573649030152186
0.05081666666,4.5E9,4.421791755761803+9.048583338428209E-4i,4.421791755761803,2443.361347506743
0.05081666666,4.5E9,4.42259421272438+0.13095675418291544i,4.42259421272438,16.885704904334556
0.05081666666,4.5E9,4.423398205871607+8.129359272708473E-4i,4.423398205871607,2720.631514418143
0.05081666666,4.5E9,4.423771735788816+0.03687781485045905i,4.423771735788816,59.9787670951679
0.05081666666,4.5E9,4.424519764288201+0.055724784041407814i,4.424519764288201,39.699747970314625
0.05081666666,4.5E9,4.424645099108857+0.12778305149114405i,4.424645099108857,17.31311409250352
0.05081666666,4.5E9,4.428390140977489+0.11604841473853054i,4.428390140977489,19.079925180172104
0.05081666666,4.5E9,4.430053097489005+0.09668274493797895i,4.430053097489005,22.910257152560376
0.05081666666,4.5E9,4.431169163898227+0.014062427838901007i,4.431169163898227,157.55348986183765
0.05081666666,4.5E9,4.433897349815763+0.1368318292329647i,4.433897349815763,16.20199545190168
0.05081666666,4.5E9,4.435431704873733+0.03310177550859196i,4.435431704873733,66.99688516288897
0.05081666666,4.5E9,4.43554278119957+0.05216135587814787i,4.43554278119957,42.5175180603172
0.05081666666,4.5E9,4.436609148536569+0.1433746774153106i,4.436609148536569,15.472080664862213
0.05081666666,4.5E9,4.437446991953708+0.13016602128172391i,4.437446991953708,17.045335442609677
0.05081666666,4.5E9,4.438211399309623+0.13860856059530888i,4.438211399309623,16.009874787848535
0.05081666666,4.5E9,4.439204876209129+0.06127357980078741i,4.439204876209129,36.22446159210762
0.05081666666,4.5E9,4.440115972383162+0.12611653778499798i,4.440115972383162,17.60322654889488
0.05081666666,4.5E9,4.440828301645319+0.11943527299097811i,4.440828301645319,18.590941312541606
0.05081666666,4.5E9,4.441608271498282+0.11221375913136661i,4.441608271498282,19.790836283715315
0.05081666666,4.5E9,4.442460896944369+0.13054492442605792i,4.442460896944369,17.015065566415903
0.05081666666,4.5E9,4.443001329147165+0.12473943617138858i,4.443001329147165,17.80912863451861
0.05081666666,4.5E9,4.444620940093663+0.14041254052833985i,4.444620940093663,15.827008482894703
0.05081666666,4.5E9,4.446097868432043+0.13099119936392997i,4.446097868432043,16.970979310142607
0.05081666666,4.5E9,4.448510599326666+0.1209059685129i,4.448510599326666,18.396571542504265
0.05081666666,4.5E9,4.4486587203145955+0.1363238175465516i,4.4486587203145955,16.316513139002566
0.05081666666,4.5E9,4.44884680692781+0.129375259654266i,4.44884680692781,17.19357634070308
0.05081666666,4.5E9,4.450202507691029+0.03369782693399492i,4.450202507691029,66.03100129286959
0.05081666666,4.5E9,4.4511619356843255+0.1434691336462528i,4.4511619356843255,15.51261174636843
0.05081666666,4.5E9,4.451587687214977+0.10513974572455928i,4.451587687214977,21.169861390368307
0.05081666666,4.5E9,4.452393554906963+0.1169990394004117i,4.452393554906963,19.027479104633123
0.05081666666,4.5E9,4.452920452196675+0.012967495453954111i,4.452920452196675,171.69546995441087
0.05081666666,4.5E9,4.453892004088184+0.13412750948196167i,4.453892004088184,16.60320101853219
0.05081666666,4.5E9,4.455767795864205+0.13835172771336995i,4.455767795864205,16.10304355972857
0.05081666666,4.5E9,4.456255708118743+0.13367476269112868i,4.456255708118743,16.668276114375637
0.05081666666,4.5E9,4.4590561036646585+0.1262167398426706i,4.4590561036646585,17.6642817316581
0.05081666666,4.5E9,4.459131715082838+0.14661345320767238i,4.459131715082838,15.207102818752405
0.05081666666,4.5E9,4.459561527733701+0.14257161816517325i,4.459561527733701,15.639724038788607
0.05081666666,4.5E9,4.4603210926919+0.12686807635057026i,4.4603210926919,17.57857934397478
0.05081666666,4.5E9,4.460322228600498+0.12829803192383568i,4.460322228600498,17.38266036398897
0.05081666666,4.5E9,4.462052866679751+0.15137721542560792i,4.462052866679751,14.73819178842195
0.05081666666,4.5E9,4.462242627080735+0.002663110398433176i,4.462242627080735,837.7877668357395
0.05081666666,4.5E9,4.463826074263735+0.0014264669219234444i,4.463826074263735,1564.644088712805
0.05081666666,4.5E9,4.464523530472775+0.13386439132622727i,4.464523530472775,16.675545625844368
0.05081666666,4.5E9,4.465467788851616+0.12238620374868774i,4.465467788851616,18.243346276272977
0.05081666666,4.5E9,4.465479707266375+0.14599752684390416i,4.465479707266375,15.292997778108676
0.05081666666,4.5E9,4.466121788617321+0.003891443767848145i,4.466121788617321,573.8386643945977
0.05081666666,4.5E9,4.4665291935170375+0.0397256265401664i,4.4665291935170375,56.217227801315495
0.05081666666,4.5E9,4.466829209964093+0.1404800165241958i,4.466829209964093,15.898450614129663
0.05081666666,4.5E9,4.467415098843718+0.1096751906908082i,4.467415098843718,20.366570920483156
0.05081666666,4.5E9,4.468892462461654+0.11197661274701039i,4.468892462461654,19.954579589571335
0.05081666666,4.5E9,4.470108703829028+0.12984421224363646i,4.470108703829028,17.213353705136374
0.05081666666,4.5E9,4.470161228658475+0.14196783623440504i,4.470161228658475,15.74357032982362
0.05081666666,4.5E9,4.472901790572004+0.1536074247911126i,4.472901790572004,14.559523397565597
0.05081666666,4.5E9,4.473558975091764+0.13366083944280635i,4.473558975091764,16.73474068298818
0.05081666666,4.5E9,4.474435964275412+0.10318949337789234i,4.474435964275412,21.680676093105184
0.05081666666,4.5E9,4.47447669816935+0.12310027407171475i,4.47447669816935,18.17411346932764
0.05081666666,4.5E9,4.475046956765891+0.12029344350634376i,4.475046956765891,18.600543912976836
0.05081666666,4.5E9,4.4755874063824725+0.14804891241735002i,4.4755874063824725,15.115232301625381
0.05081666666,4.5E9,4.478726581247337+0.1275522721527362i,4.478726581247337,17.55643590529039
0.05081666666,4.5E9,4.479348111462251+0.15191880184235643i,4.479348111462251,14.74257319416722
0.05081666666,4.5E9,4.479364808645181+0.14019437660969936i,4.479364808645181,15.97555093495553
0.05081666666,4.5E9,4.480430518889724+0.13173100068590665i,4.480430518889724,17.005983768287987
0.05081666666,4.5E9,4.480673552259093+0.13741544862901733i,4.480673552259093,16.30338363321739
0.05081666666,4.5E9,4.481090313165535+0.0015869443058076154i,4.481090313165535,1411.8612407399683
0.05081666666,4.5E9,4.481866491450027+0.15328181403291397i,4.481866491450027,14.619694187882073
0.05081666666,4.5E9,4.483440368771351+0.1498209215131933i,4.483440368771351,14.962664504691816
0.05081666666,4.5E9,4.4850756096412425+0.1332255382584428i,4.4850756096412425,16.83264210552744
0.05081666666,4.5E9,4.485410952660995+0.12382744548712932i,4.485410952660995,18.111537934969398
0.05081666666,4.5E9,4.486227424727556+0.0017757612271736732i,4.486227424727556,1263.1843054338726
0.05081666666,4.5E9,4.486293471679028+0.11480831386919452i,4.486293471679028,19.538190748060426
0.05081666666,4.5E9,4.486863611779579+0.12828511795897024i,4.486863611779579,17.487857060764536
0.05081666666,4.5E9,4.4890606398383195+0.14153081991191593i,4.4890606398383195,15.85895087243952
0.05081666666,4.5E9,4.489423838865275+0.15305564924365192i,4.489423838865275,14.665985414620291
0.05081666666,4.5E9,4.489496951312594+0.12292045056923472i,4.489496951312594,18.261798303382776
0.05081666666,4.5E9,4.490595746220602+0.13641600040397014i,4.490595746220602,16.459197355598143
0.05081666666,4.5E9,4.490676415217147+0.14015183916299526i,4.490676415217147,16.020754497536537
0.05081666666,4.5E9,4.490868388289136+0.003291773871638114i,4.490868388289136,682.1350073561258
0.05081666666,4.5E9,4.491674129831241+0.11253704965101863i,4.491674129831241,19.956423878891805
0.05081666666,4.5E9,4.492062639170664+0.14787999449749487i,4.492062639170664,15.18820261805853
0.05081666666,4.5E9,4.493404391982322+0.1180793966116403i,4.493404391982322,19.02704671993285
0.05081666666,4.5E9,4.493893493364994+0.14487687297910873i,4.493893493364994,15.509354257021458
0.05081666666,4.5E9,4.496280863539834+0.15045927059088882i,4.496280863539834,14.941853851483812
0.05081666666,4.5E9,4.498152901450265+0.0014776202860202826i,4.498152901450265,1522.0936474705795
0.05081666666,4.5E9,4.498577247616987+0.13558078196545395i,4.498577247616987,16.590025453471817
0.05081666666,4.5E9,4.498596795423861+0.15520648552557123i,4.498596795423861,14.4922964404174
0.05081666666,4.5E9,4.499354209050012+0.14096915076735816i,4.499354209050012,15.9586483445421
0.05081666666,4.5E9,4.499407111307154+0.14487768251956482i,4.499407111307154,15.528296122142685
0.05081666666,4.5E9,4.500597836112467+0.13069588896260853i,4.500597836112467,17.217824798605815
0.05081666666,4.5E9,4.501428647191176+0.12186345539122735i,4.501428647191176,18.46914906827442
0.05081666666,4.5E9,4.5015625973966955+0.1277785486096775i,4.5015625973966955,17.614703901307905
0.05081666666,4.5E9,4.502545975882623+0.13983257668333288i,4.502545975882623,16.099774754487868
0.05081666666,4.5E9,4.504533389152362+0.15395619833480415i,4.504533389152362,14.629269356718208
0.05081666666,4.5E9,4.50571248714698+0.1331403407869303i,4.50571248714698,16.92091390376433
0.05081666666,4.5E9,4.505774278000387+0.15296334236163553i,4.505774278000387,14.728281326868
0.05081666666,4.5E9,4.507391322815999+0.14566516410367245i,4.507391322815999,15.471754521925401
0.05081666666,4.5E9,4.507664288585059+0.14353582883477306i,4.507664288585059,15.702226841821917
0.05081666666,4.5E9,4.507951479189919+0.13397156865541915i,4.507951479189919,16.824284153843756
0.05081666666,4.5E9,4.509194240506431+0.0016695292702729697i,4.509194240506431,1350.438809548147
0.05081666666,4.5E9,4.50935532425754+0.11590487742073843i,4.50935532425754,19.452828149278115
0.05081666666,4.5E9,4.509657233594891+0.12221957519152186i,4.509657233594891,18.448997333398182
0.05081666666,4.5E9,4.5106502587132+0.12780834272583189i,4.5106502587132,17.64614954905261
0.05081666666,4.5E9,4.51151065792571+0.12622229806970797i,4.51151065792571,17.871290282776215
0.05081666666,4.5E9,4.511512238088151+0.024087366212177466i,4.511512238088151,93.64893194107991
0.05081666666,4.5E9,4.51171309700536+0.15155961783850896i,4.51171309700536,14.884285013877236
0.05081666666,4.5E9,4.512910551266821+0.13918186365982352i,4.512910551266821,16.212279504666263
0.05081666666,4.5E9,4.513098231382389+0.1462910886454586i,4.513098231382389,15.425062022472316
0.05081666666,4.5E9,4.513184397952252+0.12775469863872577i,4.513184397952252,17.66347714033975
0.05081666666,4.5E9,4.5131977285912726+0.14302701731575146i,4.5131977285912726,15.777430772494467
0.05081666666,4.5E9,4.513588692935788+0.11307648181862602i,4.513588692935788,19.95812312314225
0.05081666666,4.5E9,4.5182778804256145+0.12045647802451616i,4.5182778804256145,18.754814828248684
0.05081666666,4.5E9,4.519163982220196+0.13741823895839236i,4.519163982220196,16.4431010631293
0.05081666666,4.5E9,4.519380055591216+0.15133130016949517i,4.519380055591216,14.932073042818596
0.05081666666,4.5E9,4.520410828362604+0.09766784179076643i,4.520410828362604,23.14175651616563
0.05081666666,4.5E9,4.520683623256869+0.02180275002157844i,4.520683623256869,103.67232616946704
0.05081666666,4.5E9,4.5223443088875825+0.1350598726090804i,4.5223443088875825,16.7419982764871
0.05081666666,4.5E9,4.524128325524016+0.14055315495615106i,4.524128325524016,16.09401200184879
0.05081666666,4.5E9,4.5242083860076825+0.05734844292451321i,4.5242083860076825,39.444910404654074
0.05081666666,4.5E9,4.524250389759626+0.15174596120696957i,4.524250389759626,14.907317314326749
0.05081666666,4.5E9,4.525688790023449+0.1187920099071958i,4.525688790023449,19.048792900966426
0.05081666666,4.5E9,4.525708905110214+0.13830552006143962i,4.525708905110214,16.36127358871777
0.05081666666,4.5E9,4.525977640447773+0.018259606438758673i,4.525977640447773,123.93415092563897
0.05081666666,4.5E9,4.527094230559943+0.14405470516920613i,4.527094230559943,15.713107826788562
0.05081666666,4.5E9,4.52889553266847+0.1258616822102806i,4.52889553266847,17.991558086367853
0.05081666666,4.5E9,4.52890293700811+0.14557022290920116i,4.52890293700811,15.555732644007131
0.05081666666,4.5E9,4.530418531958867+0.10579841759050106i,4.530418531958867,21.41061574991658
0.05081666666,4.5E9,4.530862985053459+0.1357057462474919i,4.530862985053459,16.693703510499645
0.05081666666,4.5E9,4.531416209458827+0.12485548473726435i,4.531416209458827,18.14664457470318
0.05081666666,4.5E9,4.532320985089574+0.15260141843337843i,4.532320985089574,14.850192847546367
0.05081666666,4.5E9,4.532371447499863+0.02415849895229021i,4.532371447499863,93.80490601776808
0.05081666666,4.5E9,4.532560964624542+0.14636675406977454i,4.532560964624542,15.483574099292465
0.05081666666,4.5E9,4.532586752688986+0.1439835370098361i,4.532586752688986,15.739947937170578
0.05081666666,4.5E9,4.53272340088298+0.13272280250730303i,4.53272340088298,17.075902992003083
0.05081666666,4.5E9,4.533290755835341+0.12714802183596055i,4.533290755835341,17.8268237695587
0.05081666666,4.5E9,4.536479126251326+0.004771568203369669i,4.536479126251326,475.3656379728237
0.05081666666,4.5E9,4.5370423729875355+0.002948497100062811i,4.5370423729875355,769.3822003234944
0.05081666666,4.5E9,4.537939745844847+6.104576878987827E-4i,4.537939745844847,3716.833972117379
0.05081666666,4.5E9,4.53852023566789+0.12660458620230794i,4.53852023566789,17.923996167151305
0.05081666666,4.5E9,4.538875766658249+0.13690291152144915i,4.538875766658249,16.576987721503365
0.05081666666,4.5E9,4.539158939963814+0.12364104619714508i,4.539158939963814,18.356197555648897
0.05081666666,4.5E9,4.53969196220449+0.14323623615562384i,4.53969196220449,15.846869772786366
0.05081666666,4.5E9,4.540066082129172+0.026251750751364634i,4.540066082129172,86.47168192950271
0.05081666666,4.5E9,4.540353695269507+0.13761247450993952i,4.540353695269507,16.496882682469188
0.05081666666,4.5E9,4.540861974640029+0.13118074241616895i,4.540861974640029,17.30765465648232
0.05081666666,4.5E9,4.541809572431888+0.024484720441600525i,4.541809572431888,92.74783396577342
0.05081666666,4.5E9,4.541963572095656+0.11233450339298677i,4.541963572095656,20.216244497054582
0.05081666666,4.5E9,4.5422398562845085+0.133510433761044i,4.5422398562845085,17.01080480501688
0.05081666666,4.5E9,4.543444174479026+0.12660717282611605i,4.543444174479026,17.943075708352843
0.05081666666,4.5E9,4.543575068417644+0.06334277513480553i,4.543575068417644,35.8649826973009
0.05081666666,4.5E9,4.543737877955272+0.13560998137647964i,4.543737877955272,16.752962546838546
0.05081666666,4.5E9,4.543826844839888+0.14942812168188965i,4.543826844839888,15.20405527987905
0.05081666666,4.5E9,4.54546523487464+0.14794573074359385i,4.54546523487464,15.361934447275225
0.05081666666,4.5E9,4.545739475870906+0.14186428753827107i,4.545739475870906,16.021436947775143
0.05081666666,4.5E9,4.546495966037677+0.1346687406487514i,4.546495966037677,16.88029435834719
0.05081666666,4.5E9,4.547290771490648+0.0181711815100687i,4.547290771490648,125.12369569835022
0.05081666666,4.5E9,4.548058499104541+0.02474239132634261i,4.548058499104541,91.90822421158491
0.05081666666,4.5E9,4.548277177839825+0.14835422474441332i,4.548277177839825,15.329112418859857
0.05081666666,4.5E9,4.5487361001039375+0.1072627079494151i,4.5487361001039375,21.203716496926003
0.05081666666,4.5E9,4.548742738601492+0.1253504908437736i,4.548742738601492,18.144096237607343
0.05081666666,4.5E9,4.54883917782763+0.12267540336584856i,4.54883917782763,18.540143553723887
0.05081666666,4.5E9,4.5501414353946465+0.129875828878662i,4.5501414353946465,17.517275826765538
0.05081666666,4.5E9,4.55157732223751+0.12876732568677093i,4.55157732223751,17.673650120331427
0.05081666666,4.5E9,4.5517410239102745+0.14361735166262732i,4.5517410239102745,15.846765628302377
0.05081666666,4.5E9,4.552079102047487+0.005566797868495302i,4.552079102047487,408.859743930123
0.05081666666,4.5E9,4.55389799216489+0.06511304904388196i,4.55389799216489,34.96916562067197
0.05081666666,4.5E9,4.5549015558961905+0.13997959049467382i,4.5549015558961905,16.269877414984666
0.05081666666,4.5E9,4.556784423302161+0.12209689573025552i,4.556784423302161,18.660525298568228
0.05081666666,4.5E9,4.556817213186141+0.10954207653092286i,4.556817213186141,20.7993921490971
0.05081666666,4.5E9,4.557382205364526+0.13458838335481244i,4.557382205364526,16.93081561634483
0.05081666666,4.5E9,4.558003549134898+0.12669981762285001i,4.558003549134898,17.987411642149326
0.05081666666,4.5E9,4.559925663700691+0.11560153839943908i,4.559925663700691,19.722599399779337
0.05081666666,4.5E9,4.560345135317628+0.13904886983152315i,4.560345135317628,16.39835383359503
0.05081666666,4.5E9,4.56085882584422+0.11931001650908711i,4.56085882584422,19.11347831175955
0.05081666666,4.5E9,4.561739187412568+0.1281934028816426i,4.561739187412568,17.79241008066653
0.05081666666,4.5E9,4.563057426346435+0.0024018000760279916i,4.563057426346435,949.9244903623809
0.05081666666,4.5E9,4.564140351843606+0.13385439635795715i,4.564140351843606,17.048899685140167
0.05081666666,4.5E9,4.564940476148657+0.1390879198765137i,4.564940476148657,16.410269418801946
0.05081666666,4.5E9,4.565501287398115+0.06946643290676723i,4.565501287398115,32.86120429938873
0.05081666666,4.5E9,4.566313670035426+0.12820973034160182i,4.566313670035426,17.807984065908833
0.05081666666,4.5E9,4.566569055009324+0.11019355836871075i,4.566569055009324,20.72067152840938
0.05081666666,4.5E9,4.567427478466107+0.1082461078759914i,4.567427478466107,21.097421274946118
0.05081666666,4.5E9,4.567621972766038+0.06161740779776786i,4.567621972766038,37.06437949935557
0.05081666666,4.5E9,4.567928057959326+0.12267567658257879i,4.567928057959326,18.617904482819128
0.05081666666,4.5E9,4.568819222232203+0.11765800174273464i,4.568819222232203,19.415675749033053
0.05081666666,4.5E9,4.571408879167403+0.13553435554095636i,4.571408879167403,16.86439154457039
0.05081666666,4.5E9,4.571497390996413+0.1278556290756654i,4.571497390996413,17.87757576278079
0.05081666666,4.5E9,4.571506595452226+0.1251398200683474i,4.571506595452226,18.26559520764619
0.05081666666,4.5E9,4.574100856099111+0.12276039994570853i,4.574100856099111,18.630196945114353
0.05081666666,4.5E9,4.57457397917526+0.11659283950398582i,4.57457397917526,19.617731237341015
0.05081666666,4.5E9,4.5750901392604275+0.10336315623424348i,4.5750901392604275,22.131145690309
0.05081666666,4.5E9,4.5767482973592895+0.1306798357219787i,4.5767482973592895,17.511302612502206
0.05081666666,4.5E9,4.576890790296401+0.12624369600206284i,4.576890790296401,18.12720529911297
0.05081666666,4.5E9,4.58052717891462+0.11821062570002737i,4.58052717891462,19.37443081698179
0.05081666666,4.5E9,4.581416314302264+0.03576793869358584i,4.581416314302264,64.0436167366256
0.05081666666,4.5E9,4.581642289150637+0.11087609925701421i,4.581642289150637,20.661090712301526
0.05081666666,4.5E9,4.582341425753938+0.12517680215057697i,4.582341425753938,18.303476950312945
0.05081666666,4.5E9,4.583592332063377+0.12862293999655652i,4.583592332063377,17.817942632107805
0.05081666666,4.5E9,4.588902674913581+0.0030249455701441435i,4.588902674913581,758.5099580312303
0.05081666666,4.5E9,4.589207408610533+0.10443713227456014i,4.589207408610533,21.97114813793302
0.05081666666,4.5E9,4.589328988505141+0.12495310316575325i,4.589328988505141,18.364205738921456
0.05081666666,4.5E9,4.591949147389307+0.1195291913919871i,4.591949147389307,19.208484111342937
0.05081666666,4.5E9,4.5943084562298875+0.11084776406657279i,4.5943084562298875,20.723505317936066
0.05081666666,4.5E9,4.596730887874347+0.11286261456012116i,4.596730887874347,20.364276097049387
0.05081666666,4.5E9,4.597694741090652+0.002639296935454618i,4.597694741090652,871.0074791752639
0.05081666666,4.5E9,4.5977156295473565+0.0409971833116581i,4.5977156295473565,56.07355503664485
0.05081666666,4.5E9,4.598782939878816+0.11234232211133749i,4.598782939878816,20.467722464029038
0.05081666666,4.5E9,4.600097094324032+0.10540187348656721i,4.600097094324032,21.821704596694314
0.05081666666,4.5E9,4.600587047235188+0.11961571603191713i,4.600587047235188,19.230696432931985
0.05081666666,4.5E9,4.603108562847952+0.10179269078277271i,4.603108562847952,22.610211634306154
0.05081666666,4.5E9,4.603977377001993+0.03767198989314309i,4.603977377001993,61.106108146413455
0.05081666666,4.5E9,4.605321613103066+0.10871919365318462i,4.605321613103066,21.17989224512688
0.05081666666,4.5E9,4.60736607903966+0.03290689501893456i,4.60736607903966,70.00608955036006
0.05081666666,4.5E9,4.608560590811556+0.027858011261411852i,4.608560590811556,82.7151756736348
0.05081666666,4.5E9,4.609436247761755+0.06045352079986178i,4.609436247761755,38.123803103394216
0.05081666666,4.5E9,4.617019693189952+0.041694385549643526i,4.617019693189952,55.36740297674713
0.05081666666,4.5E9,4.6194859869583755+0.020644364824308967i,4.6194859869583755,111.88249254147263
0.05081666666,4.5E9,4.6223148921190775+0.09681062690254126i,4.6223148921190775,23.872972627128725
0.05081666666,4.5E9,4.627663188732461+0.024075362707096374i,4.627663188732461,96.10786024354321
0.05081666666,4.5E9,4.62946888149889+0.024720702660379547i,4.62946888149889,93.63546305903856
0.05081666666,4.5E9,4.636877907829788+0.05503120201347805i,4.636877907829788,42.12953504717324
0.05081666666,4.5E9,4.63943578137823+0.019495240197141727i,4.63943578137823,118.98893613166244
0.05081666666,4.5E9,4.641041101980142+0.0032830104951704514i,4.641041101980142,706.8270279378413
0.05081666666,4.5E9,4.646509795986608+0.0026029458475340214i,4.646509795986608,892.5483026065674
0.05081666666,4.5E9,4.6476499555811195+0.025835513306250533i,4.6476499555811195,89.94692500374451
0.05081666666,4.5E9,4.654204412298522+0.0019464008682926188i,4.654204412298522,1195.5924619940151
0.05081666666,5.0E9,4.869968825932512+0.02947301886737892i,4.869968825932512,82.6174075999159
0.05081666666,5.0E9,4.87101199108201+0.002397727508992117i,4.87101199108201,1015.7559549228215
0.05081666666,5.0E9,4.874372358772302+0.041302461461042064i,4.874372358772302,59.00825503305634
0.05081666666,5.0E9,4.877281323730797+0.002364798059492434i,4.877281323730797,1031.225753960917
0.05081666666,5.0E9,4.878257534398985+0.023924559083148843i,4.878257534398985,101.9508346516397
0.05081666666,5.0E9,4.882072821741418+0.0033125943750190712i,4.882072821741418,736.8956577596844
0.05081666666,5.0E9,4.883241983904801+0.042598999031135745i,4.883241983904801,57.31639351825641
0.05081666666,5.0E9,4.8832549222008215+0.06935226411369073i,4.8832549222008215,35.20616799327266
0.05081666666,5.0E9,4.885510730958131+0.011852974130585529i,4.885510730958131,206.08796902506992
0.05081666666,5.0E9,4.890361119564302+0.002517040048319854i,4.890361119564302,971.4507965077195
0.05081666666,5.0E9,4.892492227482594+0.03617829828846119i,4.892492227482594,67.61639517250346
0.05081666666,5.0E9,4.898631311968392+0.007252938904690328i,4.898631311968392,337.6997501523518
0.05081666666,5.0E9,4.9001689032427125+0.0034470986833411727i,4.9001689032427125,710.7671339558403
0.05081666666,5.0E9,4.905691352047414+0.0011196042643124631i,4.905691352047414,2190.8148746914367
0.05081666666,5.0E9,4.905761082946112+0.09431144414339548i,4.905761082946112,26.008302213500013
0.05081666666,5.0E9,4.911753665885341+0.0025301211794633567i,4.911753665885341,970.6558139889435
0.05081666666,5.0E9,4.9152199701478825+0.09901272019339993i,4.9152199701478825,24.821154092863342
0.05081666666,5.0E9,4.9157885928842475+0.04186611333902545i,4.9157885928842475,58.70844223199005
0.05081666666,5.0E9,4.920420762934651+0.09129041429659404i,4.920420762934651,26.949273923484796
0.05081666666,5.0E9,4.92304131675174+0.0967699404255181i,4.92304131675174,25.43683139156682
0.05081666666,5.0E9,4.923089601816958+0.0018798231134295126i,4.923089601816958,1309.4555457495596
0.05081666666,5.0E9,4.923538628759803+0.11094433683127598i,4.923538628759803,22.189229163844185
0.05081666666,5.0E9,4.9250174408219785+0.0012303963961694659i,4.9250174408219785,2001.3946140263415
0.05081666666,5.0E9,4.925313311078239+0.07358688861339818i,4.925313311078239,33.46597066329471
0.05081666666,5.0E9,4.926831989207788+0.10552729364669078i,4.926831989207788,23.343875403945262
0.05081666666,5.0E9,4.927715974669792+0.11853029642329868i,4.927715974669792,20.786736063967123
0.05081666666,5.0E9,4.93407495157842+0.08235614678757665i,4.93407495157842,29.955717599956486
0.05081666666,5.0E9,4.935127459921812+0.10714489306509062i,4.935127459921812,23.030157195283763
0.05081666666,5.0E9,4.936148628810006+0.09296127725985215i,4.936148628810006,26.54948799279147
0.05081666666,5.0E9,4.937399676325272+0.10927773623965961i,4.937399676325272,22.591059470233454
0.05081666666,5.0E9,4.938776031430428+0.11795047727208717i,4.938776031430428,20.935803506914606
0.05081666666,5.0E9,4.9395826290936515+0.11532634299887393i,4.9395826290936515,21.41567356012443
0.05081666666,5.0E9,4.939975266348924+0.026774660169399885i,4.939975266348924,92.25094240401793
0.05081666666,5.0E9,4.940528631417463+0.011671303924128991i,4.940528631417463,211.65281375303428
0.05081666666,5.0E9,4.9408430959591+0.10250429992229373i,4.9408430959591,24.1006626049085
0.05081666666,5.0E9,4.942168879089032+0.03487899173844171i,4.942168879089032,70.84735872169787
0.05081666666,5.0E9,4.94224539466934+0.12219116664164581i,4.94224539466934,20.22341520465072
0.05081666666,5.0E9,4.942372617054172+0.1099404049698808i,4.942372617054172,22.477507784368175
0.05081666666,5.0E9,4.943881967489181+0.0969349234576541i,4.943881967489181,25.501036113413296
0.05081666666,5.0E9,4.945442001127147+0.1072421853312623i,4.945442001127147,23.0573537169682
0.05081666666,5.0E9,4.945768482305746+0.11343563175683284i,4.945768482305746,21.799889530777154
0.05081666666,5.0E9,4.946082026809121+0.12799097255379024i,4.946082026809121,19.321995638131632
0.05081666666,5.0E9,4.9467816011354975+0.12381542485041577i,4.9467816011354975,19.976435113443323
0.05081666666,5.0E9,4.947770117600882+0.10678169459118945i,4.947770117600882,23.167688696753096
0.05081666666,5.0E9,4.950386310994422+0.08605714609057398i,4.950386310994422,28.762203581467876
0.05081666666,5.0E9,4.9511942585933015+0.0011095071030821216i,4.9511942585933015,2231.258477227988
0.05081666666,5.0E9,4.952025630269168+0.11826558421531551i,4.952025630269168,20.936038422020815
0.05081666666,5.0E9,4.952913036158432+0.11744639851760605i,4.952913036158432,21.085844686058874
0.05081666666,5.0E9,4.953027496473201+0.11424033100854034i,4.953027496473201,21.678103751743
0.05081666666,5.0E9,4.953269758647086+0.007843773313260135i,4.953269758647086,315.7453409746961
0.05081666666,5.0E9,4.956137046525977+0.05625058905270675i,4.956137046525977,44.05409018812301
0.05081666666,5.0E9,4.956677269156712+0.12205381844206016i,4.956677269156712,20.30529373200103
0.05081666666,5.0E9,4.957669150695909+0.10830259376931049i,4.957669150695909,22.888044404808863
0.05081666666,5.0E9,4.958335770861743+0.13125521592178696i,4.958335770861743,18.888147552994546
0.05081666666,5.0E9,4.959610064138218+0.10949744523770305i,4.959610064138218,22.647149681764837
0.05081666666,5.0E9,4.959896635707499+0.1184804475759958i,4.959896635707499,20.931287554961838
0.05081666666,5.0E9,4.960245443834478+0.12320869174853907i,4.960245443834478,20.12944611877714
0.05081666666,5.0E9,4.9607940773526416+0.05045906167849976i,4.9607940773526416,49.1566223422898
0.05081666666,5.0E9,4.962049944056301+0.12455622448564822i,4.962049944056301,19.918915993748854
0.05081666666,5.0E9,4.962850240208454+0.13343975147772927i,4.962850240208454,18.595846384788643
0.05081666666,5.0E9,4.962876195298338+0.10710877311865939i,4.962876195298338,23.167458886865713
0.05081666666,5.0E9,4.964336851095889+0.12348921485068998i,4.964336851095889,20.10028510221819
0.05081666666,5.0E9,4.964526575958736+0.0869031717601924i,4.964526575958736,28.56355225824352
0.05081666666,5.0E9,4.9657391666507325+0.12955621072195653i,4.9657391666507325,19.164419594317312
0.05081666666,5.0E9,4.965772855633408+0.0018002624455102003i,4.965772855633408,1379.1802600831602
0.05081666666,5.0E9,4.965974976640359+0.11714583756728217i,4.965974976640359,21.19569538178501
0.05081666666,5.0E9,4.9663858515805055+0.10685961455382145i,4.9663858515805055,23.237898958914503
0.05081666666,5.0E9,4.967859462941155+0.018203601569992522i,4.967859462941155,136.45265316975394
0.05081666666,5.0E9,4.970216452176121+0.12091520966329733i,4.970216452176121,20.552486597907226
0.05081666666,5.0E9,4.97159021347161+0.11172689168630764i,4.97159021347161,22.248852261236266
0.05081666666,5.0E9,4.972339731870423+0.13386618515903312i,4.972339731870423,18.572052852493258
0.05081666666,5.0E9,4.9731383463581045+0.10521820267379746i,4.9731383463581045,23.63249998565394
0.05081666666,5.0E9,4.974184642478856+0.09525896719247698i,4.974184642478856,26.10874749685345
0.05081666666,5.0E9,4.974946937418126+0.12361124920929349i,4.974946937418126,20.123358388663927
0.05081666666,5.0E9,4.976121485485261+0.033824970865277505i,4.976121485485261,73.55692197496347
0.05081666666,5.0E9,4.976292765355605+0.12293998491789204i,4.976292765355605,20.238707401335386
0.05081666666,5.0E9,4.976491965360324+0.12055781693209477i,4.976491965360324,20.639441273905014
0.05081666666,5.0E9,4.977326331808375+0.13171921473779005i,4.977326331808375,18.893698773245067
0.05081666666,5.0E9,4.980330543738734+0.11929274803917046i,4.980330543738734,20.874406137845924
0.05081666666,5.0E9,4.980567119786157+0.12527951201125048i,4.980567119786157,19.87781976409234
0.05081666666,5.0E9,4.9825580717850055+0.11175242737919992i,4.9825580717850055,22.292840471724695
0.05081666666,5.0E9,4.982822427304529+0.10833355112564343i,4.982822427304529,22.997595738025495
0.05081666666,5.0E9,4.983649559773686+0.10672039865011221i,4.983649559773686,23.349095500068422
0.05081666666,5.0E9,4.984159847547468+0.1225110381487154i,4.984159847547468,20.341676647524718
0.05081666666,5.0E9,4.984534025920979+0.12915557980925543i,4.984534025920979,19.29662672446065
0.05081666666,5.0E9,4.98489588417071+0.06795504648957164i,4.98489588417071,36.6778932668061
0.05081666666,5.0E9,4.985475312160945+0.13588933805140654i,4.985475312160945,18.343879599571505
0.05081666666,5.0E9,4.9872602746657435+0.11658874941841298i,4.9872602746657435,21.38825701255056
0.05081666666,5.0E9,4.98844196159085+0.10739609681928042i,4.98844196159085,23.22450307474905
0.05081666666,5.0E9,4.988620195299714+0.11912409099252994i,4.988620195299714,20.93875451109441
0.05081666666,5.0E9,4.989028694654725+0.10590760880946135i,4.989028694654725,23.553683964437813
0.05081666666,5.0E9,4.989322562919483+0.1331359861635457i,4.989322562919483,18.737693341567866
0.05081666666,5.0E9,4.990837401279436+0.006098917265339294i,4.990837401279436,409.15765734705263
0.05081666666,5.0E9,4.991319997131987+0.012420817925699067i,4.991319997131987,200.92557619755408
0.05081666666,5.0E9,4.991580063087389+0.1125290962451417i,4.991580063087389,22.179064036084334
0.05081666666,5.0E9,4.993049976064449+0.1323326974069867i,4.993049976064449,18.86551877918886
0.05081666666,5.0E9,4.993655666171795+0.0035208848061513984i,4.993655666171795,709.1478337273762
0.05081666666,5.0E9,4.993924814586063+0.10081083569417193i,4.993924814586063,24.768789883540133
0.05081666666,5.0E9,4.9939963781305625+0.13812793333589868i,4.9939963781305625,18.077431036292246
0.05081666666,5.0E9,4.994419675832953+0.11614847598908284i,4.994419675832953,21.500151565924952
0.05081666666,5.0E9,4.994473626607728+0.13760595594759056i,4.994473626607728,18.147737836689107
0.05081666666,5.0E9,4.994574404177532+0.1297080191594029i,4.994574404177532,19.253144240987595
0.05081666666,5.0E9,4.994758124876145+0.11892824167479249i,4.994758124876145,20.99904133172269
0.05081666666,5.0E9,4.995822862020807+0.12259761942437179i,4.995822862020807,20.374877120279805
0.05081666666,5.0E9,4.996524124691667+0.12480347493755284i,4.996524124691667,20.017568129380003
0.05081666666,5.0E9,4.9974074482531625+0.13232881146536435i,4.9974074482531625,18.882537343582133
0.05081666666,5.0E9,4.998433010362647+0.11166248180722603i,4.998433010362647,22.381882121301654
0.05081666666,5.0E9,4.998535264688708+0.03381988426139856i,4.998535264688708,73.89935497789315
0.05081666666,5.0E9,4.998762618659921+0.09719793075390601i,4.998762618659921,25.71434689960743
0.05081666666,5.0E9,4.998805612243701+0.10079082275284015i,4.998805612243701,24.79792046395832
0.05081666666,5.0E9,4.999246718975927+0.1390077477124114i,4.999246718975927,17.981899574830557
0.05081666666,5.0E9,4.999618406690979+0.004233356014646726i,4.999618406690979,590.5029472353741
0.05081666666,5.0E9,5.000733239649257+0.012743123897209982i,5.000733239649257,196.2130039693066
0.05081666666,5.0E9,5.000769482307913+0.05639551932588749i,5.000769482307913,44.33658508764177
0.05081666666,5.0E9,5.001436608400731+0.12815822819175457i,5.001436608400731,19.512740925683744
0.05081666666,5.0E9,5.001458489505242+0.10682137423095908i,5.001458489505242,23.410382638832004
0.05081666666,5.0E9,5.001513040590446+0.12319561811355237i,5.001513040590446,20.29907036133554
0.05081666666,5.0E9,5.002012182858581+0.07956268247727265i,5.002012182858581,31.43441137927585
0.05081666666,5.0E9,5.002180159151565+0.12647453096003547i,5.002180159151565,19.775444594185515
0.05081666666,5.0E9,5.0056730812565595+0.10384963167282192i,5.0056730812565595,24.10058177686621
0.05081666666,5.0E9,5.007141717841899+0.13903236056446436i,5.007141717841899,18.00710891159855
0.05081666666,5.0E9,5.007389495022575+0.01943957861952347i,5.007389495022575,128.793673798916
0.05081666666,5.0E9,5.007545255941836+0.03193481332605674i,5.007545255941836,78.40260728651268
0.05081666666,5.0E9,5.007786190799611+0.1317423065624528i,5.007786190799611,19.005991019390787
0.05081666666,5.0E9,5.008527332655543+0.126972759860145i,5.008527332655543,19.72284188424438
0.05081666666,5.0E9,5.008563407325925+0.10428501690867495i,5.008563407325925,24.013820756782597
0.05081666666,5.0E9,5.009604455034576+0.11557066354601922i,5.009604455034576,21.67333950211247
0.05081666666,5.0E9,5.010010567947323+0.10874366828411305i,5.010010567947323,23.03587255700138
0.05081666666,5.0E9,5.010646994009015+0.0024016657000501614i,5.010646994009015,1043.1607933411303
0.05081666666,5.0E9,5.010964236929502+0.11985950380567346i,5.010964236929502,20.903491495566794
0.05081666666,5.0E9,5.011088881857978+0.1267602602421824i,5.011088881857978,19.76600896954621
0.05081666666,5.0E9,5.013719606379799+0.12872588229022477i,5.013719606379799,19.474403737532327
0.05081666666,5.0E9,5.013928944000877+0.12102924545591165i,5.013928944000877,20.71370818314878
0.05081666666,5.0E9,5.013977431568222+0.11770346632890893i,5.013977431568222,21.299191892774136
0.05081666666,5.0E9,5.014273813754869+0.11452288118577744i,5.014273813754869,21.892017393540694
0.05081666666,5.0E9,5.0144133787322795+0.13634080175809296i,5.0144133787322795,18.38926173996418
0.05081666666,5.0E9,5.014477302824147+0.09429905832235076i,5.014477302824147,26.588162130329653
0.05081666666,5.0E9,5.0163448976229175+0.004390448682857342i,5.0163448976229175,571.2792996772072
0.05081666666,5.0E9,5.016592866895306+0.12396619011544885i,5.016592866895306,20.233713975654926
0.05081666666,5.0E9,5.01700958351546+0.13187382804142533i,5.01700958351546,19.022006329942414
0.05081666666,5.0E9,5.018245077285214+0.10673855771791979i,5.018245077285214,23.50718046306675
0.05081666666,5.0E9,5.021125490398127+0.1261889857480896i,5.021125490398127,19.895260511966445
0.05081666666,5.0E9,5.0211690259259125+0.11080223925729515i,5.0211690259259125,22.658247069656227
0.05081666666,5.0E9,5.021237297120841+0.004284563286180651i,5.021237297120841,585.9683895108101
0.05081666666,5.0E9,5.022262313580275+0.11173074623831684i,5.022262313580275,22.474844582475118
0.05081666666,5.0E9,5.023337382740012+0.11854795803395289i,5.023337382740012,21.18694183370622
0.05081666666,5.0E9,5.023450738204183+0.12662737107432906i,5.023450738204183,19.835564363313935
0.05081666666,5.0E9,5.024062597006032+0.0031689443748823018i,5.024062597006032,792.7028692626754
0.05081666666,5.0E9,5.024155433322922+0.12129992311438594i,5.024155433322922,20.709639809850245
0.05081666666,5.0E9,5.024187465749294+0.13494673453196876i,5.024187465749294,18.615446617417295
0.05081666666,5.0E9,5.025442763990827+0.09388359038174432i,5.025442763990827,26.764223351262167
0.05081666666,5.0E9,5.026113655720082+0.11075491318938685i,5.026113655720082,22.690251434379313
0.05081666666,5.0E9,5.026788699894546+0.1053435372905371i,5.026788699894546,23.859027469481497
0.05081666666,5.0E9,5.028170229537808+0.03706792044416601i,5.028170229537808,67.82374313540934
0.05081666666,5.0E9,5.028371146167388+0.09030712277102161i,5.028371146167388,27.84039061302553
0.05081666666,5.0E9,5.028899955401853+0.12067457889777417i,5.028899955401853,20.836616963303985
0.05081666666,5.0E9,5.03006074516012+0.12554524756891974i,5.03006074516012,20.032860034780693
0.05081666666,5.0E9,5.030998375956347+0.11045832606974061i,5.030998375956347,22.77328724309972
0.05081666666,5.0E9,5.031583593837043+0.10003494873830247i,5.031583593837043,25.149128666022374
0.05081666666,5.0E9,5.032285241532993+0.12987221641266855i,5.032285241532993,19.373986910113718
0.05081666666,5.0E9,5.032689062108479+0.127426454430565i,5.032689062108479,19.747426406071764
0.05081666666,5.0E9,5.032952392565505+0.12197035258885755i,5.032952392565505,20.631867850422548
0.05081666666,5.0E9,5.033611876226482+0.11967132134239009i,5.033611876226482,21.030986454243617
0.05081666666,5.0E9,5.036581146391139+0.13131836182710888i,5.036581146391139,19.176987423214282
0.05081666666,5.0E9,5.036789148589152+0.10649970785266032i,5.036789148589152,23.646962278795282
0.05081666666,5.0E9,5.039183621883528+0.09236412918563483i,5.039183621883528,27.27889964596375
0.05081666666,5.0E9,5.040115151940763+0.1080258817034953i,5.040115151940763,23.328275930089834
0.05081666666,5.0E9,5.040419969515964+0.13110853462361688i,5.040419969515964,19.22231830286975
0.05081666666,5.0E9,5.040421399403982+0.11671744842465898i,5.040421399403982,21.592407422518196
0.05081666666,5.0E9,5.042114943727152+0.1015598242205986i,5.042114943727152,24.823373722935703
0.05081666666,5.0E9,5.042390237439009+0.12567348444317145i,5.042390237439009,20.06147223410177
0.05081666666,5.0E9,5.0456688522496735+0.11664659687483654i,5.0456688522496735,21.628015679118985
0.05081666666,5.0E9,5.0457140543302845+0.08603896025630205i,5.0457140543302845,29.322263073028616
0.05081666666,5.0E9,5.045964342391177+0.12017245158288478i,5.045964342391177,20.994680044914034
0.05081666666,5.0E9,5.0459653579041905+0.09379093503762674i,5.0459653579041905,26.900069584975707
0.05081666666,5.0E9,5.04607601590613+0.004477673594475164i,5.04607601590613,563.4707297705104
0.05081666666,5.0E9,5.0464537396288325+0.1139420409271826i,5.0464537396288325,22.144827749986895
0.05081666666,5.0E9,5.047639914736303+0.12355669964483083i,5.047639914736303,20.42641123162874
0.05081666666,5.0E9,5.047939935729039+0.009609678736975071i,5.047939935729039,262.6487353997656
0.05081666666,5.0E9,5.048125831740473+0.11293307735914308i,5.048125831740473,22.350076477977847
0.05081666666,5.0E9,5.050157547165423+0.006031129066455398i,5.050157547165423,418.6743055503445
0.05081666666,5.0E9,5.050663822530195+0.09738732480169307i,5.050663822530195,25.93080687253045
0.05081666666,5.0E9,5.05329418583597+0.1264566342861885i,5.05329418583597,19.980344306806717
0.05081666666,5.0E9,5.053527259543517+0.1238641108773137i,5.053527259543517,20.399481430698643
0.05081666666,5.0E9,5.05356434166944+0.10611926569187875i,5.05356434166944,23.810777000392427
0.05081666666,5.0E9,5.055544438717355+0.11265930693177349i,5.055544438717355,22.43731377550101
0.05081666666,5.0E9,5.0561294098813+0.0938147722976243i,5.0561294098813,26.947405435472863
0.05081666666,5.0E9,5.056639819415925+0.022082462317722495i,5.056639819415925,114.49447409127174
0.05081666666,5.0E9,5.056954853843366+0.12010282986198992i,5.056954853843366,21.052604920526473
0.05081666666,5.0E9,5.057085609101513+0.027785902480277083i,5.057085609101513,91.00092416813024
0.05081666666,5.0E9,5.057972887497303+0.11560326996167093i,5.057972887497303,21.876426545608567
0.05081666666,5.0E9,5.058481989351083+0.12422981722645265i,5.058481989351083,20.359371454802254
0.05081666666,5.0E9,5.058804043520773+0.10947632002626795i,5.058804043520773,23.104558329632173
0.05081666666,5.0E9,5.059219957501732+0.10655629598267904i,5.059219957501732,23.739657571825315
0.05081666666,5.0E9,5.059321481412271+0.05699541654628489i,5.059321481412271,44.38358194385413
0.05081666666,5.0E9,5.059563368525018+0.1104536019015068i,5.059563368525018,22.90356892587672
0.05081666666,5.0E9,5.060141934147113+0.11365912272180058i,5.060141934147113,22.260166245223644
0.05081666666,5.0E9,5.061730067533042+0.014817771455322752i,5.061730067533042,170.79930280996462
0.05081666666,5.0E9,5.062193575638698+0.11565731272984733i,5.062193575638698,21.884450953235373
0.05081666666,5.0E9,5.063215140331209+0.10246021309376972i,5.063215140331209,24.708201298085566
0.05081666666,5.0E9,5.06373969282016+0.12296581471727325i,5.06373969282016,20.590030263544648
0.05081666666,5.0E9,5.063803679963219+0.10079592685151186i,5.063803679963219,25.119088826986992
0.05081666666,5.0E9,5.066250890927669+0.03019301479641182i,5.066250890927669,83.89773139729243
0.05081666666,5.0E9,5.069988388210169+0.11059541417594379i,5.069988388210169,22.92133189240757
0.05081666666,5.0E9,5.070105383245558+0.0707058992262407i,5.070105383245558,35.853482090812
0.05081666666,5.0E9,5.0703675826207055+0.016674394293349364i,5.0703675826207055,152.04053272996663
0.05081666666,5.0E9,5.070893329024368+0.09364549431609208i,5.070893329024368,27.074945602337344
0.05081666666,5.0E9,5.071735778596189+0.05147072024014669i,5.071735778596189,49.26816406427786
0.05081666666,5.0E9,5.072615283779003+0.10907614711806575i,5.072615283779003,23.252633219104833
0.05081666666,5.0E9,5.0733745944559+0.1141701325205845i,5.0733745944559,22.21848430254378
0.05081666666,5.0E9,5.074893826384323+0.09989069205769621i,5.074893826384323,25.402235793166284
0.05081666666,5.0E9,5.0762819614384265+0.1141755762109401i,5.0762819614384265,22.23015696483092
0.05081666666,5.0E9,5.0784043437344115+0.10355732465938078i,5.0784043437344115,24.51977376027347
0.05081666666,5.0E9,5.078490528088321+0.025022194821065703i,5.078490528088321,101.47971759481382
0.05081666666,5.0E9,5.0785112334386+0.08741276351049755i,5.0785112334386,29.049025734260837
0.05081666666,5.0E9,5.079809516502079+0.11092283573216169i,5.079809516502079,22.897942894139362
0.05081666666,5.0E9,5.083039222662245+0.10536549877072122i,5.083039222662245,24.120984961705087
0.05081666666,5.0E9,5.08385798828712+0.0033232166112339722i,5.08385798828712,764.9001830186733
0.05081666666,5.0E9,5.0847151706255485+0.08427292035163418i,5.0847151706255485,30.16814386762229
0.05081666666,5.0E9,5.086360424248841+0.023817933657801972i,5.086360424248841,106.77585422240685
0.05081666666,5.0E9,5.087237440664668+0.0963844309649259i,5.087237440664668,26.390348470884806
0.05081666666,5.0E9,5.089134947089026+0.0036156984287073115i,5.089134947089026,703.75544966405
0.05081666666,5.0E9,5.0908640237612595+0.020445811353013748i,5.0908640237612595,124.49650287443491
0.05081666666,5.0E9,5.091222256751417+0.03355808569965707i,5.091222256751417,75.85686356363651
0.05081666666,5.0E9,5.092977481558465+0.07488857670943846i,5.092977481558465,34.003700599884546
0.05081666666,5.0E9,5.09404316225376+0.0037917073420423836i,5.09404316225376,671.7347493794023
0.05081666666,5.0E9,5.094294343602018+0.09512856555621096i,5.094294343602018,26.77583916994851
0.05081666666,5.0E9,5.0989453980690325+0.08850663129976696i,5.0989453980690325,28.805442728913683
0.05081666666,5.0E9,5.100386204801088+0.025401964037131672i,5.100386204801088,100.3935403842303
0.05081666666,5.0E9,5.100438060630756+0.09625827459376984i,5.100438060630756,26.493504491721243
0.05081666666,5.0E9,5.105052996033382+0.03480573860942864i,5.105052996033382,73.33636923094139
0.05081666666,5.0E9,5.105659478069847+0.002695865201758271i,5.105659478069847,946.9426503112774
0.05081666666,5.0E9,5.107322262030637+0.08628933854574782i,5.107322262030637,29.594167414569412
0.05081666666,5.0E9,5.112863235648863+0.08110867505134045i,5.112863235648863,31.518596700121815
0.05081666666,5.0E9,5.117983555137832+0.03216321801863577i,5.117983555137832,79.56267858788895
0.05081666666,5.0E9,5.119451090846403+0.0024662940400453416i,5.119451090846403,1037.8833601593353
0.05081666666,5.0E9,5.125369279271778+0.02550369562070457i,5.125369279271778,100.48287423707465
0.05081666666,5.0E9,5.131227782132784+0.001755537127087697i,5.131227782132784,1461.4409752316383
0.05081666666,5.0E9,5.1330004047159505+0.027147778297645215i,5.1330004047159505,94.53813031103883
0.05081666666,5.0E9,5.133606327830784+0.006355083472881522i,5.133606327830784,403.89763169413607
0.05081666666,5.5E9,5.3824778288904565+0.004867175530417931i,5.3824778288904565,552.9364818725038
0.05081666666,5.5E9,5.388291596656965+0.04081287881709488i,5.388291596656965,66.01214803793779
0.05081666666,5.5E9,5.388519820335394+0.018070310449602053i,5.388519820335394,149.09870628299197
0.05081666666,5.5E9,5.388690733274375+0.0059178549191066104i,5.388690733274375,455.2908787841557
0.05081666666,5.5E9,5.3898176806417+0.04768160288898542i,5.3898176806417,56.518839070810294
0.05081666666,5.5E9,5.400760761348239+0.005462040225630275i,5.400760761348239,494.39042356421265
0.05081666666,5.5E9,5.402566118506621+0.03713595226217795i,5.402566118506621,72.74037407691577
0.05081666666,5.5E9,5.407062561725044+0.004745585055891719i,5.407062561725044,569.693989049052
0.05081666666,5.5E9,5.407333758861956+0.009747023139895379i,5.407333758861956,277.3838576790327
0.05081666666,5.5E9,5.412267690185575+0.00629524993756693i,5.412267690185575,429.8691667417242
0.05081666666,5.5E9,5.415223870320762+0.031101373147754935i,5.415223870320762,87.05763318864366
0.05081666666,5.5E9,5.416707385925983+0.08941240553733928i,5.416707385925983,30.29058078335632
0.05081666666,5.5E9,5.421281228029547+0.004790826148356259i,5.421281228029547,565.7981588300379
0.05081666666,5.5E9,5.421285542549437+0.09373051512144481i,5.421285542549437,28.91953349197528
0.05081666666,5.5E9,5.4248629600552105+0.08855807999817619i,5.4248629600552105,30.62884245100465
0.05081666666,5.5E9,5.42905248774479+0.0960021264138991i,5.42905248774479,28.275688729738263
0.05081666666,5.5E9,5.432295562437029+0.0068171096370716125i,5.432295562437029,398.4309958062043
0.05081666666,5.5E9,5.432631498655822+0.06853069474269591i,5.432631498655822,39.63648346958309
0.05081666666,5.5E9,5.433837261635559+0.09142210144582025i,5.433837261635559,29.718400560152464
0.05081666666,5.5E9,5.434048170316878+0.10267767066872542i,5.434048170316878,26.461684098040383
0.05081666666,5.5E9,5.434757143783018+0.09406247601745805i,5.434757143783018,28.889081884120948
0.05081666666,5.5E9,5.435280775219895+0.0802705359916367i,5.435280775219895,33.85601396623408
0.05081666666,5.5E9,5.43804712330244+0.10624276896771936i,5.43804712330244,25.592551738531625
0.05081666666,5.5E9,5.439028297529209+0.00875666803562912i,5.439028297529209,310.5649475005159
0.05081666666,5.5E9,5.439410335925135+0.10420404361229793i,5.439410335925135,26.099804515086916
0.05081666666,5.5E9,5.440286348063064+0.09761013790781725i,5.440286348063064,27.86742476073979
0.05081666666,5.5E9,5.440637230259938+0.09317319092498756i,5.440637230259938,29.196366338038796
0.05081666666,5.5E9,5.443100073889645+0.10770094020850261i,5.443100073889645,25.26951047665938
0.05081666666,5.5E9,5.444005376867474+0.09968860760813891i,5.444005376867474,27.30505274116702
0.05081666666,5.5E9,5.44518822320923+0.09739663576974066i,5.44518822320923,27.953677147958274
0.05081666666,5.5E9,5.445280166363433+0.10941461151404706i,5.445280166363433,24.883697392026782
0.05081666666,5.5E9,5.445506630917494+0.09306411347468309i,5.445506630917494,29.25674799663178
0.05081666666,5.5E9,5.445986355867745+0.08418779682899682i,5.445986355867745,32.3442741168871
0.05081666666,5.5E9,5.446380018234584+0.05372522105299883i,5.446380018234584,50.687367231694054
0.05081666666,5.5E9,5.447901374415608+0.10338823188523077i,5.447901374415608,26.346815663039948
0.05081666666,5.5E9,5.44827616889477+0.04621287156811679i,5.44827616889477,58.94760468264915
0.05081666666,5.5E9,5.448792970244701+0.10909674112880423i,5.448792970244701,24.97229941915325
0.05081666666,5.5E9,5.4495484108459005+0.08682065547095198i,5.4495484108459005,31.383939578002742
0.05081666666,5.5E9,5.452351060508593+0.10107868186932253i,5.452351060508593,26.970825893621917
0.05081666666,5.5E9,5.452473005449084+0.10868861736592253i,5.452473005449084,25.082999202631385
0.05081666666,5.5E9,5.453912571416768+0.10978411293305126i,5.453912571416768,24.83926146373603
0.05081666666,5.5E9,5.453914331437078+0.10467974101630131i,5.453914331437078,26.050476809011997
0.05081666666,5.5E9,5.454859807190463+0.030930046234673603i,5.454859807190463,88.18059575150885
0.05081666666,5.5E9,5.455746437592972+0.010946785075382543i,5.455746437592972,249.19400536427895
0.05081666666,5.5E9,5.456222242994445+0.1157284283537943i,5.456222242994445,23.57338780370448
0.05081666666,5.5E9,5.4576621976356074+0.09472442386291643i,5.4576621976356074,28.80810447331853
0.05081666666,5.5E9,5.457748729350492+0.0737103015607954i,5.457748729350492,37.02161444047956
0.05081666666,5.5E9,5.457875492927008+0.10796320609886002i,5.457875492927008,25.27655342102997
0.05081666666,5.5E9,5.458101213686334+0.08118848141423485i,5.458101213686334,33.61376588532521
0.05081666666,5.5E9,5.458129762556853+0.00481221058054222i,5.458129762556853,567.1125225303266
0.05081666666,5.5E9,5.458821023739331+0.11436395890543216i,5.458821023739331,23.866002348927267
0.05081666666,5.5E9,5.46013358758115+0.09827564099043692i,5.46013358758115,27.779689516919397
0.05081666666,5.5E9,5.461764170580906+0.0906815596812473i,5.461764170580906,30.11507626125659
0.05081666666,5.5E9,5.462147823414242+0.0997432963871401i,5.462147823414242,27.381027203139823
0.05081666666,5.5E9,5.462200199512992+0.10308618824347449i,5.462200199512992,26.493365855239862
0.05081666666,5.5E9,5.462495351751726+0.11569120508586202i,5.462495351751726,23.608083897551463
0.05081666666,5.5E9,5.462821639237135+0.11022882656973156i,5.462821639237135,24.77946018858014
0.05081666666,5.5E9,5.465451320626372+0.10188210308671401i,5.465451320626372,26.822430805018872
0.05081666666,5.5E9,5.465712181236389+0.11200260945422547i,5.465712181236389,24.399932322425848
0.05081666666,5.5E9,5.465740131233716+0.11667412397463087i,5.465740131233716,23.423103362756606
0.05081666666,5.5E9,5.46585100659424+0.0975316055957503i,5.46585100659424,28.020921901199586
0.05081666666,5.5E9,5.4686187236139014+0.0059581980988753554i,5.4686187236139014,458.9154835793505
0.05081666666,5.5E9,5.468658158905217+0.008020057570219069i,5.468658158905217,340.9363406075799
0.05081666666,5.5E9,5.469626337948067+0.10598462260212863i,5.469626337948067,25.8038675972896
0.05081666666,5.5E9,5.470789186233063+0.10263010790615422i,5.470789186233063,26.652944724737093
0.05081666666,5.5E9,5.471129113771789+0.0635094329264058i,5.471129113771789,43.073358253030605
0.05081666666,5.5E9,5.47259785137096+0.08817302595014719i,5.47259785137096,31.033288198962083
0.05081666666,5.5E9,5.473122838319588+0.02009676815285605i,5.473122838319588,136.16922872103132
0.05081666666,5.5E9,5.473344019954638+0.11027098757396323i,5.473344019954638,24.817697475881605
0.05081666666,5.5E9,5.473984240065835+0.008555865698148231i,5.473984240065835,319.8965734847021
0.05081666666,5.5E9,5.47416235237876+0.09591835585256253i,5.47416235237876,28.53553057557186
0.05081666666,5.5E9,5.474194394825312+0.10173501665962299i,5.474194394825312,26.904179969520428
0.05081666666,5.5E9,5.474801498932967+0.11586222418242816i,5.474801498932967,23.626343864730007
0.05081666666,5.5E9,5.475036031173342+0.0738055455750798i,5.475036031173342,37.0909529122292
0.05081666666,5.5E9,5.475136713723414+0.11009969701310364i,5.475136713723414,24.864449504669317
0.05081666666,5.5E9,5.477069010242304+0.10458750604757161i,5.477069010242304,26.184145780046904
0.05081666666,5.5E9,5.4772043857529775+0.09224088337566898i,5.4772043857529775,29.689678726546855
0.05081666666,5.5E9,5.4772699776918286+0.0986272172856623i,5.4772699776918286,27.767537848236916
0.05081666666,5.5E9,5.477463128653654+0.11724068286700155i,5.477463128653654,23.3599079888818
0.05081666666,5.5E9,5.480374422402677+0.12145948398789447i,5.480374422402677,22.56050430343048
0.05081666666,5.5E9,5.4822154267720205+0.11112311351323359i,5.4822154267720205,24.667304818268732
0.05081666666,5.5E9,5.484056182776314+0.08753406981928322i,5.484056182776314,31.325266802390864
0.05081666666,5.5E9,5.484882271756267+0.1145716397746854i,5.484882271756267,23.93647451735325
0.05081666666,5.5E9,5.485693116684984+0.111223460942812i,5.485693116684984,24.660683412403312
0.05081666666,5.5E9,5.485987796844101+0.09886128021166944i,5.485987796844101,27.7458868886696
0.05081666666,5.5E9,5.486604292583235+0.10837352350699132i,5.486604292583235,25.313398120848618
0.05081666666,5.5E9,5.4870919346274025+0.117561588440351i,5.4870919346274025,23.337095081066682
0.05081666666,5.5E9,5.487906250382608+0.05692874378550185i,5.487906250382608,48.199783496542075
0.05081666666,5.5E9,5.487952539271597+0.009250342676622152i,5.487952539271597,296.63509402419095
0.05081666666,5.5E9,5.488375894195198+0.10340451643464613i,5.488375894195198,26.538376095322537
0.05081666666,5.5E9,5.48935858045299+0.09616046692616893i,5.48935858045299,28.542699281335985
0.05081666666,5.5E9,5.490650574755989+0.03451888599472841i,5.490650574755989,79.53110908032345
0.05081666666,5.5E9,5.491447414100299+0.10994862391380707i,5.491447414100299,24.97278828339523
0.05081666666,5.5E9,5.491583762649402+0.0928342444334809i,5.491583762649402,29.577360144210154
0.05081666666,5.5E9,5.4916360948876575+0.10492207987696527i,5.4916360948876575,26.170068784984593
0.05081666666,5.5E9,5.492916628909079+0.1154725994751707i,5.492916628909079,23.78450235759256
0.05081666666,5.5E9,5.493336658765984+0.12028977839060967i,5.493336658765984,22.83376331830875
0.05081666666,5.5E9,5.493768039003128+0.11431815541487952i,5.493768039003128,24.028414467786565
0.05081666666,5.5E9,5.4941175592146285+0.08685093403520652i,5.4941175592146285,31.62958245784377
0.05081666666,5.5E9,5.4945044018256075+0.09933103578648689i,5.4945044018256075,27.657541061164927
0.05081666666,5.5E9,5.494772000912906+0.12237330180940544i,5.494772000912906,22.450861093340972
0.05081666666,5.5E9,5.4959106712831085+0.10667107822503652i,5.4959106712831085,25.761015838279842
0.05081666666,5.5E9,5.497088064354918+0.007292170377737478i,5.497088064354918,376.91714397795545
0.05081666666,5.5E9,5.4979344859340795+0.07107104592150931i,5.4979344859340795,38.6791443311949
0.05081666666,5.5E9,5.497941891637595+0.11089131998269414i,5.497941891637595,24.789775667273197
0.05081666666,5.5E9,5.498553767159887+0.06160996893750495i,5.498553767159887,44.62389660297859
0.05081666666,5.5E9,5.49870180630078+0.0153912142323736i,5.49870180630078,178.63118930327508
0.05081666666,5.5E9,5.499014943219344+0.10794750521187037i,5.499014943219344,25.470782916318154
0.05081666666,5.5E9,5.499538886359152+0.09544158209824326i,5.499538886359152,28.81102117889336
0.05081666666,5.5E9,5.499791879567055+0.027827601753993594i,5.499791879567055,98.81900582355733
0.05081666666,5.5E9,5.499939855008863+0.07747225077683778i,5.499939855008863,35.49619250673174
0.05081666666,5.5E9,5.501247578216053+0.10742986362221323i,5.501247578216053,25.603902828926994
0.05081666666,5.5E9,5.501314065869567+0.09314931707237567i,5.501314065869567,29.529545888109546
0.05081666666,5.5E9,5.502661059249381+0.10954541511014834i,5.502661059249381,25.11588939489815
0.05081666666,5.5E9,5.502881619236961+0.11803404156436745i,5.502881619236961,23.3105701808748
0.05081666666,5.5E9,5.503645040160881+0.050128217372581656i,5.503645040160881,54.895678807553
0.05081666666,5.5E9,5.504177847538318+0.11437347301472457i,5.504177847538318,24.06230090971227
0.05081666666,5.5E9,5.504305067402654+0.031803231874656356i,5.504305067402654,86.53688230643272
0.05081666666,5.5E9,5.504381112347064+0.12298290153034944i,5.504381112347064,22.378643875907844
0.05081666666,5.5E9,5.504886863195196+0.10690644498436887i,5.504886863195196,25.74628154551432
0.05081666666,5.5E9,5.505872593224781+0.10135318629469163i,5.505872593224781,27.161813034747933
0.05081666666,5.5E9,5.505980741890121+0.10495873965849815i,5.505980741890121,26.229262850358168
0.05081666666,5.5E9,5.506590141958739+0.006890017031496752i,5.506590141958739,399.6064245404714
0.05081666666,5.5E9,5.507268793363276+0.08724574738653203i,5.507268793363276,31.561817958667767
0.05081666666,5.5E9,5.507467862768865+0.11015105769521236i,5.507467862768865,24.99961406638515
0.05081666666,5.5E9,5.507612990096963+0.11226632492434921i,5.507612990096963,24.529229908471102
0.05081666666,5.5E9,5.509582752779451+0.01015176753891799i,5.509582752779451,271.3607621361413
0.05081666666,5.5E9,5.510157544964097+0.021851863835028313i,5.510157544964097,126.07980688886069
0.05081666666,5.5E9,5.510268940259399+0.10630106023555744i,5.510268940259399,25.918221925768844
0.05081666666,5.5E9,5.510300337572247+0.09728961117226548i,5.510300337572247,28.319058279590898
0.05081666666,5.5E9,5.510913362024723+0.12013836095697826i,5.510913362024723,22.935693970380495
0.05081666666,5.5E9,5.512750180536462+0.12298956133900425i,5.512750180536462,22.41145557606025
0.05081666666,5.5E9,5.512926462540796+0.0931903828907345i,5.512926462540796,29.578837920457353
0.05081666666,5.5E9,5.5130027332433+0.09896746721245564i,5.5130027332433,27.85260090272097
0.05081666666,5.5E9,5.5140269431731+0.11282538429600644i,5.5140269431731,24.43610973531722
0.05081666666,5.5E9,5.514167430275001+0.12225755364479282i,5.514167430275001,22.55143860597713
0.05081666666,5.5E9,5.51418784095945+0.010370980737372356i,5.51418784095945,265.8469811388615
0.05081666666,5.5E9,5.515111137304623+0.08843847105976961i,5.515111137304623,31.18049798473636
0.05081666666,5.5E9,5.516003120833888+0.11768142152183447i,5.516003120833888,23.43616795880757
0.05081666666,5.5E9,5.516388063584456+0.09875655442515427i,5.516388063584456,27.929225030654656
0.05081666666,5.5E9,5.5167246622298665+0.06158975346585561i,5.5167246622298665,44.78605897723111
0.05081666666,5.5E9,5.516862378366791+0.10952405918893365i,5.516862378366791,25.185618663247173
0.05081666666,5.5E9,5.516914816182263+0.12032957444794845i,5.516914816182263,22.924184854359062
0.05081666666,5.5E9,5.517958870826594+0.10509593947878096i,5.517958870826594,26.252007918634565
0.05081666666,5.5E9,5.518919354431912+0.05338276049843772i,5.518919354431912,51.69196293804839
0.05081666666,5.5E9,5.518952397991783+0.10662554119098605i,5.518952397991783,25.88006746013284
0.05081666666,5.5E9,5.519194560814409+0.10036165656509027i,5.519194560814409,27.49652979888238
0.05081666666,5.5E9,5.521848010968521+0.004993912425811067i,5.521848010968521,552.8579138101037
0.05081666666,5.5E9,5.522028831583918+0.1119431819759667i,5.522028831583918,24.664426783801147
0.05081666666,5.5E9,5.523035188440524+0.09250959224272086i,5.523035188440524,29.851148700069558
0.05081666666,5.5E9,5.523211627446365+0.12029806211974658i,5.523211627446365,22.95636159936007
0.05081666666,5.5E9,5.523601204574798+0.11561241135579714i,5.523601204574798,23.888443895421915
0.05081666666,5.5E9,5.523835005878183+0.1162444390833113i,5.523835005878183,23.75956669169913
0.05081666666,5.5E9,5.52401281779194+0.10758084465875806i,5.52401281779194,25.673775081957565
0.05081666666,5.5E9,5.5242587589317305+0.1003379414960149i,5.5242587589317305,27.528264366232474
0.05081666666,5.5E9,5.524647107884287+0.00714355505634733i,5.524647107884287,386.68751513123857
0.05081666666,5.5E9,5.524965212084075+0.09826686685237532i,5.524965212084075,28.112045234860993
0.05081666666,5.5E9,5.527510209358063+0.07809732108185091i,5.527510209358063,35.38860317349993
0.05081666666,5.5E9,5.527620641904839+0.0331502868774631i,5.527620641904839,83.37213886469769
0.05081666666,5.5E9,5.527680680213484+0.10903773809918288i,5.527680680213484,25.3475575363889
0.05081666666,5.5E9,5.5290218633457355+0.09445605498097912i,5.5290218633457355,29.267694191013643
0.05081666666,5.5E9,5.529626006372009+0.11850507407459701i,5.529626006372009,23.330756296946404
0.05081666666,5.5E9,5.530652413399418+0.10393944634083611i,5.530652413399418,26.6051658350354
0.05081666666,5.5E9,5.531133780985611+0.11337466761687613i,5.531133780985611,24.39316426345265
0.05081666666,5.5E9,5.531566482426516+0.108861746663254i,5.531566482426516,25.406383105065878
0.05081666666,5.5E9,5.532051474527522+0.08544704914332812i,5.532051474527522,32.371225981415165
0.05081666666,5.5E9,5.532303710011377+0.04098584056731049i,5.532303710011377,67.49042636963551
0.05081666666,5.5E9,5.533742207540705+0.09342456410854784i,5.533742207540705,29.616098615730106
0.05081666666,5.5E9,5.5342623404643865+0.10543611652665512i,5.5342623404643865,26.244623392712302
0.05081666666,5.5E9,5.5344617901832285+0.10013504595132394i,5.5344617901832285,27.634989017099734
0.05081666666,5.5E9,5.534562352559683+0.0579638619648453i,5.534562352559683,47.741490688770526
0.05081666666,5.5E9,5.535938134635664+0.00444934616580344i,5.535938134635664,622.1069263146456
0.05081666666,5.5E9,5.53642732308965+0.10498421381109621i,5.53642732308965,26.36790390720858
0.05081666666,5.5E9,5.536878080053691+0.101435463802347i,5.536878080053691,27.292614794183947
0.05081666666,5.5E9,5.538410281572276+0.11509694918052103i,5.538410281572276,24.059761448957655
0.05081666666,5.5E9,5.5385915630527744+0.10884419156075349i,5.5385915630527744,25.442752082738853
0.05081666666,5.5E9,5.539729613312694+0.08367121078167067i,5.539729613312694,33.10415590714894
0.05081666666,5.5E9,5.539876174909398+0.09482717946144437i,5.539876174909398,29.210381487524085
0.05081666666,5.5E9,5.5404168126671+0.11525713027995428i,5.5404168126671,24.03502845858509
0.05081666666,5.5E9,5.540427673844324+0.007719013674226398i,5.540427673844324,358.88184084604484
0.05081666666,5.5E9,5.541324158473683+0.09989773156071982i,5.541324158473683,27.73498492858948
0.05081666666,5.5E9,5.542610217295439+0.11301999466543344i,5.542610217295439,24.520485219022117
0.05081666666,5.5E9,5.543202756835418+0.103430019675219i,5.543202756835418,26.79687567614146
0.05081666666,5.5E9,5.543626278923115+0.09192309984528993i,5.543626278923115,30.153608223902634
0.05081666666,5.5E9,5.544947892159371+0.024157533626787207i,5.544947892159371,114.7664322406412
0.05081666666,5.5E9,5.547189721548333+0.10781906477892815i,5.547189721548333,25.72453087458267
0.05081666666,5.5E9,5.54805425863735+0.11221184519730856i,5.54805425863735,24.721339573740572
0.05081666666,5.5E9,5.548531673962023+0.10663161610065056i,5.548531673962023,26.017291479127135
0.05081666666,5.5E9,5.548826171229284+0.09865168807401387i,5.548826171229284,28.12332094645077
0.05081666666,5.5E9,5.549153112977015+0.10685252610374782i,5.549153112977015,25.96641050670668
0.05081666666,5.5E9,5.549384841666327+0.07947280330233776i,5.549384841666327,34.913735335060764
0.05081666666,5.5E9,5.549472517109444+0.008783474452552316i,5.549472517109444,315.90417590939023
0.05081666666,5.5E9,5.55018500758585+0.06920650228038748i,5.55018500758585,40.09872500924472
0.05081666666,5.5E9,5.550257896983773+0.03961173183241171i,5.550257896983773,70.05825850363802
0.05081666666,5.5E9,5.550522397130212+0.08843495447672467i,5.550522397130212,31.381948630906248
0.05081666666,5.5E9,5.550768468128872+0.10013830878274599i,5.550768468128872,27.715509357020814
0.05081666666,5.5E9,5.551750195466948+0.02945730762091757i,5.551750195466948,94.23383608087562
0.05081666666,5.5E9,5.551925516625908+0.0036640221077775714i,5.551925516625908,757.6271858241397
0.05081666666,5.5E9,5.552649861989209+0.10673413365848433i,5.552649861989209,26.011593815695093
0.05081666666,5.5E9,5.554013829111664+0.09477763761476837i,5.554013829111664,29.30023351967485
0.05081666666,5.5E9,5.555174312648104+0.03230935252004533i,5.555174312648104,85.96851808159215
0.05081666666,5.5E9,5.555212700834044+0.08580177202269793i,5.555212700834044,32.37236580244795
0.05081666666,5.5E9,5.555559422571616+0.10370324871235007i,5.555559422571616,26.78585045094157
0.05081666666,5.5E9,5.557187608237869+0.1006945750680141i,5.557187608237869,27.594275086241083
0.05081666666,5.5E9,5.5579045267288585+0.10861768315571553i,5.5579045267288585,25.584713120611237
0.05081666666,5.5E9,5.55857971513614+0.09787706564077767i,5.55857971513614,28.395721095363104
0.05081666666,5.5E9,5.559611528032993+0.004336542848848063i,5.559611528032993,641.018862468962
0.05081666666,5.5E9,5.561321772685429+0.10473653616311854i,5.561321772685429,26.549101089347314
0.05081666666,5.5E9,5.561989690115781+0.09135151854726266i,5.561989690115781,30.44278726049949
0.05081666666,5.5E9,5.56331209945865+0.005731631735295759i,5.56331209945865,485.31660410066246
0.05081666666,5.5E9,5.565290194007474+0.08471347558580633i,5.565290194007474,32.84772673723196
0.05081666666,5.5E9,5.565450370243551+0.006225698394912023i,5.565450370243551,446.9739792399787
0.05081666666,5.5E9,5.565492227255802+0.038505075590189834i,5.565492227255802,72.2695922803714
0.05081666666,5.5E9,5.565831977435402+0.10062583379845713i,5.565831977435402,27.65607879872664
0.05081666666,5.5E9,5.567619626614354+0.09773215816185796i,5.567619626614354,28.484071831267688
0.05081666666,5.5E9,5.569366257628178+0.07359802813288642i,5.569366257628178,37.836382297989665
0.05081666666,5.5E9,5.570565592105576+0.08547783038876432i,5.570565592105576,32.58485601921526
0.05081666666,5.5E9,5.570999603738873+0.0278910089067253i,5.570999603738873,99.87088710863287
0.05081666666,5.5E9,5.5719434887565455+0.03479256982843313i,5.5719434887565455,80.07375592306853
0.05081666666,5.5E9,5.572543895091454+0.09467709827762673i,5.572543895091454,29.429207255332145
0.05081666666,5.5E9,5.572934746167323+0.005046585224978219i,5.572934746167323,552.1490768236629
0.05081666666,5.5E9,5.574801647462996+0.06950467147839855i,5.574801647462996,40.10379107536387
0.05081666666,5.5E9,5.576656930062605+0.05005646830693934i,5.576656930062605,55.703659473809815
0.05081666666,5.5E9,5.577783068186099+0.09038284216273973i,5.577783068186099,30.85642658892584
0.05081666666,5.5E9,5.577813516839337+0.08857787490613414i,5.577813516839337,31.485365407276582
0.05081666666,5.5E9,5.581648536876043+0.0914325850376877i,5.581648536876043,30.523300498259655
0.05081666666,5.5E9,5.583014641498678+0.00571915790108299i,5.583014641498678,488.0976131504839
0.05081666666,5.5E9,5.583067667119144+0.07978027992323573i,5.583067667119144,34.9902737398963
0.05081666666,5.5E9,5.584460008191616+0.06821475687891138i,5.584460008191616,40.93293199083478
0.05081666666,5.5E9,5.589717177607878+0.008788960469290273i,5.589717177607878,317.9964910036317
0.05081666666,5.5E9,5.589950409101128+0.00919243322400674i,5.589950409101128,304.0517278114431
0.05081666666,5.5E9,5.591325664888701+0.0827701142055595i,5.591325664888701,33.77623504905797
0.05081666666,5.5E9,5.59596690488291+0.02724576484675543i,5.59596690488291,102.69425241606511
0.05081666666,5.5E9,5.59624445186113+0.06401158485657592i,5.59624445186113,43.71274718787272
0.05081666666,5.5E9,5.6020123633853975+0.026013555010217775i,5.6020123633853975,107.6748710659693
0.05081666666,5.5E9,5.603318820757599+0.009429953094708756i,5.603318820757599,297.10215758664157
0.05081666666,5.5E9,5.605097109370851+0.010256373912561447i,5.605097109370851,273.24945234816533
0.05081666666,5.5E9,5.6133194544523235+0.009556796647367725i,5.6133194544523235,293.6820600864427
0.05081666666,5.5E9,5.613847188969904+0.01437489398390945i,5.613847188969904,195.2656901419158
0.05081666666,5.5E9,5.618428640577851+0.02169702189495399i,5.618428640577851,129.47465020267393
0.076225,2.5E9,2.3029230764503517+4.528310691463693E-4i,2.3029230764503517,2542.805952771291
0.076225,2.5E9,2.3038318698463613+4.5536932964329694E-4i,2.3038318698463613,2529.6300386007715
0.076225,2.5E9,2.3054981264879335+0.12122497890907656i,2.3054981264879335,9.509171076932693
0.076225,2.5E9,2.3057084752478243+0.12186550775072377i,2.3057084752478243,9.460053618962297
0.076225,2.5E9,2.3122259438049197+0.09150827039391941i,2.3122259438049197,12.633972502438226
0.076225,2.5E9,2.3128708308250494+0.09196187679864713i,2.3128708308250494,12.575161095771996
0.076225,2.5E9,2.3160616933612297+0.008140672639266317i,2.3160616933612297,142.2524769138712
0.076225,2.5E9,2.3160635033778987+0.008156704532392964i,2.3160635033778987,141.97299253516212
0.076225,2.5E9,2.329424771232274+0.15116316555602988i,2.329424771232274,7.705001290042625
0.076225,2.5E9,2.3296982718228305+0.1505850819949813i,2.3296982718228305,7.735488273335318
0.076225,2.5E9,2.3302897709491606+0.15273714946482403i,2.3302897709491606,7.628431521454562
0.076225,2.5E9,2.3306325402536516+0.15203768886277694i,2.3306325402536516,7.664653934450379
0.076225,2.5E9,2.3330907892973083+0.164750357705365i,2.3330907892973083,7.080685049163121
0.076225,2.5E9,2.3334280611944367+0.1647115114140943i,2.3334280611944367,7.0833788153642265
0.076225,2.5E9,2.3336414848054234+0.16613960063732167i,2.3336414848054234,7.023134387748111
0.076225,2.5E9,2.333648175885625+0.1658969773131985i,2.333648175885625,7.033425845607507
0.076225,2.5E9,2.3523310982858465+0.13025060848199635i,2.3523310982858465,9.030019612580134
0.076225,2.5E9,2.352418601563372+0.12975620140345562i,2.352418601563372,9.064763672639092
0.076225,2.5E9,2.352571271033282+0.13066981177574763i,2.352571271033282,9.001969311284798
0.076225,2.5E9,2.3526068554250776+0.13123597263105247i,2.3526068554250776,8.963269781369435
0.076225,2.5E9,2.3581672471371635+0.14807066124010326i,2.3581672471371635,7.962979388986752
0.076225,2.5E9,2.3583793810651104+0.1483115049710447i,2.3583793810651104,7.950763433779274
0.076225,2.5E9,2.35872099490966+0.14827065484452243i,2.35872099490966,7.954105946935455
0.076225,2.5E9,2.3588096587518295+0.14858173483943696i,2.3588096587518295,7.937751101442072
0.076225,2.5E9,2.367164300827384+0.19359456474580028i,2.367164300827384,6.113715805853316
0.076225,2.5E9,2.3683856521215003+0.19285255216989086i,2.3683856521215003,6.140405261619517
0.076225,2.5E9,2.380862280044617+0.0354094666815637i,2.380862280044617,33.61900789774161
0.076225,2.5E9,2.381909915936101+0.035467164807788755i,2.381909915936101,33.57908545614876
0.076225,2.5E9,2.3997441663798984+0.2060214995854448i,2.3997441663798984,5.8240139286643595
0.076225,2.5E9,2.400321509843627+0.20559699807313758i,2.400321509843627,5.837442988807049
0.076225,2.5E9,2.409268103391104+0.05076838064683499i,2.409268103391104,23.72803773426347
0.076225,2.5E9,2.409676312252059+0.19883270649888118i,2.409676312252059,6.0595571892635745
0.076225,2.5E9,2.4100268980614645+0.19760557904068232i,2.4100268980614645,6.098074026455743
0.076225,2.5E9,2.410318053799546+0.05084620558606537i,2.410318053799546,23.702044489039555
0.076225,2.5E9,2.4107886305295723+0.2132190930058065i,2.4107886305295723,5.6533132107074495
0.076225,2.5E9,2.4118636561389373+0.2128510217064874i,2.4118636561389373,5.665614467814948
0.076225,2.5E9,2.4132424217684045+0.16449093777630147i,2.4132424217684045,7.335487457218708
0.076225,2.5E9,2.4145481037728564+0.1650052288435973i,2.4145481037728564,7.316580573520862
0.076225,2.5E9,2.416437746958967+0.20197734248497903i,2.416437746958967,5.981952523062522
0.076225,2.5E9,2.416688122608425+0.2009955781721683i,2.416688122608425,6.011794250862435
0.076225,2.5E9,2.421519688720178+0.1953617143302905i,2.421519688720178,6.197528766117931
0.076225,2.5E9,2.422064315890266+0.19613169690030258i,2.422064315890266,6.1745866531747975
0.076225,2.5E9,2.4226759242451816+0.05075945113883165i,2.4226759242451816,23.864284087892774
0.076225,2.5E9,2.422861188066318+0.19773249767491174i,2.422861188066318,6.126613522198302
0.076225,2.5E9,2.42316628758769+0.1985552641065774i,2.42316628758769,6.1019945718664514
0.076225,2.5E9,2.423560121678143+0.050943923654087765i,2.423560121678143,23.786547519722454
0.076225,2.5E9,2.429405573841304+0.22028050986449899i,2.429405573841304,5.514345266714025
0.076225,2.5E9,2.4304065827853094+0.19351914372558623i,2.4304065827853094,6.279499113099816
0.076225,2.5E9,2.430621185072052+0.19303994920031733i,2.430621185072052,6.295642935933947
0.076225,2.5E9,2.4306395553803224+0.19399914613648495i,2.4306395553803224,6.264562509131576
0.076225,2.5E9,2.430751673491583+0.219580593490096i,2.430751673491583,5.534987484222325
0.076225,2.5E9,2.43105667189167+0.1934621675116026i,2.43105667189167,6.283028623014552
0.076225,2.5E9,2.432324305618026+0.229655815034514i,2.432324305618026,5.2955861475845545
0.076225,2.5E9,2.434791593186043+0.2294119991991359i,2.434791593186043,5.306591637939079
0.076225,2.5E9,2.437147408287455+0.2232036968523981i,2.437147408287455,5.4594691814157335
0.076225,2.5E9,2.4413256805722185+0.17677738689148217i,2.4413256805722185,6.905084760843501
0.076225,2.5E9,2.441492002067744+0.1761655328872323i,2.441492002067744,6.9295393998285695
0.076225,2.5E9,2.442346109878011+0.17807366670420208i,2.442346109878011,6.857684673655283
0.076225,2.5E9,2.442808469823693+0.17852851106677564i,2.442808469823693,6.841507990031914
0.076225,2.5E9,2.44583575474972+0.07507530582446681i,2.44583575474972,16.289216060393517
0.076225,2.5E9,2.4458712378372884+0.16095875306138402i,2.4458712378372884,7.597819911367352
0.076225,2.5E9,2.446254591430229+0.1624923988360692i,2.446254591430229,7.52728930384657
0.076225,2.5E9,2.446421459367422+0.16103168769914347i,2.446421459367422,7.596087125218753
0.076225,2.5E9,2.4467543524624817+0.0757433586031676i,2.4467543524624817,16.151609841342303
0.076225,2.5E9,2.447032683533952+0.1625337670628717i,2.447032683533952,7.527767084200373
0.076225,2.5E9,2.4476245372594176+0.22454685853298356i,2.4476245372594176,5.450142017684669
0.076225,2.5E9,2.4482668389499422+0.22384813512840745i,2.4482668389499422,5.468588866164838
0.076225,2.5E9,2.449275364103326+0.14812105845817913i,2.449275364103326,8.267816168741666
0.076225,2.5E9,2.4493848905690405+0.14860807680852156i,2.4493848905690405,8.241089391544385
0.076225,2.5E9,2.4502081819686814+0.1501237861984813i,2.4502081819686814,8.160626120664244
0.076225,2.5E9,2.450442432560455+0.15049466530599465i,2.450442432560455,8.141293339461802
0.076225,2.5E9,2.45309812227782+0.22160444215153674i,2.45309812227782,5.534857736742371
0.076225,2.5E9,2.456201167517575+0.21335695979833058i,2.456201167517575,5.756084005507079
0.076225,2.5E9,2.4567077661050507+0.21214611039166098i,2.4567077661050507,5.790131531446685
0.076225,2.5E9,2.457058077552693+0.20872740690163125i,2.457058077552693,5.8858060712426035
0.076225,2.5E9,2.4575742224400123+0.21498346805677998i,2.4575742224400123,5.715728387521718
0.076225,2.5E9,2.457946656883492+0.21390152321572473i,2.457946656883492,5.74550994292031
0.076225,2.5E9,2.4580591471451165+0.21078930140932034i,2.4580591471451165,5.830606986955055
0.076225,2.5E9,2.459440356208796+0.21567428035808556i,2.459440356208796,5.701746986533048
0.076225,2.5E9,2.460879726764869+0.21808524182831648i,2.460879726764869,5.642013430468968
0.076225,2.5E9,2.4610855841501627+0.17675926997205982i,2.4610855841501627,6.961687453617523
0.076225,2.5E9,2.4612802615697595+0.17861501548850234i,2.4612802615697595,6.889902998463741
0.076225,2.5E9,2.4616001533445124+0.1769439428186094i,2.4616001533445124,6.955875725760146
0.076225,2.5E9,2.461659146853585+0.17900451551980154i,2.461659146853585,6.875969412574052
0.076225,2.5E9,2.4644514854902884+0.1286475555830322i,2.4644514854902884,9.578306693513785
0.076225,2.5E9,2.464590145056654+0.12904701396995813i,2.464590145056654,9.54919478272626
0.076225,2.5E9,2.4646543272139914+0.12986189832930486i,2.4646543272139914,9.489520632772905
0.076225,2.5E9,2.4648251894640625+0.13007159814752756i,2.4648251894640625,9.474878546000683
0.076225,2.5E9,2.4650799065683118+0.14537711594806269i,2.4650799065683118,8.47822537437386
0.076225,2.5E9,2.4653525387193493+0.14581110634778255i,2.4653525387193493,8.453925768998328
0.076225,2.5E9,2.465515408538689+0.14534367965857511i,2.465515408538689,8.481673968659655
0.076225,2.5E9,2.4655686754564616+0.1711447147894039i,2.4655686754564616,7.203169196578405
0.076225,2.5E9,2.46561948070605+0.14572239783809904i,2.46561948070605,8.459988022724588
0.076225,2.5E9,2.4663382970278733+0.17142516359412513i,2.4663382970278733,7.193629702076003
0.076225,2.5E9,2.4674239441712453+0.17188085858564503i,2.4674239441712453,7.177715902965931
0.076225,2.5E9,2.4679279162843466+0.17229673442920634i,2.4679279162843466,7.161853428215652
0.076225,2.5E9,2.4859271649483254+0.2113824239360282i,2.4859271649483254,5.880165244250994
0.076225,2.5E9,2.486363293503521+0.21345531147123908i,2.486363293503521,5.824083918002043
0.076225,2.5E9,2.4875064508468476+0.20651556203410765i,2.4875064508468476,6.022564174694052
0.076225,2.5E9,2.487518742442527+0.2086128172786019i,2.487518742442527,5.962046759381165
0.076225,2.5E9,2.4911904472848487+0.19923410243377718i,2.4911904472848487,6.2519177611997625
0.076225,2.5E9,2.491549217808522+0.1994881391543029i,2.491549217808522,6.244855529684707
0.076225,2.5E9,2.492026530164734+0.2177004716947776i,2.492026530164734,5.723521200401044
0.076225,2.5E9,2.4921193537474546+0.21766072752794216i,2.4921193537474546,5.724779527412747
0.076225,2.5E9,2.4921469190035808+0.21378826233046666i,2.4921469190035808,5.828540098125931
0.076225,2.5E9,2.492485401149638+0.20301998196244445i,2.492485401149638,6.138522368726023
0.076225,2.5E9,2.4928351999371827+0.2018020429045131i,2.4928351999371827,6.176436977688873
0.076225,2.5E9,2.4933227071101403+0.1971815953007147i,2.4933227071101403,6.322402208247839
0.076225,2.5E9,2.4938252302115202+0.1971428026083075i,2.4938252302115202,6.324920811758896
0.076225,2.5E9,2.495531172850811+0.2313761449167888i,2.495531172850811,5.392801348964246
0.076225,2.5E9,2.4976073446618803+0.23437600141195958i,2.4976073446618803,5.328206236166367
0.076225,2.5E9,2.5007938577757254+0.002261073681507341i,2.5007938577757254,553.0102530998847
0.076225,2.5E9,2.502733189537447+0.0022920951953294467i,2.502733189537447,545.9487883917765
0.076225,2.5E9,2.5031065413180156+0.22540211436792548i,2.5031065413180156,5.552535628020279
0.076225,2.5E9,2.503411878506352+0.2252304144725849i,2.503411878506352,5.557446325285406
0.076225,2.5E9,2.503474062081622+0.2244016740697074i,2.503474062081622,5.578109148383516
0.076225,2.5E9,2.503974457756971+0.22401013983325035i,2.503974457756971,5.5889757035571925
0.076225,2.5E9,2.5041910495103457+0.20975623330614276i,2.5041910495103457,5.969288754950697
0.076225,2.5E9,2.5053859252946067+0.2193160346962504i,2.5053859252946067,5.711816577307105
0.076225,2.5E9,2.5060067766647705+0.2198830919440235i,2.5060067766647705,5.698498130321758
0.076225,2.5E9,2.506236383017199+0.2085015697329871i,2.506236383017199,6.010113943570676
0.076225,2.5E9,2.5148990794971695+0.21440748740955332i,2.5148990794971695,5.864765055273704
0.076225,2.5E9,2.5184896301082356+0.062335022074617476i,2.5184896301082356,20.20124118263329
0.076225,2.5E9,2.519011032575083+0.2186958130294119i,2.519011032575083,5.759166116811544
0.076225,2.5E9,2.519074682549113+0.061864124915278255i,2.519074682549113,20.35973745687778
0.076225,2.5E9,2.5197469220439332+0.21847296414739828i,2.5197469220439332,5.766724802488427
0.076225,2.5E9,2.5206527942990826+0.20332541071727342i,2.5206527942990826,6.198568062415185
0.076225,2.5E9,2.521679112813997+0.20365603798028328i,2.521679112813997,6.191024675286403
0.076225,2.5E9,2.524641847985508+0.18749936012209786i,2.524641847985508,6.732401236840181
0.076225,2.5E9,2.524918308238269+0.18834976094466863i,2.524918308238269,6.702738287467252
0.076225,2.5E9,2.5256674944910347+0.1898497123293604i,2.5256674944910347,6.65175486310294
0.076225,2.5E9,2.525794145699786+0.1907765635818762i,2.525794145699786,6.61977052704323
0.076225,2.5E9,2.5282902286718567+1.158724771930516E-4i,2.5282902286718567,10909.796225636695
0.076225,2.5E9,2.5298994468770855+1.1449955015057049E-4i,2.5298994468770855,11047.63924203278
0.076225,2.5E9,2.534436890823882+0.19860003767767265i,2.534436890823882,6.380756319234106
0.076225,2.5E9,2.535474195400228+0.19928842129782642i,2.535474195400228,6.361318381892067
0.076225,2.5E9,2.5368936663467068+0.21727720350056942i,2.5368936663467068,5.83791954580283
0.076225,2.5E9,2.539326728877022+0.2040154588751603i,2.539326728877022,6.223368422367614
0.076225,2.5E9,2.5398443632263756+0.20392036021347798i,2.5398443632263756,6.227539909618369
0.076225,2.5E9,2.540574646335501+0.17180016158335085i,2.540574646335501,7.393982121206887
0.076225,2.5E9,2.540736058860414+0.17231831932645406i,2.540736058860414,7.372216920381617
0.076225,2.5E9,2.5413556725648347+0.17220945122399878i,2.5413556725648347,7.378676531693971
0.076225,2.5E9,2.5413698385759003+0.17253379418242257i,2.5413698385759003,7.364846552579931
0.076225,2.5E9,2.543264355846682+0.21488165442421708i,2.543264355846682,5.917825704249737
0.076225,2.5E9,2.544392021408606+0.21692128670800218i,2.544392021408606,5.864781783342484
0.076225,2.5E9,2.544615178721957+0.21486697127781634i,2.544615178721957,5.921373498190767
0.076225,2.5E9,2.5449017067620505+0.20455564221611094i,2.5449017067620505,6.220561015064516
0.076225,2.5E9,2.545407588782452+0.2110381392870496i,2.545407588782452,6.030681462084545
0.076225,2.5E9,2.5454319062575577+0.21036212459457435i,2.5454319062575577,6.050119314879769
0.076225,2.5E9,2.5477286195334523+0.19339473436085128i,2.5477286195334523,6.586861395046303
0.076225,2.5E9,2.547788849442415+0.201909181156033i,2.547788849442415,6.309244668456938
0.076225,2.5E9,2.5490168449692896+0.19453880568198043i,2.5490168449692896,6.551435421928772
0.076225,2.5E9,2.5508660186621066+0.21622015225386582i,2.5508660186621066,5.898770285914687
0.076225,2.5E9,2.5520021348100057+0.21742872980263206i,2.5520021348100057,5.868594589883662
0.076225,2.5E9,2.554476113380715+0.18839670801999128i,2.554476113380715,6.77951366620921
0.076225,2.5E9,2.554650354877329+0.1880401133278791i,2.554650354877329,6.79283348022364
0.076225,2.5E9,2.5549044750750722+0.18734167946392472i,2.5549044750750722,6.8188362632007244
0.076225,2.5E9,2.5549287954463007+0.18897299860670747i,2.5549287954463007,6.760036656780911
0.076225,2.5E9,2.5589574878114325+0.15838851748251134i,2.5589574878114325,8.078102909492738
0.076225,2.5E9,2.5597334596784505+0.15994265603764396i,2.5597334596784505,8.002034988952522
0.076225,2.5E9,2.5597680231534192+0.15769783350540625i,2.5597680231534192,8.116053233748657
0.076225,2.5E9,2.560279264074048+0.15955836395730988i,2.560279264074048,8.023018037334147
0.076225,2.5E9,2.5656120456264313+0.2213726066764156i,2.5656120456264313,5.794782119037504
0.076225,2.5E9,2.5680931114490657+0.14617862710613916i,2.5680931114490657,8.78409232009134
0.076225,2.5E9,2.56925673822558+0.14627396379718846i,2.56925673822558,8.782344689133815
0.076225,2.5E9,2.569363984569347+0.1484410479962553i,2.569363984569347,8.654492875293375
0.076225,2.5E9,2.5702251835107455+0.14889890674379294i,2.5702251835107455,8.63077251444591
0.076225,2.5E9,2.5702906647177333+0.19961066790964116i,2.5702906647177333,6.4382597674620285
0.076225,2.5E9,2.5706156368643254+0.2247935449493135i,2.5706156368643254,5.717725652317882
0.076225,2.5E9,2.570985928003131+0.19723075433228027i,2.570985928003131,6.517710528226542
0.076225,2.5E9,2.5721347692849106+0.19582580817447978i,2.5721347692849106,6.567404963785855
0.076225,2.5E9,2.5725861956325202+0.14274241234361496i,2.5725861956325202,9.011288773233332
0.076225,2.5E9,2.5726272799776613+0.14301721890844396i,2.5726272799776613,8.994117280467439
0.076225,2.5E9,2.572782070975324+0.14334266872322277i,2.572782070975324,8.974236680157857
0.076225,2.5E9,2.5728635367054578+0.14359365261962692i,2.5728635367054578,8.958834495006743
0.076225,2.5E9,2.57326272775773+0.19396167280044924i,2.57326272775773,6.63343095211687
0.076225,2.5E9,2.5759933737932394+0.12784246735644839i,2.5759933737932394,10.074873502757477
0.076225,2.5E9,2.5761594831609558+0.12911658026066075i,2.5761594831609558,9.976098646510778
0.076225,2.5E9,2.577370360537316+0.12786079902725903i,2.577370360537316,10.078813757404404
0.076225,2.5E9,2.577610804427543+0.12917474237296553i,2.577610804427543,9.977224483193556
0.076225,2.5E9,2.5802429948947774+0.17250907649603844i,2.5802429948947774,7.47857169983178
0.076225,2.5E9,2.580345886995168+0.1722233524891547i,2.580345886995168,7.491277604637437
0.076225,2.5E9,2.5804830378518737+0.17467046877477677i,2.5804830378518737,7.38671813258598
0.076225,2.5E9,2.580753801817024+0.1746788112416845i,2.580753801817024,7.387140384892788
0.076225,2.5E9,2.5906974803042333+0.02352065560909499i,2.5906974803042333,55.072816067730265
0.076225,2.5E9,2.591596043631514+0.1669153673124287i,2.591596043631514,7.763203848033412
0.076225,2.5E9,2.5919237876164902+0.16636442770333024i,2.5919237876164902,7.789897826711323
0.076225,2.5E9,2.592271523064642+0.02350780036382043i,2.592271523064642,55.136411806828704
0.076225,2.5E9,2.592863188557786+0.216271711206874i,2.592863188557786,5.9944575600957615
0.076225,2.5E9,2.592999446112092+0.2149762479325428i,2.592999446112092,6.030897531818834
0.076225,2.5E9,2.5934165836476963+0.16827898996934135i,2.5934165836476963,7.705705222381561
0.076225,2.5E9,2.593438970155769+0.2170062970884137i,2.593438970155769,5.975492427989631
0.076225,2.5E9,2.5938617040174616+0.16782756095119716i,2.5938617040174616,7.727758448362764
0.076225,2.5E9,2.5939137271704817+0.21576887651012833i,2.5939137271704817,6.01086164308021
0.076225,2.5E9,2.596811861190585+0.21002151813898126i,2.596811861190585,6.1822519049504026
0.076225,2.5E9,2.5971067832211316+0.21087418063577085i,2.5971067832211316,6.157953466353816
0.076225,2.5E9,2.6057512382168846+0.17584356925267844i,2.6057512382168846,7.409287838307439
0.076225,2.5E9,2.606787190488446+0.17756677819918232i,2.606787190488446,7.34030097556968
0.076225,2.5E9,2.6190046822122084+0.19433523772675423i,2.6190046822122084,6.738367968794908
0.076225,2.5E9,2.6202058835245934+0.19523218773792145i,2.6202058835245934,6.710486405658535
0.076225,2.5E9,2.6213804907897487+0.19393777978372514i,2.6213804907897487,6.758302827105298
0.076225,2.5E9,2.622045271008601+0.19442839489794475i,2.622045271008601,6.742958692800271
0.076225,2.5E9,2.6255197172946105+0.03813308674607981i,2.6255197172946105,34.42574338103539
0.076225,2.5E9,2.6260200479986757+0.19882039677716773i,2.6260200479986757,6.60400062208367
0.076225,2.5E9,2.627619802746679+0.19928673292479512i,2.627619802746679,6.592560789629344
0.076225,2.5E9,2.6290425859006783+0.181282906309838i,2.6290425859006783,7.251214798507463
0.076225,2.5E9,2.629739834551031+0.1839294184911086i,2.629739834551031,7.14877439434235
0.076225,2.5E9,2.6300354561626373+0.18124206991234898i,2.6300354561626373,7.255587671875952
0.076225,2.5E9,2.63073364384913+0.18369657306548684i,2.63073364384913,7.160540885298084
0.076225,2.5E9,2.640468013279539+0.16782877488869774i,2.640468013279539,7.86655332207087
0.076225,2.5E9,2.640516736800083+0.16807390375208645i,2.640516736800083,7.855225224895462
0.076225,2.5E9,2.641192666765722+0.167397186197335i,2.641192666765722,7.888999590626841
0.076225,2.5E9,2.6414670105673905+0.16790218789432995i,2.6414670105673905,7.866088714191773
0.076225,2.5E9,2.6622075797479625+0.03600513926431726i,2.6622075797479625,36.9698275599552
0.076225,2.5E9,2.663993069758672+0.03594398819099262i,2.663993069758672,37.05756099745013
0.076225,2.5E9,2.670358404347769+0.1554223462961335i,2.670358404347769,8.590651434574953
0.076225,2.5E9,2.671340685569177+0.15692699256529144i,2.671340685569177,8.51141235137649
0.076225,2.5E9,2.6725172582526966+0.05056473340870757i,2.6725172582526966,26.42669186694923
0.076225,2.5E9,2.6757272256355296+0.15649789065880731i,2.6757272256355296,8.548764505296372
0.076225,2.5E9,2.676181183308684+0.15875476694045182i,2.676181183308684,8.428664017101633
0.076225,2.5E9,2.6799452542927704+0.14078339911308246i,2.6799452542927704,9.517973252443417
0.076225,2.5E9,2.6801692911529766+0.14151910095551426i,2.6801692911529766,9.469284616199875
0.076225,2.5E9,2.6806946729182863+0.1407876469914329i,2.6806946729182863,9.520347595131732
0.076225,2.5E9,2.6809386151311596+0.14149758282936148i,2.6809386151311596,9.47344315543619
0.076225,2.5E9,2.684156378286733+0.05324140122819816i,2.684156378286733,25.207416750567482
0.076225,2.5E9,2.685253090446088+5.691536949271797E-4i,2.685253090446088,2358.9876639469526
0.076225,2.5E9,2.6872958176083666+0.14431184723237075i,2.6872958176083666,9.310724895930708
0.076225,2.5E9,2.6875900322392186+5.766061767290068E-4i,2.6875900322392186,2330.524837147497
0.076225,2.5E9,2.6882260981088546+0.14442190427638674i,2.6882260981088546,9.30685034094369
0.076225,2.5E9,2.688486753433869+0.14737257176398727i,2.688486753433869,9.121394575848885
0.076225,2.5E9,2.6887830210909773+0.12720774702021886i,2.6887830210909773,10.56847198411435
0.076225,2.5E9,2.688830929520796+0.12669558197141692i,2.688830929520796,10.61138394757683
0.076225,2.5E9,2.688952203239631+0.1285600534156941i,2.688952203239631,10.457961597701756
0.076225,2.5E9,2.6890121488060315+0.12827243247620906i,2.6890121488060315,10.481644796534
0.076225,2.5E9,2.6894539972367335+0.054553158139003244i,2.6894539972367335,24.64984694730153
0.076225,2.5E9,2.7073858028326283+0.03685907802405641i,2.7073858028326283,36.726173685972675
0.076225,2.5E9,2.7079957554577496+0.037150223468467795i,2.7079957554577496,36.44656078255129
0.076225,2.5E9,2.7094193104838697+0.030537003617198064i,2.7094193104838697,44.362887473313826
0.076225,2.5E9,2.7112602383588422+0.03086113814473761i,2.7112602383588422,43.92677006342298
0.076225,2.5E9,2.7242316169532117+0.04817221004415365i,2.7242316169532117,28.275966729118686
0.076225,3.0E9,2.8054579878176344+0.013397685860116772i,2.8054579878176344,104.69934946635561
0.076225,3.0E9,2.8059114130615392+0.013309147037982768i,2.8059114130615392,105.41289404399065
0.076225,3.0E9,2.8714074840215047+1.4985586280723251E-4i,2.8714074840215047,9580.564384441692
0.076225,3.0E9,2.871916494723488+0.03673603783165546i,2.871916494723488,39.08854444080461
0.076225,3.0E9,2.873661013215099+1.5638902711914826E-4i,2.873661013215099,9187.540411725115
0.076225,3.0E9,2.8738807621403955+0.03701417564146045i,2.8738807621403955,38.82135306724613
0.076225,3.0E9,2.8960703519552284+0.13647676838767075i,2.8960703519552284,10.610122096856662
0.076225,3.0E9,2.896523326199862+0.13744032484786803i,2.896523326199862,10.5373853321651
0.076225,3.0E9,2.8974082828747387+0.13918617082716606i,2.8974082828747387,10.408391385637678
0.076225,3.0E9,2.89743073046854+0.13794207365625683i,2.89743073046854,10.502345853117879
0.076225,3.0E9,2.9022822841981784+0.02760111974410876i,2.9022822841981784,52.57544460343222
0.076225,3.0E9,2.902429869093585+0.15338676123828754i,2.902429869093585,9.461148555658713
0.076225,3.0E9,2.902866936301302+0.15573756944379713i,2.902866936301302,9.31973879735196
0.076225,3.0E9,2.903777796433999+0.0278319361927481i,2.903777796433999,52.166291563836815
0.076225,3.0E9,2.9038048223718107+0.1523976814135165i,2.9038048223718107,9.52706365162018
0.076225,3.0E9,2.9049482663288537+0.15500653716401286i,2.9049482663288537,9.370405659908137
0.076225,3.0E9,2.9072538784138193+0.01725605846229694i,2.9072538784138193,84.23864246768542
0.076225,3.0E9,2.9080453789710994+0.017139760566172477i,2.9080453789710994,84.83331397028093
0.076225,3.0E9,2.9114962361087238+0.2039836896559891i,2.9114962361087238,7.136590776004821
0.076225,3.0E9,2.912266452536389+0.12613096718154218i,2.912266452536389,11.544613181094222
0.076225,3.0E9,2.912888794187692+0.12798631363418725i,2.912888794187692,11.379688622462252
0.076225,3.0E9,2.913472497745738+0.12671934226731202i,2.913472497745738,11.495768702775557
0.076225,3.0E9,2.9138945246269508+0.12488299758977162i,2.9138945246269508,11.666498165742338
0.076225,3.0E9,2.9140183113733893+0.20533633757012382i,2.9140183113733893,7.095719992517719
0.076225,3.0E9,2.9205700586243664+0.20210499460901205i,2.9205700586243664,7.225378235393039
0.076225,3.0E9,2.921510427991421+0.19924301236552167i,2.921510427991421,7.331525440480086
0.076225,3.0E9,2.923743462901045+0.17810996986805344i,2.923743462901045,8.20769175657881
0.076225,3.0E9,2.924214413228032+0.14146887734558i,2.924214413228032,10.335186325416172
0.076225,3.0E9,2.9242251626884186+0.19136568301123058i,2.9242251626884186,7.640411584444863
0.076225,3.0E9,2.925035139050347+0.17590030054365877i,2.925035139050347,8.314468849711682
0.076225,3.0E9,2.925135725921742+0.21004228763761984i,2.925135725921742,6.963206692379007
0.076225,3.0E9,2.9255812746571754+0.18089424017432493i,2.9255812746571754,8.086441204092067
0.076225,3.0E9,2.926092278570783+0.14587247140037504i,2.926092278570783,10.029624679969809
0.076225,3.0E9,2.926130653907428+0.19730980701790807i,2.926130653907428,7.415066433169864
0.076225,3.0E9,2.9262355385357317+0.19136840908528943i,2.9262355385357317,7.645555378034108
0.076225,3.0E9,2.9262384385978137+0.14177902012103194i,2.9262384385978137,10.31971597807554
0.076225,3.0E9,2.926799987379376+0.17789538899063573i,2.926799987379376,8.226182825720796
0.076225,3.0E9,2.927093720065621+0.19689716769858076i,2.927093720065621,7.4330518673243455
0.076225,3.0E9,2.927247639363994+0.14586093654966317i,2.927247639363994,10.034378321598519
0.076225,3.0E9,2.928048022795149+0.2088490708168122i,2.928048022795149,7.009961814394252
0.076225,3.0E9,2.9290154009172853+0.19183473561694642i,2.9290154009172853,7.634215439392354
0.076225,3.0E9,2.931427361421938+0.2031026267642033i,2.931427361421938,7.216616072684395
0.076225,3.0E9,2.9316715800862814+0.20458675791310807i,2.9316715800862814,7.1648615237634745
0.076225,3.0E9,2.9318351655784882+0.19484847354571883i,2.9318351655784882,7.523372167682311
0.076225,3.0E9,2.932157718535354+0.0449261019529538i,2.932157718535354,32.63311962393134
0.076225,3.0E9,2.936024663742405+0.16409109169023495i,2.936024663742405,8.946325585074792
0.076225,3.0E9,2.936201276534915+0.04572243845448079i,2.936201276534915,32.108975109213226
0.076225,3.0E9,2.936468568301487+0.1655564960739648i,2.936468568301487,8.868478851441674
0.076225,3.0E9,2.9377616821205756+0.1671817577875327i,2.9377616821205756,8.786131097670674
0.076225,3.0E9,2.9384272165343646+0.16902810595240558i,2.9384272165343646,8.692126081569409
0.076225,3.0E9,2.939554918153331+0.21438228257053676i,2.939554918153331,6.855871863352675
0.076225,3.0E9,2.9436118191847216+0.21491790523365445i,2.9436118191847216,6.848223781039755
0.076225,3.0E9,2.945544507964739+0.15685273034013558i,2.945544507964739,9.389522584584016
0.076225,3.0E9,2.9457911839456403+0.15723118090192806i,2.9457911839456403,9.36770673300183
0.076225,3.0E9,2.9460791027521784+0.15726205424710865i,2.9460791027521784,9.36678309607654
0.076225,3.0E9,2.9465952534935163+0.15731377374847424i,2.9465952534935163,9.365344124935831
0.076225,3.0E9,2.948265600289726+0.16762025541401618i,2.948265600289726,8.794478904138444
0.076225,3.0E9,2.9484816044304054+0.17003681585384456i,2.9484816044304054,8.670127082845335
0.076225,3.0E9,2.9486628203311613+0.21385123431447933i,2.9486628203311613,6.894191725812065
0.076225,3.0E9,2.951301567810867+0.2167605887407942i,2.951301567810867,6.807744860252435
0.076225,3.0E9,2.9514108649258373+0.16794278949022895i,2.9514108649258373,8.786953205566329
0.076225,3.0E9,2.9515130173670947+0.2021349148552071i,2.9515130173670947,7.300849087554511
0.076225,3.0E9,2.9517938638887813+0.2063972299079236i,2.9517938638887813,7.1507594002245405
0.076225,3.0E9,2.9522714846912494+0.1705650609264794i,2.9522714846912494,8.65438522008854
0.076225,3.0E9,2.9539042035580376+0.18033125690998514i,2.9539042035580376,8.19021686582188
0.076225,3.0E9,2.9557962428632827+0.1794168662539508i,2.9557962428632827,8.237230714640784
0.076225,3.0E9,2.960849850818965+0.18778616049228475i,2.960849850818965,7.8835677854455435
0.076225,3.0E9,2.9610185541294354+0.18739559875311138i,2.9610185541294354,7.900448499941818
0.076225,3.0E9,2.9611522641840144+0.1869728336159866i,2.9611522641840144,7.918669805972361
0.076225,3.0E9,2.9616155971807103+0.18634443946878357i,2.9616155971807103,7.946616506570995
0.076225,3.0E9,2.9618414473434247+0.18106537428756697i,2.9618414473434247,8.178928353908917
0.076225,3.0E9,2.9641213387792136+0.18054513554051532i,2.9641213387792136,8.208809752489975
0.076225,3.0E9,2.964364800755352+0.05551572560700048i,2.964364800755352,26.698424350428994
0.076225,3.0E9,2.9649443136334317+0.20423595000178807i,2.9649443136334317,7.258624922809805
0.076225,3.0E9,2.965109114853687+0.1579760952495488i,2.965109114853687,9.38467655555677
0.076225,3.0E9,2.96551097842851+0.21858363878869455i,2.96551097842851,6.783469693482591
0.076225,3.0E9,2.9664127592162126+0.055435358794427264i,2.9664127592162126,26.755601692925424
0.076225,3.0E9,2.966661239502684+0.20576207292331164i,2.966661239502684,7.208960323335124
0.076225,3.0E9,2.966774592260237+0.20921102352304066i,2.966774592260237,7.090387834973482
0.076225,3.0E9,2.9670343822796283+0.20729455548344036i,2.9670343822796283,7.1565661127955895
0.076225,3.0E9,2.967039676330242+0.18775234018853007i,2.967039676330242,7.901471889380745
0.076225,3.0E9,2.9671632571334765+0.1593114485951828i,2.9671632571334765,9.312460853561019
0.076225,3.0E9,2.967571389401531+0.16161451364189078i,2.967571389401531,9.181017603335876
0.076225,3.0E9,2.9689159125656315+0.20997878067006404i,2.9689159125656315,7.069561750695746
0.076225,3.0E9,2.9690437086142323+3.61742467760591E-4i,2.9690437086142323,4103.808611405849
0.076225,3.0E9,2.970198556456966+0.16368049247649571i,2.970198556456966,9.07315988459493
0.076225,3.0E9,2.9710159477613645+0.18941229396071502i,2.9710159477613645,7.8427220473280554
0.076225,3.0E9,2.971586802646895+0.19530592511560915i,2.971586802646895,7.6075183097693975
0.076225,3.0E9,2.971687836719317+0.18354814690996143i,2.971687836719317,8.095118056890714
0.076225,3.0E9,2.9722518908990416+0.2082489384992481i,2.9722518908990416,7.1362954172027475
0.076225,3.0E9,2.972701508090857+0.19214781814191506i,2.972701508090857,7.735454757793039
0.076225,3.0E9,2.9727792617634017+0.009673520385464908i,2.9727792617634017,153.65550199440295
0.076225,3.0E9,2.972790673719208+0.19384170718185445i,2.972790673719208,7.668088351415148
0.076225,3.0E9,2.973272212946352+0.19257110127592605i,2.973272212946352,7.719933555051154
0.076225,3.0E9,2.9736303704967306+0.18095177656379918i,2.9736303704967306,8.21663767818356
0.076225,3.0E9,2.974549180878921+0.19323806854573986i,2.974549180878921,7.696592093019287
0.076225,3.0E9,2.975383602826942+0.010196474342598166i,2.975383602826942,145.9025690084159
0.076225,3.0E9,2.9758168667300553+1.5507028309128207E-4i,2.9758168667300553,9595.05847093328
0.076225,3.0E9,2.975871854580462+0.20723587440714525i,2.975871854580462,7.179914826749364
0.076225,3.0E9,2.9818573940163495+0.2048370673607875i,2.9818573940163495,7.278607901479784
0.076225,3.0E9,2.981949179706101+0.18342915126109938i,2.981949179706101,8.12834044971808
0.076225,3.0E9,2.982595124204812+0.207375216664748i,2.982595124204812,7.191300802898275
0.076225,3.0E9,2.982896904269657+0.17900439189327005i,2.982896904269657,8.331909828358251
0.076225,3.0E9,2.983516153341401+0.18316860088234088i,2.983516153341401,8.144180113211313
0.076225,3.0E9,2.9840042803866993+0.17935687152318858i,2.9840042803866993,8.318622685166833
0.076225,3.0E9,2.9909588970355334+0.185226754605532i,2.9909588970355334,8.07377666203035
0.076225,3.0E9,2.9923121799983288+0.18789846031082635i,2.9923121799983288,7.962577700339777
0.076225,3.0E9,2.993830316139559+0.21946999755276306i,2.993830316139559,6.82059130979807
0.076225,3.0E9,2.9939816511694106+0.22269168743783332i,2.9939816511694106,6.722257318215371
0.076225,3.0E9,3.0023452453862736+0.18760141474170708i,3.0023452453862736,8.001925917029878
0.076225,3.0E9,3.003145723054111+0.18801968706930242i,3.003145723054111,7.986253380868509
0.076225,3.0E9,3.0046044132504783+0.13628048270331244i,3.0046044132504783,11.023604971342857
0.076225,3.0E9,3.0046673541878897+0.18876619845282464i,3.0046673541878897,7.958700707051636
0.076225,3.0E9,3.004731280174215+0.13767074467757673i,3.004731280174215,10.912744342348335
0.076225,3.0E9,3.0062969884118433+0.1354265743640891i,3.0062969884118433,11.099361416059786
0.076225,3.0E9,3.006400405695867+0.18910687332822818i,3.006400405695867,7.948945357680709
0.076225,3.0E9,3.0066645703232813+0.13666667760559462i,3.0066645703232813,10.999991450001415
0.076225,3.0E9,3.0068394192145984+0.21201016664676336i,3.0068394192145984,7.091262336075575
0.076225,3.0E9,3.0072404045883907+0.20593035736008938i,3.0072404045883907,7.301595653840236
0.076225,3.0E9,3.013698075042046+0.2182706574536433i,3.013698075042046,6.90358042212362
0.076225,3.0E9,3.0175628104658485+0.1505734796397609i,3.0175628104658485,10.020233369399474
0.076225,3.0E9,3.0184845362761785+0.15335641689907456i,3.0184845362761785,9.841402783499676
0.076225,3.0E9,3.018802146555635+0.15021633277086263i,3.018802146555635,10.048182147944136
0.076225,3.0E9,3.0195849801586676+0.21895112073200176i,3.0195849801586676,6.895568677756777
0.076225,3.0E9,3.019707117336032+0.050291806272601505i,3.019707117336032,30.021859833071257
0.076225,3.0E9,3.019987707258087+0.15321770251420777i,3.019987707258087,9.855217960137622
0.076225,3.0E9,3.0201463091494363+0.006128554812784152i,3.0201463091494363,246.3995510694803
0.076225,3.0E9,3.0241122805045006+0.05014030319812892i,3.0241122805045006,30.156501732296576
0.076225,3.0E9,3.0246361399035164+0.0062957093661177455i,3.0246361399035164,240.2140858170412
0.076225,3.0E9,3.024871823140667+0.12705418840796928i,3.024871823140667,11.903865039961705
0.076225,3.0E9,3.024893121867462+0.12485341004559473i,3.024893121867462,12.113778553436438
0.076225,3.0E9,3.0255685322796997+0.12686614722610579i,3.0255685322796997,11.924254808839642
0.076225,3.0E9,3.02557702339755+0.12506743358709327i,3.02557702339755,12.095782797408358
0.076225,3.0E9,3.0349508063440442+0.17535371976703115i,3.0349508063440442,8.653796481694755
0.076225,3.0E9,3.0355006005344145+0.19832201030639407i,3.0355006005344145,7.652959436637344
0.076225,3.0E9,3.0375456562574987+0.2032719116866656i,3.0375456562574987,7.471631547746098
0.076225,3.0E9,3.0384958575466348+0.17492450926292866i,3.0384958575466348,8.685163303729722
0.076225,3.0E9,3.038852544321243+0.20253633550532413i,3.038852544321243,7.5019934984489725
0.076225,3.0E9,3.0412196353205636+0.21055140818499227i,3.0412196353205636,7.222035847531644
0.076225,3.0E9,3.0437269550502006+0.1404954256382283i,3.0437269550502006,10.832121192641923
0.076225,3.0E9,3.044471610668211+0.21419249028150658i,3.044471610668211,7.106858897496724
0.076225,3.0E9,3.044778357510418+0.1405754003256326i,3.044778357510418,10.829698334336635
0.076225,3.0E9,3.0450006861435566+0.20534392901767365i,3.0450006861435566,7.414391797970998
0.076225,3.0E9,3.0451709589610316+0.1460960917047565i,3.0451709589610316,10.421808425631859
0.076225,3.0E9,3.046462562855667+0.21297889293008165i,3.046462562855667,7.152029294883656
0.076225,3.0E9,3.0466787187354165+0.21652538508930202i,3.0466787187354165,7.035384598158938
0.076225,3.0E9,3.0467069597619143+0.14518700965972628i,3.0467069597619143,10.492353850742084
0.076225,3.0E9,3.0472788056246003+0.17461372238595818i,3.0472788056246003,8.725771273832176
0.076225,3.0E9,3.0477740770657484+0.17583748986931869i,3.0477740770657484,8.666451276490683
0.076225,3.0E9,3.0481332318675225+0.20296298411592273i,3.0481332318675225,7.509086558676567
0.076225,3.0E9,3.0483422077538846+0.1555901600805705i,3.0483422077538846,9.796063601243604
0.076225,3.0E9,3.048600187660575+0.15530672257858932i,3.048600187660575,9.814772139428486
0.076225,3.0E9,3.0495602036209153+0.17865062318725142i,3.0495602036209153,8.534983391646328
0.076225,3.0E9,3.049760378550201+0.15354593266547828i,3.049760378550201,9.931101155230662
0.076225,3.0E9,3.0498661175038353+0.15309677186735487i,3.0498661175038353,9.960582709563207
0.076225,3.0E9,3.0499750238744823+0.19653798123760174i,3.0499750238744823,7.759250921040191
0.076225,3.0E9,3.0505505899208583+0.1603297452202838i,3.0505505899208583,9.513364428196335
0.076225,3.0E9,3.050608024436935+0.20529462750529784i,3.050608024436935,7.429829171633365
0.076225,3.0E9,3.050875754011869+0.2078926382797887i,3.050875754011869,7.337623350341778
0.076225,3.0E9,3.0509903211306555+0.17977918733506243i,3.0509903211306555,8.48538244709158
0.076225,3.0E9,3.0510724593805274+0.2143031833242548i,3.0510724593805274,7.118588749015581
0.076225,3.0E9,3.0513219948439687+0.21027834999252262i,3.0513219948439687,7.255435461978069
0.076225,3.0E9,3.0513832736150666+0.19940661458981213i,3.0513832736150666,7.651158613499086
0.076225,3.0E9,3.0531971699165905+0.16417450117303767i,3.0531971699165905,9.298633917268806
0.076225,3.0E9,3.0542007412279912+0.19865751898646303i,3.0542007412279912,7.687100787350796
0.076225,3.0E9,3.055047737054937+0.18122477239966372i,3.055047737054937,8.428891085368543
0.076225,3.0E9,3.0554747523018624+0.19221213191068712i,3.0554747523018624,7.948183920361521
0.076225,3.0E9,3.055484590386726+0.2003053217572277i,3.055484590386726,7.627067927056895
0.076225,3.0E9,3.0555285550646807+0.18335832011258457i,3.0555285550646807,8.33212409774627
0.076225,3.0E9,3.0555797171370216+0.188748750643827i,3.0555797171370216,8.094304483378984
0.076225,3.0E9,3.055716049868033+0.18132241121180187i,3.055716049868033,8.42619516651658
0.076225,3.0E9,3.055774553777326+0.18260901703647395i,3.055774553777326,8.36698702881406
0.076225,3.0E9,3.0567139351383696+0.1821505733368469i,3.0567139351383696,8.390623974281043
0.076225,3.0E9,3.056815060709197+0.16486004712888228i,3.056815060709197,9.270939545223706
0.076225,3.0E9,3.0572209200135836+0.16705981151333343i,3.0572209200135836,9.15007892179257
0.076225,3.0E9,3.057756923179291+0.16508193615935088i,3.057756923179291,9.261331052683099
0.076225,3.0E9,3.057773372080058+0.19716142098060102i,3.057773372080058,7.754492123438582
0.076225,3.0E9,3.058559206457919+0.19573161684672608i,3.058559206457919,7.813145509478476
0.076225,3.0E9,3.0586268352153305+6.236360004829383E-5i,3.0586268352153305,24522.532638003227
0.076225,3.0E9,3.0591653212139573+0.16741662930726345i,3.0591653212139573,9.136384282350482
0.076225,3.0E9,3.05933080630721+0.1915801725857484i,3.05933080630721,7.9844661506866
0.076225,3.0E9,3.0602756082395435+0.19419308671273489i,3.0602756082395435,7.879465896658141
0.076225,3.0E9,3.061282448577786+0.18285147435255125i,3.061282448577786,8.370953691834623
0.076225,3.0E9,3.064110016030905+5.84566942958391E-5i,3.064110016030905,26208.375729595486
0.076225,3.0E9,3.0642658443541055+0.16779586671788083i,3.0642658443541055,9.13093362873511
0.076225,3.0E9,3.0670642732222175+0.17240644154436893i,3.0670642732222175,8.894865660900802
0.076225,3.0E9,3.073166310807232+0.20625659945164845i,3.073166310807232,7.449861771641535
0.076225,3.0E9,3.0742719593471035+0.20137702431991253i,3.0742719593471035,7.633124905210731
0.076225,3.0E9,3.0820310988735566+0.17595353428871277i,3.0820310988735566,8.758082386161156
0.076225,3.0E9,3.0837677476276717+0.178374625811284i,3.0837677476276717,8.64407629056563
0.076225,3.0E9,3.088772015727975+0.20455623497635209i,3.088772015727975,7.5499336798143935
0.076225,3.0E9,3.0896085679657026+0.19107797246116442i,3.0896085679657026,8.084680112967101
0.076225,3.0E9,3.089741269178706+0.159125743601619i,3.089741269178706,9.708489648645607
0.076225,3.0E9,3.090239363062099+0.18901703719836732i,3.090239363062099,8.174499528894298
0.076225,3.0E9,3.0907700837026955+0.1901037442586421i,3.0907700837026955,8.129166776161984
0.076225,3.0E9,3.0908513528995076+0.15473478420969372i,3.0908513528995076,9.98757767584709
0.076225,3.0E9,3.091173068112459+0.1788638542693956i,3.091173068112459,8.641134008710033
0.076225,3.0E9,3.091391969721014+0.1903090462173348i,3.091391969721014,8.122031062545009
0.076225,3.0E9,3.0927683029895974+0.16438570868397434i,3.0927683029895974,9.407047387967692
0.076225,3.0E9,3.09297998459738+0.18056432535069716i,3.09297998459738,8.564759341553508
0.076225,3.0E9,3.0936398658365145+0.20219087162109475i,3.0936398658365145,7.650295587117279
0.076225,3.0E9,3.0943303865677136+0.16020890629038556i,3.0943303865677136,9.657173431291971
0.076225,3.0E9,3.0951338714990846+0.17950238811312286i,3.0951338714990846,8.621428115899281
0.076225,3.0E9,3.0956744502152467+0.1748185223535957i,3.0956744502152467,8.853965839940571
0.076225,3.0E9,3.09769013862703+0.0407408725304508i,3.09769013862703,38.01698326799131
0.076225,3.0E9,3.0978412240474675+0.17598756522795037i,3.0978412240474675,8.801307126543131
0.076225,3.0E9,3.0978764041957323+0.18065807181928356i,3.0978764041957323,8.573866567375438
0.076225,3.0E9,3.101217859987922+0.041638461476512276i,3.101217859987922,37.23982287070427
0.076225,3.0E9,3.103182875371339+0.1908504197555984i,3.103182875371339,8.129882237998878
0.076225,3.0E9,3.106004786141748+0.19293108408199053i,3.106004786141748,8.04951882409415
0.076225,3.0E9,3.110136851547764+0.00705574153443507i,3.110136851547764,220.3975894219588
0.076225,3.0E9,3.1111720788174106+0.0070716069382764455i,3.1111720788174106,219.97631556539062
0.076225,3.0E9,3.1137330772479257+0.13512607290982953i,3.1137330772479257,11.52158502869294
0.076225,3.0E9,3.114247843624836+0.1352842263044904i,3.114247843624836,11.51001830995232
0.076225,3.0E9,3.11474521895149+0.13652352122296155i,3.11474521895149,11.407357468698326
0.076225,3.0E9,3.1149483624053826+0.1338871849402377i,3.1149483624053826,11.632735290520076
0.076225,3.0E9,3.1327934395675188+0.14908501929811963i,3.1327934395675188,10.506734527440988
0.076225,3.0E9,3.13393934403765+0.15269854443233558i,3.13393934403765,10.26185074549409
0.076225,3.0E9,3.1339882111516317+0.14860018655579976i,3.1339882111516317,10.545034578320703
0.076225,3.0E9,3.135415462446074+0.15169846776660434i,3.135415462446074,10.334367606369192
0.076225,3.0E9,3.136821231633255+0.12364345350354032i,3.136821231633255,12.684946686414893
0.076225,3.0E9,3.1369239868357432+0.12584240509222525i,3.1369239868357432,12.463700072073511
0.076225,3.0E9,3.1370328709024498+0.023850592575592983i,3.1370328709024498,65.76425430437037
0.076225,3.0E9,3.13797009699171+0.12726348543840812i,3.13797009699171,12.328634903333674
0.076225,3.0E9,3.1382106029554966+0.12512405886374509i,3.1382106029554966,12.540396433162696
0.076225,3.0E9,3.1404087715535383+0.024372663666894848i,3.1404087715535383,64.42481655829692
0.076225,3.0E9,3.1515803798229776+0.1520852884269896i,3.1515803798229776,10.361226955018507
0.076225,3.0E9,3.1521324579635497+0.15119710648453577i,3.1521324579635497,10.423917928237422
0.076225,3.0E9,3.1535262366051553+0.15212756361000207i,3.1535262366051553,10.364743120088386
0.076225,3.0E9,3.1538909653354708+0.15249138142674099i,3.1538909653354708,10.3412105517932
0.076225,3.0E9,3.1545419921402416+0.027614389347973584i,3.1545419921402416,57.11772135152664
0.076225,3.0E9,3.1617033167511406+0.13978856613000243i,3.1617033167511406,11.308876699582061
0.076225,3.0E9,3.1635356880499566+0.1455943963180599i,3.1635356880499566,10.864208266432929
0.076225,3.0E9,3.163612396854679+0.13837354908179597i,3.163612396854679,11.431420303401303
0.076225,3.0E9,3.1653777382860424+0.14419851317352841i,3.1653777382860424,10.975764134533165
0.076225,3.0E9,3.1862904785710393+0.039457564990445435i,3.1862904785710393,40.37616714744806
0.076225,3.0E9,3.1876541628817754+9.513635629319566E-5i,3.1876541628817754,16753.08098335149
0.076225,3.0E9,3.1939591071702633+0.04209792696792709i,3.1939591071702633,37.93487396188923
0.076225,3.0E9,3.1967819146184215+1.0725259402509689E-4i,3.1967819146184215,14903.051733510432
0.076225,3.0E9,3.2051613326225215+0.05349638598437541i,3.2051613326225215,29.95680244230561
0.076225,3.5E9,3.3098881820681965+0.05932058245663019i,3.3098881820681965,27.898311555589373
0.076225,3.5E9,3.3105148787877203+0.0027963006555822836i,3.3105148787877203,591.9454462414307
0.076225,3.5E9,3.3117761979859193+0.050908001152537415i,3.3117761979859193,32.52706964532676
0.076225,3.5E9,3.314084012779307+0.05155187457985542i,3.314084012779307,32.143195953482646
0.076225,3.5E9,3.3142077903104603+0.002832197014195415i,3.3142077903104603,585.0948528119922
0.076225,3.5E9,3.3459758107924533+0.05381421075612932i,3.3459758107924533,31.08821781253527
0.076225,3.5E9,3.3611014735678313+0.12615222665962894i,3.3611014735678313,13.32160978274451
0.076225,3.5E9,3.361269693241956+0.12353775580436371i,3.361269693241956,13.60422031044871
0.076225,3.5E9,3.3627217318142235+0.1259836021379428i,3.3627217318142235,13.345870711540261
0.076225,3.5E9,3.3629849987847065+0.12341037634621083i,3.3629849987847065,13.625211665145217
0.076225,3.5E9,3.3633795953044205+0.1442350464943562i,3.3633795953044205,11.659370163672484
0.076225,3.5E9,3.363828394213159+0.14658579703326124i,3.363828394213159,11.47392333463891
0.076225,3.5E9,3.3729842915512296+0.01853613880768622i,3.3729842915512296,90.98400499009489
0.076225,3.5E9,3.375359451048571+0.018544017109445893i,3.375359451048571,91.0093921701906
0.076225,3.5E9,3.386017074013058+0.1585846795214282i,3.386017074013058,10.675738300292542
0.076225,3.5E9,3.3869853459956087+0.1583193796763049i,3.3869853459956087,10.696685879266765
0.076225,3.5E9,3.3873068722451922+0.16108930975909141i,3.3873068722451922,10.51375438044554
0.076225,3.5E9,3.3893018519226974+0.161133105747726i,3.3893018519226974,10.51708721244743
0.076225,3.5E9,3.397632138623756+0.13721276870225094i,3.397632138623756,12.3808890774464
0.076225,3.5E9,3.3986905748624157+0.1451424731871877i,3.3986905748624157,11.7081185824882
0.076225,3.5E9,3.4007834322433497+0.13504041173095474i,3.4007834322433497,12.591724909054772
0.076225,3.5E9,3.402713398417437+0.14175373592050922i,3.402713398417437,12.002200070146884
0.076225,3.5E9,3.408403591438967+5.9720191477508664E-5i,3.408403591438967,28536.44225774638
0.076225,3.5E9,3.4085449533739345+0.029007040126152493i,3.4085449533739345,58.75375320181014
0.076225,3.5E9,3.4125844007611796+0.030709451350453103i,3.4125844007611796,55.562444958998405
0.076225,3.5E9,3.412798841031118+1.576291758112582E-4i,3.412798841031118,10825.40343012873
0.076225,3.5E9,3.414143324858223+0.16892844490940312i,3.414143324858223,10.10529436498761
0.076225,3.5E9,3.418280640311589+0.17562119448648836i,3.418280640311589,9.731970706344839
0.076225,3.5E9,3.418758197141579+0.15761759466272796i,3.418758197141579,10.845103316216314
0.076225,3.5E9,3.4222410238992866+0.16472732098023848i,3.4222410238992866,10.387593884046217
0.076225,3.5E9,3.4230686394080836+0.15891108227385572i,3.4230686394080836,10.770389926326907
0.076225,3.5E9,3.4258710344052394+0.1653631485269378i,3.4258710344052394,10.358629068577399
0.076225,3.5E9,3.4309523545060165+0.18092426534888897i,3.4309523545060165,9.481736316269876
0.076225,3.5E9,3.4335985863104765+0.1871902566026869i,3.4335985863104765,9.171413749376716
0.076225,3.5E9,3.4343401970323373+0.17331010729761723i,3.4343401970323373,9.908078214776902
0.076225,3.5E9,3.437277715674591+0.18818748845720157i,3.437277715674591,9.13258831353263
0.076225,3.5E9,3.437996253923107+0.18683193848799468i,3.437996253923107,9.200772313733777
0.076225,3.5E9,3.438375155163888+0.17530958760165913i,3.438375155163888,9.806580467739767
0.076225,3.5E9,3.438628218331316+0.1670473663635542i,3.438628218331316,10.29237483112318
0.076225,3.5E9,3.4399622012239353+0.0012052860563051167i,3.4399622012239353,1427.0314433775848
0.076225,3.5E9,3.440669623572214+0.17819081052896038i,3.440669623572214,9.65445303649096
0.076225,3.5E9,3.4407425465057933+0.16468530827196207i,3.4407425465057933,10.446416206185607
0.076225,3.5E9,3.442179718973899+0.13372069826197466i,3.442179718973899,12.8707812766213
0.076225,3.5E9,3.4422486222582127+0.17543418635092814i,3.4422486222582127,9.810655191721137
0.076225,3.5E9,3.442383170267025+0.1313937831194962i,3.442383170267025,13.099490282338344
0.076225,3.5E9,3.442848027658635+0.18095447955459498i,3.442848027658635,9.513022380360328
0.076225,3.5E9,3.443456491838839+0.13197499189723733i,3.443456491838839,13.045867411456614
0.076225,3.5E9,3.4436588040733036+0.13334747980639236i,3.4436588040733036,12.912350533632743
0.076225,3.5E9,3.4442365501489074+0.03226151839719633i,3.4442365501489074,53.37995111922921
0.076225,3.5E9,3.444711637112614+0.16985145527655904i,3.444711637112614,10.140365390169293
0.076225,3.5E9,3.4448673635730946+0.1701101653816547i,3.4448673635730946,10.125401253488528
0.076225,3.5E9,3.4462925061921252+0.16562884258429775i,3.4462925061921252,10.403660535266116
0.076225,3.5E9,3.446855233191161+0.16621102650425548i,3.446855233191161,10.368912657858205
0.076225,3.5E9,3.447073837126962+0.1765161978269317i,3.447073837126962,9.764185608922713
0.076225,3.5E9,3.4473439138717716+0.18243158877318322i,3.4473439138717716,9.448319605871127
0.076225,3.5E9,3.448555779900107+2.7019011107429794E-4i,3.448555779900107,6381.720941207596
0.076225,3.5E9,3.4491381889306676+0.18085282179166504i,3.4491381889306676,9.535759947677047
0.076225,3.5E9,3.4507690306942336+0.18475340606168297i,3.4507690306942336,9.338850915533696
0.076225,3.5E9,3.4513370332088678+0.18796454471978247i,3.4513370332088678,9.180819282578321
0.076225,3.5E9,3.4543963086614227+4.091157866386374E-4i,3.4543963086614227,4221.783198643238
0.076225,3.5E9,3.455674661517192+0.03457102748284569i,3.455674661517192,49.979345612911196
0.076225,3.5E9,3.456332208796083+0.18257075642605267i,3.456332208796083,9.465733385938
0.076225,3.5E9,3.460308549135132+0.14884037050491028i,3.460308549135132,11.62422714145614
0.076225,3.5E9,3.460884915487963+0.18422098317335117i,3.460884915487963,9.39329726687889
0.076225,3.5E9,3.462928446793483+0.16220314410696385i,3.462928446793483,10.674664988336714
0.076225,3.5E9,3.4632300281148507+0.15263275621035804i,3.4632300281148507,11.34497638023989
0.076225,3.5E9,3.4642859260339565+0.170342286341635i,3.4642859260339565,10.16860229023243
0.076225,3.5E9,3.46466769428648+0.16513734035485458i,3.46466769428648,10.490261278404525
0.076225,3.5E9,3.4658967453600873+0.1468929926518769i,3.4658967453600873,11.79735221806648
0.076225,3.5E9,3.4668645871274393+0.14530529687503563i,3.4668645871274393,11.929587777206038
0.076225,3.5E9,3.467322827037689+0.17094365549106225i,3.467322827037689,10.141712534101558
0.076225,3.5E9,3.46806200989855+0.17663867867800892i,3.46806200989855,9.816825046060298
0.076225,3.5E9,3.4681043253995063+0.14711540231159276i,3.4681043253995063,11.787019818815455
0.076225,3.5E9,3.468355658689874+0.14603284041086337i,3.468355658689874,11.875259184617843
0.076225,3.5E9,3.469081880353448+0.19083816663320624i,3.469081880353448,9.089067301251836
0.076225,3.5E9,3.4692413495742285+0.17502220216589123i,3.4692413495742285,9.910860755499975
0.076225,3.5E9,3.4694541378457426+0.16391293030596776i,3.4694541378457426,10.583222846939204
0.076225,3.5E9,3.469535096857539+0.051102919847496014i,3.469535096857539,33.9465446124361
0.076225,3.5E9,3.470488908881429+0.17297784843770003i,3.470488908881429,10.031599248765561
0.076225,3.5E9,3.4716625669816916+0.18842318200548291i,3.4716625669816916,9.212408287640185
0.076225,3.5E9,3.472862842985173+0.19795739189698158i,3.472862842985173,8.77174327693829
0.076225,3.5E9,3.4732381398667305+0.12260195301855503i,3.4732381398667305,14.164693360721087
0.076225,3.5E9,3.473414926856591+0.12630451174651924i,3.473414926856591,13.750161727505802
0.076225,3.5E9,3.4739360499214462+0.17683207723480923i,3.4739360499214462,9.822697624335788
0.076225,3.5E9,3.4740044430633614+0.0017215602749695495i,3.4740044430633614,1008.9697391294675
0.076225,3.5E9,3.474115953290199+0.1846681926284353i,3.474115953290199,9.406373409091493
0.076225,3.5E9,3.4744967827324653+0.1252593313481645i,3.4744967827324653,13.869213356547982
0.076225,3.5E9,3.4746059415560575+0.16656410090745533i,3.4746059415560575,10.430236535442242
0.076225,3.5E9,3.475546951361033+0.12453902345390744i,3.475546951361033,13.953646234617182
0.076225,3.5E9,3.476045697097244+0.14425895812889628i,3.476045697097244,12.047937064647922
0.076225,3.5E9,3.477929484028205+0.14973512492655483i,3.477929484028205,11.613605978337185
0.076225,3.5E9,3.4813528534909124+0.14395151354567232i,3.4813528534909124,12.092102291048032
0.076225,3.5E9,3.4832617169043996+0.17655363369202426i,3.4832617169043996,9.864599340335623
0.076225,3.5E9,3.483577542914256+0.14971162972797472i,3.483577542914256,11.634291702133961
0.076225,3.5E9,3.4838832718452597+0.17318230462052714i,3.4838832718452597,10.058427388060982
0.076225,3.5E9,3.4844797524632107+0.1913951056194312i,3.4844797524632107,9.102844456722233
0.076225,3.5E9,3.4855610295947375+0.05653903508356547i,3.4855610295947375,30.82437668455988
0.076225,3.5E9,3.4860047958890332+0.0010766080744568222i,3.4860047958890332,1618.9757807862518
0.076225,3.5E9,3.487483565832662+0.17963192139690043i,3.487483565832662,9.707304633587356
0.076225,3.5E9,3.487596052201811+0.19819517242380472i,3.487596052201811,8.798387996919052
0.076225,3.5E9,3.489553042896897+0.0018465868451595863i,3.489553042896897,944.8656725904817
0.076225,3.5E9,3.4905538964256575+0.19728488615398662i,3.4905538964256575,8.846480752968521
0.076225,3.5E9,3.4918994707262416+0.19608366793545018i,3.4918994707262416,8.904105853108987
0.076225,3.5E9,3.4933578483484147+0.1989998288770116i,3.4933578483484147,8.777288573718884
0.076225,3.5E9,3.4934757737461704+0.19383709566657456i,3.4934757737461704,9.011370506075396
0.076225,3.5E9,3.493498077954181+0.1900865595308649i,3.493498077954181,9.189229597758413
0.076225,3.5E9,3.4942633307466324+0.15387444756061303i,3.4942633307466324,11.35426767127856
0.076225,3.5E9,3.4944384280954615+0.1697795012374782i,3.4944384280954615,10.291108180391088
0.076225,3.5E9,3.49464869996464+0.19875760476772064i,3.49464869996464,8.791232677734982
0.076225,3.5E9,3.4962436428788264+0.15901252602659485i,3.4962436428788264,10.99361078728502
0.076225,3.5E9,3.497600576634892+0.15635121490414913i,3.497600576634892,11.185076428024852
0.076225,3.5E9,3.4985591119670842+0.18378895809201376i,3.4985591119670842,9.517870791278805
0.076225,3.5E9,3.4987975317237217+0.16201010181461972i,3.4987975317237217,10.79808447910003
0.076225,3.5E9,3.4988547298274786+0.1938132785844595i,3.4988547298274786,9.02635452891004
0.076225,3.5E9,3.5002131496767865+0.19942500147855488i,3.5002131496767865,8.775763128308617
0.076225,3.5E9,3.5030278646996695+0.18964100079422502i,3.5030278646996695,9.235945417997247
0.076225,3.5E9,3.503467559869725+0.19991116848223273i,3.503467559869725,8.762560857576846
0.076225,3.5E9,3.503962006498801+0.1979792023862332i,3.503962006498801,8.84931842402062
0.076225,3.5E9,3.503974658814118+0.04745842196025603i,3.503974658814118,36.916257579619014
0.076225,3.5E9,3.5065850095905424+0.1898808935455735i,3.5065850095905424,9.23364363868691
0.076225,3.5E9,3.5077199602438576+0.18375920770341586i,3.5077199602438576,9.544337952047705
0.076225,3.5E9,3.508315400619276+0.19462149076962956i,3.508315400619276,9.013175746279774
0.076225,3.5E9,3.5087554762572872+0.0011976946303440394i,3.5087554762572872,1464.7955277420724
0.076225,3.5E9,3.509463838800919+0.08636161859014188i,3.509463838800919,20.31842325383143
0.076225,3.5E9,3.509797885352616+0.17593756445004802i,3.509797885352616,9.974555167691642
0.076225,3.5E9,3.5112100791307865+0.1892807277230238i,3.5112100791307865,9.27513889387823
0.076225,3.5E9,3.5134391111668797+0.1807833888563825i,3.5134391111668797,9.717262004525253
0.076225,3.5E9,3.514641097280572+0.0011598243225330643i,3.514641097280572,1515.160972656864
0.076225,3.5E9,3.515909217955757+0.13605341783633562i,3.515909217955757,12.921061719247628
0.076225,3.5E9,3.5161741685135595+0.048970885775134344i,3.5161741685135595,35.900659267827116
0.076225,3.5E9,3.5168580338539845+0.19248729942183734i,3.5168580338539845,9.135298911713557
0.076225,3.5E9,3.5177038987898532+0.14334789083912533i,3.5177038987898532,12.269813940749422
0.076225,3.5E9,3.51799462967356+0.13518976946640274i,3.51799462967356,13.011319730624473
0.076225,3.5E9,3.5184321377897554+0.17167616340493488i,3.5184321377897554,10.247293706962632
0.076225,3.5E9,3.5184887416382917+0.14439762259722616i,3.5184887416382917,12.18333334840473
0.076225,3.5E9,3.5185216617039337+0.0887461466769632i,3.5185216617039337,19.823517941074023
0.076225,3.5E9,3.5187547404098822+0.17892697109621386i,3.5187547404098822,9.832935523504036
0.076225,3.5E9,3.5195281376611156+0.19475626132503115i,3.5195281376611156,9.035725254006932
0.076225,3.5E9,3.520814310338811+0.1817016586771496i,3.520814310338811,9.688448459886242
0.076225,3.5E9,3.522492810236518+0.18659883788223175i,3.522492810236518,9.438678317117043
0.076225,3.5E9,3.522638121555034+0.18812308148327742i,3.522638121555034,9.362588826900987
0.076225,3.5E9,3.5308632732155725+0.1861737445682534i,3.5308632732155725,9.482710038958041
0.076225,3.5E9,3.531088922586987+0.16682184959949997i,3.531088922586987,10.583412577741766
0.076225,3.5E9,3.533446942020016+0.19483523211223852i,3.533446942020016,9.067782309476007
0.076225,3.5E9,3.5358821826042353+0.17242091273087098i,3.5358821826042353,10.2536349176023
0.076225,3.5E9,3.5371150681521604+0.18484059687010454i,3.5371150681521604,9.568014624616918
0.076225,3.5E9,3.5380970712064617+0.15833899074507346i,3.5380970712064617,11.172538913371044
0.076225,3.5E9,3.5397261241040066+0.18922322321416046i,3.5397261241040066,9.353307865646569
0.076225,3.5E9,3.5404598703950327+0.16648238420046907i,3.5404598703950327,10.633136615018087
0.076225,3.5E9,3.5406830603924324+0.184496171861364i,3.5406830603924324,9.59554614242351
0.076225,3.5E9,3.5412191799173676+0.1556033064106768i,3.5412191799173676,11.378997212858664
0.076225,3.5E9,3.543237864214858+0.19068178818276826i,3.543237864214858,9.290970831516088
0.076225,3.5E9,3.5446070509210195+0.1612831666351743i,3.5446070509210195,10.988769395069571
0.076225,3.5E9,3.544722056647988+0.16848795202479458i,3.544722056647988,10.519215214053848
0.076225,3.5E9,3.545454209745262+0.16901356312879917i,3.545454209745262,10.488667726161712
0.076225,3.5E9,3.545642157068122+0.16220153011119604i,3.545642157068122,10.929743247913365
0.076225,3.5E9,3.545965788738753+0.16404461493323605i,3.545965788738753,10.807931092958805
0.076225,3.5E9,3.5464046024861995+0.1796279495596054i,3.5464046024861995,9.871527819531801
0.076225,3.5E9,3.5471865048290123+0.19443440669666154i,3.5471865048290123,9.121807619067653
0.076225,3.5E9,3.549909763200596+0.18768255100970743i,3.549909763200596,9.45721843640378
0.076225,3.5E9,3.550533784532493+0.17298771199807034i,3.550533784532493,10.262387263010043
0.076225,3.5E9,3.5510744008126314+0.18900100863416108i,3.5510744008126314,9.394326587130156
0.076225,3.5E9,3.551400606375536+0.12921275223073278i,3.551400606375536,13.742453995693346
0.076225,3.5E9,3.5515233437082045+0.13203307663132569i,3.5515233437082045,13.449369787939878
0.076225,3.5E9,3.5537568219528257+0.1599897179319046i,3.5537568219528257,11.10620378575012
0.076225,3.5E9,3.554488639103362+0.13293118637625764i,3.554488639103362,13.369656647171157
0.076225,3.5E9,3.554508357362905+0.13260683254685868i,3.554508357362905,13.402432925569142
0.076225,3.5E9,3.5555497079640914+0.1716633761829645i,3.5555497079640914,10.35616852884936
0.076225,3.5E9,3.555729328013097+0.18835140001615888i,3.555729328013097,9.439083881797657
0.076225,3.5E9,3.5559732995960465+0.1773536705689038i,3.5559732995960465,10.025090792283638
0.076225,3.5E9,3.5562179223870554+0.17332324577462246i,3.5562179223870554,10.258917972870513
0.076225,3.5E9,3.5567751612524803+0.16084754743116725i,3.5567751612524803,11.056354971077688
0.076225,3.5E9,3.556898823032407+0.16971615788283678i,3.556898823032407,10.478963427536186
0.076225,3.5E9,3.557096622461921+0.1666036291437223i,3.557096622461921,10.675327544615957
0.076225,3.5E9,3.5583676195351517+0.1843947613925167i,3.5583676195351517,9.64877633361975
0.076225,3.5E9,3.561266708345238+0.16581362241167064i,3.561266708345238,10.738763970500477
0.076225,3.5E9,3.5623760869497354+0.1675764801918357i,3.5623760869497354,10.62910523861001
0.076225,3.5E9,3.564306373903338+0.18802355703812373i,3.564306373903338,9.478350558969154
0.076225,3.5E9,3.5645110219924683+0.17590809768113427i,3.5645110219924683,10.131742281852762
0.076225,3.5E9,3.5674180042552326+0.08875214956753788i,3.5674180042552326,20.09764282689586
0.076225,3.5E9,3.5695492782194287+0.17545293083324953i,3.5695492782194287,10.17238430064166
0.076225,3.5E9,3.5702067109435967+0.18372696224290508i,3.5702067109435967,9.716066350194787
0.076225,3.5E9,3.570895966782722+0.14476354140699754i,3.570895966782722,12.333547287100679
0.076225,3.5E9,3.5709458643832592+0.17436963137671094i,3.5709458643832592,10.239586550104388
0.076225,3.5E9,3.571260968561495+0.14344399077610565i,3.571260968561495,12.448276673143083
0.076225,3.5E9,3.5720805187805977+0.17742020325103677i,3.5720805187805977,10.06672423243243
0.076225,3.5E9,3.5728639929727546+0.17110731781330557i,3.5728639929727546,10.440418442158887
0.076225,3.5E9,3.573176239504592+0.08753983719876578i,3.573176239504592,20.408858148727344
0.076225,3.5E9,3.5734032008596213+0.17993559195520067i,3.5734032008596213,9.929673062540363
0.076225,3.5E9,3.5751342444092744+0.07653644904146317i,3.5751342444092744,23.35576244510943
0.076225,3.5E9,3.5757123142603513+0.17525261856432175i,3.5757123142603513,10.201594542645829
0.076225,3.5E9,3.5757427841022356+0.14556454105387312i,3.5757427841022356,12.282327681639378
0.076225,3.5E9,3.5757766841601217+0.16154184903364074i,3.5757766841601217,11.067648121990587
0.076225,3.5E9,3.57628343385087+0.14397754640043456i,3.57628343385087,12.419587370604324
0.076225,3.5E9,3.5777810751451504+0.15404324609092215i,3.5777810751451504,11.612911198435174
0.076225,3.5E9,3.5795321247084075+0.17338239559166543i,3.5795321247084075,10.32265159474033
0.076225,3.5E9,3.57993848732064+0.12483494394789882i,3.57993848732064,14.338687446420314
0.076225,3.5E9,3.5802222833650394+0.1372874861846639i,3.5802222833650394,13.039142833999165
0.076225,3.5E9,3.5802298207245484+0.12230034157969148i,3.5802298207245484,14.637039334806984
0.076225,3.5E9,3.58140326413747+0.18051793935003058i,3.58140326413747,9.919798766351425
0.076225,3.5E9,3.582809600291643+0.17499990021086073i,3.582809600291643,10.236604695130247
0.076225,3.5E9,3.58309605460601+0.1478619529967947i,3.58309605460601,12.11635576964036
0.076225,3.5E9,3.5833036888111245+0.15315095528045822i,3.5833036888111245,11.698600515580157
0.076225,3.5E9,3.5862905769456286+0.16292444729802819i,3.5862905769456286,11.005992766651637
0.076225,3.5E9,3.587894413486623+0.15749101040478222i,3.587894413486623,11.390791145047084
0.076225,3.5E9,3.589628962612213+0.09182407094451046i,3.589628962612213,19.54623077418031
0.076225,3.5E9,3.59098134768578+0.14319372078187748i,3.59098134768578,12.53889251594981
0.076225,3.5E9,3.5932401592139653+0.125799782386268i,3.5932401592139653,14.281583366261033
0.076225,3.5E9,3.593866143746739+0.12318673107899478i,3.593866143746739,14.587066773620835
0.076225,3.5E9,3.5941236079142427+0.16745314049665477i,3.5941236079142427,10.731729477435639
0.076225,3.5E9,3.5945127323604553+0.15081468371228698i,3.5945127323604553,11.91698528247355
0.076225,3.5E9,3.596242099238755+0.14148176283386632i,3.596242099238755,12.709207275928593
0.076225,3.5E9,3.5971274815297893+0.1568327378881349i,3.5971274815297893,11.468037636681238
0.076225,3.5E9,3.5977609573448603+0.1688590052644022i,3.5977609573448603,10.653150987450823
0.076225,3.5E9,3.59832647820163+0.1476893070105272i,3.59832647820163,12.182081936186291
0.076225,3.5E9,3.601307581100581+0.16444529742487254i,3.601307581100581,10.949864901870638
0.076225,3.5E9,3.6062465283964142+0.012780030531377632i,3.6062465283964142,141.08912023106396
0.076225,3.5E9,3.607712392464914+0.1615259381059709i,3.607712392464914,11.167594612878936
0.076225,3.5E9,3.6081830876524728+0.1521657942687942i,3.6081830876524728,11.856091262136008
0.076225,3.5E9,3.608273058815436+0.15811636109507404i,3.608273058815436,11.410182456215939
0.076225,3.5E9,3.611056585271625+0.16196261649199054i,3.611056585271625,11.147808869370174
0.076225,3.5E9,3.6114919700968033+0.1572174122112148i,3.6114919700968033,11.485661541244937
0.076225,3.5E9,3.6140914162020072+0.16332643381560588i,3.6140914162020072,11.064012517050012
0.076225,3.5E9,3.6182266744159084+0.012679647278528043i,3.6182266744159084,142.67852231753648
0.076225,3.5E9,3.618354215082348+0.15465187291626503i,3.618354215082348,11.698384723221155
0.076225,3.5E9,3.626200005449978+3.59927066750431E-4i,3.626200005449978,5037.409437124023
0.076225,3.5E9,3.6331060606636174+3.5234760664462807E-4i,3.6331060606636174,5155.570794507919
0.076225,3.5E9,3.633469705331041+0.13625976246855623i,3.633469705331041,13.332878465018288
0.076225,3.5E9,3.6350063733179816+0.044709053031277424i,3.6350063733179816,40.65179339377883
0.076225,3.5E9,3.635753591875983+0.1462392753740908i,3.635753591875983,12.430838372849765
0.076225,3.5E9,3.6363918782407088+0.14221639095728067i,3.6363918782407088,12.784714384057944
0.076225,3.5E9,3.6367082448480543+0.13257240380144258i,3.6367082448480543,13.715932353066684
0.076225,3.5E9,3.6483309312413463+5.029901813231936E-4i,3.6483309312413463,3626.642295127756
0.076225,3.5E9,3.6521995555794566+4.80185580488837E-4i,3.6521995555794566,3802.904235339028
0.076225,3.5E9,3.652814830341432+0.03361745617347495i,3.652814830341432,54.32913798551477
0.076225,3.5E9,3.6566663136752693+0.03428054984148041i,3.6566663136752693,53.3344174843223
0.076225,3.5E9,3.66288765765414+0.04009058004618022i,3.66288765765414,45.68264731309538
0.076225,3.5E9,3.6788433344670213+6.046416829443958E-4i,3.6788433344670213,3042.1681453983847
0.076225,3.5E9,3.692997216555221+0.02530375521958168i,3.692997216555221,72.97330345847918
0.076225,3.5E9,3.6948187682925857+0.001634285895840784i,3.6948187682925857,1130.407714371092
0.076225,4.0E9,3.841361342142198+0.006550145882909279i,3.841361342142198,293.2271594259546
0.076225,4.0E9,3.8452733985265244+5.656413777481223E-4i,3.8452733985265244,3399.0382862680253
0.076225,4.0E9,3.848311219250157+0.00306002543334828i,3.848311219250157,628.8037964180145
0.076225,4.0E9,3.8493907467561104+4.960435890991829E-4i,3.8493907467561104,3880.0932330832243
0.076225,4.0E9,3.8551605560004827+0.0016223755568464226i,3.8551605560004827,1188.122115046578
0.076225,4.0E9,3.8622023263438003+0.005881686955211833i,3.8622023263438003,328.3243698409907
0.076225,4.0E9,3.8633395602686353+0.037032118472687635i,3.8633395602686353,52.16201124326672
0.076225,4.0E9,3.8727152626831947+0.036902059618394614i,3.8727152626831947,52.47288772945288
0.076225,4.0E9,3.887846636832245+0.0014608181942108542i,3.887846636832245,1330.7085892822174
0.076225,4.0E9,3.889205411009662+0.135822169716734i,3.889205411009662,14.317270218554356
0.076225,4.0E9,3.890868017675695+0.13387264505036095i,3.890868017675695,14.531975581015846
0.076225,4.0E9,3.8914367007805+0.13044684018697328i,3.8914367007805,14.915795182170724
0.076225,4.0E9,3.8916705282260007+0.14070962732135503i,3.8916705282260007,13.82872871711236
0.076225,4.0E9,3.8933154671776955+0.12695078170123192i,3.8933154671776955,15.33395625849823
0.076225,4.0E9,3.900579306302455+0.034055168598678104i,3.900579306302455,57.26853612543649
0.076225,4.0E9,3.9034864559074562+0.0012843922153634132i,3.9034864559074562,1519.5850649106362
0.076225,4.0E9,3.90362164956297+0.03503339242890281i,3.90362164956297,55.71286962124816
0.076225,4.0E9,3.9093578006365215+0.1506519732756551i,3.9093578006365215,12.974797859047566
0.076225,4.0E9,3.9100926510408898+0.14313735240353184i,3.9100926510408898,13.658533518272659
0.076225,4.0E9,3.9131766507625274+0.0017501206217137779i,3.9131766507625274,1117.9734134355297
0.076225,4.0E9,3.9165085593787983+0.15720260518107385i,3.9165085593787983,12.45688185277708
0.076225,4.0E9,3.9178103225598178+0.14895785943023357i,3.9178103225598178,13.150733830176907
0.076225,4.0E9,3.9217183894211707+0.0017888280949080267i,3.9217183894211707,1096.1697215580705
0.076225,4.0E9,3.9239454722780662+0.1263207730045507i,3.9239454722780662,15.531671390804057
0.076225,4.0E9,3.9245963393133816+0.12472692131584687i,3.9245963393133816,15.732755598829774
0.076225,4.0E9,3.924783425215105+0.13949297684772025i,3.924783425215105,14.06803236230186
0.076225,4.0E9,3.9269993704858477+0.12484743378412745i,3.9269993704858477,15.727192988507822
0.076225,4.0E9,3.927688628501404+0.12222843329335514i,3.927688628501404,16.067000626092987
0.076225,4.0E9,3.932049913691554+0.15906848642660568i,3.932049913691554,12.359613151615058
0.076225,4.0E9,3.9349406498345774+0.15406696715729248i,3.9349406498345774,12.770228175573987
0.076225,4.0E9,3.936536055562986+0.014728824942416426i,3.936536055562986,133.63374440775837
0.076225,4.0E9,3.937581626904252+0.13859984404077566i,3.937581626904252,14.204855907867499
0.076225,4.0E9,3.938355377686741+0.1527269099087715i,3.938355377686741,12.893455973276884
0.076225,4.0E9,3.9383762681596517+0.01247960238583405i,3.9383762681596517,157.79253803110802
0.076225,4.0E9,3.9393917700469734+0.16146832590420862i,3.9393917700469734,12.198651803648552
0.076225,4.0E9,3.941878014919265+0.15154286918645915i,3.941878014919265,13.005818208671888
0.076225,4.0E9,3.9423700659993854+0.14635041590632827i,3.9423700659993854,13.46894042488647
0.076225,4.0E9,3.9423774827594245+0.13760496501621888i,3.9423774827594245,14.324982686107127
0.076225,4.0E9,3.9433976321616644+0.1568227069729606i,3.9433976321616644,12.572789069511424
0.076225,4.0E9,3.9443928494132545+0.13539579632530305i,3.9443928494132545,14.566156987386906
0.076225,4.0E9,3.945072200322875+0.15448052184109531i,3.945072200322875,12.76883374455755
0.076225,4.0E9,3.9468573423851003+0.1662911111762459i,3.9468573423851003,11.867313034555314
0.076225,4.0E9,3.9477006519718616+0.1684642221490906i,3.9477006519718616,11.716733089112989
0.076225,4.0E9,3.9477771248780824+0.14740897044805318i,3.9477771248780824,13.390559315619386
0.076225,4.0E9,3.9480286196942553+0.05478277717291187i,3.9480286196942553,36.033483728225576
0.076225,4.0E9,3.9500861755788437+0.14256182679216706i,3.9500861755788437,13.853940653192717
0.076225,4.0E9,3.9501402565092696+0.16249561481466035i,3.9501402565092696,12.154605713559501
0.076225,4.0E9,3.950656267333146+0.14590126642914308i,3.950656267333146,13.538800464257044
0.076225,4.0E9,3.9507169511216627+0.06080171373520106i,3.9507169511216627,32.48853287530283
0.076225,4.0E9,3.9508884294212963+0.022286324347892923i,3.9508884294212963,88.6393011190927
0.076225,4.0E9,3.9514547135074727+0.15587679811905242i,3.9514547135074727,12.67492905034369
0.076225,4.0E9,3.9517712733928563+0.04784451038682275i,3.9517712733928563,41.29806368006272
0.076225,4.0E9,3.9536328516198034+0.16612263966113636i,3.9536328516198034,11.899741238414531
0.076225,4.0E9,3.9556673296425973+0.1540026397398907i,3.9556673296425973,12.84285560404578
0.076225,4.0E9,3.955905932949324+0.16462861747531862i,3.955905932949324,12.014636317839454
0.076225,4.0E9,3.9560369740634598+0.1600699162038614i,3.9560369740634598,12.357215733858263
0.076225,4.0E9,3.9563470457686485+0.17114959170963234i,3.9563470457686485,11.558155080150225
0.076225,4.0E9,3.9574204696607573+0.15504947836221744i,3.9574204696607573,12.761798722133285
0.076225,4.0E9,3.958279712700879+0.14624421572980753i,3.958279712700879,13.533115456730167
0.076225,4.0E9,3.9587622988028173+0.0210192025194678i,3.9587622988028173,94.1701355019594
0.076225,4.0E9,3.9599819686609625+0.15195824976213337i,3.9599819686609625,13.02983541485799
0.076225,4.0E9,3.9604242767127515+0.1710657668996668i,3.9604242767127515,11.575735895293455
0.076225,4.0E9,3.9625820927563606+0.1497819618273794i,3.9625820927563606,13.227834795364592
0.076225,4.0E9,3.963263309209441+0.16248396387925915i,3.963263309209441,12.195859870068526
0.076225,4.0E9,3.963654033058079+0.13700199002663652i,3.963654033058079,14.465680506857778
0.076225,4.0E9,3.964414631909826+0.17452294729187953i,3.964414631909826,11.357860652214324
0.076225,4.0E9,3.964577789651377+0.1414499607343124i,3.964577789651377,14.014064652510239
0.076225,4.0E9,3.964899322969883+0.0016725229833430626i,3.964899322969883,1185.3048844341697
0.076225,4.0E9,3.9656140247327265+0.023249752427379845i,3.9656140247327265,85.2829301541865
0.076225,4.0E9,3.966137824407622+0.16485726014510538i,3.966137824407622,12.029005640748474
0.076225,4.0E9,3.9677338961988515+0.1565801118278211i,3.9677338961988515,12.669980401348345
0.076225,4.0E9,3.968431502918481+0.13896116739688516i,3.968431502918481,14.278922584121274
0.076225,4.0E9,3.969724490878449+0.1729190376431779i,3.969724490878449,11.478564029109563
0.076225,4.0E9,3.9701316509488462+0.1416894375795987i,3.9701316509488462,14.009977450572114
0.076225,4.0E9,3.971503736734472+0.15975245383052833i,3.971503736734472,12.43018069990837
0.076225,4.0E9,3.972199208051421+0.16936698617418897i,3.972199208051421,11.726604156391291
0.076225,4.0E9,3.9736757400537406+0.13040736744403936i,3.9736757400537406,15.235625938691427
0.076225,4.0E9,3.975639953947528+0.05203642135752319i,3.975639953947528,38.200551173882246
0.076225,4.0E9,3.97603185215025+0.15698830845553585i,3.97603185215025,12.663464850557295
0.076225,4.0E9,3.9764739549867434+0.17279215433419276i,3.9764739549867434,11.506523459670365
0.076225,4.0E9,3.9764836278280593+0.16888307429661337i,3.9764836278280593,11.772889747506806
0.076225,4.0E9,3.976747480512805+0.15294408213009086i,3.976747480512805,13.000658231190243
0.076225,4.0E9,3.9780163033375078+0.1650995690779302i,3.9780163033375078,12.047324912943314
0.076225,4.0E9,3.9803861755881944+0.16998845950771838i,3.9803861755881944,11.707812951288803
0.076225,4.0E9,3.9804219030621435+0.1612712097498132i,3.9804219030621435,12.340770275231204
0.076225,4.0E9,3.9814638734558505+0.14784935086044237i,3.9814638734558505,13.46459707223884
0.076225,4.0E9,3.9827134477701565+0.026657051341203285i,3.9827134477701565,74.70281309047401
0.076225,4.0E9,3.983818748488179+0.15583888027927834i,3.983818748488179,12.781851170095647
0.076225,4.0E9,3.984454893048682+0.1289164998477293i,3.984454893048682,15.453626563531245
0.076225,4.0E9,3.9845665875614533+0.13130326041873544i,3.9845665875614533,15.173144120162693
0.076225,4.0E9,3.9852281949930464+0.1391634131740984i,3.9852281949930464,14.3185198756493
0.076225,4.0E9,3.987085498400934+0.17535732075177685i,3.987085498400934,11.368460356567503
0.076225,4.0E9,3.9874142725869466+0.14161432798672619i,3.9874142725869466,14.078428112728451
0.076225,4.0E9,3.987552117439544+0.0017056328009828813i,3.987552117439544,1168.936278412825
0.076225,4.0E9,3.9884956417033504+0.12493990664954344i,3.9884956417033504,15.961656081955802
0.076225,4.0E9,3.988614480800273+0.1432699781449111i,3.988614480800273,13.919924231320714
0.076225,4.0E9,3.9886695620469497+0.12921617208334257i,3.9886695620469497,15.434095816870023
0.076225,4.0E9,3.9891208498628568+0.17106290528502158i,3.9891208498628568,11.659806792174678
0.076225,4.0E9,3.9901282436135825+0.15489628919368675i,3.9901282436135825,12.879999464106632
0.076225,4.0E9,3.991293485510849+0.16575197847706405i,3.991293485510849,12.039957296989805
0.076225,4.0E9,3.991582927169619+0.14452085536646236i,3.991582927169619,13.809712504981164
0.076225,4.0E9,3.9919470042541865+0.17047819032210987i,3.9919470042541865,11.7080871069537
0.076225,4.0E9,3.993605368117869+0.13322771283465518i,3.993605368117869,14.987892845815832
0.076225,4.0E9,3.9940996727484634+0.13540497462519857i,3.9940996727484634,14.748718368007323
0.076225,4.0E9,3.9957048710864513+0.17628349437678617i,3.9957048710864513,11.333179221379854
0.076225,4.0E9,3.995722255001623+0.15524945258224843i,3.995722255001623,12.868716084150954
0.076225,4.0E9,3.9964768710183267+0.1667986066711197i,3.9964768710183267,11.979946807644094
0.076225,4.0E9,3.996784376862155+0.14511786445055727i,3.996784376862155,13.77082136646205
0.076225,4.0E9,3.9982542046911083+0.15410197758530306i,3.9982542046911083,12.97275436480975
0.076225,4.0E9,3.9988121693764778+0.13190690292222626i,3.9988121693764778,15.157706233669291
0.076225,4.0E9,3.999487045908036+0.177748285491849i,3.999487045908036,11.250423695623889
0.076225,4.0E9,3.999780113410739+0.1415024130626003i,3.999780113410739,14.133257613215566
0.076225,4.0E9,4.001293160922661+0.17058202187700902i,4.001293160922661,11.72835541780489
0.076225,4.0E9,4.002805364984162+0.16194029415878808i,4.002805364984162,12.358892472614855
0.076225,4.0E9,4.003056763390779+0.1751992218466257i,4.003056763390779,11.424299495163188
0.076225,4.0E9,4.003741458291999+0.15596413598190548i,4.003741458291999,12.835455513812809
0.076225,4.0E9,4.004231403313816+0.133180250738954i,4.004231403313816,15.033127588723689
0.076225,4.0E9,4.007898476524283+0.13113905394617462i,4.007898476524283,15.281101837783977
0.076225,4.0E9,4.007993206377519+0.13689381523832345i,4.007993206377519,14.639058745641128
0.076225,4.0E9,4.008128231051481+0.054010194730972176i,4.008128231051481,37.105293278576326
0.076225,4.0E9,4.009285202953529+0.15719500908414827i,4.009285202953529,12.752584278319272
0.076225,4.0E9,4.009419725722067+0.08431250256590016i,4.009419725722067,23.777136271030702
0.076225,4.0E9,4.010264424879542+0.16643005637327818i,4.010264424879542,12.047897213605175
0.076225,4.0E9,4.011378222425376+0.17428997499388707i,4.011378222425376,11.507770950584128
0.076225,4.0E9,4.012334125611012+0.17055158598958714i,4.012334125611012,11.762816810908994
0.076225,4.0E9,4.014484955783302+0.0475102644432768i,4.014484955783302,42.24860672556615
0.076225,4.0E9,4.014630169385759+0.1508178139302098i,4.014630169385759,13.309535739735328
0.076225,4.0E9,4.016233450828369+0.16758724348489015i,4.016233450828369,11.982515397093685
0.076225,4.0E9,4.016786596293717+0.14489878412624896i,4.016786596293717,13.86066356772852
0.076225,4.0E9,4.017376645506704+0.14095134179278504i,4.017376645506704,14.250934380648602
0.076225,4.0E9,4.017414141888935+0.16278431176716301i,4.017414141888935,12.339684636303296
0.076225,4.0E9,4.018013306050307+0.17504793570846372i,4.018013306050307,11.476894285523509
0.076225,4.0E9,4.01857536400491+0.07090263750761047i,4.01857536400491,28.33868742593369
0.076225,4.0E9,4.019877146342354+0.05210197867558938i,4.019877146342354,38.57701039889423
0.076225,4.0E9,4.020012365116905+0.1726463513183192i,4.020012365116905,11.642332242819743
0.076225,4.0E9,4.020138222863339+0.15604367409184922i,4.020138222863339,12.88145208788482
0.076225,4.0E9,4.0208911452480995+0.047445466793601974i,4.0208911452480995,42.3738179533552
0.076225,4.0E9,4.023620921793579+0.040025074171434256i,4.023620921793579,50.26375347313188
0.076225,4.0E9,4.024917084642229+0.16328401688165392i,4.024917084642229,12.32489609671789
0.076225,4.0E9,4.025317737923072+0.17336463093896745i,4.025317737923072,11.60939724591279
0.076225,4.0E9,4.025640631667945+0.16121614180691365i,4.025640631667945,12.485228174264952
0.076225,4.0E9,4.025674194116123+0.17111847600701197i,4.025674194116123,11.762827393200842
0.076225,4.0E9,4.026105235571787+0.1492936053605864i,4.026105235571787,13.483850248802023
0.076225,4.0E9,4.027390819784906+0.1451633088284668i,4.027390819784906,13.871931041968391
0.076225,4.0E9,4.027631338041534+0.15480940069194113i,4.027631338041534,13.008355177526372
0.076225,4.0E9,4.028024792022814+0.12046887945227702i,4.028024792022814,16.718113467713003
0.076225,4.0E9,4.028296321970832+0.12601224325409774i,4.028296321970832,15.983749745046453
0.076225,4.0E9,4.028382694939092+0.1184679958422781i,4.028382694939092,17.001987187756026
0.076225,4.0E9,4.030102115879785+0.1699719069946235i,4.030102115879785,11.85520062443985
0.076225,4.0E9,4.030411261625028+0.16469713063901234i,4.030411261625028,12.235827199864802
0.076225,4.0E9,4.030485248279732+0.15492772223091356i,4.030485248279732,13.00763088181357
0.076225,4.0E9,4.030688987254092+0.03951709983693495i,4.030688987254092,50.99930161735678
0.076225,4.0E9,4.0350897221012145+0.15636631677970445i,4.0350897221012145,12.902682000836604
0.076225,4.0E9,4.035375324647423+0.1389642198035231i,4.035375324647423,14.519476057768346
0.076225,4.0E9,4.036647493023102+0.15371424752768162i,4.036647493023102,13.130362207628679
0.076225,4.0E9,4.036734601883966+0.14659756946153737i,4.036734601883966,13.768081615238101
0.076225,4.0E9,4.037943151671783+0.1679728815148423i,4.037943151671783,12.019628154426181
0.076225,4.0E9,4.040195000538941+0.16239926021071766i,4.040195000538941,12.439080680837687
0.076225,4.0E9,4.041422680469921+0.17048720858155833i,4.041422680469921,11.852568629911522
0.076225,4.0E9,4.041745309114566+0.14948542112838653i,4.041745309114566,13.518861165876793
0.076225,4.0E9,4.043257452613013+0.1583690008463979i,4.043257452613013,12.76530580796733
0.076225,4.0E9,4.044205746725375+0.1527531102174705i,4.044205746725375,13.237719811294669
0.076225,4.0E9,4.045022052006917+0.12875066360898557i,4.045022052006917,15.70874253623891
0.076225,4.0E9,4.046084213380171+0.13968117682255088i,4.046084213380171,14.483283665773603
0.076225,4.0E9,4.046103351725101+0.1566694161623007i,4.046103351725101,12.912869182883673
0.076225,4.0E9,4.046610891639459+0.12547085010292175i,4.046610891639459,16.125701261767528
0.076225,4.0E9,4.046776854041335+0.17132436458602665i,4.046776854041335,11.81027830985866
0.076225,4.0E9,4.047451546732469+0.14583160223583616i,4.047451546732469,13.877141458635986
0.076225,4.0E9,4.047700043108447+0.165050608008824i,4.047700043108447,12.261996765537658
0.076225,4.0E9,4.047821565544558+0.13743206348013706i,4.047821565544558,14.726627335147253
0.076225,4.0E9,4.048354542823888+0.14367756871521956i,4.048354542823888,14.08833187749735
0.076225,4.0E9,4.049835130941991+0.004110252024349045i,4.049835130941991,492.6504636395595
0.076225,4.0E9,4.051208798454505+0.16085246560309036i,4.051208798454505,12.592933478716512
0.076225,4.0E9,4.051258704878826+0.1490469463691487i,4.051258704878826,13.590545809791235
0.076225,4.0E9,4.051948536557828+0.14765386663029925i,4.051948536557828,13.721105410341991
0.076225,4.0E9,4.053637253066+0.01265661319874306i,4.053637253066,160.13909840701186
0.076225,4.0E9,4.054517226604853+0.0012981124128128925i,4.054517226604853,1561.6972715864722
0.076225,4.0E9,4.054857683137554+0.16306619142267462i,4.054857683137554,12.433164863178742
0.076225,4.0E9,4.054943407489094+0.14332153881508308i,4.054943407489094,14.146315484097888
0.076225,4.0E9,4.055038781186703+0.15974409984820928i,4.055038781186703,12.69229594407508
0.076225,4.0E9,4.056249446582991+0.1512111468766173i,4.056249446582991,13.412534493547424
0.076225,4.0E9,4.056439301801979+0.14792246477405185i,4.056439301801979,13.711370034288223
0.076225,4.0E9,4.057186305632182+0.13957527749112073i,4.057186305632182,14.53404348735859
0.076225,4.0E9,4.057281607188647+0.0015879650792145923i,4.057281607188647,1277.5097073278773
0.076225,4.0E9,4.059215684308872+0.14274278875329588i,4.059215684308872,14.21863661121426
0.076225,4.0E9,4.059221895103561+0.15305611996828905i,4.059221895103561,13.26056709115771
0.076225,4.0E9,4.060342243609768+0.14798019662516534i,4.060342243609768,13.71920816504467
0.076225,4.0E9,4.063494585441798+7.587994620987353E-4i,4.063494585441798,2677.581356082363
0.076225,4.0E9,4.063742212763053+0.15378654109782583i,4.063742212763053,13.212281724244152
0.076225,4.0E9,4.063837414724681+0.16307200989690054i,4.063837414724681,12.460254268325913
0.076225,4.0E9,4.063908629802964+0.144180372164822i,4.063908629802964,14.09314100381585
0.076225,4.0E9,4.064089208707711+0.15609375443397822i,4.064089208707711,13.018103201645609
0.076225,4.0E9,4.06431946748417+0.149474179767479i,4.06431946748417,13.59538976499686
0.076225,4.0E9,4.068837103585771+0.13593960269240823i,4.068837103585771,14.965606133160348
0.076225,4.0E9,4.069304302292042+0.16357516648865977i,4.069304302292042,12.438637201613837
0.076225,4.0E9,4.069344407146831+0.15972725558445602i,4.069344407146831,12.738415845989287
0.076225,4.0E9,4.070190839181675+0.16280929116752677i,4.070190839181675,12.499872734515957
0.076225,4.0E9,4.0702968846548515+0.1537728459979955i,4.0702968846548515,13.234771257039457
0.076225,4.0E9,4.071881732543422+0.14953743144288606i,4.071881732543422,13.614924682247956
0.076225,4.0E9,4.072614581892023+0.011433438301981095i,4.072614581892023,178.10104337495542
0.076225,4.0E9,4.075251411391427+0.0028431086154891145i,4.075251411391427,716.6893640977449
0.076225,4.0E9,4.076725133068228+0.1422905273221075i,4.076725133068228,14.32535675350903
0.076225,4.0E9,4.078345452552293+0.13786034666047556i,4.078345452552293,14.79158275510688
0.076225,4.0E9,4.081108907426057+0.1464345989957274i,4.081108907426057,13.934920214945697
0.076225,4.0E9,4.081973076628602+0.05971188452732301i,4.081973076628602,34.18057484654306
0.076225,4.0E9,4.082335589438125+0.15461449225409768i,4.082335589438125,13.201658945168939
0.076225,4.0E9,4.0838384863478945+0.009658712787309667i,4.0838384863478945,211.40697400763094
0.076225,4.0E9,4.084908227320993+0.15110090490599826i,4.084908227320993,13.517153420961524
0.076225,4.0E9,4.087051304647296+0.14343636948033545i,4.087051304647296,14.246914222154839
0.076225,4.0E9,4.09169207482013+0.05627303215078694i,4.09169207482013,36.35570999494213
0.076225,4.0E9,4.092300618228201+0.1319280904583147i,4.092300618228201,15.509587852032336
0.076225,4.0E9,4.095802708854276+0.14442884385672866i,4.095802708854276,14.179310030748614
0.076225,4.0E9,4.09593320128692+0.008400676665409215i,4.09593320128692,243.78590942277378
0.076225,4.0E9,4.096521870275457+0.13678105258753712i,4.096521870275457,14.974741723287169
0.076225,4.0E9,4.096818171609621+0.13512996509356623i,4.096818171609621,15.15880718526389
0.076225,4.0E9,4.097743527777959+0.12721594202001246i,4.097743527777959,16.105463917145457
0.076225,4.0E9,4.097820581335567+0.13080077284331168i,4.097820581335567,15.664359209270158
0.076225,4.0E9,4.09834477250773+0.14554190010588552i,4.09834477250773,14.079604462790707
0.076225,4.0E9,4.099889262770215+0.14650821171215095i,4.099889262770215,13.992011829430382
0.076225,4.0E9,4.101337260441148+0.13358986897115924i,4.101337260441148,15.35048013755664
0.076225,4.0E9,4.103243746097866+0.0011785093948465187i,4.103243746097866,1740.8617037933097
0.076225,4.0E9,4.103995396441244+0.12982861263553666i,4.103995396441244,15.80543500053508
0.076225,4.0E9,4.104938676889594+0.12591823012511436i,4.104938676889594,16.3000173716342
0.076225,4.0E9,4.106239008208993+0.1395804732014865i,4.106239008208993,14.709217249470042
0.076225,4.0E9,4.106645130911107+0.13582688106326013i,4.106645130911107,15.117203232394314
0.076225,4.0E9,4.109220977471672+0.14009183592286323i,4.109220977471672,14.66616862575159
0.076225,4.0E9,4.110090660243078+0.13028654385019747i,4.110090660243078,15.773273811641019
0.076225,4.0E9,4.117968943460007+0.13034310824603618i,4.117968943460007,15.796650083282161
0.076225,4.0E9,4.122124572236607+0.0019684981077805292i,4.122124572236607,1047.0227418415657
0.076225,4.0E9,4.124373270127254+0.1183338066178007i,4.124373270127254,17.42685961015486
0.076225,4.0E9,4.126373805542154+0.11241242083763377i,4.126373805542154,18.353727171760696
0.076225,4.0E9,4.1276278954702965+0.003676215655216145i,4.1276278954702965,561.3963220048921
0.076225,4.0E9,4.133722191398401+0.03972964313604632i,4.133722191398401,52.023147769579566
0.076225,4.0E9,4.1448600238107955+0.043475948776667675i,4.1448600238107955,47.668425191852585
0.076225,4.0E9,4.145941148656996+0.0039111643363524615i,4.145941148656996,530.0136726706154
0.076225,4.0E9,4.14685330155348+0.0010219356366588494i,4.14685330155348,2028.9209774068263
0.076225,4.0E9,4.1647754360222+0.007195586969850665i,4.1647754360222,289.39789439503045
0.076225,4.0E9,4.1655616330031915+0.040329896493077264i,4.1655616330031915,51.64359439551526
0.076225,4.0E9,4.170442105920509+0.045482475674039534i,4.170442105920509,45.846691985380566
0.076225,4.0E9,4.17132402991599+0.00904287513287032i,4.17132402991599,230.64147014224892
0.076225,4.5E9,4.353776569437134+0.03155559505735048i,4.353776569437134,68.98580998907477
0.076225,4.5E9,4.355178319304385+0.0035332192428118594i,4.355178319304385,616.3187195593306
0.076225,4.5E9,4.358743665415193+0.003827906250204655i,4.358743665415193,569.3378286344077
0.076225,4.5E9,4.359578552049115+0.033182418394844246i,4.359578552049115,65.6910912907796
0.076225,4.5E9,4.366099434334121+0.0022374198997200034i,4.366099434334121,975.6996071413565
0.076225,4.5E9,4.36978583997934+0.05612965177447778i,4.36978583997934,38.925823533848174
0.076225,4.5E9,4.370513047517587+0.07922199795038139i,4.370513047517587,27.58396127711234
0.076225,4.5E9,4.371560741185398+0.07242959874256208i,4.371560741185398,30.17799916801501
0.076225,4.5E9,4.375316651607537+0.08375421639156849i,4.375316651607537,26.11997843279923
0.076225,4.5E9,4.3764380118963295+0.0037343785892279347i,4.3764380118963295,585.9660325442709
0.076225,4.5E9,4.3844315145396475+0.08738693299263868i,4.3844315145396475,25.086310758320035
0.076225,4.5E9,4.387601813100582+0.025057579888766005i,4.387601813100582,87.55039059194345
0.076225,4.5E9,4.396235527271886+0.11530637257555364i,4.396235527271886,19.06328084508636
0.076225,4.5E9,4.402957103062582+0.08594969739009584i,4.402957103062582,25.613569545679077
0.076225,4.5E9,4.403064962981434+0.030610443659380045i,4.403064962981434,71.92095959106085
0.076225,4.5E9,4.403699244656136+0.1209071841799814i,4.403699244656136,18.21107353761885
0.076225,4.5E9,4.406254960197763+0.038373634908234755i,4.406254960197763,57.412530383617714
0.076225,4.5E9,4.410464230614253+0.12571007477672178i,4.410464230614253,17.5422066944429
0.076225,4.5E9,4.41470913134611+0.005662570507435465i,4.41470913134611,389.8149370104266
0.076225,4.5E9,4.416007582500384+0.11934133359940195i,4.416007582500384,18.50158469539054
0.076225,4.5E9,4.416879175508235+0.1314537198633873i,4.416879175508235,16.800130038535453
0.076225,4.5E9,4.418627594359636+0.030435826651262737i,4.418627594359636,72.58924893003216
0.076225,4.5E9,4.423363919393589+0.032632799975024634i,4.423363919393589,67.77481433985118
0.076225,4.5E9,4.424464599077446+0.030824944702881798i,4.424464599077446,71.76759993771873
0.076225,4.5E9,4.425507424408842+0.13217702442464452i,4.425507424408842,16.740834663485217
0.076225,4.5E9,4.425661629046637+0.12119749311516315i,4.425661629046637,18.25805763507553
0.076225,4.5E9,4.426434492889511+0.13710770654704524i,4.426434492889511,16.14217976642577
0.076225,4.5E9,4.427594679413994+0.11509111477571647i,4.427594679413994,19.23517157706856
0.076225,4.5E9,4.427915608046234+0.043946556911209265i,4.427915608046234,50.378413228054555
0.076225,4.5E9,4.429201239009243+0.0034396443965495314i,4.429201239009243,643.8458061903698
0.076225,4.5E9,4.431732207601714+0.13214751678334127i,4.431732207601714,16.7681251811475
0.076225,4.5E9,4.431828525943503+0.1213749695869784i,4.431828525943503,18.256764722678735
0.076225,4.5E9,4.433017635768646+0.12580118064102802i,4.433017635768646,17.619141621644246
0.076225,4.5E9,4.433295609875076+0.11107535629202064i,4.433295609875076,19.956252034068658
0.076225,4.5E9,4.433690397848264+0.09266458143284241i,4.433690397848264,23.923328251698468
0.076225,4.5E9,4.435018424817544+0.05230592583121786i,4.435018424817544,42.39499018838304
0.076225,4.5E9,4.4356850669255925+0.13267399515581013i,4.4356850669255925,16.716482614834952
0.076225,4.5E9,4.43716547138664+0.0010402068362682297i,4.43716547138664,2132.8284513612175
0.076225,4.5E9,4.439132971367375+0.12774924786591774i,4.439132971367375,17.374399636491685
0.076225,4.5E9,4.440593024897133+0.11451752339317606i,4.440593024897133,19.388268682912077
0.076225,4.5E9,4.441746120018549+0.13497425781709738i,4.441746120018549,16.454049060367964
0.076225,4.5E9,4.442689484162692+0.0512507545943147i,4.442689484162692,43.342673872118205
0.076225,4.5E9,4.443005780221931+0.12935899898092806i,4.443005780221931,17.173160797560673
0.076225,4.5E9,4.444613476234813+0.144951095242481i,4.444613476234813,15.331424260022509
0.076225,4.5E9,4.444754022621819+0.11993655580724719i,4.444754022621819,18.529605059549507
0.076225,4.5E9,4.445477825675055+0.12241383397371904i,4.445477825675055,18.157579422883902
0.076225,4.5E9,4.446505029619644+0.12412689386781241i,4.446505029619644,17.91112663447013
0.076225,4.5E9,4.448131142607124+0.13555413219788098i,4.448131142607124,16.407213378467038
0.076225,4.5E9,4.450467500410913+0.1332004791156078i,4.450467500410913,16.7058989951089
0.076225,4.5E9,4.450515089791114+0.00270595200967253i,4.450515089791114,822.3566186470745
0.076225,4.5E9,4.451917783175177+0.14435980539433255i,4.451917783175177,15.419519896879676
0.076225,4.5E9,4.452423381573845+0.08987776928227863i,4.452423381573845,24.769325146411582
0.076225,4.5E9,4.453172324075421+0.12813145337202303i,4.453172324075421,17.377358200823128
0.076225,4.5E9,4.454476677904226+0.1471063057615128i,4.454476677904226,15.140332206852428
0.076225,4.5E9,4.4546907429588645+0.1409397636827932i,4.4546907429588645,15.803527076236753
0.076225,4.5E9,4.455174777981984+0.1229495468806274i,4.455174777981984,18.1178983209574
0.076225,4.5E9,4.457482049956464+0.13456213346318288i,4.457482049956464,16.562913857099556
0.076225,4.5E9,4.457983095761597+0.14553021801369365i,4.457983095761597,15.316348579035742
0.076225,4.5E9,4.459915546292059+0.12641492533235318i,4.459915546292059,17.6399880574491
0.076225,4.5E9,4.4600621246503+0.14632996856481736i,4.4600621246503,15.239742646000428
0.076225,4.5E9,4.462940241937405+0.12811113887342682i,4.462940241937405,17.4182365451718
0.076225,4.5E9,4.465896588769523+0.10255181808163477i,4.465896588769523,21.773853805373378
0.076225,4.5E9,4.4662048856863095+0.0021902876914766654i,4.4662048856863095,1019.5475468967385
0.076225,4.5E9,4.466999298857686+0.10846648594321201i,4.466999298857686,20.591610671320165
0.076225,4.5E9,4.468269987704123+0.014527453873888095i,4.468269987704123,153.7870994632952
0.076225,4.5E9,4.468288705668669+0.11332872022831803i,4.468288705668669,19.71384083693268
0.076225,4.5E9,4.4686894071181165+0.15127326591221021i,4.4686894071181165,14.770254942837923
0.076225,4.5E9,4.469701521361887+0.1376061368593419i,4.469701521361887,16.240923636751468
0.076225,4.5E9,4.46986535173156+0.12980981344195255i,4.46986535173156,17.21697779702289
0.076225,4.5E9,4.470234778402057+0.010939848684720444i,4.470234778402057,204.30971703683525
0.076225,4.5E9,4.4703243804636905+0.14128259521279546i,4.4703243804636905,15.82050631831411
0.076225,4.5E9,4.471243984923532+0.11916570497345944i,4.471243984923532,18.76061567344131
0.076225,4.5E9,4.471386401231198+0.12637364813279178i,4.471386401231198,17.691134454442288
0.076225,4.5E9,4.473618195643098+0.12505515012150836i,4.473618195643098,17.886581205557547
0.076225,4.5E9,4.473714486387275+0.1431933090107696i,4.473714486387275,15.621241373962544
0.076225,4.5E9,4.474310890815671+0.1496352765508413i,4.474310890815671,14.9507221624155
0.076225,4.5E9,4.475912498680646+0.03852012637361961i,4.475912498680646,58.09836207788199
0.076225,4.5E9,4.476317867891606+0.1374677829799359i,4.476317867891606,16.281334327421817
0.076225,4.5E9,4.476969965936168+0.14073912874665553i,4.476969965936168,15.905207051534191
0.076225,4.5E9,4.477756120911905+0.012982013322741055i,4.477756120911905,172.46000329810397
0.076225,4.5E9,4.4784928478145645+0.0033520530080892166i,4.4784928478145645,668.0223786746524
0.076225,4.5E9,4.479327058653651+0.15117397772138758i,4.479327058653651,14.815139239469557
0.076225,4.5E9,4.479649959638844+0.1160307932722577i,4.479649959638844,19.303711684223668
0.076225,4.5E9,4.480446862961116+0.11737227639292433i,4.480446862961116,19.08647851372513
0.076225,4.5E9,4.4810435569830505+0.13148111199363385i,4.4810435569830505,17.040636061855096
0.076225,4.5E9,4.481168554638998+0.10848862603601608i,4.481168554638998,20.65271134114713
0.076225,4.5E9,4.481169774736322+0.14091293207201633i,4.481169774736322,15.900491561860806
0.076225,4.5E9,4.482587776095067+0.13466215372058335i,4.482587776095067,16.64382921350045
0.076225,4.5E9,4.483717173255992+0.0999914860904374i,4.483717173255992,22.4204947269245
0.076225,4.5E9,4.48487655098372+0.127010057670238i,4.48487655098372,17.655596073454312
0.076225,4.5E9,4.486363261335247+0.12196813595797726i,4.486363261335247,18.391538191913387
0.076225,4.5E9,4.486446815984592+0.14721803268294192i,4.486446815984592,15.237422801481417
0.076225,4.5E9,4.487088369694109+0.1538867334398552i,4.487088369694109,14.579191686617465
0.076225,4.5E9,4.488714715887184+0.13723939334978758i,4.488714715887184,16.353594279036983
0.076225,4.5E9,4.488795156168197+0.12893625605964432i,4.488795156168197,17.407032332673502
0.076225,4.5E9,4.489396037011627+0.004395293257498571i,4.489396037011627,510.7049489078473
0.076225,4.5E9,4.4895723845963635+0.14886054034688107i,4.4895723845963635,15.079793389620155
0.076225,4.5E9,4.490272102167618+0.15629199981919878i,4.490272102167618,14.365009429024008
0.076225,4.5E9,4.49206487587083+0.14024508355203988i,4.49206487587083,16.015052941959237
0.076225,4.5E9,4.492490811936864+0.11789630706114845i,4.492490811936864,19.052720665825326
0.076225,4.5E9,4.493666043154233+0.04148804840423967i,4.493666043154233,54.15615118081843
0.076225,4.5E9,4.494500167074283+0.1418165045226201i,4.494500167074283,15.846181592909726
0.076225,4.5E9,4.494523527591207+0.1537161358850135i,4.494523527591207,14.619556696875696
0.076225,4.5E9,4.495491723564499+0.13204694419579124i,4.495491723564499,17.022323958132855
0.076225,4.5E9,4.495507629186604+0.12681818263431469i,4.495507629186604,17.72422351355397
0.076225,4.5E9,4.496420073253581+0.15250000230430294i,4.496420073253581,14.742360673153607
0.076225,4.5E9,4.4970031655137275+0.0026920037129422466i,4.4970031655137275,835.252036223734
0.076225,4.5E9,4.497154007832479+0.13179129246521237i,4.497154007832479,17.06165074987616
0.076225,4.5E9,4.499116904726116+0.1372755264456086i,4.499116904726116,16.387177748354
0.076225,4.5E9,4.499455968423136+0.1506293276927401i,4.499455968423136,14.935524301088668
0.076225,4.5E9,4.5021860784639065+0.13090707000304083i,4.5021860784639065,17.196115069871038
0.076225,4.5E9,4.502448641995401+0.13654091712475103i,4.502448641995401,16.487543575973362
0.076225,4.5E9,4.502784059127092+0.145374788360832i,4.502784059127092,15.486812087219747
0.076225,4.5E9,4.503639344431528+0.0027353844314966813i,4.503639344431528,823.2187206621147
0.076225,4.5E9,4.504256669349139+0.14749172037851516i,4.504256669349139,15.269523800351797
0.076225,4.5E9,4.504711756446082+0.1343692456739368i,4.504711756446082,16.762435979499767
0.076225,4.5E9,4.505032457700859+0.1294584774999671i,4.505032457700859,17.399526646302494
0.076225,4.5E9,4.505562777706767+0.1507545482797911i,4.505562777706767,14.943372618332953
0.076225,4.5E9,4.505727906883535+0.14493158262502043i,4.505727906883535,15.544327279379628
0.076225,4.5E9,4.50756781975693+0.12060645523830728i,4.50756781975693,18.68709187601273
0.076225,4.5E9,4.508075240554141+0.1261695761399225i,4.508075240554141,17.865143794866487
0.076225,4.5E9,4.5116006610240955+0.13019537904891088i,4.5116006610240955,17.32627030998239
0.076225,4.5E9,4.51169160131868+0.12279384704476841i,4.51169160131868,18.37100029805972
0.076225,4.5E9,4.512217480561951+0.14397536474696368i,4.512217480561951,15.670102619611905
0.076225,4.5E9,4.51290060838281+0.1457306128683225i,4.51290060838281,15.483708328532598
0.076225,4.5E9,4.51710439775924+0.1386243213473261i,4.51710439775924,16.292611404176117
0.076225,4.5E9,4.517242734691411+0.1310145331260486i,4.517242734691411,17.23947193837415
0.076225,4.5E9,4.51807039320239+0.14657341042479108i,4.51807039320239,15.412312438212242
0.076225,4.5E9,4.5181093852104315+0.12548985363046886i,4.5181093852104315,18.001891206738318
0.076225,4.5E9,4.518603183428088+0.13006115973348478i,4.518603183428088,17.371070628185223
0.076225,4.5E9,4.518996209346578+0.14477860378535615i,4.518996209346578,15.606574767243538
0.076225,4.5E9,4.519386400788887+0.11398295731341357i,4.519386400788887,19.82483393706896
0.076225,4.5E9,4.5205270959630095+0.13974373479201282i,4.5205270959630095,16.174346215560657
0.076225,4.5E9,4.522734098415131+0.13460636540024382i,4.522734098415131,16.79985223940583
0.076225,4.5E9,4.523033440854679+0.15267864528732256i,4.523033440854679,14.812266091118644
0.076225,4.5E9,4.5233162009789565+5.281279823216801E-4i,4.5233162009789565,4282.405356646893
0.076225,4.5E9,4.525205183799303+0.11480164280576478i,4.525205183799303,19.708799774997946
0.076225,4.5E9,4.526497283657293+0.14983342875307468i,4.526497283657293,15.105098112374364
0.076225,4.5E9,4.526713510395242+0.13668785842474607i,4.526713510395242,16.55857938870056
0.076225,4.5E9,4.526861783590631+0.0208015721646265i,4.526861783590631,108.81056844560653
0.076225,4.5E9,4.5272153981826175+0.0017597594565875114i,4.5272153981826175,1286.3165420806142
0.076225,4.5E9,4.527779315291221+0.12100798403155168i,4.527779315291221,18.708597418293678
0.076225,4.5E9,4.52846435795532+0.14587752447625282i,4.52846435795532,15.52146012284607
0.076225,4.5E9,4.52851664947964+0.12942275538725642i,4.52851664947964,17.495055780297267
0.076225,4.5E9,4.52902907995408+0.13453256451720305i,4.52902907995408,16.83246393245905
0.076225,4.5E9,4.530221701687567+0.12269139266549403i,4.530221701687567,18.46185622017825
0.076225,4.5E9,4.530788373480122+0.12097139170234193i,4.530788373480122,18.72669359970837
0.076225,4.5E9,4.530887895710334+0.08071975803545668i,4.530887895710334,28.06554433500725
0.076225,4.5E9,4.531055657891859+0.1498236450302484i,4.531055657891859,15.121296965432489
0.076225,4.5E9,4.531324259853463+0.1451576141296692i,4.531324259853463,15.608289950968858
0.076225,4.5E9,4.533047746564896+0.1405541710428288i,4.533047746564896,16.125625134182652
0.076225,4.5E9,4.53440249136282+0.1164175364113282i,4.53440249136282,19.474739936695624
0.076225,4.5E9,4.535593829471114+0.13105250704805474i,4.535593829471114,17.304490893134872
0.076225,4.5E9,4.535961408665298+0.01894067293051776i,4.535961408665298,119.74129497154313
0.076225,4.5E9,4.536757057412957+0.12155943729525134i,4.536757057412957,18.660653415142875
0.076225,4.5E9,4.536790802710215+0.13306144889537178i,4.536790802710215,17.047728099960647
0.076225,4.5E9,4.538976391250679+0.019984922777341946i,4.538976391250679,113.5600182652889
0.076225,4.5E9,4.539780775594615+0.1313687734204125i,4.539780775594615,17.278766701528813
0.076225,4.5E9,4.540520645238688+0.12485639224777782i,4.540520645238688,18.1829723072088
0.076225,4.5E9,4.541026879077818+0.13885155576495722i,4.541026879077818,16.352092182404856
0.076225,4.5E9,4.541935323581909+0.149787445199978i,4.541935323581909,15.161268414445779
0.076225,4.5E9,4.542754875835596+0.14577648579910404i,4.542754875835596,15.581233320770293
0.076225,4.5E9,4.543022025338144+0.11367111572573554i,4.543022025338144,19.983185685884788
0.076225,4.5E9,4.54395407293893+0.14040554560075263i,4.54395407293893,16.181533476817926
0.076225,4.5E9,4.544714658974687+0.13965494672084966i,4.544714658974687,16.271226926386372
0.076225,4.5E9,4.544876429354611+0.11013295416844425i,4.544876429354611,20.633589935322135
0.076225,4.5E9,4.545149054144729+0.12205973760818449i,4.545149054144729,18.618543441141895
0.076225,4.5E9,4.545240685388581+0.12860235769709968i,4.545240685388581,17.671684900575848
0.076225,4.5E9,4.54573638616025+0.14405761651850282i,4.54573638616025,15.777494088889059
0.076225,4.5E9,4.546492168500407+0.13422041493154457i,4.546492168500407,16.93666410888098
0.076225,4.5E9,4.546870573641775+0.0024997669831231502i,4.546870573641775,909.4588824357184
0.076225,4.5E9,4.548976076744113+0.08464714921666062i,4.548976076744113,26.870226102362132
0.076225,4.5E9,4.549095215342845+0.1445983378189571i,4.549095215342845,15.73010894854993
0.076225,4.5E9,4.549830467961154+0.1327022848975438i,4.549830467961154,17.142999728580286
0.076225,4.5E9,4.55145597223616+0.13806606702617089i,4.55145597223616,16.482891380448375
0.076225,4.5E9,4.552441814194564+0.10717932233794351i,4.552441814194564,21.237500456666506
0.076225,4.5E9,4.553458966078976+0.1341981900458504i,4.553458966078976,16.965426152630048
0.076225,4.5E9,4.553833357819579+0.12630148199127103i,4.553833357819579,18.027632320792186
0.076225,4.5E9,4.55560172850282+0.13448632265056454i,4.55560172850282,16.9370447444668
0.076225,4.5E9,4.556429795076465+0.11526677176370471i,4.556429795076465,19.764715040415474
0.076225,4.5E9,4.556709449986905+0.12407173042244234i,4.556709449986905,18.363205842588453
0.076225,4.5E9,4.556874409983932+0.12960345119529504i,4.556874409983932,17.580065839131603
0.076225,4.5E9,4.557491168749849+0.06788232629404645i,4.557491168749849,33.56905558162611
0.076225,4.5E9,4.560379954339133+0.12397444736698929i,4.560379954339133,18.39241896694846
0.076225,4.5E9,4.560688706715006+0.14084274065235863i,4.560688706715006,16.19071272537975
0.076225,4.5E9,4.560807488914333+0.135930981442527i,4.560807488914333,16.77618832923195
0.076225,4.5E9,4.560877676041965+0.056337143053470935i,4.560877676041965,40.47842532335307
0.076225,4.5E9,4.561826062807191+0.11908395372437959i,4.561826062807191,19.15382350071094
0.076225,4.5E9,4.562374301122107+0.1094989274483419i,4.562374301122107,20.832963424570938
0.076225,4.5E9,4.563191529888659+0.1122617034379486i,4.563191529888659,20.32390116194394
0.076225,4.5E9,4.5643209456826455+0.14161361273685422i,4.5643209456826455,16.115403235153835
0.076225,4.5E9,4.564679763509621+0.1284652903522697i,4.564679763509621,17.76619875684955
0.076225,4.5E9,4.565461412029471+0.02329534032044767i,4.565461412029471,97.99087176292721
0.076225,4.5E9,4.568123695653814+0.1267096785153759i,4.568123695653814,18.025946199127496
0.076225,4.5E9,4.5683636725491885+0.13251860498040566i,4.5683636725491885,17.236687909688875
0.076225,4.5E9,4.569217648214006+0.1122015098591781i,4.569217648214006,20.36165847477784
0.076225,4.5E9,4.5692588195887875+0.13787278548934792i,4.5692588195887875,16.570561055146772
0.076225,4.5E9,4.569874063358986+0.001457514382056917i,4.569874063358986,1567.6943293381958
0.076225,4.5E9,4.569888190189283+0.04006588548012114i,4.569888190189283,57.029666703069026
0.076225,4.5E9,4.571075390735612+0.12540945912263413i,4.571075390735612,18.22460372094299
0.076225,4.5E9,4.572174675970615+0.10699677679861655i,4.572174675970615,21.365945838612085
0.076225,4.5E9,4.572441782497632+0.13683376760664984i,4.572441782497632,16.708016823894795
0.076225,4.5E9,4.57254080893953+0.12121705968999162i,4.57254080893953,18.860962395200985
0.076225,4.5E9,4.573960137847668+0.12926331320285794i,4.573960137847668,17.69241412940412
0.076225,4.5E9,4.57675092244919+0.0241983379075765i,4.57675092244919,94.5674645078869
0.076225,4.5E9,4.576752682498521+0.13445869705806146i,4.576752682498521,17.01917682767
0.076225,4.5E9,4.577808993113709+0.0890307500898487i,4.577808993113709,25.709145371087192
0.076225,4.5E9,4.577846074523276+0.12888578296760733i,4.577846074523276,17.75931359191812
0.076225,4.5E9,4.578998466477633+0.12897836561150292i,4.578998466477633,17.75103306964705
0.076225,4.5E9,4.580156311637006+0.11205032774420177i,4.580156311637006,20.437942502466324
0.076225,4.5E9,4.583108001406188+0.002251985592951451i,4.583108001406188,1017.57045332594
0.076225,4.5E9,4.58400663474727+0.10996292564529302i,4.58400663474727,20.843418851613144
0.076225,4.5E9,4.584087973235308+0.11982441870101747i,4.584087973235308,19.12835473324263
0.076225,4.5E9,4.587453637388051+0.1267303737368479i,4.587453637388051,18.099266585111515
0.076225,4.5E9,4.587761726490826+0.08200836122976354i,4.587761726490826,27.971304740727923
0.076225,4.5E9,4.588180531729543+0.02587709964484393i,4.588180531729543,88.65329953319844
0.076225,4.5E9,4.590063897332371+0.11508522502644411i,4.590063897332371,19.942020777548436
0.076225,4.5E9,4.59034502174953+0.12688167846492887i,4.59034502174953,18.08907746683986
0.076225,4.5E9,4.593122995791302+0.09791021673660118i,4.593122995791302,23.455790155933148
0.076225,4.5E9,4.593858130890299+0.05518198743164747i,4.593858130890299,41.62461651621912
0.076225,4.5E9,4.597486535031927+0.1153142866109817i,4.597486535031927,19.934592105407415
0.076225,4.5E9,4.598306800208935+0.0028227619244099106i,4.598306800208935,814.504893318305
0.076225,4.5E9,4.598779628512475+0.01517519886154007i,4.598779628512475,151.52287856232297
0.076225,4.5E9,4.601877332395726+0.028921868432701833i,4.601877332395726,79.55705460564927
0.076225,4.5E9,4.602937338028033+0.0031006361883442212i,4.602937338028033,742.2569205847493
0.076225,4.5E9,4.603461824273815+0.1108097365591838i,4.603461824273815,20.771919360240933
0.076225,4.5E9,4.60407398956191+0.06528447068932114i,4.60407398956191,35.261632214742136
0.076225,4.5E9,4.605405544346959+0.02256869310400208i,4.605405544346959,102.03084252872152
0.076225,4.5E9,4.6079570318867225+0.10240059637956984i,4.6079570318867225,22.49965915631164
0.076225,4.5E9,4.616067997421159+0.042235160503621895i,4.616067997421159,54.64721741764549
0.076225,4.5E9,4.617635423107213+0.022398977446593953i,4.617635423107213,103.07692469705538
0.076225,4.5E9,4.624315149294332+0.03023306213616711i,4.624315149294332,76.4777833033719
0.076225,4.5E9,4.626771578981607+0.007034230659389481i,4.626771578981607,328.8754522717895
0.076225,4.5E9,4.6349821574975305+0.028414464201927753i,4.6349821574975305,81.5602596719574
0.076225,4.5E9,4.638492285819542+0.007034894060288467i,4.638492285819542,329.6774795802212
0.076225,4.5E9,4.641927799977701+0.045059571838695675i,4.641927799977701,51.508787262725
0.076225,4.5E9,4.642180330263797+0.037005047819741524i,4.642180330263797,62.723609396165635
0.076225,4.5E9,4.644729438840533+0.0038942825609116537i,4.644729438840533,596.3523917680487
0.076225,4.5E9,4.647153183948619+0.015956134797821816i,4.647153183948619,145.6227727714799
0.076225,4.5E9,4.654139001044987+0.0037719491302299736i,4.654139001044987,616.9408494596038
0.076225,5.0E9,4.8696833410131966+0.022834769286017284i,4.8696833410131966,106.62869591581801
0.076225,5.0E9,4.871962870509706+0.021178937447895566i,4.871962870509706,115.0190580262988
0.076225,5.0E9,4.8745070926691+0.0069784811245254845i,4.8745070926691,349.2527246034897
0.076225,5.0E9,4.87876367092948+0.006391321354117204i,4.87876367092948,381.67097229328374
0.076225,5.0E9,4.879151703343925+0.030041739866801934i,4.879151703343925,81.20621050872793
0.076225,5.0E9,4.880009511875143+0.030159189724326i,4.880009511875143,80.90418801833712
0.076225,5.0E9,4.885804329422136+0.008626439291186921i,4.885804329422136,283.18777681619156
0.076225,5.0E9,4.889618689544079+0.057990341493910254i,4.889618689544079,42.15890580725027
0.076225,5.0E9,4.89412858396638+0.04793894812674914i,4.89412858396638,51.04543148325294
0.076225,5.0E9,4.8972453721856715+0.006421750411274346i,4.8972453721856715,381.30144108277875
0.076225,5.0E9,4.897302810635206+0.04763425845466232i,4.897302810635206,51.405259255755986
0.076225,5.0E9,4.900873261979569+0.0030553351687717225i,4.900873261979569,802.0189261183043
0.076225,5.0E9,4.906114124832448+0.09736370900189088i,4.906114124832448,25.194778296383348
0.076225,5.0E9,4.907655539785823+0.00940032488789351i,4.907655539785823,261.03648535096346
0.076225,5.0E9,4.908061683085375+0.03626456367871468i,4.908061683085375,67.6702155659209
0.076225,5.0E9,4.909620211046223+0.005941156622303283i,4.909620211046223,413.18723972158546
0.076225,5.0E9,4.910645743543938+0.045080752867589065i,4.910645743543938,54.46499260967822
0.076225,5.0E9,4.912021781110325+0.10283952076498827i,4.912021781110325,23.881975258983434
0.076225,5.0E9,4.914551505597509+0.02692145773893291i,4.914551505597509,91.27573167203069
0.076225,5.0E9,4.916536088864148+0.10690566235655541i,4.916536088864148,22.99474125358463
0.076225,5.0E9,4.916566201779209+0.09687979296980256i,4.916566201779209,25.374570129973865
0.076225,5.0E9,4.917878791892299+0.006824363952534882i,4.917878791892299,360.317739945975
0.076225,5.0E9,4.91897952777415+0.0851804666427573i,4.91897952777415,28.873870510736396
0.076225,5.0E9,4.920891328655406+0.035988452790922734i,4.920891328655406,68.36764221629151
0.076225,5.0E9,4.921141296018203+0.0033032494781480835i,4.921141296018203,744.8939791821546
0.076225,5.0E9,4.924199693395626+0.1095081418474044i,4.924199693395626,22.48325836930609
0.076225,5.0E9,4.924349019697208+0.09885075930771003i,4.924349019697208,24.90799794652222
0.076225,5.0E9,4.92874477994517+0.10720102801614127i,4.92874477994517,22.988327962690096
0.076225,5.0E9,4.930110107866593+0.1098707055534776i,4.930110107866593,22.435962721050107
0.076225,5.0E9,4.9303690174261465+0.003415914366968396i,4.9303690174261465,721.6763196850599
0.076225,5.0E9,4.93056091194482+0.10175494606177422i,4.93056091194482,24.227622846714176
0.076225,5.0E9,4.932582140250002+0.11358706879308736i,4.932582140250002,21.71278030439935
0.076225,5.0E9,4.932755940924095+0.11783763530465464i,4.932755940924095,20.93030774154227
0.076225,5.0E9,4.933893758773556+0.1099404359971324i,4.933893758773556,22.438940295371616
0.076225,5.0E9,4.9367108401733475+0.09958055799573243i,4.9367108401733475,24.78752348618549
0.076225,5.0E9,4.939951939741311+0.05070375066882812i,4.939951939741311,48.71387101130486
0.076225,5.0E9,4.942045115290341+0.11005974923654312i,4.942045115290341,22.451646262925678
0.076225,5.0E9,4.942113489593382+0.1231115893025274i,4.942113489593382,20.071682599470446
0.076225,5.0E9,4.942487954498346+0.006171342996607774i,4.942487954498346,400.43860446705867
0.076225,5.0E9,4.943536582951248+0.08277676774900385i,4.943536582951248,29.86065243536125
0.076225,5.0E9,4.9437928482449705+0.00427532734191096i,4.9437928482449705,578.1771140400238
0.076225,5.0E9,4.943800773108368+0.10370138414774105i,4.943800773108368,23.836715458228817
0.076225,5.0E9,4.944964300855079+0.12718822612290895i,4.944964300855079,19.439552117333918
0.076225,5.0E9,4.945128541373345+0.1216986136244491i,4.945128541373345,20.317111239383397
0.076225,5.0E9,4.945900420699927+0.11033614924760944i,4.945900420699927,22.412873996538746
0.076225,5.0E9,4.948200961863349+0.1215128398766035i,4.948200961863349,20.360815231082807
0.076225,5.0E9,4.949419068119196+0.11559766986265037i,4.949419068119196,21.407953438853678
0.076225,5.0E9,4.950414697568893+0.1204309890200532i,4.950414697568893,20.552910583274333
0.076225,5.0E9,4.9519281052555435+0.12494408469174795i,4.9519281052555435,19.816576821033763
0.076225,5.0E9,4.952043329387386+0.024777815146913344i,4.952043329387386,99.92897477089053
0.076225,5.0E9,4.952202228811098+0.10765996186509161i,4.952202228811098,22.99927541780429
0.076225,5.0E9,4.952767615661119+0.10153091801354847i,4.952767615661119,24.39044043214606
0.076225,5.0E9,4.954601471545974+0.07548799936549193i,4.954601471545974,32.81714652124486
0.076225,5.0E9,4.954661228575849+0.04000190315442228i,4.954661228575849,61.930318783196476
0.076225,5.0E9,4.955226868043771+0.004951394476407763i,4.955226868043771,500.38700124321224
0.076225,5.0E9,4.956887461314382+0.09585139227508269i,4.956887461314382,25.857148986885207
0.076225,5.0E9,4.956925660589339+0.10191326552994366i,4.956925660589339,24.3193348521097
0.076225,5.0E9,4.957422204158027+0.12453419948217402i,4.957422204158027,19.903858637914315
0.076225,5.0E9,4.957705083636777+0.11772025781832521i,4.957705083636777,21.057145029736013
0.076225,5.0E9,4.958320445474621+0.10983641601137173i,4.958320445474621,22.571386729157613
0.076225,5.0E9,4.959019208925069+0.12056352460812869i,4.959019208925069,20.566001305301587
0.076225,5.0E9,4.9593508245844+0.10850217515673173i,4.9593508245844,22.853693105325316
0.076225,5.0E9,4.959466360115218+0.11802909069294679i,4.959466360115218,21.0095084652363
0.076225,5.0E9,4.959902503910625+0.13131738070058172i,4.959902503910625,18.885171473301604
0.076225,5.0E9,4.960343668650625+0.11952396220514204i,4.960343668650625,20.750415134904326
0.076225,5.0E9,4.960439127661462+0.03686546668693788i,4.960439127661462,67.27758487076251
0.076225,5.0E9,4.961284894638594+0.12886082775492574i,4.961284894638594,19.250554963352496
0.076225,5.0E9,4.964291366776841+0.13235660446768344i,4.964291366776841,18.753470545510016
0.076225,5.0E9,4.9656245731394+0.0034138805216204445i,4.9656245731394,727.2698241329194
0.076225,5.0E9,4.966460713544928+0.11778358864619115i,4.966460713544928,21.082991147704053
0.076225,5.0E9,4.967046076282406+0.1103628255443743i,4.967046076282406,22.50325710574198
0.076225,5.0E9,4.967881137796911+0.12921479326768148i,4.967881137796911,19.223345145572626
0.076225,5.0E9,4.96869219835617+0.08852696541540071i,4.96869219835617,28.063156661031243
0.076225,5.0E9,4.9688440478070355+0.026113851589981387i,4.9688440478070355,95.13809233934184
0.076225,5.0E9,4.969358673230513+0.09916103298250736i,4.969358673230513,25.057013444520788
0.076225,5.0E9,4.969490735246252+0.11366800063622946i,4.969490735246252,21.859673379626255
0.076225,5.0E9,4.9711797411375125+0.13197231147624144i,4.9711797411375125,18.834176978223415
0.076225,5.0E9,4.971926422186756+0.005076212159169538i,4.971926422186756,489.72799661314355
0.076225,5.0E9,4.972287900590608+0.07645251348319676i,4.972287900590608,32.518799409279396
0.076225,5.0E9,4.972681436913064+0.13481393751498202i,4.972681436913064,18.442757212548752
0.076225,5.0E9,4.972980557935798+0.11390442957391876i,4.972980557935798,21.8296188152567
0.076225,5.0E9,4.973265225642304+0.12429174213713363i,4.973265225642304,20.006418528413572
0.076225,5.0E9,4.9732808729731+0.1039709233323482i,4.9732808729731,23.916690905378235
0.076225,5.0E9,4.973575237768288+0.12061786764417337i,4.973575237768288,20.61707496123417
0.076225,5.0E9,4.9764011329255435+0.11123009077907935i,4.9764011329255435,22.369851081077815
0.076225,5.0E9,4.977183401120237+0.005568234329668993i,4.977183401120237,446.9265395854945
0.076225,5.0E9,4.977449035898116+0.1323276195891045i,4.977449035898116,18.807294544229624
0.076225,5.0E9,4.977950017272132+0.136637214122861i,4.977950017272132,18.215937909843785
0.076225,5.0E9,4.977994416397383+0.11342643353727987i,4.977994416397383,21.943713917273374
0.076225,5.0E9,4.978648147217167+0.11996922824956355i,4.978648147217167,20.74968814861606
0.076225,5.0E9,4.97868728494303+0.09608679469458734i,4.97868728494303,25.90723991141461
0.076225,5.0E9,4.98048333540994+0.12697064857378032i,4.98048333540994,19.61273487752515
0.076225,5.0E9,4.9815812249831115+0.09919727107955428i,4.9815812249831115,25.10946707892791
0.076225,5.0E9,4.98338546446056+0.1299614408736447i,4.98338546446056,19.172553916610035
0.076225,5.0E9,4.983634808848829+0.11983066930289323i,4.983634808848829,20.79448791298916
0.076225,5.0E9,4.984576623523418+0.009968912576191096i,4.984576623523418,250.00603553431486
0.076225,5.0E9,4.985836320850607+0.1156872833163346i,4.985836320850607,21.548765680741965
0.076225,5.0E9,4.986280160432839+0.13583274760240935i,4.986280160432839,18.354484645440518
0.076225,5.0E9,4.986671049048996+0.12106265923300909i,4.986671049048996,20.595413485223215
0.076225,5.0E9,4.986903722151085+0.10123274034333242i,4.986903722151085,24.630883769608143
0.076225,5.0E9,4.987004735444566+0.1308385976541553i,4.987004735444566,19.057849995559717
0.076225,5.0E9,4.9877182480263675+0.11299543039675734i,4.9877182480263675,22.07044227590951
0.076225,5.0E9,4.988764440866241+0.09821197539517545i,4.988764440866241,25.397943686566496
0.076225,5.0E9,4.988947931262001+0.09770678236878629i,4.988947931262001,25.53020276745797
0.076225,5.0E9,4.989525850563885+0.052802993990428496i,4.989525850563885,47.24661873783452
0.076225,5.0E9,4.989817979551424+0.10514056601488406i,4.989817979551424,23.72927105435712
0.076225,5.0E9,4.990096516124262+0.121755963926255i,4.990096516124262,20.49220570068608
0.076225,5.0E9,4.991196883222512+0.12432908258868067i,4.991196883222512,20.072523577347333
0.076225,5.0E9,4.991726474541357+0.13168133219589315i,4.991726474541357,18.953812174057877
0.076225,5.0E9,4.991861810640232+0.029926691819917015i,4.991861810640232,83.4014972433073
0.076225,5.0E9,4.992019397418596+0.13399620640608684i,4.992019397418596,18.627465401109415
0.076225,5.0E9,4.993651670219268+0.11212501075322791i,4.993651670219268,22.26823273716167
0.076225,5.0E9,4.994518775260944+0.10785198149501397i,4.994518775260944,23.15450632444728
0.076225,5.0E9,4.994671719405391+0.12080148804859381i,4.994671719405391,20.673055440327964
0.076225,5.0E9,4.995011625857947+0.10256483446169808i,4.995011625857947,24.350507910795145
0.076225,5.0E9,4.995189985269675+0.13652297606833444i,4.995189985269675,18.294319861476687
0.076225,5.0E9,4.996045370332171+0.004050850002282314i,4.996045370332171,616.6663005933716
0.076225,5.0E9,4.997976362316254+0.13070203912915765i,4.997976362316254,19.119733692055615
0.076225,5.0E9,4.998348683121622+0.11372857726497422i,4.998348683121622,21.974902013748302
0.076225,5.0E9,4.999413703576944+0.12624695612604295i,4.999413703576944,19.800135611133502
0.076225,5.0E9,4.999543341646661+0.12073783298656919i,4.999543341646661,20.704129012332064
0.076225,5.0E9,5.000752288597521+0.06705608774326412i,5.000752288597521,37.28783214839323
0.076225,5.0E9,5.001111910972591+0.01172735533384751i,5.001111910972591,213.22419968543014
0.076225,5.0E9,5.001314753491198+0.1052109632355788i,5.001314753491198,23.76803043943581
0.076225,5.0E9,5.001952985854824+0.10011417157388551i,5.001952985854824,24.98124345045057
0.076225,5.0E9,5.003028238241059+0.13636739736411i,5.003028238241059,18.343930935642348
0.076225,5.0E9,5.004224035468477+0.13369062215710958i,5.004224035468477,18.715688335968878
0.076225,5.0E9,5.004273732477387+0.1370951009993414i,5.004273732477387,18.25110341653064
0.076225,5.0E9,5.005889292510912+0.11872028355511176i,5.005889292510912,21.08270441498357
0.076225,5.0E9,5.006066001059105+0.028026195388468497i,5.006066001059105,89.31048134915368
0.076225,5.0E9,5.007960422714362+0.11434317277572176i,5.007960422714362,21.898816961014447
0.076225,5.0E9,5.00800750284314+0.13032045940728326i,5.00800750284314,19.214202918023386
0.076225,5.0E9,5.008035936654072+0.005566464135628443i,5.008035936654072,449.83995357123365
0.076225,5.0E9,5.00815805112773+0.1313614727014142i,5.00815805112773,19.06250724864861
0.076225,5.0E9,5.008254545655819+0.12621651193462158i,5.008254545655819,19.83993405018999
0.076225,5.0E9,5.008591537541809+0.12000649942174094i,5.008591537541809,20.868001156920794
0.076225,5.0E9,5.009074868290871+0.1241494180010733i,5.009074868290871,20.173573702325236
0.076225,5.0E9,5.009135185955181+0.10583675247830411i,5.009135185955181,23.66444107864148
0.076225,5.0E9,5.009304286583503+0.10931865337987275i,5.009304286583503,22.911480025172875
0.076225,5.0E9,5.010742027716029+0.11193108848150182i,5.010742027716029,22.383155992198382
0.076225,5.0E9,5.012174251908295+0.12264043548850961i,5.012174251908295,20.43442781307595
0.076225,5.0E9,5.01336260730245+0.12511020026918207i,5.01336260730245,20.03578683638864
0.076225,5.0E9,5.015071193658111+0.13615406775903366i,5.015071193658111,18.41689813679976
0.076225,5.0E9,5.016011655964433+0.10523134273638543i,5.016011655964433,23.833258825414887
0.076225,5.0E9,5.016329951480672+0.09282185697043516i,5.016329951480672,27.021275565939344
0.076225,5.0E9,5.016944060863655+0.12301260557160862i,5.016944060863655,20.39199168878335
0.076225,5.0E9,5.017067855681474+0.013903519796684784i,5.017067855681474,180.42437918769915
0.076225,5.0E9,5.018748203505053+0.1344696140539789i,5.018748203505053,18.661272432485838
0.076225,5.0E9,5.018942877106102+0.11735589936472648i,5.018942877106102,21.383428120251104
0.076225,5.0E9,5.020096388061506+0.11155015277975687i,5.020096388061506,22.501521795192506
0.076225,5.0E9,5.020811851451179+0.10140031152308447i,5.020811851451179,24.75737882870388
0.076225,5.0E9,5.020814121329279+0.1313116536584115i,5.020814121329279,19.117930440470307
0.076225,5.0E9,5.021295885843385+0.11419169706161794i,5.021295885843385,21.98625651011163
0.076225,5.0E9,5.021713560042318+0.12403976358859048i,5.021713560042318,20.24235380155235
0.076225,5.0E9,5.023138583059542+0.13360311838537897i,5.023138583059542,18.79873255866031
0.076225,5.0E9,5.024020484241369+0.01887299944649809i,5.024020484241369,133.10074263721717
0.076225,5.0E9,5.024483047580459+0.09548153915365276i,5.024483047580459,26.311280128689884
0.076225,5.0E9,5.025156342709901+0.10727278226861489i,5.025156342709901,23.42232687750528
0.076225,5.0E9,5.0257657422782325+0.004339392546854002i,5.0257657422782325,579.0863223381162
0.076225,5.0E9,5.0258508477483135+0.10467646035277765i,5.0258508477483135,24.00659532625737
0.076225,5.0E9,5.025999099977761+0.12441931830207636i,5.025999099977761,20.197824455906396
0.076225,5.0E9,5.027408360256122+0.130429557940281i,5.027408360256122,19.272504023045112
0.076225,5.0E9,5.0279720978469955+0.034594924302489505i,5.0279720978469955,72.66921664408981
0.076225,5.0E9,5.0286012031233565+0.12482852178083528i,5.0286012031233565,20.14203617644453
0.076225,5.0E9,5.031338651299549+0.06800662503493764i,5.031338651299549,36.99153316838437
0.076225,5.0E9,5.031737768674902+0.11024739450348293i,5.031737768674902,22.820211721719826
0.076225,5.0E9,5.031782952135771+0.031674349930973525i,5.031782952135771,79.42993247061592
0.076225,5.0E9,5.031849915279259+0.048822704935533395i,5.031849915279259,51.531863319775375
0.076225,5.0E9,5.032245896147803+0.11660644212256012i,5.032245896147803,21.577906865808586
0.076225,5.0E9,5.033291247441187+0.11232449572171199i,5.033291247441187,22.405136186461718
0.076225,5.0E9,5.034044668763626+0.12047804724979733i,5.034044668763626,20.891958259939738
0.076225,5.0E9,5.035037955220608+0.13030335935217544i,5.035037955220608,19.320445690169183
0.076225,5.0E9,5.036416973621623+0.1217878539856116i,5.036416973621623,20.6770084569215
0.076225,5.0E9,5.036515833534072+0.11171483160068013i,5.036515833534072,22.54184051199612
0.076225,5.0E9,5.03693706309076+0.10115434571665918i,5.03693706309076,24.89728457737048
0.076225,5.0E9,5.038180684543811+0.09425383110531033i,5.038180684543811,26.726662595362427
0.076225,5.0E9,5.040966291018681+0.002213529199394943i,5.040966291018681,1138.6717402229444
0.076225,5.0E9,5.041065174038819+0.11637951008296066i,5.041065174038819,21.65787246588904
0.076225,5.0E9,5.0415079995120875+0.13074897668008453i,5.0415079995120875,19.27934018117635
0.076225,5.0E9,5.041525290718264+0.030202552327289828i,5.041525290718264,83.46190805475307
0.076225,5.0E9,5.04196339107996+0.10827035672093392i,5.04196339107996,23.284135860361047
0.076225,5.0E9,5.0420200514836235+0.11018068353314134i,5.0420200514836235,22.880689653586288
0.076225,5.0E9,5.042810745993888+0.10276413736864602i,5.042810745993888,24.53584915476788
0.076225,5.0E9,5.04414885457758+0.12567239350980436i,5.04414885457758,20.068643214725036
0.076225,5.0E9,5.04525976383913+0.059965440397876185i,5.04525976383913,42.0680622902406
0.076225,5.0E9,5.046327941452167+0.08889225516594262i,5.046327941452167,28.384519731397088
0.076225,5.0E9,5.04792800247046+0.1220614810441507i,5.04792800247046,20.67780908149304
0.076225,5.0E9,5.048468027098296+0.12576461163517244i,5.048468027098296,20.07109933970645
0.076225,5.0E9,5.049235782757769+0.1010875242265264i,5.049235782757769,24.974574367075054
0.076225,5.0E9,5.050119003176819+0.1062511964351601i,5.050119003176819,23.764998289965888
0.076225,5.0E9,5.050434705815682+0.11732319974169028i,5.050434705815682,21.523597706741683
0.076225,5.0E9,5.051075550399547+0.11410360676563262i,5.051075550399547,22.13372431238915
0.076225,5.0E9,5.054183111605116+0.11594754806638076i,5.054183111605116,21.79512717557236
0.076225,5.0E9,5.05591875098387+0.004216004107964985i,5.05591875098387,599.6102733192429
0.076225,5.0E9,5.056304617585572+0.08851999011884408i,5.056304617585572,28.560241651615303
0.076225,5.0E9,5.056995945468604+0.10287114293430447i,5.056995945468604,24.57927364867571
0.076225,5.0E9,5.058399606788974+0.11656956358932549i,5.058399606788974,21.696914061588636
0.076225,5.0E9,5.060233489444271+0.0973576666886651i,5.060233489444271,25.98785314784773
0.076225,5.0E9,5.060999037295356+0.09946286913728077i,5.060999037295356,25.441650141371134
0.076225,5.0E9,5.062077634313976+0.10778361996442935i,5.062077634313976,23.48259241981554
0.076225,5.0E9,5.062337279332767+0.11135732839213695i,5.062337279332767,22.73014875817649
0.076225,5.0E9,5.0631312857819+0.03822616288309424i,5.0631312857819,66.22599423942053
0.076225,5.0E9,5.063464997427656+0.12039861090447182i,5.063464997427656,21.027921166985777
0.076225,5.0E9,5.06465311726206+0.11713040238718506i,5.06465311726206,21.619720474110537
0.076225,5.0E9,5.065797147730112+0.014442542641570487i,5.065797147730112,175.37760744250969
0.076225,5.0E9,5.066585367973849+0.11778030000709927i,5.066585367973849,21.50862821570525
0.076225,5.0E9,5.069362113628389+0.004394013036752206i,5.069362113628389,576.848779376331
0.076225,5.0E9,5.070927085970413+0.11378613877904538i,5.070927085970413,22.282710092735233
0.076225,5.0E9,5.071492987037334+0.10935140119407084i,5.071492987037334,23.18897120502703
0.076225,5.0E9,5.0716161904858446+0.10536478471486363i,5.0716161904858446,24.066941360961184
0.076225,5.0E9,5.071812951065418+0.0999750240124221i,5.071812951065418,25.36540001448379
0.076225,5.0E9,5.073835718414974+0.11289581976164495i,5.073835718414974,22.47131793332684
0.076225,5.0E9,5.0744561303629885+0.07823193689344744i,5.0744561303629885,32.43212639151732
0.076225,5.0E9,5.078374668140837+0.09739791735363049i,5.078374668140837,26.070242599245585
0.076225,5.0E9,5.078407783583855+0.10815781224990052i,5.078407783583855,23.476842208356178
0.076225,5.0E9,5.079129763238497+0.024573277061152605i,5.079129763238497,103.34661003086134
0.076225,5.0E9,5.07925999950953+0.0840447689652298i,5.07925999950953,30.21758559185803
0.076225,5.0E9,5.083220554823121+0.10508667383255443i,5.083220554823121,24.185847593400595
0.076225,5.0E9,5.083811694322216+0.10327151713979738i,5.083811694322216,24.613813349136347
0.076225,5.0E9,5.085166422183235+0.013553089983006729i,5.085166422183235,187.6017361560784
0.076225,5.0E9,5.087236546234354+0.09812431413029483i,5.087236546234354,25.92240563067398
0.076225,5.0E9,5.088731092993545+0.03017216467254036i,5.088731092993545,84.32824008853419
0.076225,5.0E9,5.0917419070971315+0.019912232767731384i,5.0917419070971315,127.85461998386523
0.076225,5.0E9,5.092634143226459+0.03118061467756474i,5.092634143226459,81.66346616140864
0.076225,5.0E9,5.093941258320964+0.08581342364485152i,5.093941258320964,29.680328799156246
0.076225,5.0E9,5.094062892632688+0.009219752553679864i,5.094062892632688,276.25811338068416
0.076225,5.0E9,5.0949353586375254+0.09932902596406563i,5.0949353586375254,25.64675989312895
0.076225,5.0E9,5.0988470685799285+0.0969847238654794i,5.0988470685799285,26.286856658230917
0.076225,5.0E9,5.102106243855535+0.0043388917999757914i,5.102106243855535,587.9503890698544
0.076225,5.0E9,5.109240698346273+0.0628125183149886i,5.109240698346273,40.67056086435467
0.076225,5.0E9,5.109728710588589+0.004846060340368976i,5.109728710588589,527.2044043718549
0.076225,5.0E9,5.1101545056558555+0.02184404803575246i,5.1101545056558555,116.9690365378247
0.076225,5.0E9,5.1147467737831755+0.03220063438167592i,5.1147467737831755,79.41996907821438
0.076225,5.0E9,5.120805261466283+0.005271949632674163i,5.120805261466283,485.66522996813876
0.076225,5.0E9,5.122867209558626+0.00929904061783655i,5.122867209558626,275.4513836477077
0.076225,5.0E9,5.1271159299885465+0.0301897217985706i,5.1271159299885465,84.91492508936106
0.076225,5.0E9,5.129010279430356+0.02656427414085036i,5.129010279430356,96.5396278519615
0.076225,5.0E9,5.13026072322604+0.00396226898984541i,5.13026072322604,647.3892530232027
0.076225,5.0E9,5.130626808743955+0.015514335766788519i,5.130626808743955,165.35115927189963
0.076225,5.0E9,5.136583469432724+0.0057982085802046985i,5.136583469432724,442.9457304251879
0.076225,5.5E9,5.377092240757472+0.019387380075270074i,5.377092240757472,138.67506129970397
0.076225,5.5E9,5.377686563648213+0.004931907033007021i,5.377686563648213,545.1934239288972
0.076225,5.5E9,5.385244203652914+0.018616179151752267i,5.385244203652914,144.63881550973426
0.076225,5.5E9,5.387867637368668+0.006089215427119997i,5.387867637368668,442.4106604417637
0.076225,5.5E9,5.39475687484408+0.004907683339191225i,5.39475687484408,549.6235700216473
0.076225,5.5E9,5.396906551932972+0.00932491089335483i,5.396906551932972,289.38113262717314
0.076225,5.5E9,5.403403782761796+0.011036766881277539i,5.403403782761796,244.79106249530273
0.076225,5.5E9,5.408587854161875+0.07672191175013841i,5.408587854161875,35.2479997616334
0.076225,5.5E9,5.4124917737769165+0.00815615781213083i,5.4124917737769165,331.80401228424
0.076225,5.5E9,5.415783512012866+0.08752590805034575i,5.415783512012866,30.938173808477686
0.076225,5.5E9,5.419761516507171+0.03406641395224662i,5.419761516507171,79.54699200368503
0.076225,5.5E9,5.419773581456156+0.0470882804822963i,5.419773581456156,57.54907087225046
0.076225,5.5E9,5.420758855187537+0.08995629654161247i,5.420758855187537,30.129957899500525
0.076225,5.5E9,5.425259536640915+0.0966254653805047i,5.425259536640915,28.073652816452686
0.076225,5.5E9,5.430085666460785+0.09635264775907924i,5.430085666460785,28.178186031992634
0.076225,5.5E9,5.430515964300049+0.02685555490438643i,5.430515964300049,101.10600923410934
0.076225,5.5E9,5.43077366483436+0.01012842461338717i,5.43077366483436,268.0956749017155
0.076225,5.5E9,5.432029913755954+0.0744767724841924i,5.432029913755954,36.46794653265147
0.076225,5.5E9,5.432794472860877+0.09737287848317165i,5.432794472860877,27.896856688897174
0.076225,5.5E9,5.433862285156544+0.09520783203019276i,5.433862285156544,28.53684497003005
0.076225,5.5E9,5.43452628510403+0.00866556497826452i,5.43452628510403,313.5702229880699
0.076225,5.5E9,5.4368652600504355+0.08927752068548957i,5.4368652600504355,30.44923973193455
0.076225,5.5E9,5.437338514596139+0.09632328643147653i,5.437338514596139,28.224423792185547
0.076225,5.5E9,5.43852182403857+0.09862927775874974i,5.43852182403857,27.570524430592318
0.076225,5.5E9,5.439599060002543+0.0190870914639196i,5.439599060002543,142.49418436237488
0.076225,5.5E9,5.44037655208183+0.10521840476316704i,5.44037655208183,25.85278005462737
0.076225,5.5E9,5.440790184477347+0.03448399299294081i,5.440790184477347,78.88863371465025
0.076225,5.5E9,5.4422147993433+0.10132316818367555i,5.4422147993433,26.85572755422442
0.076225,5.5E9,5.4428880157110076+0.010560624779354513i,5.4428880157110076,257.6972541601695
0.076225,5.5E9,5.443067047958319+0.09823354132598723i,5.443067047958319,27.704727807254468
0.076225,5.5E9,5.443463593268142+0.1045109846459229i,5.443463593268142,26.0425428566685
0.076225,5.5E9,5.444380540327181+0.08976094835154469i,5.444380540327181,30.32711129011534
0.076225,5.5E9,5.445457745733383+0.0850536140756009i,5.445457745733383,32.01191275007505
0.076225,5.5E9,5.445940622426133+0.04015540269545188i,5.445940622426133,67.81080822086933
0.076225,5.5E9,5.446101907799309+0.10654261450743065i,5.446101907799309,25.558326745489616
0.076225,5.5E9,5.446720407302819+0.008883459824316445i,5.446720407302819,306.5652637046697
0.076225,5.5E9,5.449723356382563+0.10924234694109877i,5.449723356382563,24.943272956781776
0.076225,5.5E9,5.450237465259149+0.09518212400245339i,5.450237465259149,28.630572822259484
0.076225,5.5E9,5.451388737267134+0.10603474059406139i,5.451388737267134,25.70567300266704
0.076225,5.5E9,5.451915096276806+0.11380940286463773i,5.451915096276806,23.951953700878246
0.076225,5.5E9,5.452436733242127+0.0619321128008386i,5.452436733242127,44.019463301503066
0.076225,5.5E9,5.453749845274689+0.11492500966249944i,5.453749845274689,23.72742826513885
0.076225,5.5E9,5.453886605981309+0.08796691588439137i,5.453886605981309,30.999646578203116
0.076225,5.5E9,5.454395487496137+0.0983352421277867i,5.454395487496137,27.733675991808447
0.076225,5.5E9,5.455017222930471+0.09522014986377862i,5.455017222930471,28.644237751853915
0.076225,5.5E9,5.455398226315284+0.10983750057978252i,5.455398226315284,24.83395105277661
0.076225,5.5E9,5.457521575727018+0.07320475936922338i,5.457521575727018,37.27572922001476
0.076225,5.5E9,5.458544270949866+0.10638753198023494i,5.458544270949866,25.65406006393669
0.076225,5.5E9,5.460070795514405+0.10045467134642495i,5.460070795514405,27.17678890554014
0.076225,5.5E9,5.46167729172928+0.11667507925492572i,5.46167729172928,23.405500671638507
0.076225,5.5E9,5.461880756953192+0.09018598129590973i,5.461880756953192,30.281207114840747
0.076225,5.5E9,5.462896964922348+0.11133134964041913i,5.462896964922348,24.534405549589373
0.076225,5.5E9,5.463402462848057+0.11551544880510174i,5.463402462848057,23.64792986289625
0.076225,5.5E9,5.463421244193076+0.10943626149950098i,5.463421244193076,24.96165882008857
0.076225,5.5E9,5.464899670362913+0.09685375231584761i,5.464899670362913,28.21212157347012
0.076225,5.5E9,5.466568077960865+0.03477058651403177i,5.466568077960865,78.60908638620197
0.076225,5.5E9,5.467710790617327+0.10226235045797362i,5.467710790617327,26.73374299598351
0.076225,5.5E9,5.467882429935429+0.10710695109581929i,5.467882429935429,25.52533880384565
0.076225,5.5E9,5.469027143175851+0.11610104318213237i,5.469027143175851,23.552876844510212
0.076225,5.5E9,5.469390199681963+0.11046008743067037i,5.469390199681963,24.757314279308325
0.076225,5.5E9,5.469913756851953+0.011327615547968831i,5.469913756851953,241.4415343497763
0.076225,5.5E9,5.4712759106943905+0.10263210909341705i,5.4712759106943905,26.654796237863362
0.076225,5.5E9,5.471868419938329+0.08467985661698413i,5.471868419938329,32.309150242708625
0.076225,5.5E9,5.471916242250903+0.0994563018804436i,5.471916242250903,27.509147931262778
0.076225,5.5E9,5.472040760369301+0.07522082975252048i,5.472040760369301,36.37317468028824
0.076225,5.5E9,5.473868978400374+0.09935049852018314i,5.473868978400374,27.548271321901588
0.076225,5.5E9,5.474111681112977+0.11657654588337285i,5.474111681112977,23.47861501484812
0.076225,5.5E9,5.4743478566607795+0.016728491011211374i,5.4743478566607795,163.62348083254767
0.076225,5.5E9,5.47507797216378+0.08165425618900606i,5.47507797216378,33.52598032055153
0.076225,5.5E9,5.475461189464413+0.11353198018920654i,5.475461189464413,24.11417990040908
0.076225,5.5E9,5.476779560282469+0.10826932997028685i,5.476779560282469,25.292386873482556
0.076225,5.5E9,5.477041762832338+0.11910221702736865i,5.477041762832338,22.99303027068657
0.076225,5.5E9,5.4778483656164045+0.11235041801595473i,5.4778483656164045,24.378406695551877
0.076225,5.5E9,5.4787306711848185+0.009321840179769912i,5.4787306711848185,293.86529727653243
0.076225,5.5E9,5.479031412564042+0.041059136905855165i,5.479031412564042,66.7212199945527
0.076225,5.5E9,5.47908527558644+0.09617106759209135i,5.47908527558644,28.486141480855384
0.076225,5.5E9,5.479518378387149+0.10629620802055302i,5.479518378387149,25.774759421933712
0.076225,5.5E9,5.47992998540274+0.10016417225798721i,5.47992998540274,27.354741030996557
0.076225,5.5E9,5.480939413439774+0.12146739271476494i,5.480939413439774,22.5613610819422
0.076225,5.5E9,5.482912421249431+0.11687198089247125i,5.482912421249431,23.456915761075432
0.076225,5.5E9,5.4831090308960535+0.12040665082902567i,5.4831090308960535,22.769128586932986
0.076225,5.5E9,5.484647320372877+0.01754707969989007i,5.484647320372877,156.28376385636517
0.076225,5.5E9,5.4853742053282+0.10516347341740565i,5.4853742053282,26.08022551497578
0.076225,5.5E9,5.485635620758254+0.1036184869536262i,5.485635620758254,26.470351874628875
0.076225,5.5E9,5.485656825966452+0.09570961805874864i,5.485656825966452,28.65781379776919
0.076225,5.5E9,5.486717765681262+0.11322072252150987i,5.486717765681262,24.230183501252984
0.076225,5.5E9,5.487134722571269+0.10224553151636313i,5.487134722571269,26.83312728289314
0.076225,5.5E9,5.487182274589113+0.10887578782319629i,5.487182274589113,25.19927701234991
0.076225,5.5E9,5.487340038634227+0.0032682460512906382i,5.487340038634227,839.4931031075924
0.076225,5.5E9,5.487420689526229+0.02239477838584812i,5.487420689526229,122.51562830811227
0.076225,5.5E9,5.4874782874952075+0.12017669713184731i,5.4874782874952075,22.830874946891026
0.076225,5.5E9,5.488565424850302+0.09219792021779474i,5.488565424850302,29.765126002218523
0.076225,5.5E9,5.489290761920552+0.11595327622365134i,5.489290761920552,23.670270218724895
0.076225,5.5E9,5.489612374900572+0.056811460604622305i,5.489612374900572,48.31430416043489
0.076225,5.5E9,5.490347306013322+0.08457093930512855i,5.490347306013322,32.46001138880798
0.076225,5.5E9,5.491413623238039+0.10984569959495775i,5.491413623238039,24.99603372497484
0.076225,5.5E9,5.491509170350626+0.0696680742079085i,5.491509170350626,39.41194896504866
0.076225,5.5E9,5.4917918202615565+0.12232204164866552i,5.4917918202615565,22.4480876309894
0.076225,5.5E9,5.49277890322706+0.11267699204189519i,5.49277890322706,24.374003972278356
0.076225,5.5E9,5.492837600638807+0.10387583471185202i,5.492837600638807,26.43943904699177
0.076225,5.5E9,5.495188160048399+0.12076378190134786i,5.495188160048399,22.75180552285713
0.076225,5.5E9,5.495395441000578+0.10580569904804399i,5.495395441000578,25.969279020146363
0.076225,5.5E9,5.496926733631332+0.04980869503700937i,5.496926733631332,55.18039299711575
0.076225,5.5E9,5.497227889869087+0.11033346400008842i,5.497227889869087,24.911879363565905
0.076225,5.5E9,5.497299017728531+0.09673975198437021i,5.497299017728531,28.412823606456545
0.076225,5.5E9,5.498306507410227+0.09464830224755925i,5.498306507410227,29.045985912293606
0.076225,5.5E9,5.498464610806525+0.10914532094083124i,5.498464610806525,25.18873261542424
0.076225,5.5E9,5.498651203321986+0.10014499942361528i,5.498651203321986,27.45344867426972
0.076225,5.5E9,5.499277088444693+0.11106433667541772i,5.499277088444693,24.75716892145212
0.076225,5.5E9,5.500408650168136+0.11631771339520713i,5.500408650168136,23.64389949568412
0.076225,5.5E9,5.500450808326297+0.10018761973941408i,5.500450808326297,27.450751014111603
0.076225,5.5E9,5.5007838180836615+0.11843026900810441i,5.5007838180836615,23.223724239397075
0.076225,5.5E9,5.502716893127313+0.09003256679290172i,5.502716893127313,30.5595913186891
0.076225,5.5E9,5.502966402512004+0.05355611349478268i,5.502966402512004,51.37570711743386
0.076225,5.5E9,5.503717933719892+0.10217316703303911i,5.503717933719892,26.933284410867817
0.076225,5.5E9,5.5037207950857745+0.0991972932860941i,5.5037207950857745,27.741285133721032
0.076225,5.5E9,5.5044410172682285+0.11869178578653679i,5.5044410172682285,23.187961074104074
0.076225,5.5E9,5.505008461824713+0.12280829076478375i,5.505008461824713,22.413016366983417
0.076225,5.5E9,5.505463951350016+0.11496532070906562i,5.505463951350016,23.94402032453897
0.076225,5.5E9,5.50703729457007+0.11041619872989682i,5.50703729457007,24.93763305527995
0.076225,5.5E9,5.507326455886286+0.010614240637327075i,5.507326455886286,259.43101556029757
0.076225,5.5E9,5.507812495104075+0.09754309280169297i,5.507812495104075,28.23271405952632
0.076225,5.5E9,5.507876677517259+0.0939762163540039i,5.507876677517259,29.304630954545733
0.076225,5.5E9,5.5080259206596995+0.013348096989309758i,5.5080259206596995,206.3225164257862
0.076225,5.5E9,5.508463243379465+0.09199511925208319i,5.508463243379465,29.938888541930595
0.076225,5.5E9,5.509858919923996+0.023954863400447692i,5.509858919923996,115.00501647237577
0.076225,5.5E9,5.509875262613479+0.1241142736387995i,5.509875262613479,22.19678325898461
0.076225,5.5E9,5.510185503964831+0.12117823949187351i,5.510185503964831,22.735870429667184
0.076225,5.5E9,5.511725535756235+0.08159091127910065i,5.511725535756235,33.77659012106201
0.076225,5.5E9,5.512414205655341+0.1085437642515323i,5.512414205655341,25.39258815864
0.076225,5.5E9,5.512553934323414+0.11241410020505187i,5.512553934323414,24.518961252494556
0.076225,5.5E9,5.513707299766399+0.10221074502392714i,5.513707299766399,26.972248849549338
0.076225,5.5E9,5.51372348079927+0.12184721679285533i,5.51372348079927,22.625561854944948
0.076225,5.5E9,5.514064427664349+0.1149615584671636i,5.514064427664349,23.982209797718284
0.076225,5.5E9,5.514206058778961+0.10940720167530803i,5.514206058778961,25.200379748052065
0.076225,5.5E9,5.515356882506168+0.025421068005915447i,5.515356882506168,108.48003870692516
0.076225,5.5E9,5.515687280880225+0.012983034079737716i,5.515687280880225,212.41904038010705
0.076225,5.5E9,5.516173920574944+0.07677655508412617i,5.516173920574944,35.92355709715499
0.076225,5.5E9,5.516381632642379+0.1081482725689003i,5.516381632642379,25.5037898507715
0.076225,5.5E9,5.516489509466108+0.09993105407584171i,5.516489509466108,27.60147764117159
0.076225,5.5E9,5.516672788804047+0.09680305816373821i,5.516672788804047,28.49431047660102
0.076225,5.5E9,5.516999228157879+0.11796940128137887i,5.516999228157879,23.383178893138624
0.076225,5.5E9,5.5170026404358845+0.03442310586422831i,5.5170026404358845,80.13516650990266
0.076225,5.5E9,5.5175853414488785+0.008480644644250475i,5.5175853414488785,325.30459492779084
0.076225,5.5E9,5.519224944745477+0.10281803443766463i,5.519224944745477,26.839770741248756
0.076225,5.5E9,5.519304689835428+0.11233408644929084i,5.519304689835428,24.566473384402865
0.076225,5.5E9,5.519367832080139+0.09179835246306649i,5.519367832080139,30.062455828391705
0.076225,5.5E9,5.519669327969717+0.11959977850146299i,5.519669327969717,23.075583404622268
0.076225,5.5E9,5.520538034699026+0.10220152251764733i,5.520538034699026,27.008100753811107
0.076225,5.5E9,5.521032462823733+0.10897624786802054i,5.521032462823733,25.331356927934287
0.076225,5.5E9,5.522403832735355+0.009454945583334562i,5.522403832735355,292.0378432674024
0.076225,5.5E9,5.5228853645814535+0.11090913821373054i,5.5228853645814535,24.898243073255262
0.076225,5.5E9,5.523023716279692+0.0870609092840925i,5.523023716279692,31.71930870982094
0.076225,5.5E9,5.523803357129393+0.11670770681342138i,5.523803357129393,23.6651182169152
0.076225,5.5E9,5.5243958273148985+0.10940532872904879i,5.5243958273148985,25.247380047623253
0.076225,5.5E9,5.525358221433161+0.10558094506464617i,5.525358221433161,26.166455595041505
0.076225,5.5E9,5.525993755798033+0.11994769886561585i,5.525993755798033,23.035013627018866
0.076225,5.5E9,5.528535201025514+0.10537467018557976i,5.528535201025514,26.232752099195082
0.076225,5.5E9,5.528789166961416+0.017099956890083912i,5.528789166961416,161.66090951280415
0.076225,5.5E9,5.528970706539098+0.118979293927807i,5.528970706539098,23.23501226143562
0.076225,5.5E9,5.530461515146139+0.10750128304598403i,5.530461515146139,25.722769805363463
0.076225,5.5E9,5.530662245537662+0.09097071849295053i,5.530662245537662,30.3980354182112
0.076225,5.5E9,5.5312974751599295+0.10069446980964941i,5.5312974751599295,27.465746061408193
0.076225,5.5E9,5.532122525731209+0.1169039821299814i,5.532122525731209,23.66096699589
0.076225,5.5E9,5.532525945972906+0.010666951942844548i,5.532525945972906,259.33021802372303
0.076225,5.5E9,5.532992055142657+0.05418801855754933i,5.532992055142657,51.053648042753686
0.076225,5.5E9,5.533761833646849+0.11028137169466982i,5.533761833646849,25.089286379969415
0.076225,5.5E9,5.534352840984954+0.09238160274870927i,5.534352840984954,29.953760685659244
0.076225,5.5E9,5.535871248938924+0.09660246840773758i,5.535871248938924,28.65284573046954
0.076225,5.5E9,5.536234873960229+0.10243204679999707i,5.536234873960229,27.023939513626843
0.076225,5.5E9,5.536343585358122+0.11230042585822388i,5.536343585358122,24.649699870005836
0.076225,5.5E9,5.53691986381961+0.10509755013547381i,5.53691986381961,26.341812233883466
0.076225,5.5E9,5.537025069873063+0.08587617074970577i,5.537025069873063,32.238425523252815
0.076225,5.5E9,5.538679339525288+0.09779089844459658i,5.538679339525288,28.31899199015554
0.076225,5.5E9,5.538903275133521+0.1080875312981539i,5.538903275133521,25.622304481424138
0.076225,5.5E9,5.5401335107846785+0.06980860428766754i,5.5401335107846785,39.680878648961944
0.076225,5.5E9,5.540853398885879+0.04431279311741393i,5.540853398885879,62.51979404914163
0.076225,5.5E9,5.540933495814154+0.09394752500269112i,5.540933495814154,29.48951287250747
0.076225,5.5E9,5.543102802090845+0.11265641163276363i,5.543102802090845,24.6018079297617
0.076225,5.5E9,5.543514874120082+0.11637762490186641i,5.543514874120082,23.81692734662081
0.076225,5.5E9,5.54463025934472+0.09808705543374024i,5.54463025934472,28.26382255449715
0.076225,5.5E9,5.544961819597047+0.11439793243850173i,5.544961819597047,24.23541099651394
0.076225,5.5E9,5.5457487283619455+0.10967916971059002i,5.5457487283619455,25.28168631744519
0.076225,5.5E9,5.545876218367784+0.09958731707388796i,5.545876218367784,27.84428972141637
0.076225,5.5E9,5.548504911654223+0.040510613726886746i,5.548504911654223,68.48211371297617
0.076225,5.5E9,5.548848293917995+0.11368133622595916i,5.548848293917995,24.40527389161227
0.076225,5.5E9,5.549277195378323+0.025844111302454266i,5.549277195378323,107.36057298382205
0.076225,5.5E9,5.549384597469962+0.11138913929427817i,5.549384597469962,24.909899800954037
0.076225,5.5E9,5.5503232121817545+0.09281852302647468i,5.5503232121817545,29.898790840480363
0.076225,5.5E9,5.550461340962376+0.10751088375213788i,5.550461340962376,25.813485794418483
0.076225,5.5E9,5.551266220781073+0.11291247137918825i,5.551266220781073,24.58216595994315
0.076225,5.5E9,5.551532474549562+0.008733566652121482i,5.551532474549562,317.82733765483044
0.076225,5.5E9,5.551644818681259+0.10378418697069727i,5.551644818681259,26.746101601435324
0.076225,5.5E9,5.5517695412257755+0.019536094315223268i,5.5517695412257755,142.09005780903775
0.076225,5.5E9,5.552755168430302+0.07753077525834381i,5.552755168430302,35.81000673556865
0.076225,5.5E9,5.554216374841311+0.08754165297324347i,5.554216374841311,31.72327792655983
0.076225,5.5E9,5.554490350390808+0.10073309686801844i,5.554490350390808,27.57033449328159
0.076225,5.5E9,5.555471790987894+0.09630976332010996i,5.555471790987894,28.841685409000917
0.076225,5.5E9,5.5564811371690475+0.0033666442917314214i,5.5564811371690475,825.225455331876
0.076225,5.5E9,5.557358025257475+0.10826613785808953i,5.557358025257475,25.665264020694146
0.076225,5.5E9,5.557627414877784+0.0134556484200901i,5.557627414877784,206.5165215888039
0.076225,5.5E9,5.557715838959543+0.08976268862387095i,5.557715838959543,30.957828492904333
0.076225,5.5E9,5.558511370981566+0.0992795102240321i,5.558511370981566,27.99425258262427
0.076225,5.5E9,5.559157499434238+0.09836865950239738i,5.559157499434238,28.25675132484017
0.076225,5.5E9,5.560105861514013+0.021943637482287177i,5.560105861514013,126.690615127098
0.076225,5.5E9,5.5617849386746485+0.07997844897962639i,5.5617849386746485,34.770522619733796
0.076225,5.5E9,5.562375047943209+0.011953546996813169i,5.562375047943209,232.6662976866258
0.076225,5.5E9,5.562438148408305+0.047568908560906134i,5.562438148408305,58.46716181522525
0.076225,5.5E9,5.562471822538118+0.10412001819035477i,5.562471822538118,26.711826982053875
0.076225,5.5E9,5.563198438988173+0.09708231496539566i,5.563198438988173,28.651966328631215
0.076225,5.5E9,5.563970994794472+0.012398805452725042i,5.563970994794472,224.37528421625518
0.076225,5.5E9,5.564088857111575+0.08969571531691028i,5.564088857111575,31.016469613139822
0.076225,5.5E9,5.564236944266308+0.10109958672476892i,5.564236944266308,27.518593915790444
0.076225,5.5E9,5.565389430358812+0.0918255305244347i,5.565389430358812,30.304150700647824
0.076225,5.5E9,5.568240096339401+0.006405323019772203i,5.568240096339401,434.65724360435354
0.076225,5.5E9,5.56857912142482+0.06256520271730136i,5.56857912142482,44.502206334935465
0.076225,5.5E9,5.568601838039675+0.026725866967968036i,5.568601838039675,104.18000367796965
0.076225,5.5E9,5.570856370216956+0.0819424739658043i,5.570856370216956,33.99248338866209
0.076225,5.5E9,5.573088947561898+0.09968776962181411i,5.573088947561898,27.9527216262564
0.076225,5.5E9,5.573379820630521+0.020959597372079763i,5.573379820630521,132.95531688158306
0.076225,5.5E9,5.574554407651544+0.09879435231434401i,5.574554407651544,28.21292046084992
0.076225,5.5E9,5.5752689125409995+0.0831759734114042i,5.5752689125409995,33.51490030038277
0.076225,5.5E9,5.5792933840528995+0.07678430017413342i,5.5792933840528995,36.33095158385265
0.076225,5.5E9,5.579945931956366+0.01116245492068396i,5.579945931956366,249.9425964810286
0.076225,5.5E9,5.5808198289577+0.0925279145902492i,5.5808198289577,30.15749276135647
0.076225,5.5E9,5.583454193082001+0.019604287268016128i,5.583454193082001,142.40390677684206
0.076225,5.5E9,5.5851949676847035+0.008720580013158811i,5.5851949676847035,320.2307047958388
0.076225,5.5E9,5.585318791499159+0.0238994346475771i,5.585318791499159,116.85043754927048
0.076225,5.5E9,5.585500010194117+0.08599414294824372i,5.585500010194117,32.47604905810734
0.076225,5.5E9,5.586836844548205+0.009296696348651844i,5.586836844548205,300.47431017569903
0.076225,5.5E9,5.590287403300655+0.06470032115359917i,5.590287403300655,43.20138836737193
0.076225,5.5E9,5.5930088367041275+0.034868860966306814i,5.5930088367041275,80.20062430643428
0.076225,5.5E9,5.595350410338326+0.05604616680626917i,5.595350410338326,49.91733359463617
0.076225,5.5E9,5.601496772010038+0.022575886883073378i,5.601496772010038,124.0592850465123
0.076225,5.5E9,5.6066009766904905+0.04580699173778293i,5.6066009766904905,61.198091863190434
0.076225,5.5E9,5.607011779813179+0.007925746287308712i,5.607011779813179,353.72137692519493
0.076225,5.5E9,5.614070887251605+0.01685796877254718i,5.614070887251605,166.5108935423464
0.076225,5.5E9,5.61518885319222+0.009108024757527176i,5.61518885319222,308.255027993399
0.076225,5.5E9,5.616562686514083+0.041967279144708075i,5.616562686514083,66.9159735987115
0.076225,5.5E9,5.623478036003064+0.009630907534524363i,5.623478036003064,291.9495393266066
