% Model,EigenRadiusSweep_Al&NO_Zotefoam_2.5to5.5GHz.mph
% Version,COMSOL 6.1.0.282
% Date,"Jul 3 2025, 17:43"
% Table,Table 1 - 
% search_freq (Hz),Eigenfrequency (GHz),Frequency (GHz),Quality factor (1)
2.5E9,2.3038670157145975+4.5074464409337943E-4i,2.3038670157145975,2555.6232846078055
2.5E9,2.304754119082655+4.56167573535594E-4i,2.304754119082655,2526.214326480199
2.5E9,2.3051418226656604+0.11932005482912696i,2.3051418226656604,9.65949029258641
2.5E9,2.30551433213257+0.1198787290443914i,2.30551433213257,9.616027591011713
2.5E9,2.317344003337939+0.08977499571543486i,2.317344003337939,12.906399966218666
2.5E9,2.317375186362966+0.09022774440563429i,2.317375186362966,12.841810474308263
2.5E9,2.319860593631526+0.008208548667111548i,2.319860593631526,141.30759819493443
2.5E9,2.3200136692424764+0.008177181795947053i,2.3200136692424764,141.85900027270827
2.5E9,2.329581334634528+0.15103938230777705i,2.329581334634528,7.7118341555696945
2.5E9,2.329667035624566+0.15072904653479846i,2.329667035624566,7.727996325800155
2.5E9,2.330614187906323+0.1528022695623429i,2.330614187906323,7.62624205315039
2.5E9,2.330677795035542+0.1522999911733836i,2.330677795035542,7.651601871671212
2.5E9,2.333240466047781+0.1648200294433651i,2.333240466047781,7.078146005457185
2.5E9,2.333447731383207+0.16472366288223433i,2.333447731383207,7.082915989585102
2.5E9,2.333660350541914+0.16604315968139685i,2.333660350541914,7.027270364583926
2.5E9,2.3337750505323736+0.16614416068157312i,2.3337750505323736,7.023343585951289
2.5E9,2.352342582896992+0.12991930873479543i,2.352342582896992,9.05309074457452
2.5E9,2.3525105114243017+0.1308597918498245i,2.3525105114243017,8.988668246255722
2.5E9,2.3527669018100505+0.1301364305029062i,2.3527669018100505,9.03961670347762
2.5E9,2.352944579028817+0.13112076190162253i,2.352944579028817,8.972433293188868
2.5E9,2.358202724605145+0.1482039074362631i,2.358202724605145,7.955939777159111
2.5E9,2.3583483261992435+0.14851970380431248i,2.3583483261992435,7.939513296183823
2.5E9,2.3589618539065795+0.1486354259644729i,2.3589618539065795,7.9353957463358125
2.5E9,2.3590048192245523+0.1483487783038263i,2.3590048192245523,7.950873765853276
2.5E9,2.366308099590747+0.189579156132926i,2.366308099590747,6.240950080850602
2.5E9,2.3670557341812124+0.19029310035492256i,2.3670557341812124,6.219499629167666
2.5E9,2.3843500379178324+0.03522458022775394i,2.3843500379178324,33.844974482324275
2.5E9,2.3854425874568+0.03525938596965302i,2.3854425874568,33.82705798549495
2.5E9,2.4052374476883145+0.2071653891270342i,2.4052374476883145,5.8051141115406555
2.5E9,2.40609038560598+0.20609764928709232i,2.40609038560598,5.837258197579722
2.5E9,2.409642825257658+0.19857133554123757i,2.409642825257658,6.067448805462771
2.5E9,2.4097100484789578+0.19735702461420854i,2.4097100484789578,6.10495130130137
2.5E9,2.409717884088133+0.2162124450282361i,2.409717884088133,5.572569802291995
2.5E9,2.409723845962101+0.2160407257693178i,2.409723845962101,5.577012939067647
2.5E9,2.4110092575220996+0.05092109198487017i,2.4110092575220996,23.67397441357371
2.5E9,2.4118311052304855+0.05073956481619263i,2.4118311052304855,23.76676971873429
2.5E9,2.4151731072440317+0.16417087008247608i,2.4151731072440317,7.355668840734954
2.5E9,2.4158883812358316+0.16458176096542337i,2.4158883812358316,7.339477859103051
2.5E9,2.4165292229336783+0.20147808807494608i,2.4165292229336783,5.997002567432481
2.5E9,2.417575041798577+0.20286837999080604i,2.417575041798577,5.9584816566981536
2.5E9,2.4216526438399177+0.1954073465469642i,2.4216526438399177,6.19642169711848
2.5E9,2.4219376012132288+0.19629451292829303i,2.4219376012132288,6.1691423898791555
2.5E9,2.4227945509662243+0.19796240811731683i,2.4227945509662243,6.119329861683698
2.5E9,2.423159190055122+0.19849904998112228i,2.423159190055122,6.1037047539662534
2.5E9,2.4256124382789364+0.05004212963256942i,2.4256124382789364,24.23570355707095
2.5E9,2.4264266471336238+0.050108696262313714i,2.4264266471336238,24.211632192858676
2.5E9,2.4298736717345273+0.22022914442982477i,2.4298736717345273,5.5166941642203895
2.5E9,2.4300900706466737+0.19369874719164934i,2.4300900706466737,6.272859545762305
2.5E9,2.4304445504964285+0.19338837852389806i,2.4304445504964285,6.283843344278531
2.5E9,2.4305025778084843+0.2191058755222171i,2.4305025778084843,5.546411231592084
2.5E9,2.4309620216556795+0.1940134681910756i,2.4309620216556795,6.264931100714947
2.5E9,2.4314171826218143+0.1934347275695555i,2.4314171826218143,6.284851777061393
2.5E9,2.441438344658446+0.17686863035624117i,2.441438344658446,6.901841043663327
2.5E9,2.4416691583734793+0.17634025209281431i,2.4416691583734793,6.923175875603093
2.5E9,2.4420385363908665+0.17814763732205297i,2.4420385363908665,6.853973965358241
2.5E9,2.4426285067631754+0.1784793405145562i,2.4426285067631754,6.8428886495240135
2.5E9,2.445985478242854+0.22537678587362908i,2.445985478242854,5.426436153931004
2.5E9,2.4462135953852155+0.16080993557645237i,2.4462135953852155,7.605915600352426
2.5E9,2.4464018294795684+0.16126275335760698i,2.4464018294795684,7.585142193543505
2.5E9,2.4467354991558636+0.16277327565344632i,2.4467354991558636,7.5157776647719015
2.5E9,2.4468131948015777+0.16243805494842797i,2.4468131948015777,7.531527004489218
2.5E9,2.447655072303591+0.07437280664779022i,2.447655072303591,16.45530928996019
2.5E9,2.448397670725025+0.22453110757974662i,2.448397670725025,5.4522460097325895
2.5E9,2.4488163032976655+0.07486121835300469i,2.4488163032976655,16.355706981353038
2.5E9,2.4493026441774473+0.1485365974640211i,2.4493026441774473,8.244778344174485
2.5E9,2.4493091861588874+0.22439479361100614i,2.4493091861588874,5.457589159588133
2.5E9,2.449569025075003+0.1481732164116652i,2.449569025075003,8.26589678079687
2.5E9,2.4505345638220026+0.15019919054669756i,2.4505345638220026,8.15761574647142
2.5E9,2.450576733908482+0.15077801354894127i,2.450576733908482,8.126439247433929
2.5E9,2.4510218521168605+0.22032275368728918i,2.4510218521168605,5.562343904787225
2.5E9,2.4556357743919652+0.2122834762402724i,2.4556357743919652,5.783859907241581
2.5E9,2.456580858474392+0.2120887370590898i,2.456580858474392,5.79139866769532
2.5E9,2.4571561557941206+0.20997574578574643i,2.4571561557941206,5.851047573611992
2.5E9,2.4571873013718357+0.21501539870443145i,2.4571873013718357,5.713979826974116
2.5E9,2.45759159625446+0.20920106622320664i,2.45759159625446,5.873754949299201
2.5E9,2.458252836164336+0.21456487897393847i,2.458252836164336,5.728460426328487
2.5E9,2.4593658061558283+0.21952459994549997i,2.4593658061558283,5.601572231008279
2.5E9,2.4604004057992066+0.21698411972208073i,2.4604004057992066,5.669540261634251
2.5E9,2.460882973197862+0.17638412835449277i,2.460882973197862,6.975919534698826
2.5E9,2.461036151378904+0.17837056720745256i,2.461036151378904,6.898661000827043
2.5E9,2.461786870789889+0.17739889141407203i,2.461786870789889,6.9385632885488535
2.5E9,2.4620320678844694+0.17939318718363634i,2.4620320678844694,6.862111394911009
2.5E9,2.464593394584128+0.12875671128453958i,2.464593394584128,9.57073759494222
2.5E9,2.4646619847520306+0.12981799689387613i,2.4646619847520306,9.492759261902828
2.5E9,2.464927612626174+0.12900900348795125i,2.464927612626174,9.553316225934516
2.5E9,2.4651083308953794+0.14544660463931347i,2.4651083308953794,8.474272524300211
2.5E9,2.4651396932190157+0.13015830908268067i,2.4651396932190157,9.46977457909768
2.5E9,2.465268107758593+0.1458343931957753i,2.465268107758593,8.452286369954912
2.5E9,2.4655959591522407+0.17109838646166697i,2.4655959591522407,7.205199330458429
2.5E9,2.465886661981926+0.14554357705693585i,2.465886661981926,8.471300183234073
2.5E9,2.465890988779823+0.1460089312290353i,2.465890988779823,8.444315590913169
2.5E9,2.4660350812698315+0.17130108053946738i,2.4660350812698315,7.1979554171628894
2.5E9,2.46758766031526+0.17213257886166908i,2.46758766031526,7.167695030870035
2.5E9,2.4683841287845327+0.1721752098003741i,2.4683841287845327,7.168233253923322
2.5E9,2.4849512394625375+0.20793557859926373i,2.4849512394625375,5.975291136327298
2.5E9,2.485442468902622+0.21293298415181935i,2.485442468902622,5.8362082295585616
2.5E9,2.486412746347929+0.20847770431650664i,2.486412746347929,5.9632581683005945
2.5E9,2.486453988016224+0.21314340188470454i,2.486453988016224,5.832819515007129
2.5E9,2.4904198354065383+0.21622274343381784i,2.4904198354065383,5.758922016843279
2.5E9,2.4908437040045683+0.21637010686950756i,2.4908437040045683,5.755979280231146
2.5E9,2.490945500841093+0.2001700170607563i,2.490945500841093,6.222074458046913
2.5E9,2.491177399653849+0.20366843978706314i,2.491177399653849,6.115766886264739
2.5E9,2.4921282617053877+0.19852916488411737i,2.4921282617053877,6.27647898272291
2.5E9,2.492597667680905+0.2022535671960132i,2.492597667680905,6.162061075702102
2.5E9,2.492652758432234+0.22777448243485554i,2.492652758432234,5.471755948661069
2.5E9,2.4933366262113386+0.19797459119233698i,2.4933366262113386,6.2971127031877625
2.5E9,2.4934409998524587+0.20241153562223982i,2.4934409998524587,6.159335218191225
2.5E9,2.4936315919049292+0.1966289062272581i,2.4936315919049292,6.340958813611211
2.5E9,2.4960566178081667+0.23136652086716364i,2.4960566178081667,5.394161195952045
2.5E9,2.502407704550828+0.21039217612038216i,2.502407704550828,5.947007514003278
2.5E9,2.5029336161922124+0.22546829362025292i,2.5029336161922124,5.550522372799347
2.5E9,2.503383120989462+0.2244904665245613i,2.503383120989462,5.575700295307572
2.5E9,2.503787480598703+0.0022713795723941863i,2.503787480598703,551.1600771243053
2.5E9,2.503805127036006+0.22520846199924935i,2.503805127036006,5.558861120956352
2.5E9,2.5040352188697192+0.22425896102325962i,2.5040352188697192,5.582910059522675
2.5E9,2.504227767410836+0.20861449693436707i,2.504227767410836,6.002046368327652
2.5E9,2.5058210263661542+0.00230970199472385i,2.5058210263661542,542.4554838871653
2.5E9,2.506934704117538+0.2183201048892155i,2.506934704117538,5.741419704313669
2.5E9,2.507566557959398+0.2177596291248703i,2.507566557959398,5.757647935103434
2.5E9,2.5147365033429394+0.21284811777568163i,2.5147365033429394,5.907349638847156
2.5E9,2.5178960634088683+0.21221770748104932i,2.5178960634088683,5.932342058764612
2.5E9,2.518946436496959+0.21354083898941675i,2.518946436496959,5.898043785015288
2.5E9,2.5201110346764457+0.20516597219502974i,2.5201110346764457,6.141639882370067
2.5E9,2.5212760757002206+0.20452073260984152i,2.5212760757002206,6.16386427802894
2.5E9,2.5220686094938634+0.060210722158994555i,2.5220686094938634,20.943683442576887
2.5E9,2.522884257600271+0.06047467567719506i,2.522884257600271,20.859014367163013
2.5E9,2.524403673390025+0.18807661549888188i,2.524403673390025,6.71110458547419
2.5E9,2.52522142362375+0.18813241203439462i,2.52522142362375,6.711287534978517
2.5E9,2.5254633775573168+0.1907092096165313i,2.5254633775573168,6.621241267360382
2.5E9,2.5260121379969562+0.19012480842291155i,2.5260121379969562,6.643036642483085
2.5E9,2.52920133214843+1.1615963790347615E-4i,2.52920133214843,10886.747659501538
2.5E9,2.5308378204723474+1.1471451201275789E-4i,2.5308378204723474,11031.027269639966
2.5E9,2.5345315978905973+0.19864237392507722i,2.5345315978905973,6.379634787405827
2.5E9,2.53504925468419+0.19906955119305708i,2.53504925468419,6.367245114813431
2.5E9,2.53944205370704+0.20422465049689326i,2.53944205370704,6.217276042653016
2.5E9,2.5395649881919007+0.2045218370118554i,2.5395649881919007,6.208542386710256
2.5E9,2.5406456481907167+0.17180133436135808i,2.5406456481907167,7.394138286629524
2.5E9,2.540848604080975+0.1720983563694946i,2.540848604080975,7.381966503578285
2.5E9,2.541102826168375+0.17249961613514034i,2.541102826168375,7.365531828713214
2.5E9,2.5412412290037807+0.17279059213277426i,2.5412412290037807,7.353528909291144
2.5E9,2.542061760640482+0.21326054183631343i,2.542061760640482,5.959990860830747
2.5E9,2.543363571648613+0.21578975191117306i,2.543363571648613,5.893151896980619
2.5E9,2.5434395930414553+0.20327003332912102i,2.5434395930414553,6.256307315410558
2.5E9,2.543538767502115+0.21533105777320538i,2.543538767502115,5.906112183271453
2.5E9,2.544035622487817+0.21425828912834682i,2.544035622487817,5.936842940447142
2.5E9,2.5446189300746203+0.21555753020883042i,2.5446189300746203,5.902412519779323
2.5E9,2.5484718299331126+0.2064747979499052i,2.5484718299331126,6.1713871504826985
2.5E9,2.550756456292944+0.19599746161109527i,2.550756456292944,6.507116049681911
2.5E9,2.55098918912902+0.21557300678443891i,2.55098918912902,5.916763947352341
2.5E9,2.5517508301034657+0.21648539463929434i,2.5517508301034657,5.893586572792049
2.5E9,2.5520480403537475+0.21782896596650056i,2.5520480403537475,5.85791707964638
2.5E9,2.5542718217887286+0.19579141751327236i,2.5542718217887286,6.522941235704519
2.5E9,2.5542793898388667+0.18870174330320727i,2.5542793898388667,6.768033366111073
2.5E9,2.5543918738148563+0.18801218696320757i,2.5543918738148563,6.793155047748925
2.5E9,2.5549406063008577+0.18784490900525905i,2.5549406063008577,6.800665026884832
2.5E9,2.5553332572068896+0.1887210091191101i,2.5553332572068896,6.770134573607823
2.5E9,2.5593760935099334+0.15775795127118838i,2.5593760935099334,8.111718214159382
2.5E9,2.5597038437827044+0.15845646075092087i,2.5597038437827044,8.076994247039021
2.5E9,2.560121306094683+0.16020365542313547i,2.560121306094683,7.990208773116948
2.5E9,2.5602020837307515+0.15951807829837808i,2.5602020837307515,8.024802301535695
2.5E9,2.5687885060462725+0.14641869742089433i,2.5687885060462725,8.772064467497783
2.5E9,2.568939684801489+0.14608193585993937i,2.568939684801489,8.792804085183194
2.5E9,2.5696130350059097+0.19848756067044757i,2.5696130350059097,6.472982554489357
2.5E9,2.569881417043592+0.14918426792021516i,2.569881417043592,8.613111331611666
2.5E9,2.5703024426065206+0.14862447478858887i,2.5703024426065206,8.64696896746869
2.5E9,2.570722886613522+0.19862418120995332i,2.570722886613522,6.471324062743827
2.5E9,2.5725633318462813+0.14286095425113504i,2.5725633318462813,9.003731444086451
2.5E9,2.572588235832029+0.14337004563589403i,2.572588235832029,8.97184702851192
2.5E9,2.5726833355773144+0.19444681134322286i,2.5726833355773144,6.6153909076868525
2.5E9,2.5731704172047953+0.1432314061840319i,2.5731704172047953,8.982563551385645
2.5E9,2.573313204073779+0.14387727589626587i,2.573313204073779,8.942736745756546
2.5E9,2.5738056882838842+0.1947175779962826i,2.5738056882838842,6.6090738051728986
2.5E9,2.5750312094317795+0.22129877692311872i,2.5750312094317795,5.817996929839268
2.5E9,2.5766551005477107+0.12822139051389322i,2.5766551005477107,10.047680383986012
2.5E9,2.5769123203189293+0.1295488712715365i,2.5769123203189293,9.945715061143527
2.5E9,2.577258696389408+0.128763966582361i,2.577258696389408,10.007686019601307
2.5E9,2.5772882029985817+0.1275742328513784i,2.5772882029985817,10.101131495735014
2.5E9,2.577409232326716+0.2186765108560345i,2.577409232326716,5.893200925506697
2.5E9,2.5801576564853854+0.17241934347738958i,2.5801576564853854,7.4822163350359165
2.5E9,2.580467920794077+0.17230785578345525i,2.580467920794077,7.4879578445832236
2.5E9,2.5805471480672515+0.17463180134230505i,2.5805471480672515,7.388537277379921
2.5E9,2.581063368710028+0.17487144177508504i,2.581063368710028,7.379888169589528
2.5E9,2.5888675226895432+0.22127957871919368i,2.5888675226895432,5.849766023765903
2.5E9,2.590916188692301+0.1667278319618208i,2.590916188692301,7.769897077788421
2.5E9,2.5922062272625515+0.16644882678489578i,2.5922062272625515,7.786796330539765
2.5E9,2.5928413435437743+0.21614610172061136i,2.5928413435437743,5.997890600162799
2.5E9,2.5929782488409785+0.2151061187062754i,2.5929782488409785,6.027207093029408
2.5E9,2.59323711098796+0.023479875055736007i,2.59323711098796,55.22254920079837
2.5E9,2.593387697584666+0.16866226088537994i,2.593387697584666,7.688109017307341
2.5E9,2.593770848519249+0.21723043537356623i,2.593770848519249,5.970090802559044
2.5E9,2.593808716290889+0.21591355653858085i,2.593808716290889,6.006590688128955
2.5E9,2.594470963886295+0.16803833140548677i,2.594470963886295,7.719878381872521
2.5E9,2.5950070642420355+0.023476115592416448i,2.5950070642420355,55.26908942892383
2.5E9,2.596417286188775+0.2108036180038701i,2.596417286188775,6.158379326632592
2.5E9,2.5966364765691967+0.2094476053180223i,2.5966364765691967,6.198773370138323
2.5E9,2.604455783459794+0.17567661300453136i,2.604455783459794,7.412642294602456
2.5E9,2.605472550771053+0.1745687733620233i,2.605472550771053,7.462596261038581
2.5E9,2.6194157140053065+0.19519923219082147i,2.6194157140053065,6.709595331411541
2.5E9,2.62058724073167+0.1948151837185215i,2.62058724073167,6.725829041431449
2.5E9,2.6213389002223306+0.19448543154390532i,2.6213389002223306,6.739165189425925
2.5E9,2.621668981874076+0.19437478598479999i,2.621668981874076,6.743850465458748
2.5E9,2.627604628208945+0.19840773063934564i,2.627604628208945,6.621729455152271
2.5E9,2.628710173159921+0.1983452219409812i,2.628710173159921,6.626603220979302
2.5E9,2.629306699570344+0.03699608982491701i,2.629306699570344,35.534926961382496
2.5E9,2.629392839990099+0.18157337890283498i,2.629392839990099,7.240579141827726
2.5E9,2.6296390530790936+0.1814014265358145i,2.6296390530790936,7.248121206367465
2.5E9,2.6299434305213167+0.18394828183739506i,2.6299434305213167,7.148594714372245
2.5E9,2.6305434834150425+0.18375860897402388i,2.6305434834150425,7.157606106462462
2.5E9,2.6406139745178607+0.16761107836369013i,2.6406139745178607,7.877205970801454
2.5E9,2.6408141143395403+0.16800320916234204i,2.6408141143395403,7.8594156846959775
2.5E9,2.6409613752170635+0.16817908701770554i,2.6409613752170635,7.851634296656125
2.5E9,2.641259057017767+0.16774388723796824i,2.641259057017767,7.87289212295042
2.5E9,2.6426462956107803+0.19040250026678437i,2.6426462956107803,6.939631286112341
2.5E9,2.6452310399428387+0.1898576505878313i,2.6452310399428387,6.9663535595030215
2.5E9,2.6650170854313737+0.03556916264364473i,2.6650170854313737,37.462465902434474
2.5E9,2.6665738518590243+0.03535520347454248i,2.6665738518590243,37.71119368297641
2.5E9,2.6714592209058674+0.15619636695982608i,2.6714592209058674,8.551604857726845
2.5E9,2.672368353361445+0.15761184712559118i,2.672368353361445,8.47768870836213
2.5E9,2.6750420587116133+0.15598718775424406i,2.6750420587116133,8.574556978763248
2.5E9,2.675178924899235+0.050381799036857355i,2.675178924899235,26.54906112961725
2.5E9,2.6756365259584003+0.15826308745305254i,2.6756365259584003,8.453128802861585
2.5E9,2.680491720159672+0.14144810135601057i,2.680491720159672,9.475177448346038
2.5E9,2.6805834208071553+0.1413151139107671i,2.6805834208071553,9.48441871015934
2.5E9,2.6807116677547604+0.1421008833521658i,2.6807116677547604,9.432424361188543
2.5E9,2.6807180224730742+0.14051341860665345i,2.6807180224730742,9.53901075447231
2.5E9,2.6863880169218906+0.05399601393617788i,2.6863880169218906,24.875799351570127
2.5E9,2.6875056884835105+0.14451543168268147i,2.6875056884835105,9.298334638699963
2.5E9,2.6876205342423964+5.726197084262112E-4i,2.6876205342423964,2346.776136669358
2.5E9,2.688431712311815+0.14443741345438302i,2.688431712311815,9.306562780428388
2.5E9,2.689027749709066+0.127439142680921i,2.689027749709066,10.55024262224436
2.5E9,2.68914627688623+0.1278740818055163i,2.68914627688623,10.514821451371802
2.5E9,2.6892869168697624+0.12653066918962338i,2.6892869168697624,10.627016098521937
2.5E9,2.6892990668885854+0.1289263227860696i,2.6892990668885854,10.429596566369929
2.5E9,2.6900214971727427+5.783110309126906E-4i,2.6900214971727427,2325.756689205245
2.5E9,2.6914990559337366+0.05557982935207685i,2.6914990559337366,24.212912195934646
2.5E9,2.711300902020537+0.03019516252039759i,2.711300902020537,44.8962793326412
2.5E9,2.7114972541387674+0.035778506672596216i,2.7114972541387674,37.89282318224282
2.5E9,2.712182640050801+0.03551798281528104i,2.712182640050801,38.18041489231094
2.5E9,2.712885787529666+0.031243602787521866i,2.712885787529666,43.41506013213598
2.5E9,2.7264487298014584+0.04871413882888506i,2.7264487298014584,27.984162250907023
3.0E9,2.807634691641359+0.013475190488825528i,2.807634691641359,104.17792215886021
3.0E9,2.8079792204890315+0.013226212636703039i,2.8079792204890315,106.15205189945404
3.0E9,2.87324894575572+1.4717060494586436E-4i,2.87324894575572,9761.626470220137
3.0E9,2.8755529758971954+0.036237526076481764i,2.8755529758971954,39.676452661643424
3.0E9,2.875582691652221+1.5954094431809378E-4i,2.875582691652221,9012.052372959713
3.0E9,2.8773635006527516+0.0364361835778962i,2.8773635006527516,39.48497370067989
3.0E9,2.8964952130214208+0.13744060991774665i,2.8964952130214208,10.53726120232903
3.0E9,2.89665130228382+0.13859335318103996i,2.89665130228382,10.450181180406318
3.0E9,2.8977065360800154+0.1385190169652868i,2.8977065360800154,10.45959825431835
3.0E9,2.8979919036543236+0.13774243025364213i,2.8979919036543236,10.519604955124915
3.0E9,2.9028498141101737+0.15362944362249858i,2.9028498141101737,9.447569898264803
3.0E9,2.9034766487454227+0.15574488972351835i,2.9034766487454227,9.321258161021323
3.0E9,2.904006537861988+0.15209370720571613i,2.904006537861988,9.54676755276318
3.0E9,2.9042365400001646+0.02750580153471462i,2.9042365400001646,52.79316322294364
3.0E9,2.9054272278924738+0.15481312715743262i,2.9054272278924738,9.383659129041058
3.0E9,2.905841602804823+0.20111215070009225i,2.905841602804823,7.224430728549438
3.0E9,2.906185600291301+0.027574505575170275i,2.906185600291301,52.69696663044075
3.0E9,2.911147718982758+0.016593097807709917i,2.911147718982758,87.72164645561556
3.0E9,2.911657612730976+0.016648603064101163i,2.911657612730976,87.44450214592743
3.0E9,2.9124565546115444+0.12624579800716434i,2.9124565546115444,11.534865320611562
3.0E9,2.9127603755989893+0.12787675091854886i,2.9127603755989893,11.388936435577227
3.0E9,2.914446077819228+0.12672137272749762i,2.914446077819228,11.499425925910971
3.0E9,2.9149632109696264+0.12494226500946118i,2.9149632109696264,11.665240784409074
3.0E9,2.917161144540516+0.20192571483900035i,2.917161144540516,7.223352278005875
3.0E9,2.918255819082881+0.20303273142309863i,2.918255819082881,7.186663447386583
3.0E9,2.922177294781198+0.2030061103250904i,2.922177294781198,7.197264383081069
3.0E9,2.923130971792164+0.17674757741643837i,2.923130971792164,8.269225000195954
3.0E9,2.9245056523595045+0.1773698926350291i,2.9245056523595045,8.24408700065351
3.0E9,2.9247509351055347+0.20006975954429995i,2.9247509351055347,7.309327860860274
3.0E9,2.9248077073414525+0.19265163459368162i,2.9248077073414525,7.590923672955372
3.0E9,2.924915301634192+0.17960936961138105i,2.924915301634192,8.14243518576676
3.0E9,2.9250667739478184+0.19309862993830704i,2.9250667739478184,7.574022598923531
3.0E9,2.925259488685658+0.14204241696376144i,2.925259488685658,10.297133600000501
3.0E9,2.925841168788053+0.2075999959763185i,2.925841168788053,7.046823760829484
3.0E9,2.9259964161124867+0.19566515715571042i,2.9259964161124867,7.477050228682201
3.0E9,2.92610929965029+0.1412547703480515i,2.92610929965029,10.357559225930432
3.0E9,2.9265160549676676+0.19493989030276843i,2.9265160549676676,7.506201143394475
3.0E9,2.9266772660050293+0.14675260364465736i,2.9266772660050293,9.971466240870258
3.0E9,2.9271325198154723+0.2089118975048278i,2.9271325198154723,7.005662565837899
3.0E9,2.9275839747227437+0.18039838807401928i,2.9275839747227437,8.114218774287291
3.0E9,2.9277617702360406+0.14591597190487218i,2.9277617702360406,10.032355375547073
3.0E9,2.9308868969637136+0.18428964653901855i,2.9308868969637136,7.951849037659245
3.0E9,2.931413732205311+0.20248966481367253i,2.931413732205311,7.2384280326177315
3.0E9,2.9325093545813403+0.18688283945246864i,2.9325093545813403,7.8458497397969715
3.0E9,2.932766142148248+0.20393275756577753i,2.932766142148248,7.190522447582503
3.0E9,2.9332598029974615+0.04449954116114583i,2.9332598029974615,32.95831514728738
3.0E9,2.936066225468464+0.16405096910964784i,2.936066225468464,8.948640295767062
3.0E9,2.93647019716923+0.16533190354668612i,2.93647019716923,8.880531023282009
3.0E9,2.9376079942163575+0.04583860862655804i,2.9376079942163575,32.04294460755471
3.0E9,2.9381578872520078+0.16785513047081388i,2.9381578872520078,8.752064589896122
3.0E9,2.9386486162058216+0.1691599155977642i,2.9386486162058216,8.686007574020868
3.0E9,2.9447998943915983+0.2157538453400146i,2.9447998943915983,6.824443591609636
3.0E9,2.9454515428361345+0.15733079611876594i,2.9454515428361345,9.360696111308911
3.0E9,2.9459319100041856+0.15724379950520395i,2.9459319100041856,9.367402464434507
3.0E9,2.9462066513102045+0.15707773047220167i,2.9462066513102045,9.378180606676134
3.0E9,2.946387380711817+0.1573938502671479i,2.946387380711817,9.359919004811344
3.0E9,2.947462026968887+0.21440511609534807i,2.947462026968887,6.873581378669438
3.0E9,2.9485022443340614+0.1673313674032168i,2.9485022443340614,8.810369179704018
3.0E9,2.9491872295154242+0.16975998009836352i,2.9491872295154242,8.68634417784034
3.0E9,2.950063154332961+0.21396963845489014i,2.950063154332961,6.893648967292395
3.0E9,2.950134720415715+0.21086242414441458i,2.950134720415715,6.995401699439913
3.0E9,2.951123245880647+0.16840300967135152i,2.951123245880647,8.762085819130963
3.0E9,2.9511715193546313+0.19766045639491683i,2.9511715193546313,7.465255249280415
3.0E9,2.9514958638380606+0.21812799382836842i,2.9514958638380606,6.765513706050064
3.0E9,2.9520200137161923+0.1709955953977124i,2.9520200137161923,8.631859805658143
3.0E9,2.9529149601043274+0.1794235351136042i,2.9529149601043274,8.228895273506492
3.0E9,2.9530897609937212+0.20031609756190114i,2.9530897609937212,7.371074509079745
3.0E9,2.9542994075653746+0.17871910869140728i,2.9542994075653746,8.265202946671296
3.0E9,2.9556432611334444+0.21700488274420623i,2.9556432611334444,6.8100846943093885
3.0E9,2.9608430075628247+0.18639570659549676i,2.9608430075628247,7.9423583880830595
3.0E9,2.9608842349498907+0.1872491250119248i,2.9608842349498907,7.906269881798725
3.0E9,2.9615084745753535+0.18738675913901387i,2.9615084745753535,7.902128432613381
3.0E9,2.9616121991373454+0.1885583382056877i,2.9616121991373454,7.853304784396987
3.0E9,2.9620113401932087+0.18048522659592883i,2.9620113401932087,8.20568917483915
3.0E9,2.9639315833219095+0.15874389616192455i,2.9639315833219095,9.335576532336686
3.0E9,2.964402828103644+0.18124430058566599i,2.964402828103644,8.177920129142228
3.0E9,2.9652734363005333+0.20646923770549022i,2.9652734363005333,7.180908568399495
3.0E9,2.96621669654423+0.05541378287923323i,2.96621669654423,26.7642501776922
3.0E9,2.966742429087318+0.20458901630534657i,2.966742429087318,7.250492921524907
3.0E9,2.966847661740795+0.21010135374709246i,2.966847661740795,7.06051533897328
3.0E9,2.9671866642296627+0.16374273214895066i,2.9671866642296627,9.060514092101881
3.0E9,2.967827578950642+0.19044162293158812i,2.967827578950642,7.791961476868866
3.0E9,2.968002508577955+0.15874499242574253i,2.968002508577955,9.348334278847638
3.0E9,2.9683524934553325+0.20062477364262254i,2.9683524934553325,7.397771570182369
3.0E9,2.9685366522408434+0.20818884554486744i,2.9685366522408434,7.12943252188092
3.0E9,2.9690255708869056+0.056221165608879936i,2.9690255708869056,26.404873847172233
3.0E9,2.9702038072019374+3.6051680689670864E-4i,2.9702038072019374,4119.369403009453
3.0E9,2.971167889249731+0.19082769411377773i,2.971167889249731,7.784949409592047
3.0E9,2.9715884538009427+0.19385575247941947i,2.9715884538009427,7.6644319701485735
3.0E9,2.971810835618618+0.16353208647832296i,2.971810835618618,9.086323362028853
3.0E9,2.972373109299533+0.1932157519002545i,2.972373109299533,7.691849862308296
3.0E9,2.972420032700744+0.2036305459346098i,2.972420032700744,7.298561271979433
3.0E9,2.973179023499681+0.18273067191818695i,2.973179023499681,8.13541315283634
3.0E9,2.9733310510536186+0.19323158286980865i,2.9733310510536186,7.693698428835323
3.0E9,2.9733523996487308+0.1938585551178222i,2.9733523996487308,7.668870733720275
3.0E9,2.974495135869202+0.009684126537843576i,2.974495135869202,153.57580904408292
3.0E9,2.9745288965691294+0.2002545452146391i,2.9745288965691294,7.4268698704964144
3.0E9,2.9758826310594007+0.18391167631150948i,2.9758826310594007,8.090521196758743
3.0E9,2.9759034541005676+0.20321468566909232i,2.9759034541005676,7.3220679014961165
3.0E9,2.9766510944763396+1.9382844903281676E-4i,2.9766510944763396,7678.571203890632
3.0E9,2.9771033981308066+0.010102110413415025i,2.9771033981308066,147.35056717343852
3.0E9,2.982521205032467+0.18455330433413744i,2.982521205032467,8.080378771307592
3.0E9,2.982545509639256+0.1802978156331211i,2.982545509639256,8.271163738634213
3.0E9,2.9838724393486573+0.18257513360332814i,2.9838724393486573,8.171628798671914
3.0E9,2.984179246927184+0.178094558369929i,2.984179246927184,8.378075316396243
3.0E9,2.9852281046830593+0.20807258228512393i,2.9852281046830593,7.173525872314046
3.0E9,2.986384214109385+0.2068102089400715i,2.986384214109385,7.22010830465039
3.0E9,2.9880262891140337+0.18721399768747607i,2.9880262891140337,7.980242732976802
3.0E9,2.989386304177187+0.18754252967296142i,2.989386304177187,7.969889041675266
3.0E9,3.0010320270451856+0.18758786692756013i,3.0010320270451856,7.9990035501711825
3.0E9,3.0033496996789144+0.18713669866949192i,3.0033496996789144,8.024480823462707
3.0E9,3.0046856851661006+0.1376721024473328i,3.0046856851661006,10.912471124335298
3.0E9,3.004691681050561+0.1896268434890398i,3.004691681050561,7.922643297134852
3.0E9,3.0049906747338717+0.13675696437532375i,3.0049906747338717,10.986609305273847
3.0E9,3.006999263245161+0.19008666291115514i,3.006999263245161,7.9095482481340795
3.0E9,3.007037340158555+0.1355410375789367i,3.007037340158555,11.092719201029096
3.0E9,3.007048890023993+0.13685858940683085i,3.007048890023993,10.985970639683888
3.0E9,3.011456428866442+0.2090471205556649i,3.011456428866442,7.202817290335634
3.0E9,3.013697964462787+0.2063053713707847i,3.013697964462787,7.303973581585483
3.0E9,3.015961667191766+0.21932196271854623i,3.015961667191766,6.875648999781478
3.0E9,3.0168737173005717+0.21784233257894955i,3.0168737173005717,6.924443200697017
3.0E9,3.018104431941052+0.15026618939534592i,3.018104431941052,10.04252667910713
3.0E9,3.019196954787342+0.15097940967180157i,3.019196954787342,9.99870433110866
3.0E9,3.019739534674452+0.1540891074261169i,3.019739534674452,9.79867943009004
3.0E9,3.02002012831214+0.15298220362404516i,3.02002012831214,9.870494922840372
3.0E9,3.0210441369150423+0.050855037967428615i,3.0210441369150423,29.702505962633886
3.0E9,3.021411558808061+0.22184811629143136i,3.021411558808061,6.809639877309067
3.0E9,3.021962447303439+0.006154152793164083i,3.021962447303439,245.52221474417874
3.0E9,3.022592959131266+0.21003393185434402i,3.022592959131266,7.195487254000933
3.0E9,3.0246957520527986+0.050884942787497466i,3.0246957520527986,29.720931049135153
3.0E9,3.025139213377513+0.12603659719109217i,3.025139213377513,12.00103494063278
3.0E9,3.0252603596963374+0.12440242362024471i,3.0252603596963374,12.159169699664997
3.0E9,3.026363318760311+0.006275220338395959i,3.026363318760311,241.13602037549293
3.0E9,3.0264667904905043+0.12757031873424418i,3.0264667904905043,11.861955118240598
3.0E9,3.0267939226254743+0.12557425882394946i,3.0267939226254743,12.05180882998055
3.0E9,3.0326738503328494+0.19763561964787277i,3.0326738503328494,7.672386829196483
3.0E9,3.03606925795527+0.20059958263947666i,3.03606925795527,7.567486477306836
3.0E9,3.0406800209050164+0.17278178115276574i,3.0406800209050164,8.799191675818491
3.0E9,3.0428839745004685+0.21355542430921853i,3.0428839745004685,7.124342508140909
3.0E9,3.04356687500396+0.1399519433979707i,3.04356687500396,10.873614188940557
3.0E9,3.04390661582103+0.174157481957777i,3.04390661582103,8.738948742262473
3.0E9,3.0445467210716535+0.21404526351449296i,3.0445467210716535,7.111922663183593
3.0E9,3.0452135951210297+0.14566775091688414i,3.0452135951210297,10.452600441598717
3.0E9,3.0454372875729665+0.1406869277069481i,3.0454372875729665,10.8234550900018
3.0E9,3.045774743218898+0.2048779780275029i,3.045774743218898,7.433143309355659
3.0E9,3.0466677871968284+0.17513845020932292i,3.0466677871968284,8.69788382721069
3.0E9,3.0471840470471396+0.14604246428494924i,3.0471840470471396,10.432527491119494
3.0E9,3.047995212616668+0.17532823643307383i,3.047995212616668,8.6922542387522
3.0E9,3.0481043367751637+0.21041090867476117i,3.0481043367751637,7.243218414798815
3.0E9,3.048537280992176+0.20585078782380095i,3.048537280992176,7.404725804599755
3.0E9,3.0486135649427357+0.15409926672986035i,3.0486135649427357,9.891719894706013
3.0E9,3.048919309562954+0.1550053877590363i,3.048919309562954,9.834881721345884
3.0E9,3.0491200072277413+0.1544563369590616i,3.0491200072277413,9.870491775406748
3.0E9,3.049409914794737+0.15395753599040357i,3.049409914794737,9.903412311641606
3.0E9,3.049607614670978+0.18013639403466122i,3.049607614670978,8.464718168179228
3.0E9,3.049793948189226+0.1988306096802673i,3.049793948189226,7.66932705455537
3.0E9,3.0500682838418753+0.16000960813494075i,3.0500682838418753,9.530891048960209
3.0E9,3.050297285174719+0.20500843750636036i,3.050297285174719,7.4394432792067
3.0E9,3.0510158638637357+0.2074945580106793i,3.0510158638637357,7.352038272991012
3.0E9,3.0516052841585797+0.18044604691823296i,3.0516052841585797,8.455727726585717
3.0E9,3.052167988849854+0.19881851593522082i,3.052167988849854,7.675763936001597
3.0E9,3.0532430367154+0.1649702129363372i,3.0532430367154,9.253922215320355
3.0E9,3.053911060471276+0.20955320462217603i,3.053911060471276,7.286720014560195
3.0E9,3.054796743073162+0.1824432071250144i,3.054796743073162,8.371911432635425
3.0E9,3.0550527362532045+0.18190862297355173i,3.0550527362532045,8.397218027144838
3.0E9,3.05596013182501+0.1953576549629639i,3.05596013182501,7.821449669848775
3.0E9,3.0563356030066973+0.16493065780966218i,3.0563356030066973,9.265516925706601
3.0E9,3.056596856432595+0.19119122197375701i,3.056596856432595,7.9935596019469575
3.0E9,3.056617706861869+0.19239134876833194i,3.056617706861869,7.943750398419669
3.0E9,3.0566715371571753+0.18159455260730806i,3.0566715371571753,8.41619832002098
3.0E9,3.056672285295938+0.1824568984923967i,3.056672285295938,8.376422899195873
3.0E9,3.056804245740164+0.21520414484252107i,3.056804245740164,7.102103558407362
3.0E9,3.0572179561322823+0.16721689685249888i,3.0572179561322823,9.141474377523696
3.0E9,3.0585987676415907+0.19620321334301583i,3.0585987676415907,7.794466552120989
3.0E9,3.0586957905467784+0.19531803539751114i,3.0586957905467784,7.830039310813573
3.0E9,3.0590931807661605+0.19437785804346222i,3.0590931807661605,7.868934279752578
3.0E9,3.059098829904106+0.16495155907481318i,3.059098829904106,9.2727187516811
3.0E9,3.06003990245483+6.136854347334728E-5i,3.06003990245483,24931.664736216393
3.0E9,3.0601273287554145+0.1970765816474186i,3.0601273287554145,7.7638025359861365
3.0E9,3.060430723672764+0.17976490097447137i,3.060430723672764,8.512314437030673
3.0E9,3.0604440523317864+0.16763091085361742i,3.0604440523317864,9.128519426242034
3.0E9,3.061377697470611+0.20176699966849307i,3.061377697470611,7.586418251003661
3.0E9,3.0641926800888704+0.16747631927612877i,3.0641926800888704,9.148137161519362
3.0E9,3.0656085813880583+5.845858213412781E-5i,3.0656085813880583,26220.346692247025
3.0E9,3.0659305460857507+0.17809911072342202i,3.0659305460857507,8.60737185500878
3.0E9,3.0665924910924325+0.1720485149442179i,3.0665924910924325,8.911999304634199
3.0E9,3.0722892194069145+0.1979677384055111i,3.0722892194069145,7.759570433425195
3.0E9,3.073251139628517+0.20183504020575832i,3.073251139628517,7.613274524818705
3.0E9,3.0800225657946445+0.17703947821736457i,3.0800225657946445,8.698688554687987
3.0E9,3.0848033302851445+0.17560045807417143i,3.0848033302851445,8.783585658364748
3.0E9,3.0899750297810793+0.15484523498675168i,3.0899750297810793,9.977623883761916
3.0E9,3.090122145872154+0.15838536096270817i,3.090122145872154,9.75507498637997
3.0E9,3.0901636465716065+0.1929507842518845i,3.0901636465716065,8.007647283095782
3.0E9,3.0902521118816835+0.187848755039727i,3.0902521118816835,8.225372883701423
3.0E9,3.09055851836318+0.18050041785423543i,3.09055851836318,8.561084110229
3.0E9,3.0906653332529856+0.18920129690522383i,3.0906653332529856,8.167664238583908
3.0E9,3.090669042659807+0.1914204031814607i,3.090669042659807,8.072987495825998
3.0E9,3.0915403933716963+0.19477764181588697i,3.0915403933716963,7.936076144442612
3.0E9,3.0932322680272732+0.16061188968671888i,3.0932322680272732,9.629524545352059
3.0E9,3.094434017651669+0.16539191108716958i,3.094434017651669,9.354852958984047
3.0E9,3.095013601481034+0.18108157597601535i,3.095013601481034,8.545909722728986
3.0E9,3.0954974543726483+0.19918910782672702i,3.0954974543726483,7.770247801565025
3.0E9,3.096075799956615+0.17970018845788363i,3.096075799956615,8.614559134650666
3.0E9,3.0967737123500365+0.17567384076784734i,3.0967737123500365,8.813986472927455
3.0E9,3.097233667563281+0.17522455953610314i,3.097233667563281,8.837898282532505
3.0E9,3.097860025521824+0.1805646791657543i,3.097860025521824,8.578255835622366
3.0E9,3.1009127096186018+0.04074915821696599i,3.1009127096186018,38.04879469053095
3.0E9,3.103680006511047+0.19290731042712145i,3.103680006511047,8.044485197681475
3.0E9,3.1041785432325577+0.19104081964094188i,3.1041785432325577,8.124385534638122
3.0E9,3.104664309105415+0.041671587011866386i,3.104664309105415,37.25157273493486
3.0E9,3.1131854653740145+0.006883634423311636i,3.1131854653740145,226.12948872118469
3.0E9,3.1136762213846803+0.13620222555306197i,3.1136762213846803,11.430342671499329
3.0E9,3.113733064912535+0.13489687396053968i,3.113733064912535,11.54116093833046
3.0E9,3.114493071779584+0.006859048780145082i,3.114493071779584,227.03534933263055
3.0E9,3.116097067096768+0.1359626899748899i,3.116097067096768,11.459382966283842
3.0E9,3.1163873218899067+0.1347481644928621i,3.1163873218899067,11.563746836993051
3.0E9,3.1322330015535598+0.14891171604086273i,3.1322330015535598,10.517080471673722
3.0E9,3.13361777590822+0.15248263035834853i,3.13361777590822,10.275326994766301
3.0E9,3.1353339887709777+0.14881276671284302i,3.1353339887709777,10.534492631338159
3.0E9,3.1369482047944435+0.1517757442494357i,3.1369482047944435,10.334155237740193
3.0E9,3.137028215638465+0.12470811599677889i,3.137028215638465,12.57748218936886
3.0E9,3.137421033392356+0.12278398689759519i,3.137421033392356,12.776181620527767
3.0E9,3.138795636894499+0.023657353205965417i,3.138795636894499,66.3386899110722
3.0E9,3.1391063490216355+0.12816449420555373i,3.1391063490216355,12.246396197635873
3.0E9,3.139362383676054+0.1262590056735858i,3.139362383676054,12.432231534407007
3.0E9,3.142130761711751+0.024062089329792508i,3.142130761711751,65.29214314364043
3.0E9,3.151094396441241+0.1524149805416248i,3.151094396441241,10.337220085727308
3.0E9,3.1520783087028335+0.1523377256404963i,3.1520783087028335,10.34569176955373
3.0E9,3.1542915395846447+0.15175448478829306i,3.1542915395846447,10.39274570364453
3.0E9,3.1543584468315684+0.15132617547051222i,3.1543584468315684,10.422382106148696
3.0E9,3.157304613794601+0.02743646228299898i,3.157304613794601,57.53847892683719
3.0E9,3.16143867531443+0.13911104122116205i,3.16143867531443,11.363004142454441
3.0E9,3.1635401135092875+0.14559068789329982i,3.1635401135092875,10.864500193267085
3.0E9,3.165130174790857+0.1389216719589461i,3.165130174790857,11.39177973515252
3.0E9,3.1667674543371693+0.1452538325613905i,3.1667674543371693,10.90080515775292
3.0E9,3.186974549826163+0.039450263723645525i,3.186974549826163,40.39230982270934
3.0E9,3.1887100444964886+9.145500844918535E-5i,3.1887100444964886,17433.217155450893
3.0E9,3.1943725576748294+0.04107640502642666i,3.1943725576748294,38.88330241679764
3.0E9,3.1978031062414876+1.0897642796939198E-4i,3.1978031062414876,14671.994512151055
3.0E9,3.2045098127654663+0.05311817799084967i,3.2045098127654663,30.163965839693212
3.5E9,3.3114124135407534+0.05805571831879905i,3.3114124135407534,28.519261404681334
3.5E9,3.3130231945263997+0.05112188422862806i,3.3130231945263997,32.403179621762845
3.5E9,3.3133060150617357+0.0027166131963960853i,3.3133060150617357,609.8229257402628
3.5E9,3.31678525454974+0.05128964962494542i,3.31678525454974,32.33386539783045
3.5E9,3.316998279974861+0.002765622623283837i,3.316998279974861,599.6838202090518
3.5E9,3.3481124005611322+0.05421101370236988i,3.3481124005611322,30.880370720818735
3.5E9,3.3627131996796225+0.1237542802378467i,3.3627131996796225,13.586250080468863
3.5E9,3.363082822362015+0.1245789489038044i,3.363082822362015,13.49779738854143
3.5E9,3.363304860609152+0.1267509552820939i,3.363304860609152,13.267374802516716
3.5E9,3.364162261822215+0.12370026266615797i,3.364162261822215,13.598040090268077
3.5E9,3.367544275677204+0.1471665885474619i,3.367544275677204,11.441266353032145
3.5E9,3.3701760987234235+0.15190141079312647i,3.3701760987234235,11.093300849302988
3.5E9,3.3744331898522297+0.01844835402831352i,3.3744331898522297,91.45621296819586
3.5E9,3.3765795525534292+0.018396264710611437i,3.3765795525534292,91.77350961376773
3.5E9,3.3866491518516275+0.15919632116226454i,3.3866491518516275,10.636706700023888
3.5E9,3.3869783015949286+0.15721592423677208i,3.3869783015949286,10.771740579198688
3.5E9,3.3889102312878547+0.16215243535137633i,3.3889102312878547,10.449766677707471
3.5E9,3.389280808025101+0.16095276830878497i,3.389280808025101,10.528805573330764
3.5E9,3.3971784375918976+0.13711382958476984i,3.3971784375918976,12.388168457841855
3.5E9,3.39903896682863+0.14586630123726688i,3.39903896682863,11.651213947283601
3.5E9,3.4021032953586703+0.1356404156467333i,3.4021032953586703,12.540890851511504
3.5E9,3.4030976643238513+0.14314442278144715i,3.4030976643238513,11.886937675244601
3.5E9,3.4094747283278086+6.597018087155701E-5i,3.4094747283278086,25841.029108029936
3.5E9,3.41143514790824+0.03021109651322997i,3.41143514790824,56.459969045054564
3.5E9,3.413196947957198+0.1701516073930851i,3.413196947957198,10.029869832707526
3.5E9,3.414007477669022+1.5781140043282006E-4i,3.414007477669022,10816.732721164706
3.5E9,3.415451220028346+0.0318476360171855i,3.415451220028346,53.62173848924474
3.5E9,3.416020091116324+0.17935334695376884i,3.416020091116324,9.5231567995128
3.5E9,3.4166127925679266+0.16966598402253955i,3.4166127925679266,10.068644025057024
3.5E9,3.4182417928840567+0.1601529047086604i,3.4182417928840567,10.671807043095148
3.5E9,3.4196715271485303+0.16480122687467336i,3.4196715271485303,10.375139772925031
3.5E9,3.4215672289363597+0.15894182985543545i,3.4215672289363597,10.763583230570658
3.5E9,3.4238402214167336+0.1839991689562122i,3.4238402214167336,9.303955666863727
3.5E9,3.4248511790311236+0.16651015941839642i,3.4248511790311236,10.284210858345794
3.5E9,3.4297761910344047+0.18502526796137014i,3.4297761910344047,9.268399470040162
3.5E9,3.4306052679646544+0.172986374143556i,3.4306052679646544,9.915825119028455
3.5E9,3.437928116236503+0.18970195072442614i,3.437928116236503,9.061393683902253
3.5E9,3.4381821979644527+0.1693620315708333i,3.4381821979644527,10.15039252326895
3.5E9,3.4382807476005186+0.1657626200470461i,3.4382807476005186,10.371097979220766
3.5E9,3.4388348668872326+0.17252126868283857i,3.4388348668872326,9.966408469929448
3.5E9,3.440972962898683+0.0011775861508847175i,3.440972962898683,1461.0281210905414
3.5E9,3.441654560616803+0.18047770045399278i,3.441654560616803,9.534847108421982
3.5E9,3.441732806772407+0.16675079509863913i,3.441732806772407,10.319989193264409
3.5E9,3.4425007752876846+0.13398614378975568i,3.4425007752876846,12.846480531186433
3.5E9,3.4428148908076457+0.1763343994059105i,3.4428148908076457,9.762176020126697
3.5E9,3.442838468482969+0.13241829766392i,3.442838468482969,12.999859268773243
3.5E9,3.4441359650148127+0.18225252371608425i,3.4441359650148127,9.448801845894163
3.5E9,3.444473420961477+0.13348586757424696i,3.444473420961477,12.902015335239913
3.5E9,3.445018328730651+0.1322028115869558i,3.445018328730651,13.029292975606293
3.5E9,3.4452562942722613+0.16612042595264706i,3.4452562942722613,10.369755177651477
3.5E9,3.4455608794264556+0.1703681014201997i,3.4455608794264556,10.112106816663546
3.5E9,3.4457363207564264+0.031436308116424706i,3.4457363207564264,54.805041164425305
3.5E9,3.4457729113860456+0.16952430916488914i,3.4457729113860456,10.163064307297923
3.5E9,3.4465706267455922+0.17466447731623938i,3.4465706267455922,9.866260958447183
3.5E9,3.4466820290809213+0.16716830153719095i,3.4466820290809213,10.309017910055504
3.5E9,3.447454012394942+0.18283987104129665i,3.447454012394942,9.42752254407435
3.5E9,3.4480427479121354+0.1814622804119164i,3.4480427479121354,9.50071480443521
3.5E9,3.449444199597125+2.7952719778994556E-4i,3.449444199597125,6170.140556750503
3.5E9,3.4505707129037995+0.19351604531627242i,3.4505707129037995,8.915464108581716
3.5E9,3.4508919345985345+0.17182670830721114i,3.4508919345985345,10.041779792547272
3.5E9,3.452359260770421+0.17687128167775515i,3.452359260770421,9.759524632891885
3.5E9,3.4551467239344182+4.2164179163192174E-4i,3.4551467239344182,4097.253631526448
3.5E9,3.456012543207214+0.17892629140191701i,3.456012543207214,9.65764314491958
3.5E9,3.457573012976114+0.03409910100419848i,3.457573012976114,50.69888811072171
3.5E9,3.457708531677529+0.15060544105679075i,3.457708531677529,11.479361261502119
3.5E9,3.457920548744015+0.17365910455195444i,3.457920548744015,9.956058905363905
3.5E9,3.4583052257684144+0.16286875996691294i,3.4583052257684144,10.616846430435691
3.5E9,3.4607469074275534+0.18776300610724142i,3.4607469074275534,9.21573152022006
3.5E9,3.461993863592764+0.1713681561099478i,3.461993863592764,10.101041938537255
3.5E9,3.462727270926563+0.18299067203472738i,3.462727270926563,9.461485747944074
3.5E9,3.465466808817964+0.1505851927063859i,3.465466808817964,11.506665252190507
3.5E9,3.465640690188848+0.17926656947286823i,3.465640690188848,9.666165588987209
3.5E9,3.466208956954551+0.14477987950569934i,3.466208956954551,11.970616942038902
3.5E9,3.4670933186391957+0.14472328372897342i,3.4670933186391957,11.978353549288238
3.5E9,3.467210680344613+0.16639935562333308i,3.467210680344613,10.418341667719863
3.5E9,3.4679181050805012+0.14697805349977305i,3.4679181050805012,11.797401117051315
3.5E9,3.468026396813334+0.1754941253922548i,3.468026396813334,9.880747828628998
3.5E9,3.468254227503947+0.17373161308981294i,3.468254227503947,9.981644001978458
3.5E9,3.4688343084787534+0.14607521843640492i,3.4688343084787534,11.873452409003034
3.5E9,3.469031877059511+0.16400862661016355i,3.469031877059511,10.575760399802459
3.5E9,3.4706680651844777+0.17622045882797185i,3.4706680651844777,9.847517388921844
3.5E9,3.4709898503710095+0.16197344959022242i,3.4709898503710095,10.714687682309313
3.5E9,3.4723087861454642+0.19566350689410453i,3.4723087861454642,8.873164038771726
3.5E9,3.4726278854822765+0.1262033746202354i,3.4726278854822765,13.758062713980221
3.5E9,3.4727867414537767+0.04855366027611694i,3.4727867414537767,35.762357788317
3.5E9,3.4731726512204677+0.12414551194241323i,3.4731726512204677,13.988313378704948
3.5E9,3.4739616693203925+0.17575979684930582i,3.4739616693203925,9.882697100233116
3.5E9,3.4755415885376175+0.001676519653500975i,3.4755415885376175,1036.53469891625
3.5E9,3.4771131859274855+0.17837873319722525i,3.4771131859274855,9.746434240238157
3.5E9,3.4774483570633796+0.12528618216564286i,3.4774483570633796,13.878020293035148
3.5E9,3.4775054676543875+0.1433576655339997i,3.4775054676543875,12.128774051603255
3.5E9,3.478584574246084+0.12315392113261817i,3.478584574246084,14.122914407654848
3.5E9,3.480441022807275+0.14936180202510638i,3.480441022807275,11.651041215418129
3.5E9,3.4814810325889405+0.14502681068556333i,3.4814810325889405,12.002887659638452
3.5E9,3.481744020423485+0.19457860537125832i,3.481744020423485,8.946882967375256
3.5E9,3.482206045278778+0.19882554303854288i,3.482206045278778,8.756938349223427
3.5E9,3.482583285772933+0.17718975213324994i,3.482583285772933,9.827270606355288
3.5E9,3.4844392336566234+0.15084199992776284i,3.4844392336566234,11.549963655100358
3.5E9,3.485203563912875+0.17545987960512657i,3.485203563912875,9.931625314448937
3.5E9,3.4873200848738874+0.05509831235104636i,3.4873200848738874,31.646342111671412
3.5E9,3.487520701629976+0.19750671333900174i,3.487520701629976,8.828866226040564
3.5E9,3.487905328816422+0.0011005495464805326i,3.487905328816422,1584.6198564937208
3.5E9,3.4893084078052676+0.1998405378908904i,3.4893084078052676,8.730231725332855
3.5E9,3.489904990520593+0.19862356954361246i,3.489904990520593,8.785223723799563
3.5E9,3.4904783186300947+0.18400319207237378i,3.4904783186300947,9.48483088613264
3.5E9,3.490778989716952+0.0018739440857552102i,3.490778989716952,931.3989185302047
3.5E9,3.4913903366481516+0.19156035414852746i,3.4913903366481516,9.11302955187972
3.5E9,3.4917340297653428+0.19639272347915873i,3.4917340297653428,8.88967261084876
3.5E9,3.4919190711992814+0.19476864949001493i,3.4919190711992814,8.964273974129238
3.5E9,3.4937308900678823+0.1543388633026609i,3.4937308900678823,11.31837702865746
3.5E9,3.4963383538534787+0.15904691569835003i,3.4963383538534787,10.991531456305223
3.5E9,3.496611813909864+0.18553520177996966i,3.496611813909864,9.423041504696705
3.5E9,3.4969014524503907+0.19848618408157112i,3.4969014524503907,8.80892911673208
3.5E9,3.496969693068695+0.1577554810583804i,3.496969693068695,11.083512501776642
3.5E9,3.497013294366109+0.19226184614418587i,3.497013294366109,9.09440267140559
3.5E9,3.4971582921908033+0.18032567999366503i,3.4971582921908033,9.696783875468157
3.5E9,3.500232355410799+0.16204654827343562i,3.500232355410799,10.800083040042741
3.5E9,3.5033488249547626+0.19333787211249367i,3.5033488249547626,9.06017219149991
3.5E9,3.505617379389681+0.1869378446823503i,3.505617379389681,9.376425050118979
3.5E9,3.506622117661768+0.04740732047542548i,3.506622117661768,36.98397296552012
3.5E9,3.507758344342479+0.18465449175944193i,3.507758344342479,9.498166849123281
3.5E9,3.5090268414383767+0.17871035255684575i,3.5090268414383767,9.817637286351932
3.5E9,3.5112584810770753+0.195300669132709i,3.5112584810770753,8.989366233791896
3.5E9,3.511560101436913+0.0011273035735963317i,3.511560101436913,1557.5042001482834
3.5E9,3.5130946363688254+0.1925388441095102i,3.5130946363688254,9.123080209130903
3.5E9,3.513450011113535+0.17845308302449106i,3.513450011113535,9.84418411709745
3.5E9,3.5156620148569764+0.1966508836195598i,3.5156620148569764,8.93884113345345
3.5E9,3.5160786456958113+0.08248007181480901i,3.5160786456958113,21.31471619951058
3.5E9,3.516528398579135+0.18510670826692993i,3.516528398579135,9.498651970808606
3.5E9,3.5169193956886025+0.13625756422965382i,3.5169193956886025,12.905409749439851
3.5E9,3.517036076340494+0.0011635638520259236i,3.517036076340494,1511.3206164908154
3.5E9,3.5171302648984337+0.19576562556618632i,3.5171302648984337,8.983012862258928
3.5E9,3.517749766600778+0.047196928869157564i,3.517749766600778,37.26672318396941
3.5E9,3.5180525065784605+0.13363960292016408i,3.5180525065784605,13.162462435181492
3.5E9,3.5183058219252987+0.17670997699256402i,3.5183058219252987,9.955028804268785
3.5E9,3.5183473299214882+0.14551243455885657i,3.5183473299214882,12.089507472635939
3.5E9,3.519047595194879+0.18164123910702343i,3.519047595194879,9.686807942114534
3.5E9,3.5193561309733865+0.14224924225897484i,3.5193561309733865,12.370386214663096
3.5E9,3.519722750003288+0.08894930054130486i,3.519722750003288,19.784993971756165
3.5E9,3.521663622016824+0.18446444635288062i,3.521663622016824,9.545643324892753
3.5E9,3.5221870129329207+0.1955312670429499i,3.5221870129329207,9.006710451477936
3.5E9,3.5259717848830645+0.1904265901152624i,3.5259717848830645,9.25808675865289
3.5E9,3.5287167458918174+0.15362539384181376i,3.5287167458918174,11.484809436925822
3.5E9,3.528736348465097+0.184954547264306i,3.528736348465097,9.539469022684854
3.5E9,3.533623583559386+0.17866021862045314i,3.533623583559386,9.889228869316
3.5E9,3.535454777799639+0.18525795144400095i,3.535454777799639,9.541978496043996
3.5E9,3.53658897854081+0.17548854472007044i,3.53658897854081,10.076409785556601
3.5E9,3.5372467316249896+0.1938572275408322i,3.5372467316249896,9.123329515480506
3.5E9,3.5400675831077058+0.1909884120581289i,3.5400675831077058,9.267754899261263
3.5E9,3.540140225705179+0.1648910964511491i,3.540140225705179,10.734782841212978
3.5E9,3.5408599961641594+0.1570820463257884i,3.5408599961641594,11.270734240437672
3.5E9,3.543110228086487+0.15522833808317177i,3.543110228086487,11.412575409356243
3.5E9,3.543836680661888+0.16753046355070414i,3.543836680661888,10.576693353413075
3.5E9,3.543886527437023+0.16457798311466462i,3.543886527437023,10.766587548250392
3.5E9,3.544881317188969+0.16348677942373363i,3.544881317188969,10.84149228972564
3.5E9,3.5453521501479486+0.18908742642361734i,3.5453521501479486,9.374901909673271
3.5E9,3.545773058597789+0.16514938701296628i,3.545773058597789,10.735047591546317
3.5E9,3.546216844106617+0.16609709345810625i,3.546216844106617,10.675132147935686
3.5E9,3.546406690006265+0.1822816041381215i,3.546406690006265,9.72782389856253
3.5E9,3.546477165426325+0.18030024527598063i,3.546477165426325,9.83492052381246
3.5E9,3.5476581793356976+0.12765494118294882i,3.5476581793356976,13.895498859896726
3.5E9,3.5497404827584735+0.19340548938550575i,3.5497404827584735,9.176938291764172
3.5E9,3.5514508893274095+0.1839693910713958i,3.5514508893274095,9.652287450223564
3.5E9,3.551594151930954+0.176558205118252i,3.551594151930954,10.057856414977234
3.5E9,3.5524076838433998+0.133087011470843i,3.5524076838433998,13.346184742534659
3.5E9,3.5527799469234407+0.13141399771142598i,3.5527799469234407,13.51750958343511
3.5E9,3.553586924769936+0.17074424719760656i,3.553586924769936,10.406168825873477
3.5E9,3.5541452300646235+0.16004345613094767i,3.5541452300646235,11.10368807318376
3.5E9,3.5541897872085526+0.13106353412502314i,3.5541897872085526,13.559033833995985
3.5E9,3.5545745592001383+0.17271427349324564i,3.5545745592001383,10.290332371803503
3.5E9,3.5546339136516782+0.1326255014535112i,3.5546339136516782,13.401019693402148
3.5E9,3.554832770068255+0.1926095451289649i,3.554832770068255,9.22808048710166
3.5E9,3.555366211782693+0.16790178304993097i,3.555366211782693,10.587636852925474
3.5E9,3.5563641295969495+0.16075765070597722i,3.5563641295969495,11.061259336581976
3.5E9,3.557733258616626+0.16947369345932148i,3.557733258616626,10.496417426196542
3.5E9,3.557860602298458+0.18184222363797736i,3.557860602298458,9.782823073538918
3.5E9,3.5593372784864643+0.18011100547847542i,3.5593372784864643,9.880954439821368
3.5E9,3.5600125375503233+0.19086810144712024i,3.5600125375503233,9.325844681639012
3.5E9,3.563125360398562+0.18204685326240866i,3.563125360398562,9.78628659750177
3.5E9,3.566297030167034+0.1649131746157086i,3.566297030167034,10.812650470398896
3.5E9,3.5680763787421745+0.17172605190923979i,3.5680763787421745,10.388861617304185
3.5E9,3.5684374311211613+0.17663439805668557i,3.5684374311211613,10.10119622899266
3.5E9,3.5696801109561607+0.17891625165229935i,3.5696801109561607,9.97584086965273
3.5E9,3.5709640519422305+0.17179645393010876i,3.5709640519422305,10.393008616449647
3.5E9,3.571251786100327+0.14373897826243495i,3.571251786100327,12.422697827933725
3.5E9,3.5721562585075266+0.17938494656575305i,3.5721562585075266,9.956677878759917
3.5E9,3.573104973238709+0.14415333874237013i,3.573104973238709,12.393417330501578
3.5E9,3.573330046214974+0.1741619729830063i,3.573330046214974,10.258640233030773
3.5E9,3.5735150754302762+0.1449113442612443i,3.5735150754302762,12.330004575031715
3.5E9,3.573681857724092+0.17907087659603207i,3.573681857724092,9.97840052401709
3.5E9,3.574078572904636+0.17585811414179867i,3.574078572904636,10.161824463848081
3.5E9,3.5747238145262026+0.14394917923301923i,3.5747238145262026,12.416617564521092
3.5E9,3.576149565950458+0.06879738605204162i,3.576149565950458,25.9904465210734
3.5E9,3.576818436833975+0.15986962494580007i,3.576818436833975,11.186673009480723
3.5E9,3.578705120290916+0.07827901210897613i,3.578705120290916,22.85865025550413
3.5E9,3.5792633844955226+0.16110567533047915i,3.5792633844955226,11.108433570553336
3.5E9,3.583263438343932+0.17635999731468166i,3.583263438343932,10.15894616949405
3.5E9,3.5851983160539804+0.14947663118408636i,3.5851983160539804,11.992504405717664
3.5E9,3.585389864152092+0.1250726677253699i,3.585389864152092,14.333226952609513
3.5E9,3.585409953358644+0.1477478197313587i,3.585409953358644,12.133546064766936
3.5E9,3.585654042802371+0.1222638331866468i,3.585654042802371,14.66359245145106
3.5E9,3.586765461631304+0.16235020425567095i,3.586765461631304,11.046384197899823
3.5E9,3.587474142301121+0.16145310198658872i,3.587474142301121,11.109957313174196
3.5E9,3.590608649309714+0.12612923433605353i,3.590608649309714,14.233847799880575
3.5E9,3.5912081021321245+0.10251334875254328i,3.5912081021321245,17.515807189173643
3.5E9,3.591872127343117+0.12437332886298155i,3.591872127343117,14.439880962341118
3.5E9,3.5921902426112116+0.12518583966956498i,3.5921902426112116,14.347430396652683
3.5E9,3.5928234643211003+0.16523949726061038i,3.5928234643211003,10.871563772233632
3.5E9,3.5935895105823614+0.14363457806046886i,3.5935895105823614,12.509486083042944
3.5E9,3.594211381329162+0.16146262554828447i,3.594211381329162,11.130165167091047
3.5E9,3.59574708115507+0.14069387220966825i,3.59574708115507,12.778620080185611
3.5E9,3.597231304461077+0.15045734028175928i,3.597231304461077,11.95432305836523
3.5E9,3.5985439286978074+0.14939166105854107i,3.5985439286978074,12.043991957782941
3.5E9,3.6000766066784107+0.15303033581670653i,3.6000766066784107,11.762624016555892
3.5E9,3.6002702208263546+0.17326840316622524i,3.6002702208263546,10.389286664610257
3.5E9,3.6054954009254465+0.16368474918867296i,3.6054954009254465,11.01353491634561
3.5E9,3.6076015315994785+0.01266978858937698i,3.6076015315994785,142.37023396839794
3.5E9,3.6082915577894616+0.165073696040356i,3.6082915577894616,10.929335334284067
3.5E9,3.608395127446852+0.15205342461227012i,3.608395127446852,11.865550337482066
3.5E9,3.6108170045649697+0.1578906429380607i,3.6108170045649697,11.434550323483911
3.5E9,3.611126976089263+0.14667923194243543i,3.611126976089263,12.309605553110808
3.5E9,3.6116875734083944+0.1636190703869429i,3.6116875734083944,11.036878417861411
3.5E9,3.613280674691532+0.15676690742519137i,3.613280674691532,11.524373141110082
3.5E9,3.6160797321618308+0.1561831397019437i,3.6160797321618308,11.576408756613144
3.5E9,3.619211284659586+0.012538094120328013i,3.619211284659586,144.32860568464542
3.5E9,3.6241805155337747+0.1562409756031414i,3.6241805155337747,11.59804750816247
3.5E9,3.6274495620189087+3.920651463329533E-4i,3.6274495620189087,4626.080124625987
3.5E9,3.6331786565542616+0.14581323842156144i,3.6331786565542616,12.458329215795755
3.5E9,3.6332477356349395+0.13516176217862647i,3.6332477356349395,13.440368330036009
3.5E9,3.63436818337102+3.3887867299788553E-4i,3.63436818337102,5362.344214847797
3.5E9,3.6373951759799192+0.04318010015415299i,3.6373951759799192,42.11888303864993
3.5E9,3.637851751516759+0.1350041265580537i,3.637851751516759,13.47311317166454
3.5E9,3.648997173292586+5.079646396976072E-4i,3.648997173292586,3591.782663715376
3.5E9,3.6524351765455565+4.92886567416638E-4i,3.6524351765455565,3705.1478149313666
3.5E9,3.6569723862734245+0.035683036164298965i,3.6569723862734245,51.24244990582166
3.5E9,3.660517840389123+0.0344449566434982i,3.660517840389123,53.13575915155172
3.5E9,3.6643156130652637+0.04019235127308799i,3.6643156130652637,45.58473810312782
3.5E9,3.6804930830959255+6.104418743895342E-4i,3.6804930830959255,3014.6138703022
3.5E9,3.6960461905715807+0.025615208966662036i,3.6960461905715807,72.14554047523
3.5E9,3.6960624785563625+0.0015214475551361172i,3.6960624785563625,1214.6532642808354
4.0E9,3.8371598266937954+0.06460161603406205i,3.8371598266937954,29.698636522270615
4.0E9,3.841738990271764+0.006346407333668811i,3.841738990271764,302.6703761899004
4.0E9,3.8465709410141877+5.742276680264723E-4i,3.8465709410141877,3349.3430874153364
4.0E9,3.8487025903383603+0.0028158385705574092i,3.8487025903383603,683.40256266475
4.0E9,3.850654269473473+4.343143874264037E-4i,3.850654269473473,4433.026375537675
4.0E9,3.8554299039931785+0.0017663688616801983i,3.8554299039931785,1091.3433732991173
4.0E9,3.863024069388135+0.005817775474374459i,3.863024069388135,332.0018180835259
4.0E9,3.8701634194214685+0.037516566374323025i,3.8701634194214685,51.57939269823842
4.0E9,3.8803620520634183+0.037717541045653474i,3.8803620520634183,51.439753818609375
4.0E9,3.8892180892775685+0.0013260978451461263i,3.8892180892775685,1466.4144518118137
4.0E9,3.8903265120396653+0.12742523049542512i,3.8903265120396653,15.26513429449648
4.0E9,3.890943947048841+0.12541426379237633i,3.890943947048841,15.512366095336295
4.0E9,3.8918736121343627+0.14037499297036068i,3.8918736121343627,13.862417834478922
4.0E9,3.892928898405188+0.13881290099306007i,3.892928898405188,14.022215768690744
4.0E9,3.9037566274134177+0.03387190412356113i,3.9037566274134177,57.62529046452372
4.0E9,3.905648781979815+0.0011797991222331995i,3.905648781979815,1655.2177012078769
4.0E9,3.906397549499618+0.1509394237941769i,3.906397549499618,12.940282436835174
4.0E9,3.9086140574474104+0.034415512542482506i,3.9086140574474104,56.785643576027205
4.0E9,3.915373983195595+0.15229964978062757i,3.915373983195595,12.854179208012956
4.0E9,3.915862772682141+0.0017393629676229576i,3.915862772682141,1125.6600392135588
4.0E9,3.919907135030822+0.1468598190035938i,3.919907135030822,13.345744130785356
4.0E9,3.923722397800212+0.12825827134696863i,3.923722397800212,15.296176833639155
4.0E9,3.9237495742646242+0.001393652507872271i,3.9237495742646242,1407.72163509221
4.0E9,3.9248861235846895+0.12607764491071785i,3.9248861235846895,15.565353105874186
4.0E9,3.9271475259037794+0.15594528424503176i,3.9271475259037794,12.591427643727847
4.0E9,3.928863817362537+0.159613216801088i,3.928863817362537,12.307451400652917
4.0E9,3.9295587307476505+0.12277856208596799i,3.9295587307476505,16.00262563751245
4.0E9,3.929652142111148+0.13704510129804662i,3.929652142111148,14.337076279599785
4.0E9,3.9309826797296235+0.1200104180614639i,3.9309826797296235,16.37767263553883
4.0E9,3.9315985610239084+0.16391494585012892i,3.9315985610239084,11.992800719400707
4.0E9,3.9342676397736467+0.13893044782507272i,3.9342676397736467,14.159126747821622
4.0E9,3.936225446987434+0.16054713596017994i,3.936225446987434,12.258784385800956
4.0E9,3.9386817186642+0.1493027343016351i,3.9386817186642,13.190253135977112
4.0E9,3.9392478476871027+0.1661177396720117i,3.9392478476871027,11.856794630919257
4.0E9,3.9401603350009298+0.15814125109150243i,3.9401603350009298,12.457724685386186
4.0E9,3.9402726646339534+0.014648447185701496i,3.9402726646339534,134.49455135695527
4.0E9,3.9410138053282635+0.143642724666788i,3.9410138053282635,13.718111427050488
4.0E9,3.941981103465024+0.15671113227209837i,3.941981103465024,12.577221050960633
4.0E9,3.942070408461179+0.012346635156154301i,3.942070408461179,159.64148768485376
4.0E9,3.943078315024292+0.1520354473138746i,3.943078315024292,12.967628223186248
4.0E9,3.9439132238626278+0.16908232473036217i,3.9439132238626278,11.662701084078536
4.0E9,3.9447880391280292+0.16425438816047655i,3.9447880391280292,12.008166367141348
4.0E9,3.9453473941296298+0.14875643916686937i,3.9453473941296298,13.261097859783694
4.0E9,3.9466999965059713+0.15553755387519724i,3.9466999965059713,12.687289655052659
4.0E9,3.9479728297989696+0.1464694782022222i,3.9479728297989696,13.47711782091633
4.0E9,3.949281259358821+0.16160031983195977i,3.949281259358821,12.219286643323121
4.0E9,3.9504561295606004+0.1579851650471385i,3.9504561295606004,12.502617345058605
4.0E9,3.9506958612460394+0.14989916626475513i,3.9506958612460394,13.177844679496866
4.0E9,3.9507778350795526+0.16730832712482094i,3.9507778350795526,11.806877466810308
4.0E9,3.9514084122634197+0.021545579555939543i,3.9514084122634197,91.69881928690384
4.0E9,3.9517020554651703+0.14032546758041564i,3.9517020554651703,14.08048775323192
4.0E9,3.952248660602253+0.1568480079218674i,3.952248660602253,12.59897627316706
4.0E9,3.9536968002996695+0.13847929971165476i,3.9536968002996695,14.27540725773513
4.0E9,3.953985286170285+0.1713712526048194i,3.953985286170285,11.5363143644872
4.0E9,3.9543475700025925+0.14730034040016687i,3.9543475700025925,13.422737378813661
4.0E9,3.9561794963635046+0.05720592376051518i,3.9561794963635046,34.57840758699669
4.0E9,3.9564983071938196+0.16973900081352022i,3.9564983071938196,11.654652991449307
4.0E9,3.9568281931332585+0.16125089164824408i,3.9568281931332585,12.269166863786289
4.0E9,3.9570755250186513+0.06102091581390016i,3.9570755250186513,32.42392769953525
4.0E9,3.9572824727036733+0.15913657215001203i,3.9572824727036733,12.433604730951766
4.0E9,3.9577087895948204+0.15270280136415199i,3.9577087895948204,12.958861115313889
4.0E9,3.9580062663295066+0.15644037904981792i,3.9580062663295066,12.650206712517273
4.0E9,3.959108355125515+0.14093354717979797i,3.959108355125515,14.046011167499481
4.0E9,3.959358288873908+0.04828816601737056i,3.959358288873908,40.997190568902745
4.0E9,3.9602486584681484+0.019639344876473123i,3.9602486584681484,100.82435751745246
4.0E9,3.960512324822524+0.1505133894723907i,3.960512324822524,13.15667775041707
4.0E9,3.9606752155503724+0.17237187541648052i,3.9606752155503724,11.488751300003814
4.0E9,3.963152831833504+0.17143688841725707i,3.963152831833504,11.558634983468842
4.0E9,3.9640101341534297+0.14176977198339183i,3.9640101341534297,13.980449000855447
4.0E9,3.9645836151790284+0.16152089628579774i,3.9645836151790284,12.272664733620683
4.0E9,3.9664115257198835+0.1687448878383871i,3.9664115257198835,11.752686485882332
4.0E9,3.9665803074856782+0.0017714574555089397i,3.9665803074856782,1119.58102497756
4.0E9,3.968235023541587+0.022598525525676344i,3.968235023541587,87.79853842749377
4.0E9,3.969144316214583+0.15371986867503828i,3.969144316214583,12.910316507637994
4.0E9,3.9697034519265264+0.17252296852330049i,3.9697034519265264,11.504854935852755
4.0E9,3.9701715641134077+0.14113017436718897i,3.9701715641134077,14.06563685588567
4.0E9,3.9710944982166927+0.1627473728235624i,3.9710944982166927,12.200180037688945
4.0E9,3.9740986931758076+0.16532435301389237i,3.9740986931758076,12.019096463186704
4.0E9,3.9752457583851983+0.14739052254081697i,3.9752457583851983,13.485418498615914
4.0E9,3.976648880622667+0.14916185685501754i,3.976648880622667,13.329979139666694
4.0E9,3.9775223480061594+0.17671302541673514i,3.9775223480061594,11.2541855322383
4.0E9,3.978475314932449+0.1686782032979099i,3.978475314932449,11.79309251920917
4.0E9,3.9793667648072053+0.05095693630312315i,3.9793667648072053,39.046369871370295
4.0E9,3.981020596822931+0.14003641504269743i,3.981020596822931,14.214233474946885
4.0E9,3.983397326716071+0.02585016834180097i,3.983397326716071,77.04780243683608
4.0E9,3.9837021175364424+0.16326493371379663i,3.9837021175364424,12.200115563455503
4.0E9,3.9839415668126428+0.1464263007170664i,3.9839415668126428,13.603913871015056
4.0E9,3.984745967958699+0.13270391777248758i,3.984745967958699,15.013671166778558
4.0E9,3.9848443551199115+0.12677326522615667i,3.9848443551199115,15.716422338776098
4.0E9,3.9853957831872164+0.1599733736111986i,3.9853957831872164,12.45643475917866
4.0E9,3.9853970392035314+0.17625462547812962i,3.9853970392035314,11.305794183818614
4.0E9,3.985531096958695+0.15177013927900185i,3.985531096958695,13.130155628413897
4.0E9,3.985970365982715+0.14409253048460066i,3.985970365982715,13.831287272759429
4.0E9,3.9866067316439233+0.13033708234489122i,3.9866067316439233,15.293447804419818
4.0E9,3.988148953518292+0.1448242165934012i,3.988148953518292,13.768929835523132
4.0E9,3.988234941159182+0.1420601299297477i,3.988234941159182,14.037136750231975
4.0E9,3.988575159820462+0.0017902536714151237i,3.988575159820462,1113.9692724851818
4.0E9,3.9889113884170064+0.1685688686997868i,3.9889113884170064,11.831696502398286
4.0E9,3.9893607421012165+0.15574683778171283i,3.9893607421012165,12.807196598407057
4.0E9,3.990585279400523+0.17890765319409407i,3.990585279400523,11.152639946238633
4.0E9,3.991633986991136+0.13633661588370533i,3.991633986991136,14.638891984806145
4.0E9,3.9919361271879663+0.15772178835868667i,3.9919361271879663,12.654992594015013
4.0E9,3.99204952230117+0.1430776937295519i,3.99204952230117,13.950635554159183
4.0E9,3.9935751118903404+0.16653638446478927i,3.9935751118903404,11.990097913812644
4.0E9,3.99663147254975+0.13393901951280499i,3.99663147254975,14.9195935847793
4.0E9,3.9966569236756033+0.1595342364943791i,3.9966569236756033,12.526016394657766
4.0E9,3.9972092907941623+0.17622251088826926i,3.9972092907941623,11.341369699721625
4.0E9,3.997357801653097+0.16467342420548675i,3.997357801653097,12.137228034637264
4.0E9,4.000375437082369+0.13165263784137363i,4.000375437082369,15.192917903788468
4.0E9,4.001061927783184+0.16387424375847692i,4.001061927783184,12.207720493526963
4.0E9,4.001357222903279+0.15904474857367254i,4.001357222903279,12.579344048727817
4.0E9,4.001677249784647+0.17008029414284714i,4.001677249784647,11.764082576267525
4.0E9,4.003554758562587+0.12956708367198883i,4.003554758562587,15.44973709795753
4.0E9,4.003599532370392+0.17832255307871647i,4.003599532370392,11.225724013168131
4.0E9,4.004154308772898+0.15851862842728337i,4.004154308772898,12.629917216984085
4.0E9,4.004187082830884+0.1718775225495512i,4.004187082830884,11.648373281842314
4.0E9,4.005405603742806+0.13954914299247098i,4.005405603742806,14.351236839766571
4.0E9,4.0067667819034885+0.129441214428677i,4.0067667819034885,15.477167761398148
4.0E9,4.0079385359431985+0.15668154865472708i,4.0079385359431985,12.790078252211224
4.0E9,4.0090911062330274+0.12641774014899274i,4.0090911062330274,15.856521013221778
4.0E9,4.0097875062966795+0.14234746514786875i,4.0097875062966795,14.084506183975117
4.0E9,4.0101914911015+0.16382249169912486i,4.0101914911015,12.239441146050284
4.0E9,4.011918195747411+0.15083484202889197i,4.011918195747411,13.299043317123443
4.0E9,4.013109187316965+0.048861938750612545i,4.013109187316965,41.06579978129353
4.0E9,4.0135005736478195+0.13199568979489912i,4.0135005736478195,15.203150117568908
4.0E9,4.01391464377183+0.1766048638549351i,4.01391464377183,11.364111259894
4.0E9,4.0151674171336555+0.16045800164313018i,4.0151674171336555,12.511583641879291
4.0E9,4.016191066788596+0.1719785299862606i,4.016191066788596,11.67643154965172
4.0E9,4.017272088538353+0.1484663546159605i,4.017272088538353,13.529233943036703
4.0E9,4.018569273042115+0.16500184541349794i,4.018569273042115,12.177346450191207
4.0E9,4.019155569842752+0.14498844985660853i,4.019155569842752,13.860261192590302
4.0E9,4.019989051367064+0.16678534402073059i,4.019989051367064,12.05138579462773
4.0E9,4.0219965485390725+0.15715889610499847i,4.0219965485390725,12.795955711765629
4.0E9,4.022273638091747+0.15216771194520312i,4.022273638091747,13.21658053036968
4.0E9,4.022312770722889+0.056269811808913474i,4.022312770722889,35.74130285331549
4.0E9,4.02291045278897+0.04011081367063196i,4.02291045278897,50.14745507063142
4.0E9,4.0255278829711445+0.12794401515114223i,4.0255278829711445,15.731599005298243
4.0E9,4.025893177852491+0.047119272462919096i,4.025893177852491,42.720239165626985
4.0E9,4.02596980957957+0.15530337584758136i,4.02596980957957,12.961630059898884
4.0E9,4.027209150255836+0.04150081071735307i,4.027209150255836,48.51964432313977
4.0E9,4.027707923774064+0.16716135132735466i,4.027707923774064,12.047365888681234
4.0E9,4.027715814522116+0.16446135841799706i,4.027715814522116,12.245173739490902
4.0E9,4.028805754825851+0.08138823674826694i,4.028805754825851,24.750540838517672
4.0E9,4.029503236728311+0.12129012523959946i,4.029503236728311,16.61101111392346
4.0E9,4.029580492807816+0.15159565547902742i,4.029580492807816,13.290554007219852
4.0E9,4.030200412039524+0.11887564827000183i,4.030200412039524,16.951328849478678
4.0E9,4.030990874281613+0.14498062436481812i,4.030990874281613,13.901826164502976
4.0E9,4.032267772480043+0.050971881168479116i,4.032267772480043,39.553844983198175
4.0E9,4.032293390729124+0.17667587299381676i,4.032293390729124,11.411556434958849
4.0E9,4.032480417710094+0.17289409545173495i,4.032480417710094,11.6617065700656
4.0E9,4.0331823175857044+0.1408352911826394i,4.0331823175857044,14.31879141839297
4.0E9,4.033909260637552+0.15988930616417682i,4.033909260637552,12.61469374473197
4.0E9,4.034735305771698+0.15556763093803436i,4.034735305771698,12.96778539803956
4.0E9,4.036181997542399+0.1476588308885975i,4.036181997542399,13.667255704426957
4.0E9,4.038940362202326+0.07272778709965178i,4.038940362202326,27.7675186010277
4.0E9,4.039503670505855+0.15927378596699346i,4.039503670505855,12.681005998510537
4.0E9,4.040028462527965+0.15129629758606447i,4.040028462527965,13.351379138110785
4.0E9,4.043125980985894+0.15810136680365278i,4.043125980985894,12.786499138894483
4.0E9,4.0434633237843+0.15061800645789483i,4.0434633237843,13.422908119935341
4.0E9,4.043738909632475+0.14487564804678763i,4.043738909632475,13.955895846369394
4.0E9,4.044394774581644+0.17371742426059678i,4.044394774581644,11.640728590686939
4.0E9,4.0444797990753925+0.12851549765653403i,4.0444797990753925,15.735377728079634
4.0E9,4.0451873747221025+0.16723819924945701i,4.0451873747221025,12.094089128190719
4.0E9,4.045569806431232+0.14076506785822526i,4.045569806431232,14.369935197650813
4.0E9,4.045570607044277+0.14654486672280886i,4.045570607044277,13.803180887586171
4.0E9,4.047607684595896+0.1252521681202384i,4.047607684595896,16.157834811730808
4.0E9,4.048164369739211+0.1713536594972909i,4.048164369739211,11.812307894723462
4.0E9,4.049036215350809+0.1568716931582443i,4.049036215350809,12.905566752780386
4.0E9,4.049409262161823+0.16118045711238718i,4.049409262161823,12.561725331682949
4.0E9,4.050111220651016+0.14145926315073643i,4.050111220651016,14.315468391544252
4.0E9,4.050376105340005+0.0041483070313915555i,4.050376105340005,488.19627798635975
4.0E9,4.051746970697978+0.15237763976319066i,4.051746970697978,13.295083770147567
4.0E9,4.052108321384063+0.14744081183443955i,4.052108321384063,13.741474531265307
4.0E9,4.052621574534862+0.1706211776511935i,4.052621574534862,11.876080186305387
4.0E9,4.054274054130407+0.15553802569528538i,4.054274054130407,13.033063895491182
4.0E9,4.054804398494168+0.0012712330361814468i,4.054804398494168,1594.8312713277437
4.0E9,4.054876777085684+0.14692300732041075i,4.054876777085684,13.799325412128205
4.0E9,4.05528717839069+0.1377844462349045i,4.05528717839069,14.716055727643436
4.0E9,4.0557656796382915+0.1434604124291549i,4.0557656796382915,14.135487313063287
4.0E9,4.055981874656852+0.16709771870849313i,4.055981874656852,12.13655669869626
4.0E9,4.056105655465201+0.1599490909325144i,4.056105655465201,12.67936451472722
4.0E9,4.057085028920609+0.134411232462569i,4.057085028920609,15.092060963172967
4.0E9,4.057526712995667+0.013494950524364505i,4.057526712995667,150.33499773378168
4.0E9,4.0580228633275395+0.15190845063882072i,4.0580228633275395,13.356804201024802
4.0E9,4.058389061065861+0.0018007686106924256i,4.058389061065861,1126.8491234710445
4.0E9,4.05846310442146+0.14149769459549394i,4.05846310442146,14.341092680073613
4.0E9,4.0605691013230985+0.14542016825916657i,4.0605691013230985,13.961505993055884
4.0E9,4.061116493180692+0.16103405927394757i,4.061116493180692,12.609495505146555
4.0E9,4.061204079323728+0.14971800449871928i,4.061204079323728,13.562844672293467
4.0E9,4.06163680378188+0.16533551400543714i,4.06163680378188,12.283013810476046
4.0E9,4.062345132786068+0.160011172330319i,4.062345132786068,12.693942159238627
4.0E9,4.063365311944073+7.163553300619234E-4i,4.063365311944073,2836.1381156979915
4.0E9,4.064715421928223+0.15132765641215484i,4.064715421928223,13.430180306425928
4.0E9,4.065174959873648+0.14782944544763868i,4.065174959873648,13.749544103219735
4.0E9,4.065634221019165+0.16544416584007327i,4.065634221019165,12.28702807492533
4.0E9,4.066237306646393+0.15507868443048503i,4.066237306646393,13.110239236228203
4.0E9,4.06983441302359+0.1587860217056638i,4.06983441302359,12.815468166863269
4.0E9,4.0716396459828434+0.1431427604203692i,4.0716396459828434,14.222303782690815
4.0E9,4.072141538319952+0.1644400051217665i,4.072141538319952,12.381845692915675
4.0E9,4.075177964783351+0.14083940215458965i,4.075177964783351,14.467464013764806
4.0E9,4.076370442354009+0.003260949610066832i,4.076370442354009,625.0281252077467
4.0E9,4.076598203548954+0.06779307435605769i,4.076598203548954,30.06647981575634
4.0E9,4.077463506937013+0.1551688344341128i,4.077463506937013,13.138796594713
4.0E9,4.077568732624376+0.1397461248087154i,4.077568732624376,14.589201447287913
4.0E9,4.07847529958806+0.01130462669352991i,4.07847529958806,180.38964974943994
4.0E9,4.078945211128134+0.1474730366050551i,4.078945211128134,13.829460981575513
4.0E9,4.081172147489348+0.15309136017142647i,4.081172147489348,13.329204675297783
4.0E9,4.082453001293606+0.15785663694805238i,4.082453001293606,12.930888052040107
4.0E9,4.085160186306395+0.1572200087867871i,4.085160186306395,12.991858408577176
4.0E9,4.086939474514709+0.14831350992008704i,4.086939474514709,13.778041787011842
4.0E9,4.089223991541178+0.13976679587944035i,4.089223991541178,14.628739128671336
4.0E9,4.090166073464582+0.010120304327826313i,4.090166073464582,202.07722717480212
4.0E9,4.091783316953491+0.12660353156539456i,4.091783316953491,16.15983087659747
4.0E9,4.094433635552361+0.1452371803353957i,4.094433635552361,14.095679997701348
4.0E9,4.095203231997438+0.13506761067946266i,4.095203231997438,15.15982703549861
4.0E9,4.095447096559476+0.062270437293849984i,4.095447096559476,32.88436113940663
4.0E9,4.097369183409621+0.1407989926929741i,4.097369183409621,14.550420798621527
4.0E9,4.098806549748379+0.1299701516209638i,4.098806549748379,15.768261014659208
4.0E9,4.099816692969683+0.1434207176336245i,4.099816692969683,14.292972314651475
4.0E9,4.1016912713624345+0.00862106744156439i,4.1016912713624345,237.8876687350294
4.0E9,4.1018488659067245+0.13619256617354317i,4.1018488659067245,15.059004250936683
4.0E9,4.101865584952756+0.13390158036089664i,4.101865584952756,15.31671834603166
4.0E9,4.104227948955573+0.13092483984254877i,4.104227948955573,15.67398498975194
4.0E9,4.104765470773229+0.13606683223101204i,4.104765470773229,15.083637222494545
4.0E9,4.104819836871156+0.14507560632676678i,4.104819836871156,14.147174500258517
4.0E9,4.105979514742318+0.0011401692331236867i,4.105979514742318,1800.60090882004
4.0E9,4.108105491057109+0.13694684066790577i,4.108105491057109,14.998905673987796
4.0E9,4.109627204547893+0.1421759315714796i,4.109627204547893,14.452612193653042
4.0E9,4.10975211506925+0.13381853120751738i,4.10975211506925,15.355691315637387
4.0E9,4.116571075718491+0.13093861623643105i,4.116571075718491,15.71946914531825
4.0E9,4.124585953049652+0.11940769188480974i,4.124585953049652,17.27102286270033
4.0E9,4.125809627898837+0.0018125711451977436i,4.125809627898837,1138.1097064327175
4.0E9,4.128588732429954+0.0036060236954185178i,4.128588732429954,572.4572383807904
4.0E9,4.1359743471088+0.04250447450367289i,4.1359743471088,48.65339938212157
4.0E9,4.142884382111934+0.042511446930865775i,4.142884382111934,48.726692234791464
4.0E9,4.147235568659007+0.0036752589746785877i,4.147235568659007,564.2099777501659
4.0E9,4.148541060024076+0.0011751341200393845i,4.148541060024076,1765.1351404404115
4.0E9,4.168826417418682+0.006754915770040802i,4.168826417418682,308.57723170347543
4.0E9,4.169063724040324+0.037597132377531324i,4.169063724040324,55.44390569707154
4.0E9,4.174705688349267+0.008449468084888414i,4.174705688349267,247.03955600563694
4.5E9,4.356790835365871+0.003437291860116751i,4.356790835365871,633.7534042305456
4.5E9,4.359268946318287+0.0329003054572833i,4.359268946318287,66.24967284845154
4.5E9,4.3596153805112445+0.00401095109977028i,4.3596153805112445,543.4640403320964
4.5E9,4.366388184658952+0.029149296515984018i,4.366388184658952,74.89697362446883
4.5E9,4.366840254014776+0.06732822896973407i,4.366840254014776,32.429489983895124
4.5E9,4.367890688065234+0.0020942724685499253i,4.367890688065234,1042.8181513290776
4.5E9,4.37202716830178+0.06211540105289513i,4.37202716830178,35.19277903863751
4.5E9,4.378763777750086+0.08179720901415898i,4.378763777750086,26.765973011329326
4.5E9,4.379302546347677+0.0035970205520994194i,4.379302546347677,608.7402730840216
4.5E9,4.390983355303698+0.08406695791960224i,4.390983355303698,26.115988159718068
4.5E9,4.3925400610023475+0.02355609036775781i,4.3925400610023475,93.23576180142776
4.5E9,4.39287951414839+0.1069422556722822i,4.39287951414839,20.53855833941867
4.5E9,4.394561244977406+0.09242813029689503i,4.394561244977406,23.772855898206096
4.5E9,4.4028799489765555+0.11937766552623569i,4.4028799489765555,18.44097021653071
4.5E9,4.406022176448372+0.11820915768646278i,4.406022176448372,18.63655178110175
4.5E9,4.40741343218131+0.11581920293283984i,4.40741343218131,19.027127283620832
4.5E9,4.409038140818648+0.02899688050325928i,4.409038140818648,76.02607701754447
4.5E9,4.41234293278543+0.03437180612315934i,4.41234293278543,64.18549722082312
4.5E9,4.415411673010586+0.12105960010282389i,4.415411673010586,18.23652014900217
4.5E9,4.416527276578763+0.09085420932119158i,4.416527276578763,24.305573234176045
4.5E9,4.4193315115278695+0.005790808564941298i,4.4193315115278695,381.58155825452224
4.5E9,4.420524135099433+0.12802524902058188i,4.420524135099433,17.264266888435312
4.5E9,4.425487383281008+0.13572674467193235i,4.425487383281008,16.30293054614231
4.5E9,4.425823466042678+0.02684651151991601i,4.425823466042678,82.42827867522736
4.5E9,4.4275169212133685+0.026671437694654347i,4.4275169212133685,83.00109225272018
4.5E9,4.428882994858287+0.03163636073740692i,4.428882994858287,69.99672041325479
4.5E9,4.429386214761753+0.0037509517051602503i,4.429386214761753,590.4349832961285
4.5E9,4.431683173827223+0.107500260007412i,4.431683173827223,20.612430023525825
4.5E9,4.432231874944413+0.12742640893971707i,4.432231874944413,17.391339486939533
4.5E9,4.43465117746238+0.12760554954695397i,4.43465117746238,17.376404056120606
4.5E9,4.435005944666804+0.1307143956710437i,4.435005944666804,16.964489342964008
4.5E9,4.436164255934077+0.11623466377668418i,4.436164255934077,19.082793857678535
4.5E9,4.436592401150149+0.11102654492365478i,4.436592401150149,19.97987239988817
4.5E9,4.437459685788061+0.0010477634639100002i,4.437459685788061,2117.5865730365003
4.5E9,4.438264250187204+0.14026281403546687i,4.438264250187204,15.821243430439601
4.5E9,4.438880170812074+0.14255544194122613i,4.438880170812074,15.568960785945198
4.5E9,4.43948042242594+0.12520627053636765i,4.43948042242594,17.72866647735682
4.5E9,4.439697422989783+0.04416114465512606i,4.439697422989783,50.26701026050556
4.5E9,4.441672562539599+0.1276642181083291i,4.441672562539599,17.395918090261723
4.5E9,4.442492203898951+0.056053724528258415i,4.442492203898951,39.627092055759405
4.5E9,4.444254232488181+0.10277361248588526i,4.444254232488181,21.621572527182234
4.5E9,4.44455841892948+0.1275509629455642i,4.44455841892948,17.42267685123755
4.5E9,4.444584778087692+0.14050646520308724i,4.444584778087692,15.816299882227886
4.5E9,4.445035529900098+0.05047432993781408i,4.445035529900098,44.03263535520449
4.5E9,4.4455144942535165+0.10413889863217562i,4.4455144942535165,21.344159351806287
4.5E9,4.446456401711391+0.12872208852870254i,4.446456401711391,17.271536115263995
4.5E9,4.448616493450801+0.12343826257650789i,4.448616493450801,18.01960105641278
4.5E9,4.449869456482011+0.13544698430468183i,4.449869456482011,16.42660956729842
4.5E9,4.45128493247333+0.14880144683184424i,4.45128493247333,14.957129205549945
4.5E9,4.451335860775662+0.1293449701717902i,4.451335860775662,17.207224428068585
4.5E9,4.452515671541152+0.002616556315998129i,4.452515671541152,850.8350545175758
4.5E9,4.4526501481228715+0.1156134612041704i,4.4526501481228715,19.256625057957592
4.5E9,4.454957575595718+0.14449271792880736i,4.454957575595718,15.415854997587868
4.5E9,4.455901834845589+0.129790438107652i,4.455901834845589,17.16575542779867
4.5E9,4.456515007290964+0.1366017795185746i,4.456515007290964,16.31206790642498
4.5E9,4.456987053043884+0.1310596587727701i,4.456987053043884,17.003657322087808
4.5E9,4.457612747551964+0.11351035356695537i,4.457612747551964,19.635269415853728
4.5E9,4.460460333554427+0.11998398066105767i,4.460460333554427,18.587732749735842
4.5E9,4.462976854928445+0.13244387656183093i,4.462976854928445,16.848558690612325
4.5E9,4.46392276011115+0.15236946849921384i,4.46392276011115,14.648350499871244
4.5E9,4.4639425766803+0.08678348905193092i,4.4639425766803,25.71884713006349
4.5E9,4.464820947185371+0.13709375759470283i,4.464820947185371,16.28382293081843
4.5E9,4.466680685494974+0.14566426542944202i,4.466680685494974,15.33210864149306
4.5E9,4.467313964874296+0.1435628042819606i,4.467313964874296,15.558744436687059
4.5E9,4.467934136240487+0.12829375862110834i,4.467934136240487,17.412905289631805
4.5E9,4.468006604550607+0.002388545773213184i,4.468006604550607,935.2985097999681
4.5E9,4.46832198370989+0.015042019446558919i,4.46832198370989,148.52799517993188
4.5E9,4.469399851260433+0.149608772330563i,4.469399851260433,14.936957845577469
4.5E9,4.469780716231863+0.11904268426798786i,4.469780716231863,18.773857224898975
4.5E9,4.470455979006926+0.13432548250921938i,4.470455979006926,16.64038682570933
4.5E9,4.4707532175093885+0.15285871528499742i,4.4707532175093885,14.6238086888729
4.5E9,4.472046133053579+0.11656751844104704i,4.472046133053579,19.182213848514223
4.5E9,4.473189030863218+0.009802771252346982i,4.473189030863218,228.15941103349968
4.5E9,4.474142478551482+0.1475282305833086i,4.474142478551482,15.16368243847726
4.5E9,4.474513955638233+0.1391541096023149i,4.474513955638233,16.077548727902602
4.5E9,4.474861898560982+0.14346441337996046i,4.474861898560982,15.59572089389676
4.5E9,4.476207665184272+0.14423835817848524i,4.476207665184272,15.516703468176155
4.5E9,4.47631044069298+0.1323925838698259i,4.47631044069298,16.905442547651617
4.5E9,4.476602105323201+0.13782797973249641i,4.476602105323201,16.239816160737533
4.5E9,4.477333305269332+0.14992643538744202i,4.477333305269332,14.931767348763223
4.5E9,4.4774015261325+0.03614527101177824i,4.4774015261325,61.93620079198607
4.5E9,4.478267898307821+0.12350850042216256i,4.478267898307821,18.129391430552232
4.5E9,4.4797675372091215+0.013002850089264302i,4.4797675372091215,172.26098533996807
4.5E9,4.481365080363006+0.003670691153058212i,4.481365080363006,610.4252432991245
4.5E9,4.4835070051757855+0.13615741788054006i,4.4835070051757855,16.464424322108783
4.5E9,4.483633911770288+0.15378860714227907i,4.483633911770288,14.577262890554074
4.5E9,4.483773341470953+0.13336558238372145i,4.483773341470953,16.81008421112043
4.5E9,4.483847257720427+0.13936289247634867i,4.483847257720427,16.08694817553884
4.5E9,4.484913554297697+0.15268059683421698i,4.484913554297697,14.687241362985661
4.5E9,4.485916730403415+0.12021800192610463i,4.485916730403415,18.65742508830254
4.5E9,4.487427526278857+0.10679417760697982i,4.487427526278857,21.00970121607814
4.5E9,4.4874729662964+0.13112806128989346i,4.4874729662964,17.111032231215738
4.5E9,4.487503578939381+0.14687954299016553i,4.487503578939381,15.276135422207318
4.5E9,4.489380851550699+0.1202739996265065i,4.489380851550699,18.66313943783287
4.5E9,4.489819062337639+0.13999363549956112i,4.489819062337639,16.03579707861689
4.5E9,4.491173971849742+0.11495669498055558i,4.491173971849742,19.534199259161916
4.5E9,4.491508302600124+0.1561101946837915i,4.491508302600124,14.385698229695643
4.5E9,4.491993355158075+0.12794854927968785i,4.491993355158075,17.553904989336175
4.5E9,4.492459365178749+0.004381618987375958i,4.492459365178749,512.648335937257
4.5E9,4.493368116805172+0.1469594336326859i,4.493368116805172,15.287783865702725
4.5E9,4.493614424512112+0.12418550167888955i,4.493614424512112,18.092347189333722
4.5E9,4.493783835256985+0.1352521997864391i,4.493783835256985,16.61260904574045
4.5E9,4.497783089664278+0.14600569324526236i,4.497783089664278,15.402766117170653
4.5E9,4.497952861909167+0.03670675093146417i,4.497952861909167,61.268741413634984
4.5E9,4.497964502847677+0.15643973032719494i,4.497964502847677,14.37602996834675
4.5E9,4.4997818985734055+0.12508490778030318i,4.4997818985734055,17.986909765631914
4.5E9,4.5006020917167735+0.11556993004193342i,4.5006020917167735,19.471336921653297
4.5E9,4.5007099131087624+0.002705948245597261i,4.5007099131087624,831.6326671124781
4.5E9,4.501757231159309+0.14200971117974184i,4.501757231159309,15.85017388515575
4.5E9,4.5018233096905576+0.1482130439018646i,4.5018233096905576,15.18700106001238
4.5E9,4.502668572435878+0.13419994650406786i,4.502668572435878,16.775970072012637
4.5E9,4.503814083709584+0.13842578228339147i,4.503814083709584,16.267974106475243
4.5E9,4.503825369692207+0.12053374477352649i,4.503825369692207,18.682840138064833
4.5E9,4.504394041776709+0.12682137087882012i,4.504394041776709,17.75881308711262
4.5E9,4.504668645661843+0.1524301909911222i,4.504668645661843,14.7761693939103
4.5E9,4.5061852762774866+0.002545748313074472i,4.5061852762774866,885.0413949278858
4.5E9,4.506185618170276+0.14714720110510748i,4.506185618170276,15.311829189844733
4.5E9,4.507455207295422+0.15053919609499028i,4.507455207295422,14.971035199534398
4.5E9,4.507606309287998+0.1447329232503328i,4.507606309287998,15.572152513949975
4.5E9,4.508847929299383+0.12309276649712826i,4.508847929299383,18.314837084291927
4.5E9,4.511394638642113+0.12634663438077165i,4.511394638642113,17.85324421482449
4.5E9,4.511671771387543+0.13239661613759945i,4.511671771387543,17.038470857512607
4.5E9,4.5124468129488955+0.11941085010917382i,4.5124468129488955,18.894626446521812
4.5E9,4.513374354982535+0.14154534174388322i,4.513374354982535,15.94321049133917
4.5E9,4.513433657711058+0.15129396202284903i,4.513433657711058,14.916106357996695
4.5E9,4.513786847181466+0.14932939020284608i,4.513786847181466,15.113524675383822
4.5E9,4.514902088555225+0.1359272296299064i,4.514902088555225,16.607791171967897
4.5E9,4.515523969675601+0.10140011306175693i,4.515523969675601,22.26587245975484
4.5E9,4.516772485442588+0.10648014034142761i,4.516772485442588,21.20945967463791
4.5E9,4.516894192021157+0.13277899505749421i,4.516894192021157,17.009069055181925
4.5E9,4.517107730282671+0.14426690243001888i,4.517107730282671,15.655384756298606
4.5E9,4.517408726356787+0.12644376751981337i,4.517408726356787,17.863311157858856
4.5E9,4.521261353954936+0.13709372337127795i,4.521261353954936,16.489673060051157
4.5E9,4.521427206451328+0.12047012169643762i,4.521427206451328,18.765761762258723
4.5E9,4.522749484829464+3.9613054915555725E-4i,4.522749484829464,5708.660307152197
4.5E9,4.523328164436385+0.14717079959108698i,4.523328164436385,15.367614285593406
4.5E9,4.523353720088032+0.13856680380669975i,4.523353720088032,16.32192413991917
4.5E9,4.52344323209478+0.1520939302921653i,4.52344323209478,14.870558027547379
4.5E9,4.523816203746998+0.11307014772930041i,4.523816203746998,20.00446755662423
4.5E9,4.52445463434482+0.12406228049909737i,4.52445463434482,18.2346101334875
4.5E9,4.52536752326749+0.14264519817902496i,4.52536752326749,15.862319871391628
4.5E9,4.5259819556993985+0.13453678139117278i,4.5259819556993985,16.82061183900285
4.5E9,4.52820588057581+0.11079309080536973i,4.52820588057581,20.435416358816596
4.5E9,4.530046100426017+0.0017914128943678476i,4.530046100426017,1264.3779986926397
4.5E9,4.530485606682359+0.1432359711313879i,4.530485606682359,15.814762070229628
4.5E9,4.531872132480951+0.1498944994556121i,4.531872132480951,15.11687269692963
4.5E9,4.532018920815817+0.1240375886500506i,4.532018920815817,18.268731963187708
4.5E9,4.532557743931808+0.1281228669513327i,4.532557743931808,17.68832469871867
4.5E9,4.533565956008637+0.13593723025943014i,4.533565956008637,16.675218214158576
4.5E9,4.5338711631455615+0.13524141813064555i,4.5338711631455615,16.762139978322924
4.5E9,4.534601465835223+0.11642457899568871i,4.534601465835223,19.474416420278157
4.5E9,4.535750388692231+0.14458831388017843i,4.535750388692231,15.685051810103566
4.5E9,4.535941500567689+0.10423114031193999i,4.535941500567689,21.75905150319114
4.5E9,4.536802897521455+0.1412399053931666i,4.536802897521455,16.060627075940225
4.5E9,4.536863080756459+0.02091919938916533i,4.536863080756459,108.43777996365945
4.5E9,4.537499775064507+0.15141092986997587i,4.537499775064507,14.984056233460437
4.5E9,4.538312289371103+0.1258535770009095i,4.538312289371103,18.030128334526033
4.5E9,4.538383298641512+0.11417159655592643i,4.538383298641512,19.875272990591867
4.5E9,4.538426801138997+0.1306587433478556i,4.538426801138997,17.36748220919378
4.5E9,4.540171510033311+0.14638143589382155i,4.540171510033311,15.508016717797961
4.5E9,4.541073835655599+0.13591617623164182i,4.541073835655599,16.70542080258442
4.5E9,4.542187143112973+0.01879172859118191i,4.542187143112973,120.8560224003132
4.5E9,4.542938991967458+0.12953170357613045i,4.542938991967458,17.536011904982818
4.5E9,4.543983095605361+0.12775111406049688i,4.543983095605361,17.78451455794564
4.5E9,4.5445094070165775+0.13379451844802093i,4.5445094070165775,16.983167396286554
4.5E9,4.545633168087543+0.14389850774500906i,4.545633168087543,15.794580636452785
4.5E9,4.546526379854542+0.018809565330144887i,4.546526379854542,120.85676356827119
4.5E9,4.547925250193719+0.138044351879521i,4.547925250193719,16.47269587010321
4.5E9,4.548165592029445+0.12693910023425636i,4.548165592029445,17.914754333519596
4.5E9,4.548251194789269+0.13911052337724203i,4.548251194789269,16.34761729152313
4.5E9,4.548510420723447+0.11968682526536982i,4.548510420723447,19.00171723428406
4.5E9,4.5486823598383275+0.0024188064543890085i,4.5486823598383275,940.2741487613831
4.5E9,4.549623568368979+0.1431109492702778i,4.549623568368979,15.895441933574942
4.5E9,4.549747467204695+0.11979265136783654i,4.549747467204695,18.990094197156527
4.5E9,4.5510826812986265+0.1305184873792311i,4.5510826812986265,17.434628506209695
4.5E9,4.551413733394885+0.10044506350086539i,4.551413733394885,22.656234038597987
4.5E9,4.551871476386401+0.11948484403254045i,4.551871476386401,19.0479031597796
4.5E9,4.553741738139302+0.1343975412491914i,4.553741738139302,16.94131341917946
4.5E9,4.556180837431682+0.07510701863965431i,4.556180837431682,30.331258782159615
4.5E9,4.557007619598049+0.1412156688008657i,4.557007619598049,16.134922060327746
4.5E9,4.557804594757065+0.13475883689240872i,4.557804594757065,16.910967398731742
4.5E9,4.558100067178204+0.10390535192982166i,4.558100067178204,21.93390418549746
4.5E9,4.558230512361823+0.08666870816682881i,4.558230512361823,26.29686428224864
4.5E9,4.558930715869137+0.1122772812173657i,4.558930715869137,20.302106830691653
4.5E9,4.559057965676203+0.14036539754301477i,4.559057965676203,16.23996385675852
4.5E9,4.559132161002483+0.12832068439101416i,4.559132161002483,17.764603511270487
4.5E9,4.562060970995201+0.11166332413205989i,4.562060970995201,20.42775014291993
4.5E9,4.56300756717795+0.14251875169031913i,4.56300756717795,16.00844630288711
4.5E9,4.563789917555734+0.12610448026190746i,4.563789917555734,18.095272697992808
4.5E9,4.565640417609015+0.1232420118659119i,4.565640417609015,18.523068345299578
4.5E9,4.566985622896738+0.13483199952200955i,4.566985622896738,16.935837334931893
4.5E9,4.567464155293787+0.1281676213129649i,4.567464155293787,17.81832302302298
4.5E9,4.567943890631628+0.13799953662130843i,4.567943890631628,16.550576916670217
4.5E9,4.568128702236212+0.035657263331803316i,4.568128702236212,64.05607547231226
4.5E9,4.568363331878565+0.10621405103990339i,4.568363331878565,21.505456609325087
4.5E9,4.5685185439602725+0.1145132713458693i,4.5685185439602725,19.94755057761725
4.5E9,4.568896785046438+0.06191989364436771i,4.568896785046438,36.89360976043949
4.5E9,4.570415687147188+0.13098024463776314i,4.570415687147188,17.446965761085025
4.5E9,4.570563560479646+0.02252180968892674i,4.570563560479646,101.469722540255
4.5E9,4.571456762247786+0.1178010765846615i,4.571456762247786,19.403289404415425
4.5E9,4.571476185028262+0.001842242224812597i,4.571476185028262,1240.7370006659405
4.5E9,4.573421678053339+0.12472675465996406i,4.573421678053339,18.333763636044313
4.5E9,4.575751394693607+0.10042140034835716i,4.575751394693607,22.78275038398458
4.5E9,4.57594914287896+0.13063259992740686i,4.57594914287896,17.514575785147947
4.5E9,4.576127669773973+0.06242868160316669i,4.576127669773973,36.65084342852636
4.5E9,4.577335415650526+0.12915681890589312i,4.577335415650526,17.720068728952235
4.5E9,4.581535395745885+0.12589316757440439i,4.581535395745885,18.19612407892645
4.5E9,4.581660319327032+0.0272936626122333i,4.581660319327032,83.9326766879848
4.5E9,4.583131862767985+0.13175706286668548i,4.583131862767985,17.392357430604278
4.5E9,4.583947015410019+0.13261434510549247i,4.583947015410019,17.282998350455852
4.5E9,4.584283620813196+0.0022507444596992i,4.584283620813196,1018.392736913781
4.5E9,4.584945040396475+0.1175903391714064i,4.584945040396475,19.49541549375581
4.5E9,4.586562431634757+0.09520629619226356i,4.586562431634757,24.087495339449305
4.5E9,4.5868771539426305+0.12297563396972787i,4.5868771539426305,18.649536521485842
4.5E9,4.5896410576148705+0.024486463574467928i,4.5896410576148705,93.71792385733676
4.5E9,4.590229653375993+0.11537640913102386i,4.590229653375993,19.892409930019713
4.5E9,4.591044928662131+0.11255890979866466i,4.591044928662131,20.393964977424634
4.5E9,4.592544506155602+0.1192663605364933i,4.592544506155602,19.253310344581063
4.5E9,4.594643019189461+0.05279904449690202i,4.594643019189461,43.51066447290586
4.5E9,4.596040424062992+0.09155438475016915i,4.596040424062992,25.100056303171765
4.5E9,4.59914855252641+0.11217131845818366i,4.59914855252641,20.500554935711694
4.5E9,4.599750933017182+0.002850813001275023i,4.599750933017182,806.7437132775717
4.5E9,4.6003384865591626+0.07237743371598523i,4.6003384865591626,31.780198954077694
4.5E9,4.602093653953708+0.09713563545328227i,4.602093653953708,23.68900781097531
4.5E9,4.603655084210578+0.014717593241191965i,4.603655084210578,156.39972544307565
4.5E9,4.604383426937636+0.0029630205047608722i,4.604383426937636,776.9746141714985
4.5E9,4.606519566140546+0.027895748508945994i,4.606519566140546,82.56669586520078
4.5E9,4.607675975711196+0.022707418333926824i,4.607675975711196,101.45750406216224
4.5E9,4.611017635509984+0.09985654826027482i,4.611017635509984,23.088208614478766
4.5E9,4.611713212606545+0.04707092424743074i,4.611713212606545,48.98685639105827
4.5E9,4.612180596257518+0.07852738923932565i,4.612180596257518,29.36670021080867
4.5E9,4.62495601596973+0.03061576014064452i,4.62495601596973,75.53227479447398
4.5E9,4.625037293786391+0.02278596516493428i,4.625037293786391,101.48872914332243
4.5E9,4.629164972768597+0.007283865836695758i,4.629164972768597,317.7684128561986
4.5E9,4.637192475517964+0.02808099588244335i,4.637192475517964,82.56816273416437
4.5E9,4.640793731776795+0.05036834321853071i,4.640793731776795,46.06855651020727
4.5E9,4.642178517512893+0.0064923505386975024i,4.642178517512893,357.51138896793213
4.5E9,4.644765315712322+0.03552105951053219i,4.644765315712322,65.38044444219244
4.5E9,4.647732888291767+0.003836409242915749i,4.647732888291767,605.7399763690742
4.5E9,4.649618809519059+0.015983920797155347i,4.649618809519059,145.44675453930398
5.0E9,4.8719566281751305+0.025672015979965688i,4.8719566281751305,94.88846984158121
5.0E9,4.8733037011176785+0.04034195427481072i,4.8733037011176785,60.39994577258917
5.0E9,4.875399199061114+0.02340143136167825i,4.875399199061114,104.16882462679135
5.0E9,4.87573869192303+0.007227573521673005i,4.87573869192303,337.3012171583151
5.0E9,4.879981277537717+0.05788703439376238i,4.879981277537717,42.1509007037987
5.0E9,4.8801614184470035+0.00643297319343012i,4.8801614184470035,379.30839067004234
5.0E9,4.8823390166083875+0.030813728075393235i,4.8823390166083875,79.2234390571398
5.0E9,4.885489401673889+0.04185404364434618i,4.885489401673889,58.363409796054924
5.0E9,4.88809436062828+0.008947161314154609i,4.88809436062828,273.1645372759294
5.0E9,4.89395102843567+0.04460070189876077i,4.89395102843567,54.86405841262835
5.0E9,4.8952253068508895+0.029100736185232585i,4.8952253068508895,84.1082726514495
5.0E9,4.8989623825012565+0.0037165787119568063i,4.8989623825012565,659.0688321413104
5.0E9,4.901175428413548+0.005655186535084679i,4.901175428413548,433.3345503288654
5.0E9,4.903049460492342+0.09854864901556895i,4.903049460492342,24.876289576114566
5.0E9,4.906574627178649+0.031212560427150256i,4.906574627178649,78.59936128326504
5.0E9,4.908229521349747+0.08440265075504864i,4.908229521349747,29.076275907461092
5.0E9,4.909041534359964+0.09847080478276062i,4.909041534359964,24.926380693190975
5.0E9,4.910843486159625+0.010506491015646732i,4.910843486159625,233.70521513063588
5.0E9,4.911032967783913+0.09299217047345487i,4.911032967783913,26.405626101531816
5.0E9,4.911854514888945+0.005994269648322582i,4.911854514888945,409.7125090346463
5.0E9,4.916660991171087+0.10252607418257946i,4.916660991171087,23.97761267253561
5.0E9,4.921222818628814+0.02595204685014241i,4.921222818628814,94.81377031734607
5.0E9,4.922295508397518+0.006458941743400831i,4.922295508397518,381.04504607327345
5.0E9,4.922483596685316+0.0673522744709382i,4.922483596685316,36.542816373701804
5.0E9,4.922815190339483+0.0035244492825768567i,4.922815190339483,698.3807675535946
5.0E9,4.92321591263079+0.11305617616407898i,4.92321591263079,21.77331694593006
5.0E9,4.923222460067607+0.03508486798952099i,4.923222460067607,70.16162155060775
5.0E9,4.924220658843425+0.10098836532584603i,4.924220658843425,24.38013845929223
5.0E9,4.925039001661614+0.04086839778538582i,4.925039001661614,60.25485789196713
5.0E9,4.927723884506908+0.10008036737460409i,4.927723884506908,24.618833912061277
5.0E9,4.929109381379896+0.11588630244470753i,4.929109381379896,21.267006011049954
5.0E9,4.931801534462937+0.00381359382768619i,4.931801534462937,646.6081283563428
5.0E9,4.932756539175713+0.10857745462051989i,4.932756539175713,22.715381183026366
5.0E9,4.937728872349737+0.12157832425115266i,4.937728872349737,20.30678125711592
5.0E9,4.938007676406399+0.10809985468997081i,4.938007676406399,22.84002920525911
5.0E9,4.9387461245225985+0.12106235289188376i,4.9387461245225985,20.39753072093852
5.0E9,4.938986689726783+0.10035201933514615i,4.938986689726783,24.608307448363465
5.0E9,4.940395719146444+0.08449889270803337i,4.940395719146444,29.23349384125573
5.0E9,4.940477447481579+0.11657129637363374i,4.940477447481579,21.190797396841095
5.0E9,4.940833220800709+0.06806519705762114i,4.940833220800709,36.29485724266696
5.0E9,4.942194039985086+0.114296806829078i,4.942194039985086,21.62000049299607
5.0E9,4.943269644144396+0.11422728702198098i,4.943269644144396,21.637866804948075
5.0E9,4.944335150934248+0.006100486751371509i,4.944335150934248,405.2410366945445
5.0E9,4.944480310830642+0.1031749040145013i,4.944480310830642,23.9616424074196
5.0E9,4.944590532568821+0.004698149660765208i,4.944590532568821,526.2274394812995
5.0E9,4.94634877403413+0.0946754718373488i,4.94634877403413,26.122651823335463
5.0E9,4.947595940315144+0.12779142280300843i,4.947595940315144,19.358090831893723
5.0E9,4.947881878219144+0.10583678937815295i,4.947881878219144,23.375056571965963
5.0E9,4.9480289445202645+0.11431540266229746i,4.9480289445202645,21.64200461742406
5.0E9,4.949895537576091+0.1112848178663291i,4.949895537576091,22.239761148379237
5.0E9,4.950079172313187+0.08975566522199457i,4.950079172313187,27.575302127559592
5.0E9,4.95232248416258+0.10718322121272042i,4.95232248416258,23.10213496165593
5.0E9,4.9536677883674995+0.11643012854157463i,4.9536677883674995,21.27313544362641
5.0E9,4.954008555716107+0.07528144240863481i,4.954008555716107,32.9032520978097
5.0E9,4.954558073079609+0.125278580811936i,4.954558073079609,19.774162673973876
5.0E9,4.954612363162066+0.09827370347454671i,4.954612363162066,25.208230625221784
5.0E9,4.9547330964792256+0.10281889710938422i,4.9547330964792256,24.09446724179562
5.0E9,4.9555121695746465+0.04305859768692181i,4.9555121695746465,57.54381744624007
5.0E9,4.9564170478355365+0.11933235432501174i,4.9564170478355365,20.767280909988234
5.0E9,4.956662297638053+0.0049437749453462585i,4.956662297638053,501.30339188517524
5.0E9,4.958643444077562+0.11404513484264654i,4.958643444077562,21.739828932287363
5.0E9,4.958709129636765+0.026626007966872665i,4.958709129636765,93.11777296480668
5.0E9,4.9603237995084974+0.12294826318648694i,4.9603237995084974,20.172402891062877
5.0E9,4.961350774060851+0.11300549651483241i,4.961350774060851,21.951811757269944
5.0E9,4.962737781336499+0.13155815028758408i,4.962737781336499,18.86138475832942
5.0E9,4.96325529180706+0.09681541633462677i,4.96325529180706,25.632567000757263
5.0E9,4.963413938546237+0.03370045697458302i,4.963413938546237,73.64015779206878
5.0E9,4.963877699897455+0.12622973909823923i,4.963877699897455,19.662077000865384
5.0E9,4.964819095433467+0.12474554382792273i,4.964819095433467,19.899785367411877
5.0E9,4.966786188674034+0.1156349916699892i,4.966786188674034,21.476138480853397
5.0E9,4.9671864151038445+0.1125864380350799i,4.9671864151038445,22.059434963011086
5.0E9,4.967354636741298+0.002939457932732137i,4.967354636741298,844.9439914461188
5.0E9,4.9676416627439925+0.1309168803238968i,4.9676416627439925,18.97250243992114
5.0E9,4.969350060056472+0.12505205002167535i,4.969350060056472,19.86912673240915
5.0E9,4.969886343667556+0.10748880868786766i,4.969886343667556,23.118157156711096
5.0E9,4.969923572432303+0.08106388276581611i,4.969923572432303,30.654364205510728
5.0E9,4.97065167611021+0.1204966682394233i,4.97065167611021,20.62568097830586
5.0E9,4.971785380465213+0.11594163916693093i,4.971785380465213,21.440896541521706
5.0E9,4.972308329349075+0.12291393749603416i,4.972308329349075,20.226788070756857
5.0E9,4.9731438897751765+0.005386079728031442i,4.9731438897751765,461.66638268394246
5.0E9,4.973206224776802+0.022432079202601683i,4.973206224776802,110.8503179723083
5.0E9,4.9735492082401755+0.11431209154887759i,4.9735492082401755,21.754256880662464
5.0E9,4.973985225664264+0.09709989573563717i,4.973985225664264,25.612721764430972
5.0E9,4.975151987596231+0.12350563875269871i,4.975151987596231,20.141396125071736
5.0E9,4.9775055576649+0.13064003728437024i,4.9775055576649,19.050459802113085
5.0E9,4.977750657476508+0.10265080848772014i,4.977750657476508,24.246037273403374
5.0E9,4.978088401914385+0.12773711328056178i,4.978088401914385,19.48567755316543
5.0E9,4.978146146474096+0.005843043546909944i,4.978146146474096,425.98913618457937
5.0E9,4.97888196988563+0.11960962914687132i,4.97888196988563,20.813048269600227
5.0E9,4.979526755597744+0.1138968744157583i,4.979526755597744,21.859804235807886
5.0E9,4.9806733783593895+0.07445544209280175i,4.9806733783593895,33.447342721781474
5.0E9,4.9822167570481195+0.13160434151727818i,4.9822167570481195,18.92877050866141
5.0E9,4.982570788120618+0.10580760438748217i,4.982570788120618,23.54542859638779
5.0E9,4.983967674653489+0.12407128756372257i,4.983967674653489,20.085096933058512
5.0E9,4.984655452562397+0.00976875887871455i,4.984655452562397,255.13248481460715
5.0E9,4.987065275605451+0.12431235152943179i,4.987065275605451,20.05860726729447
5.0E9,4.987971692984523+0.1024460501072515i,4.987971692984523,24.344382666596616
5.0E9,4.988525340904161+0.11942488562205636i,4.988525340904161,20.885619085670864
5.0E9,4.990839827098702+0.13019650413475978i,4.990839827098702,19.166566184960455
5.0E9,4.991306820787584+0.1098581000593961i,4.991306820787584,22.717063275666405
5.0E9,4.9920481478230245+0.11446447731621537i,4.9920481478230245,21.806102053968125
5.0E9,4.992393314256632+0.13508108484917447i,4.992393314256632,18.479246446054663
5.0E9,4.9926231406117045+0.10542203349217631i,4.9926231406117045,23.679220440109525
5.0E9,4.993461254627208+0.11889357484225972i,4.993461254627208,20.999710292386315
5.0E9,4.994229960608659+0.03443200065624072i,4.994229960608659,72.52308703275229
5.0E9,4.9946062821022155+0.12407290836682812i,4.9946062821022155,20.12770695813544
5.0E9,4.994871383319927+0.1375339757440019i,4.994871383319927,18.15868172318781
5.0E9,4.995860450838814+0.11364230076496519i,4.995860450838814,21.980637567217354
5.0E9,4.996166779771275+0.0895096965994363i,4.996166779771275,27.90852259353284
5.0E9,4.996497116772678+0.1281223833370286i,4.996497116772678,19.498923555103122
5.0E9,4.996558286770189+0.06935570376387101i,4.996558286770189,36.02124998818779
5.0E9,4.9969091073033205+0.10831975365720739i,4.9969091073033205,23.06554870460987
5.0E9,4.996928865760886+0.12165482266042187i,4.996928865760886,20.53732337315117
5.0E9,4.998942425470869+0.00428350666816038i,4.998942425470869,583.5105221883247
5.0E9,4.999014752629322+0.1271728781003123i,4.999014752629322,19.654405983822134
5.0E9,4.999610182966967+0.11822061051463814i,4.999610182966967,21.14525614951004
5.0E9,5.000143940459437+0.13350567928443904i,5.000143940459437,18.726334217611956
5.0E9,5.000390040873837+0.13746990753007615i,5.000390040873837,18.18721686337002
5.0E9,5.000607751051849+0.012275299799561877i,5.000607751051849,203.68576868608648
5.0E9,5.001569071495423+0.10114575307013474i,5.001569071495423,24.72456291875805
5.0E9,5.0018967209685+0.13503330380592662i,5.0018967209685,18.52097438183604
5.0E9,5.002605036494954+0.11860937431452862i,5.002605036494954,21.088573586220235
5.0E9,5.002870000249981+0.047540001118106336i,5.002870000249981,52.61747878193215
5.0E9,5.003743457936554+0.1271852961661212i,5.003743457936554,19.671076801995206
5.0E9,5.005084222557021+0.11256529093155766i,5.005084222557021,22.231916166770397
5.0E9,5.006275134562521+0.09959641538298025i,5.006275134562521,25.132807818995204
5.0E9,5.006490672696651+0.12860435254380242i,5.006490672696651,19.464701519302967
5.0E9,5.009765860613475+0.12178612609035828i,5.009765860613475,20.56788413195982
5.0E9,5.0100525473768815+0.11349536163562947i,5.0100525473768815,22.07161806075114
5.0E9,5.0104839473293605+0.1313250236004477i,5.0104839473293605,19.0766535194907
5.0E9,5.0107933304474015+0.005235672220083209i,5.0107933304474015,478.52435368535794
5.0E9,5.010812284840788+0.11746450766374227i,5.010812284840788,21.329048171660936
5.0E9,5.011809260425189+0.13649341449309726i,5.011809260425189,18.359161425618254
5.0E9,5.012982605142077+0.026416336698076432i,5.012982605142077,94.88413670747748
5.0E9,5.013419112973952+0.1230560750474702i,5.013419112973952,20.370465704517116
5.0E9,5.013828767885423+0.12067430167636868i,5.013828767885423,20.774219109764555
5.0E9,5.0155205114136665+0.10623373402742238i,5.0155205114136665,23.606063353280028
5.0E9,5.01560222866723+0.1308283223693704i,5.01560222866723,19.168640772242625
5.0E9,5.015937179966086+0.1273621917474418i,5.015937179966086,19.69162555679259
5.0E9,5.015978865126858+0.09430154593422721i,5.015978865126858,26.59542224591614
5.0E9,5.016164662852468+0.1106978783334249i,5.016164662852468,22.6570045350989
5.0E9,5.016398118984332+0.11685932962839385i,5.016398118984332,21.46340448356241
5.0E9,5.017072507109728+0.11460060705326115i,5.017072507109728,21.88938015301272
5.0E9,5.019128367050168+0.12298057340587105i,5.019128367050168,20.40618379004304
5.0E9,5.019613269322445+0.13616341743152147i,5.019613269322445,18.432312305347654
5.0E9,5.020370985766646+0.12806506118562816i,5.020370985766646,19.600861231345927
5.0E9,5.020817255132405+0.013456184513199217i,5.020817255132405,186.56169771629797
5.0E9,5.02094952016874+0.13283533272526366i,5.02094952016874,18.899149108743927
5.0E9,5.022263583591878+0.11055691161655454i,5.022263583591878,22.71347629992884
5.0E9,5.022440677450995+0.10316227915059768i,5.022440677450995,24.342427866096138
5.0E9,5.022792559290163+0.13535170893010515i,5.022792559290163,18.55459601874663
5.0E9,5.02352566365836+0.10541413917233401i,5.02352566365836,23.827570490547565
5.0E9,5.023632743128567+0.11035597981739509i,5.023632743128567,22.761035475563357
5.0E9,5.025218172288827+0.07341443272587232i,5.025218172288827,34.225001717665435
5.0E9,5.025282891906031+0.11786704535192188i,5.025282891906031,21.317590836784692
5.0E9,5.0266388303535985+0.12292929802242088i,5.0266388303535985,20.4452433684149
5.0E9,5.027714772894646+0.0039677164085205495i,5.027714772894646,633.5778890469315
5.0E9,5.028114316511254+0.1340380432367445i,5.028114316511254,18.7562955825547
5.0E9,5.0281965988434125+0.019132074158439576i,5.0281965988434125,131.40751382215828
5.0E9,5.02988720670625+0.11563975290798333i,5.02988720670625,21.748088698825843
5.0E9,5.030748798617902+0.04321205713481418i,5.030748798617902,58.21001280872641
5.0E9,5.031475804266964+0.10033357005329835i,5.031475804266964,25.073740531679405
5.0E9,5.032139123350065+0.10774868688498197i,5.032139123350065,23.351278186441853
5.0E9,5.0331977597498065+0.1062505574523774i,5.0331977597498065,23.685512247809797
5.0E9,5.033294683076402+0.11533835637427342i,5.033294683076402,21.819691390188275
5.0E9,5.033558350873285+0.12806183296985146i,5.033558350873285,19.652843607424764
5.0E9,5.034602995677166+0.131144919142503i,5.034602995677166,19.194807654753784
5.0E9,5.03467961595572+0.03749015953637661i,5.03467961595572,67.14668166549922
5.0E9,5.035735357269631+0.1259321902889996i,5.035735357269631,19.993836943966464
5.0E9,5.035867707778672+0.061553243434216795i,5.035867707778672,40.90659912308769
5.0E9,5.036897177110031+0.12325360079286575i,5.036897177110031,20.433062988459078
5.0E9,5.037725238133978+0.13242169203650095i,5.037725238133978,19.021525705718105
5.0E9,5.0377491651415065+0.11877608185212385i,5.0377491651415065,21.206917615844162
5.0E9,5.0382195266909795+0.09417511435547599i,5.0382195266909795,26.74920843564669
5.0E9,5.039148832109417+0.030863658685316726i,5.039148832109417,81.63563632374496
5.0E9,5.039259762264973+0.10257562815178874i,5.039259762264973,24.563631015780903
5.0E9,5.039435112258383+0.10645853482481851i,5.039435112258383,23.66853498665448
5.0E9,5.040133425458304+0.11927495388123473i,5.040133425458304,21.128213683808674
5.0E9,5.0409414905793515+0.08687288789370846i,5.0409414905793515,29.013318267645783
5.0E9,5.040969001838253+0.12244960972698934i,5.040969001838253,20.583850830874322
5.0E9,5.041694073419119+0.12535353459815315i,5.041694073419119,20.1098999305497
5.0E9,5.042338809405365+0.0266151437344322i,5.042338809405365,94.72687541570659
5.0E9,5.042915922841875+0.1125406966141107i,5.042915922841875,22.40485475282538
5.0E9,5.043516351332288+0.11305586297351046i,5.043516351332288,22.305417068524825
5.0E9,5.043572465291912+0.10983289750145474i,5.043572465291912,22.960208553293924
5.0E9,5.043618880012295+0.0021507078621514366i,5.043618880012295,1172.5485754645838
5.0E9,5.045129953322521+0.09431854223903235i,5.045129953322521,26.745165020344576
5.0E9,5.046329167250313+0.0983690096899579i,5.046329167250313,25.64999476540157
5.0E9,5.048029505370067+0.12234346269961716i,5.048029505370067,20.63056494389162
5.0E9,5.049372834036906+0.09667831413858799i,5.049372834036906,26.11429915295508
5.0E9,5.049470747780292+0.11442122462444793i,5.049470747780292,22.065271388038404
5.0E9,5.0510905757652225+0.07329545569182613i,5.0510905757652225,34.45705145079354
5.0E9,5.053615057969936+0.11638641857149373i,5.053615057969936,21.710501620365637
5.0E9,5.0554980768877025+0.12568663553403692i,5.0554980768877025,20.11151804409083
5.0E9,5.056843325886485+0.10275120208397506i,5.056843325886485,24.607222218936663
5.0E9,5.056909273398055+0.004057708859046673i,5.056909273398055,623.1237194511457
5.0E9,5.057910004012037+0.11785497245039894i,5.057910004012037,21.45819518196712
5.0E9,5.058958965968685+0.10737897727170734i,5.058958965968685,23.556561510023066
5.0E9,5.059238641266016+0.12440900964337398i,5.059238641266016,20.333087835714764
5.0E9,5.059520725650188+0.1108425858010305i,5.059520725650188,22.823000244384186
5.0E9,5.0625035758501475+0.0940379270623531i,5.0625035758501475,26.917349914005374
5.0E9,5.063250686354301+0.1199217988081525i,5.063250686354301,21.110635166732056
5.0E9,5.066154524010171+0.09833961822714578i,5.066154524010171,25.75846141840982
5.0E9,5.066562702604305+0.10914824404120001i,5.066562702604305,23.209547469640636
5.0E9,5.067345192491021+0.10719064404331109i,5.067345192491021,23.637068504054916
5.0E9,5.069367611375296+0.038165874067990796i,5.069367611375296,66.41230857630097
5.0E9,5.070075184331633+0.0046057872935088935i,5.070075184331633,550.4026631317818
5.0E9,5.0707002880702445+0.1153560477171327i,5.0707002880702445,21.97847615455857
5.0E9,5.07107674651597+0.11299638559623491i,5.07107674651597,22.439110418258103
5.0E9,5.071220925304693+0.01232436075817027i,5.071220925304693,205.7397144084246
5.0E9,5.071506518914776+0.10011350677669696i,5.071506518914776,25.32878270974347
5.0E9,5.071673310005199+0.10664472183410188i,5.071673310005199,23.778360629486986
5.0E9,5.0739206419471445+0.087662566633364i,5.0739206419471445,28.94006436731475
5.0E9,5.076463379947036+0.09250965700401467i,5.076463379947036,27.437478120401693
5.0E9,5.077014779881383+0.10708761571450967i,5.077014779881383,23.704957599469086
5.0E9,5.0815369185677195+0.0970130441655457i,5.0815369185677195,26.18996735066084
5.0E9,5.081783487504096+0.08756407572647291i,5.081783487504096,29.017513434266398
5.0E9,5.083604107979281+0.014356056007362939i,5.083604107979281,177.05434227102486
5.0E9,5.083610415012861+0.10892615495840095i,5.083610415012861,23.335122849761376
5.0E9,5.0853505067652165+0.023229164171573995i,5.0853505067652165,109.46047109581895
5.0E9,5.08905854191609+0.10033893726868764i,5.08905854191609,25.35934045368952
5.0E9,5.091194105297548+0.02874938206553209i,5.091194105297548,88.54440929708589
5.0E9,5.093354628752741+0.09184617104010963i,5.093354628752741,27.727637260612916
5.0E9,5.094218883398104+0.10031587875232702i,5.094218883398104,25.390889990483853
5.0E9,5.096889522650268+0.02423986256736469i,5.096889522650268,105.13445586759347
5.0E9,5.097645608569434+0.008615498540427997i,5.097645608569434,295.8415920244701
5.0E9,5.098858288666176+0.018674236294714094i,5.098858288666176,136.52119980160722
5.0E9,5.101257576521256+0.0925197157298873i,5.101257576521256,27.568489247278137
5.0E9,5.103270953524669+0.004693405400864896i,5.103270953524669,543.6639835740849
5.0E9,5.11111761527863+0.031315255302127296i,5.11111761527863,81.60747159757985
5.0E9,5.112354938905455+0.005032457064540449i,5.112354938905455,507.93825693297816
5.0E9,5.119428299970225+0.06180078510541684i,5.119428299970225,41.418796632095756
5.0E9,5.119522940925242+0.017483312334215753i,5.119522940925242,146.41169942683197
5.0E9,5.121376885290347+0.003911721591562522i,5.121376885290347,654.6192981035535
5.0E9,5.123318850050455+0.010193185616687347i,5.123318850050455,251.3109759162547
5.0E9,5.125314320574732+0.023941102782006698i,5.125314320574732,107.04006342654232
5.0E9,5.12665814748394+0.02861044351999693i,5.12665814748394,89.59417465689971
5.0E9,5.131141583742303+0.017458461577260737i,5.131141583742303,146.95285609888737
5.0E9,5.1325987825666735+0.0037534709726683374i,5.1325987825666735,683.7136639580718
5.0E9,5.1374468891898015+0.004639993447896573i,5.1374468891898015,553.6049723861935
5.5E9,5.37956978001217+0.0058240337307269895i,5.37956978001217,461.84225819556343
5.5E9,5.386127608050186+0.01714977797369251i,5.386127608050186,157.03199237658998
5.5E9,5.386840955989225+0.005613547728854447i,5.386840955989225,479.80717508645057
5.5E9,5.398509581549592+0.0047736437834692115i,5.398509581549592,565.4495628940984
5.5E9,5.399127961517797+0.010519559608184105i,5.399127961517797,256.62328855085025
5.5E9,5.404228272437257+0.07317554663559418i,5.404228272437257,36.926463285267225
5.5E9,5.406439625144109+0.009949366414772875i,5.406439625144109,271.69768404129724
5.5E9,5.4146876359642295+0.08373588129116463i,5.4146876359642295,32.33194391981374
5.5E9,5.415368735909387+0.03211547250225449i,5.415368735909387,84.3108992951798
5.5E9,5.415717694078765+0.010233600249089609i,5.415717694078765,264.6047120396633
5.5E9,5.4175476816436055+0.09085219005109i,5.4175476816436055,29.81517384774704
5.5E9,5.419855482909337+0.08888795136071453i,5.419855482909337,30.487008643697518
5.5E9,5.420751899626415+0.09457147810264367i,5.420751899626415,28.659549413740642
5.5E9,5.423223690357816+0.08190867649248226i,5.423223690357816,33.10530655965104
5.5E9,5.426798549746702+0.09919505215344934i,5.426798549746702,27.35417962859549
5.5E9,5.429512626973345+0.09765346033450426i,5.429512626973345,27.799898786868262
5.5E9,5.430093381170137+0.1018595157939876i,5.430093381170137,26.654816385307498
5.5E9,5.433342574483479+0.009152481125111253i,5.433342574483479,296.82347880381093
5.5E9,5.433944990043186+0.09714680440496733i,5.433944990043186,27.96769807986261
5.5E9,5.434386161153142+0.10290217893932334i,5.434386161153142,26.405593239952424
5.5E9,5.436654582102953+0.08576228390928829i,5.436654582102953,31.696069264278
5.5E9,5.437287838433621+0.09528218985611452i,5.437287838433621,28.532550766541267
5.5E9,5.437390693364409+0.027219149696261914i,5.437390693364409,99.88171478610043
5.5E9,5.437946318914121+0.017889791168610062i,5.437946318914121,151.98462261693967
5.5E9,5.438088966802154+0.01030910106525716i,5.438088966802154,263.75185054345474
5.5E9,5.438516709726767+0.08140151864644649i,5.438516709726767,33.40549906291079
5.5E9,5.438816681410558+0.059970265223170366i,5.438816681410558,45.34594487093575
5.5E9,5.440479532721014+0.1024390789024677i,5.440479532721014,26.554707397852027
5.5E9,5.441343698993992+0.08685973049662522i,5.441343698993992,31.322591423452586
5.5E9,5.441712240096194+0.10471440616260883i,5.441712240096194,25.983589266819088
5.5E9,5.443484331797038+0.09522363869998579i,5.443484331797038,28.58263140388611
5.5E9,5.446070222326615+0.10187571956801239i,5.446070222326615,26.728990211896416
5.5E9,5.446134845323685+0.09786333164967254i,5.446134845323685,27.825206609660263
5.5E9,5.4464563048059+0.007850491803537089i,5.4464563048059,346.88631241879426
5.5E9,5.446564798019103+0.07531276725405422i,5.446564798019103,36.15963797775539
5.5E9,5.446910509337199+0.11042872592295358i,5.446910509337199,24.66256159261279
5.5E9,5.447698645944796+0.09786823181361984i,5.447698645944796,27.831802746367114
5.5E9,5.447873546515175+0.011781916803975187i,5.447873546515175,231.19640195885097
5.5E9,5.4483194213035695+0.10911317817169029i,5.4483194213035695,24.966367548796914
5.5E9,5.449064095516739+0.04250541276477537i,5.449064095516739,64.09847288946256
5.5E9,5.450271204900789+0.02536808885589201i,5.450271204900789,107.42376447555891
5.5E9,5.450394667046492+0.11211234600150116i,5.450394667046492,24.30773621922742
5.5E9,5.4505138802658655+0.09333979047865909i,5.4505138802658655,29.19716153376225
5.5E9,5.451307656273672+0.1070069792277195i,5.451307656273672,25.471738832440305
5.5E9,5.452745322134859+0.10565126582945465i,5.452745322134859,25.805395133347666
5.5E9,5.452928944383279+0.055435356261210135i,5.452928944383279,49.18277171963325
5.5E9,5.454216209003843+0.08901093997779846i,5.454216209003843,30.637898051431993
5.5E9,5.458095143856398+0.11624047643518468i,5.458095143856398,23.47760139687579
5.5E9,5.458732383666296+0.11333559505975635i,5.458732383666296,24.082162275621233
5.5E9,5.459161141147284+0.07218631707134573i,5.459161141147284,37.81299117775806
5.5E9,5.4591838086788265+0.11037905103253605i,5.4591838086788265,24.729256854498782
5.5E9,5.459739541948042+0.09974230872546605i,5.459739541948042,27.369225816577025
5.5E9,5.459961169062537+0.09309561137755228i,5.459961169062537,29.32448204738399
5.5E9,5.461264097726175+0.10539481052053147i,5.461264097726175,25.90860057887903
5.5E9,5.461906619756737+0.09735861013097159i,5.461906619756737,28.05045497470184
5.5E9,5.46289797564313+0.08141884901797937i,5.46289797564313,33.548115955537405
5.5E9,5.464078014424783+0.08845398926038363i,5.464078014424783,30.886555033374908
5.5E9,5.46411906242937+0.11173445292672819i,5.46411906242937,24.451361774745347
5.5E9,5.464439427373499+0.11346886432597383i,5.464439427373499,24.079025818374433
5.5E9,5.464830495304091+0.10586720477705931i,5.464830495304091,25.809836515530076
5.5E9,5.465442943372337+0.11829840818505935i,5.465442943372337,23.100238740416973
5.5E9,5.468350938827875+0.03842833786083326i,5.468350938827875,71.14997997872426
5.5E9,5.4685977672087125+0.10177742963582846i,5.4685977672087125,26.865473940420753
5.5E9,5.469258738157947+0.09603398657189557i,5.469258738157947,28.47564145461879
5.5E9,5.4697893807762625+0.1087133358112342i,5.4697893807762625,25.15693838276567
5.5E9,5.471587502841314+0.1163693705469123i,5.471587502841314,23.509569043494725
5.5E9,5.472501294045979+0.09470720016581169i,5.472501294045979,28.89168555540033
5.5E9,5.472676013003996+0.010904778235067284i,5.472676013003996,250.93018377050146
5.5E9,5.473113349932632+0.10733567171337512i,5.473113349932632,25.495314197817738
5.5E9,5.474557973930877+0.10666011374709199i,5.474557973930877,25.663567108656572
5.5E9,5.475711939290083+0.11553885316126188i,5.475711939290083,23.696409430546396
5.5E9,5.475878075933405+0.09958428361697969i,5.475878075933405,27.493686137235702
5.5E9,5.476413717658767+0.09642714034037345i,5.476413717658767,28.396640708870148
5.5E9,5.47658411599341+0.112042677654182i,5.47658411599341,24.43972346366446
5.5E9,5.477350793272287+0.01095073769004844i,5.477350793272287,250.09049382352882
5.5E9,5.477538205932637+0.09216750847567762i,5.477538205932637,29.715125734239216
5.5E9,5.477798472018632+0.11461237242443327i,5.477798472018632,23.897064322747
5.5E9,5.478250694413974+0.0870237345001377i,5.478250694413974,31.475612520428584
5.5E9,5.478819796840762+0.11945277505925384i,5.478819796840762,22.93299504395367
5.5E9,5.481476502482184+0.0749531827495523i,5.481476502482184,36.56600227903547
5.5E9,5.481767284402203+0.10548428920560775i,5.481767284402203,25.983809179949336
5.5E9,5.481975275034244+0.0974480188259905i,5.481975275034244,28.127689721548958
5.5E9,5.483287296420933+0.10162669562620899i,5.483287296420933,26.977593154208694
5.5E9,5.4836473659886655+0.1189611256563261i,5.4836473659886655,23.048064381261415
5.5E9,5.484077282433504+0.04166165332627241i,5.484077282433504,65.81684648332438
5.5E9,5.484233428136806+0.11643297070169863i,5.484233428136806,23.551032817789288
5.5E9,5.484381946502223+0.010954707035720228i,5.484381946502223,250.32079491579242
5.5E9,5.484568142250256+0.01580565545380573i,5.484568142250256,173.50018030823472
5.5E9,5.484740930467683+0.12007335144367774i,5.484740930467683,22.839126519427523
5.5E9,5.485533367312865+0.09105531860334512i,5.485533367312865,30.121982172227234
5.5E9,5.486927076985309+0.0025379570558691934i,5.486927076985309,1080.9731914683953
5.5E9,5.487361905589327+0.112626446447142i,5.487361905589327,24.360894260144587
5.5E9,5.488049912458946+0.08976492692432327i,5.488049912458946,30.56901008277805
5.5E9,5.488173397755843+0.10965609720037713i,5.488173397755843,25.024478975059527
5.5E9,5.488361033901856+0.06390585380579057i,5.488361033901856,42.94098824327537
5.5E9,5.489060497639535+0.11516262527836144i,5.489060497639535,23.83177912266171
5.5E9,5.489168536991001+0.12323177094214435i,5.489168536991001,22.271726256243173
5.5E9,5.490437260933064+0.08355777569866293i,5.490437260933064,32.85413724231604
5.5E9,5.4923404677238725+0.08836796154922283i,5.4923404677238725,31.07653708105806
5.5E9,5.492556112768144+0.10703146157585512i,5.492556112768144,25.658605572135773
5.5E9,5.492580820477877+0.046688347350518425i,5.492580820477877,58.82175245186622
5.5E9,5.492837677277796+0.10223871379587153i,5.492837677277796,26.862807019681036
5.5E9,5.493242418641792+0.12025749114579302i,5.493242418641792,22.839501998183678
5.5E9,5.493448854956666+0.10265044331231482i,5.493448854956666,26.758037655243257
5.5E9,5.495654019910705+0.10736334929111185i,5.495654019910705,25.59371543546689
5.5E9,5.49615382339676+0.11867049696589574i,5.49615382339676,23.15720403941798
5.5E9,5.4980031360588715+0.11312460191129274i,5.4980031360588715,24.300651861609026
5.5E9,5.49829765455363+0.08431591334643025i,5.49829765455363,32.605337689711554
5.5E9,5.49902571088573+0.09875499041629407i,5.49902571088573,27.84176114900629
5.5E9,5.500040978806707+0.10461345496444699i,5.500040978806707,26.287445437472183
5.5E9,5.500172840263078+0.10269384123185143i,5.500172840263078,26.779467854578357
5.5E9,5.500556583008362+0.11325160007716221i,5.500556583008362,24.28467491523583
5.5E9,5.501030710319313+0.11517474332741882i,5.501030710319313,23.881237115853512
5.5E9,5.501586186427018+0.0808713696651339i,5.501586186427018,34.014424444692686
5.5E9,5.501792457132019+0.10813243314705227i,5.501792457132019,25.440065931236283
5.5E9,5.502007985090546+0.03141926220773885i,5.502007985090546,87.5578800786632
5.5E9,5.503426921759438+0.10332064294044083i,5.503426921759438,26.632755880796676
5.5E9,5.505703453795974+0.09446318071731206i,5.505703453795974,29.142060493771602
5.5E9,5.505750081843839+0.11920311616059791i,5.505750081843839,23.09398553988365
5.5E9,5.506937409097384+0.10599563849419974i,5.506937409097384,25.977188718943058
5.5E9,5.507634726606254+0.08373841872611748i,5.507634726606254,32.88594894907215
5.5E9,5.508143805283429+0.10292347311727855i,5.508143805283429,26.75844313476988
5.5E9,5.508914353586844+0.012149116660848992i,5.508914353586844,226.72077762408597
5.5E9,5.509018618166357+0.11933104291509342i,5.509018618166357,23.082923284623185
5.5E9,5.509284882234965+0.12244988322073912i,5.509284882234965,22.496080589572447
5.5E9,5.5106007521582825+0.10498196440956109i,5.5106007521582825,26.245464081144647
5.5E9,5.510780327383863+0.11322403066099905i,5.510780327383863,24.33573639452714
5.5E9,5.511025170658407+0.11046176200714947i,5.511025170658407,24.945397712838016
5.5E9,5.512397592026763+0.1135194415944479i,5.512397592026763,24.279530953473113
5.5E9,5.512508610650559+0.014180408364289004i,5.512508610650559,194.37058754009135
5.5E9,5.512624944111162+0.09547155496347753i,5.512624944111162,28.870509892815758
5.5E9,5.514230561710262+0.10015324886078i,5.514230561710262,27.52896498332983
5.5E9,5.515164052449415+0.11748221107447064i,5.515164052449415,23.472336798944884
5.5E9,5.51545339681701+0.10334728411383473i,5.51545339681701,26.68407517483411
5.5E9,5.515638658318563+0.028601948306254194i,5.515638658318563,96.42068084418739
5.5E9,5.516097507019229+0.12026165235100823i,5.516097507019229,22.933734067279275
5.5E9,5.516478698720702+0.08916265973414916i,5.516478698720702,30.934915553040074
5.5E9,5.517627287647372+0.11640522675932669i,5.517627287647372,23.70008392774032
5.5E9,5.517795082207697+0.0770136884891937i,5.517795082207697,35.82346976526086
5.5E9,5.517808440817746+0.11893922360592257i,5.517808440817746,23.195915836392714
5.5E9,5.518143629997126+0.00988653219362735i,5.518143629997126,279.07377035367386
5.5E9,5.520331611457994+0.1062989470636546i,5.520331611457994,25.966069109566412
5.5E9,5.5203876799333065+0.11003284210078382i,5.5203876799333065,25.085181726365594
5.5E9,5.5205468382598575+0.10437824734964178i,5.5205468382598575,26.44491059409805
5.5E9,5.521052181759876+0.011458152115647125i,5.521052181759876,240.92245093431723
5.5E9,5.521593657665031+0.12024417803593475i,5.521593657665031,22.959921003472253
5.5E9,5.522536483952128+0.0238822271660805i,5.522536483952128,115.62021509860874
5.5E9,5.523208862631539+0.09185545169995935i,5.523208862631539,30.064676404144137
5.5E9,5.524310884852967+0.09814499842215116i,5.524310884852967,28.14361900079332
5.5E9,5.524398143025385+0.010460502459793374i,5.524398143025385,264.05988451603065
5.5E9,5.524876819734465+0.1080034678685887i,5.524876819734465,25.577312139906287
5.5E9,5.525803480049888+0.11468228341176495i,5.525803480049888,24.09179219169179
5.5E9,5.525961099665254+0.01646484008401791i,5.525961099665254,167.8109556930709
5.5E9,5.5260464258152675+0.11211519727342767i,5.5260464258152675,24.64450208448677
5.5E9,5.5263063140968605+0.08744651159737386i,5.5263063140968605,31.5982090831787
5.5E9,5.527157117078357+0.10819544765838714i,5.527157117078357,25.542466142058153
5.5E9,5.528627473253228+0.09389792294769296i,5.528627473253228,29.439562131385056
5.5E9,5.528751988118873+0.11691567553675433i,5.528751988118873,23.644186131314875
5.5E9,5.529656956633748+0.03904502131251425i,5.529656956633748,70.81129386989792
5.5E9,5.530208370159544+0.10629025915535514i,5.530208370159544,26.014652773009633
5.5E9,5.530820312155549+0.10068528420663712i,5.530820312155549,27.465882207794174
5.5E9,5.531522564865041+0.10753895873920924i,5.531522564865041,25.718691299026965
5.5E9,5.53169331742817+0.11343194305176295i,5.53169331742817,24.383313767727074
5.5E9,5.532079278094114+0.07520491253708898i,5.532079278094114,36.78003930505103
5.5E9,5.533116400904252+0.05756669058852181i,5.533116400904252,48.05831587969985
5.5E9,5.533636172916789+0.008720217266825687i,5.533636172916789,317.28774660055745
5.5E9,5.5338515174018905+0.09664013867949778i,5.5338515174018905,28.63122711234218
5.5E9,5.534028620289122+0.10069553357285439i,5.534028620289122,27.47901731056019
5.5E9,5.534713794972808+0.08506873452390785i,5.534713794972808,32.530834189248004
5.5E9,5.534857758340732+0.06777948286235784i,5.534857758340732,40.829890732425326
5.5E9,5.535111097068892+0.11610591034359145i,5.535111097068892,23.836474304748457
5.5E9,5.536064991633312+0.1143735358358466i,5.536064991633312,24.201686828930818
5.5E9,5.53709759809542+0.10366706119150866i,5.53709759809542,26.70615687593622
5.5E9,5.537787730497691+0.11125114024918142i,5.537787730497691,24.888678525424986
5.5E9,5.538244062230874+0.0969307563762245i,5.538244062230874,28.568043154098987
5.5E9,5.540061135549519+0.11663224743783253i,5.540061135549519,23.750125961100466
5.5E9,5.542145170520023+0.08790168329679195i,5.542145170520023,31.524681682189634
5.5E9,5.542393674671324+0.10498500614880044i,5.542393674671324,26.396120160319917
5.5E9,5.54261022294498+0.11025166211505928i,5.54261022294498,25.13617534926902
5.5E9,5.542675576712017+0.09834697971469088i,5.542675576712017,28.17918553671691
5.5E9,5.542797329034858+0.031141896141413227i,5.542797329034858,88.99261149458262
5.5E9,5.543457926040486+0.09214628672295846i,5.543457926040486,30.07965987119544
5.5E9,5.5441329896106195+0.11339855355342644i,5.5441329896106195,24.445342625109255
5.5E9,5.546644322320749+0.09187343996053685i,5.546644322320749,30.186332005763834
5.5E9,5.546728843073771+0.1082316902188882i,5.546728843073771,25.62432884424167
5.5E9,5.547666280294702+0.10261326110474163i,5.547666280294702,27.03191683301035
5.5E9,5.547830686484108+0.0946525698839147i,5.547830686484108,29.306286629555686
5.5E9,5.547941614274928+0.11288453139963474i,5.547941614274928,24.573524580768556
5.5E9,5.548368580418363+0.11116844212538853i,5.548368580418363,24.95478246497453
5.5E9,5.549119836678954+0.10175873997708271i,5.549119836678954,27.266060084513047
5.5E9,5.550267263147211+0.06704206251128862i,5.550267263147211,41.39391790200853
5.5E9,5.55071943710728+0.10558464086683933i,5.55071943710728,26.28563866645958
5.5E9,5.5524712297156285+0.10379750662875743i,5.5524712297156285,26.746650329350484
5.5E9,5.552498005584616+0.11028042540873305i,5.552498005584616,25.174449522684363
5.5E9,5.552532671868131+0.0193533296823101i,5.552532671868131,143.45161176434203
5.5E9,5.553010193470479+0.09510384440621128i,5.553010193470479,29.194457007185974
5.5E9,5.553399312852385+0.008861253569884984i,5.553399312852385,313.35291722864366
5.5E9,5.553639516993796+0.036305624824424336i,5.553639516993796,76.48456050338551
5.5E9,5.554128831810338+0.0820948539052459i,5.554128831810338,33.82750908005104
5.5E9,5.555804036498218+0.0949153838422218i,5.555804036498218,29.26714201426848
5.5E9,5.556405715164151+0.03280751475869127i,5.556405715164151,84.68190528958253
5.5E9,5.557559602697641+0.0037949194827148797i,5.557559602697641,732.2368271594752
5.5E9,5.558244383486165+0.10520440816263352i,5.558244383486165,26.4164044100404
5.5E9,5.559355044190556+0.046797979432092664i,5.559355044190556,59.397383302174326
5.5E9,5.560748990596158+0.10426733563513052i,5.560748990596158,26.665824712617813
5.5E9,5.561318568922629+0.09748039401197517i,5.561318568922629,28.52531847706441
5.5E9,5.561625527832615+0.01526485438302439i,5.561625527832615,182.17093292476935
5.5E9,5.5621651186373855+0.10261022219531787i,5.5621651186373855,27.10336747955697
5.5E9,5.5622723415488124+0.08752598871129594i,5.5622723415488124,31.774975772601334
5.5E9,5.563235481035529+0.01337183752954473i,5.563235481035529,208.02060557285802
5.5E9,5.566761344597174+0.10426171315335504i,5.566761344597174,26.696095701061484
5.5E9,5.567151764713609+0.09668531802447056i,5.567151764713609,28.790057676102343
5.5E9,5.567333674606659+0.028372109783127507i,5.567333674606659,98.11278958742564
5.5E9,5.567347203913848+0.08209853124626358i,5.567347203913848,33.90649698235147
5.5E9,5.567943293366667+0.024719569793988577i,5.567943293366667,112.62217222568141
5.5E9,5.568069699377601+0.011791492884353709i,5.568069699377601,236.10537503550324
5.5E9,5.5681891069826275+0.006326979861967412i,5.5681891069826275,440.03531135399925
5.5E9,5.569263102931059+0.09899774470542398i,5.569263102931059,28.128232211263313
5.5E9,5.570464050234352+0.09111001780701049i,5.570464050234352,30.569986617902575
5.5E9,5.572033181647079+0.0912827261436884i,5.572033181647079,30.52074262591657
5.5E9,5.572520581974193+0.09929746354341464i,5.572520581974193,28.05973276214546
5.5E9,5.572721422805097+0.08763413697654282i,5.572721422805097,31.795380288258883
5.5E9,5.577675813268235+0.0647788878759153i,5.577675813268235,43.051648431757094
5.5E9,5.57785385088508+0.08741481568240189i,5.57785385088508,31.904510736204628
5.5E9,5.578668711327011+0.012286810831730218i,5.578668711327011,227.01858064422683
5.5E9,5.579507369933351+0.02233683509934007i,5.579507369933351,124.89476116735521
5.5E9,5.580958358159836+0.01913825374240272i,5.580958358159836,145.80636335160148
5.5E9,5.582856025879134+0.08364606351751688i,5.582856025879134,33.37189935250205
5.5E9,5.583730675330128+0.011672261245513167i,5.583730675330128,239.18804411084108
5.5E9,5.587758477675465+0.07278096887821328i,5.587758477675465,38.38749719741736
5.5E9,5.588456884309349+0.085436522315216i,5.588456884309349,32.70531578808224
5.5E9,5.58865243431236+0.008385636418989739i,5.58865243431236,333.22768571605053
5.5E9,5.594270303437621+0.026210152216119338i,5.594270303437621,106.71953099145155
5.5E9,5.5953662106598925+0.0324828181760262i,5.5953662106598925,86.12809055449395
5.5E9,5.600959131513615+0.03771271428535311i,5.600959131513615,74.2582340949259
5.5E9,5.606084980964035+0.058360608689493165i,5.606084980964035,48.02969937129284
5.5E9,5.608037424263476+0.008464961913037762i,5.608037424263476,331.25000926619407
5.5E9,5.611174948523619+0.03584663286838076i,5.611174948523619,78.26641583222548
5.5E9,5.612205423601902+0.010115575301324963i,5.612205423601902,277.40416419354824
5.5E9,5.617032321767653+0.017479553328364143i,5.617032321767653,160.67436667997896
