% Model,EigenRadiusSweep_Al&_DoubleZotefoamContactModel_2.5to5.5GHz.mph
% Version,COMSOL 6.1.0.282
% Date,"Jul 8 2025, 10:29"
% Table,Table 1 - 
% r_zotefoam (m),search_freq (Hz),Eigenfrequency (GHz),Frequency (GHz),Quality factor (1)
0.01905625,2.5E9,2.3002909060073793+0.1178957683240334i,2.3002909060073793,9.75561268528778
0.01905625,2.5E9,2.3004108993284587+4.3616906201747273E-4i,2.3004108993284587,2637.063354159109
0.01905625,2.5E9,2.300565244262835+0.11713286491542141i,2.300565244262835,9.820323467388992
0.01905625,2.5E9,2.300917035384515+4.3869046709515237E-4i,2.300917035384515,2622.483513968681
0.01905625,2.5E9,2.3137700372629015+0.08981712452426459i,2.3137700372629015,12.880450412536996
0.01905625,2.5E9,2.314218966787032+0.09041354929260118i,2.314218966787032,12.797965486885339
0.01905625,2.5E9,2.319085120877679+0.00812830316319238i,2.319085120877679,142.65493512712814
0.01905625,2.5E9,2.319464151177004+0.008113330013762424i,2.319464151177004,142.9415632818189
0.01905625,2.5E9,2.3295256608005155+0.15110795660603776i,2.3295256608005155,7.7081502295539455
0.01905625,2.5E9,2.3295421150678037+0.1507030749881849i,2.3295421150678037,7.728913677608899
0.01905625,2.5E9,2.3304556525080558+0.1521529106982485i,2.3304556525080558,7.65826838873245
0.01905625,2.5E9,2.3305482796452446+0.1525609741914424i,2.3305482796452446,7.638087957935878
0.01905625,2.5E9,2.3330154694992196+0.16496202834585844i,2.3330154694992196,7.071371190368225
0.01905625,2.5E9,2.333430011652086+0.1645957617216037i,2.333430011652086,7.088366028521547
0.01905625,2.5E9,2.3335295776856344+0.16613941180482264i,2.3335295776856344,7.022805583382647
0.01905625,2.5E9,2.3339157498504792+0.1659033962983716i,2.3339157498504792,7.033960129583517
0.01905625,2.5E9,2.3521088484743777+0.129971405673949i,2.3521088484743777,9.048562783013072
0.01905625,2.5E9,2.352309016588288+0.13096282504954748i,2.352309016588288,8.9808272526892
0.01905625,2.5E9,2.3524952995192048+0.13085643372965639i,2.3524952995192048,8.988840794711539
0.01905625,2.5E9,2.352523274273547+0.12999938191910013i,2.352523274273547,9.048209458940141
0.01905625,2.5E9,2.35823998841823+0.14824239562636038i,2.35823998841823,7.9539998610184695
0.01905625,2.5E9,2.3584401517983506+0.14857445045060994i,2.3584401517983506,7.9368967700888735
0.01905625,2.5E9,2.358595799966027+0.1483583170440946i,2.358595799966027,7.948984077734625
0.01905625,2.5E9,2.358679733187091+0.14814255766549608i,2.358679733187091,7.960844508007477
0.01905625,2.5E9,2.3657068787232745+0.18922722449295623i,2.3657068787232745,6.250968604180249
0.01905625,2.5E9,2.366588660328193+0.1901563949331413i,2.366588660328193,6.222742761715382
0.01905625,2.5E9,2.3839990038398766+0.035103551320558084i,2.3839990038398766,33.95666412879014
0.01905625,2.5E9,2.384412637826793+0.03509599657608918i,2.384412637826793,33.969866515363286
0.01905625,2.5E9,2.401428283016945+0.05025907733463848i,2.401428283016945,23.8904931245314
0.01905625,2.5E9,2.401759623651061+0.05044441492758576i,2.401759623651061,23.80600138884402
0.01905625,2.5E9,2.405039566665812+0.20631321090764373i,2.405039566665812,5.828612613039186
0.01905625,2.5E9,2.4053753890251457+0.20652817563047438i,2.4053753890251457,5.823358923503267
0.01905625,2.5E9,2.408706283133394+0.2165466628591926i,2.408706283133394,5.561633348050329
0.01905625,2.5E9,2.4097480947221532+0.21566257764887903i,2.4097480947221532,5.586848031292365
0.01905625,2.5E9,2.409867315371836+0.1986130027089913i,2.409867315371836,6.066741055475569
0.01905625,2.5E9,2.4102203532666695+0.19771430659890563i,2.4102203532666695,6.0952097871100905
0.01905625,2.5E9,2.4142322940467045+0.1667105200419663i,2.4142322940467045,7.240791683209212
0.01905625,2.5E9,2.4147894687539657+0.16748935502434506i,2.4147894687539657,7.20878490577198
0.01905625,2.5E9,2.416587902880088+0.20117798678062465i,2.416587902880088,6.006094258998789
0.01905625,2.5E9,2.4169818314568774+0.20197985959216255i,2.4169818314568774,5.983224853055258
0.01905625,2.5E9,2.421671666744755+0.19623820018756505i,2.421671666744755,6.170235113321754
0.01905625,2.5E9,2.4219280370378033+0.19549988221534706i,2.4219280370378033,6.194193084909383
0.01905625,2.5E9,2.422738910274343+0.0495085379532429i,2.422738910274343,24.467889887623404
0.01905625,2.5E9,2.4229770018191363+0.04964628840846i,2.4229770018191363,24.40239824057268
0.01905625,2.5E9,2.423012921742208+0.1985570110059257i,2.423012921742208,6.101554685646169
0.01905625,2.5E9,2.4232070286404688+0.19771117080860792i,2.4232070286404688,6.128149003240255
0.01905625,2.5E9,2.4297969811626436+0.19417400489981101i,2.4297969811626436,6.256751469941506
0.01905625,2.5E9,2.4305583410613045+0.1937704991154077i,2.4305583410613045,6.271745059638025
0.01905625,2.5E9,2.4307755414699743+0.19325973787749115i,2.4307755414699743,6.288882433988557
0.01905625,2.5E9,2.4308856752493297+0.22010570301582583i,2.4308856752493297,5.52208698353115
0.01905625,2.5E9,2.430957700295488+0.219514614309058i,2.430957700295488,5.537120405279499
0.01905625,2.5E9,2.4314679873950524+0.19374621999875052i,2.4314679873950524,6.274878517399548
0.01905625,2.5E9,2.434332788560464+0.22829821380576515i,2.434332788560464,5.331475765797233
0.01905625,2.5E9,2.441436915190088+0.1766033155304681i,2.441436915190088,6.9122057755730095
0.01905625,2.5E9,2.441591641478609+0.17609411305456396i,2.441591641478609,6.932632781205086
0.01905625,2.5E9,2.442070431776835+0.17815098900915896i,2.442070431776835,6.853934534293508
0.01905625,2.5E9,2.4422593542890656+0.07250213101778986i,2.4422593542890656,16.842672898054598
0.01905625,2.5E9,2.4425620253406444+0.1786022639683954i,2.4425620253406444,6.83799289849111
0.01905625,2.5E9,2.4431396352063413+0.07255804624162399i,2.4431396352063413,16.835759517769365
0.01905625,2.5E9,2.4458061490052962+0.16127943915964843i,2.4458061490052962,7.582510708585192
0.01905625,2.5E9,2.4462792032959593+0.2251027722906814i,2.4462792032959593,5.433694082045803
0.01905625,2.5E9,2.4464228554562135+0.16080564715669463i,2.4464228554562135,7.606769098949411
0.01905625,2.5E9,2.4465726833861057+0.1627838223754299i,2.4465726833861057,7.514790621341817
0.01905625,2.5E9,2.4469910385156792+0.16228849968734652i,2.4469910385156792,7.539015528610708
0.01905625,2.5E9,2.4487699800722686+0.22488720370535842i,2.4487699800722686,5.444440456649072
0.01905625,2.5E9,2.449006209811587+0.2243543944281691i,2.449006209811587,5.457896681840298
0.01905625,2.5E9,2.449046816434333+0.14826238881338355i,2.449046816434333,8.259164161711048
0.01905625,2.5E9,2.4495498165761953+0.1484796389206311i,2.4495498165761953,8.248773482960809
0.01905625,2.5E9,2.4501088342747472+0.1501200900426466i,2.4501088342747472,8.160496152043049
0.01905625,2.5E9,2.4501303774301655+0.2204799146955489i,2.4501303774301655,5.556357323553585
0.01905625,2.5E9,2.4507035980962715+0.1503349444740916i,2.4507035980962715,8.150811531774705
0.01905625,2.5E9,2.455939367682171+0.21275900959588315i,2.455939367682171,5.7716459865718726
0.01905625,2.5E9,2.456499284584028+0.21231346083065092i,2.456499284584028,5.78507663850721
0.01905625,2.5E9,2.4569754503707935+0.21462890635347703i,2.4569754503707935,5.723775730199983
0.01905625,2.5E9,2.457344600852069+0.2093810205782071i,2.457344600852069,5.868116876272013
0.01905625,2.5E9,2.457804562977142+0.2108148460588944i,2.457804562977142,5.829296676502842
0.01905625,2.5E9,2.4580694560264873+0.21526014753050093i,2.4580694560264873,5.709532127116552
0.01905625,2.5E9,2.4602648967859913+0.21589962267555612i,2.4602648967859913,5.69770541119278
0.01905625,2.5E9,2.460329749402288+0.21776874201417337i,2.460329749402288,5.648950640588627
0.01905625,2.5E9,2.460896645609698+0.1768023959806693i,2.460896645609698,6.959455023106022
0.01905625,2.5E9,2.4609333096034223+0.17884608564814736i,2.4609333096034223,6.880031231001993
0.01905625,2.5E9,2.4615971994258543+0.17705675386450065i,2.4615971994258543,6.951435473931947
0.01905625,2.5E9,2.4618568912159304+0.1789139186822268i,2.4618568912159304,6.880003829071823
0.01905625,2.5E9,2.464153230949132+0.12865289618888753i,2.464153230949132,9.576749937021527
0.01905625,2.5E9,2.464252201091656+0.12972344007762934i,2.464252201091656,9.498099185532675
0.01905625,2.5E9,2.464727633318344+0.13004723325918693i,2.464727633318344,9.476278624113782
0.01905625,2.5E9,2.464747516736928+0.12900745875116273i,2.464747516736928,9.552732611728597
0.01905625,2.5E9,2.4650378153477845+0.14530749927596837i,2.4650378153477845,8.48214244836111
0.01905625,2.5E9,2.465146748017228+0.1456482878495972i,2.465146748017228,8.462669848075542
0.01905625,2.5E9,2.465189423398466+0.17104492857810671i,2.465189423398466,7.20626283366464
0.01905625,2.5E9,2.4656293492702273+0.14593339014145512i,2.4656293492702273,8.44779027911385
0.01905625,2.5E9,2.465654639711761+0.145538559173827i,2.465654639711761,8.470795140849427
0.01905625,2.5E9,2.4664623104963628+0.17134341432732567i,2.4664623104963628,7.197423724102287
0.01905625,2.5E9,2.4670589269322925+0.1720977991141135i,2.4670589269322925,7.167607429123632
0.01905625,2.5E9,2.468442848885903+0.17218789000984655i,2.468442848885903,7.167875884723209
0.01905625,2.5E9,2.4851981511943237+0.2130672076511387i,2.4851981511943237,5.831958325711511
0.01905625,2.5E9,2.4857913989756164+0.21202469761993029i,2.4857913989756164,5.862032647327669
0.01905625,2.5E9,2.486539283787238+0.20747855165987678i,2.486539283787238,5.992280319807383
0.01905625,2.5E9,2.4871892189750957+0.20833770410771058i,2.4871892189750957,5.969128894905214
0.01905625,2.5E9,2.4896367128471057+0.21578323877450656i,2.4896367128471057,5.768837114009527
0.01905625,2.5E9,2.4906633334389428+0.21652635975241946i,2.4906633334389428,5.751409057739706
0.01905625,2.5E9,2.490863216260767+0.1997221583897313i,2.490863216260767,6.235820893243547
0.01905625,2.5E9,2.4919622017005425+0.20407875770321368i,2.4919622017005425,6.105393402395503
0.01905625,2.5E9,2.492062186055978+0.19859962813638657i,2.492062186055978,6.274085730776334
0.01905625,2.5E9,2.492551969321324+0.20267492788523628i,2.492551969321324,6.149137427429405
0.01905625,2.5E9,2.493325594406095+0.19761021463456807i,2.493325594406095,6.308696134501177
0.01905625,2.5E9,2.4934194520328767+0.2045167996409176i,2.4934194520328767,6.095879302851215
0.01905625,2.5E9,2.4937249543218654+0.19674865064891i,2.4937249543218654,6.337336866344807
0.01905625,2.5E9,2.4960060450880066+0.2341952568994904i,2.4960060450880066,5.328899650088169
0.01905625,2.5E9,2.497512681544659+0.23070882121112496i,2.497512681544659,5.412694383408836
0.01905625,2.5E9,2.503134628065754+0.2247694014311898i,2.503134628065754,5.5682281754708844
0.01905625,2.5E9,2.503212077431818+0.208207534021926i,2.503212077431818,6.011338852820303
0.01905625,2.5E9,2.5032940045603023+0.20874666786162982i,2.5032940045603023,5.996009493717141
0.01905625,2.5E9,2.503348039415407+0.002254749701822429i,2.503348039415407,555.1277016229441
0.01905625,2.5E9,2.5034993727001034+0.22576737171297126i,2.5034993727001034,5.544422459510493
0.01905625,2.5E9,2.503546111858216+0.22402553550253185i,2.503546111858216,5.587635593063725
0.01905625,2.5E9,2.5040477378637367+0.22463533317422021i,2.5040477378637367,5.573583866972688
0.01905625,2.5E9,2.5042394199050437+0.002263955717460541i,2.5042394199050437,553.0672266668774
0.01905625,2.5E9,2.5065426226033223+0.217351921684968i,2.5065426226033223,5.766092618763062
0.01905625,2.5E9,2.507188247759692+0.2185027223991919i,2.507188247759692,5.737201395548754
0.01905625,2.5E9,2.515108173443051+0.2113060693078451i,2.515108173443051,5.951339168064477
0.01905625,2.5E9,2.519686003014884+0.05988741523621891i,2.519686003014884,21.036857185071998
0.01905625,2.5E9,2.5201113083563276+0.06024809068465596i,2.5201113083563276,20.91444956776159
0.01905625,2.5E9,2.520425958032549+0.2142882827682374i,2.520425958032549,5.880923411847266
0.01905625,2.5E9,2.5206535781794663+0.20515793276771851i,2.5206535781794663,6.143202810084295
0.01905625,2.5E9,2.5213060961504987+0.20397382372584597i,2.5213060961504987,6.180464851066618
0.01905625,2.5E9,2.5222366188600636+0.21419691585601225i,2.5222366188600636,5.887658579910566
0.01905625,2.5E9,2.5241888042410277+0.1882139754356597i,2.5241888042410277,6.705635961405831
0.01905625,2.5E9,2.5251111361592447+1.05541180548024E-4i,2.5251111361592447,11962.681879469092
0.01905625,2.5E9,2.525326950348974+0.1879124437993749i,2.525326950348974,6.719424481130011
0.01905625,2.5E9,2.525347900440211+0.19052080729651635i,2.525347900440211,6.627485827597548
0.01905625,2.5E9,2.5255375188852502+1.06121509597837E-4i,2.5255375188852502,11899.272487058206
0.01905625,2.5E9,2.5264023892984437+0.1901259790081672i,2.5264023892984437,6.644022038645013
0.01905625,2.5E9,2.5344708924519885+0.19947446552254153i,2.5344708924519885,6.3528704935058
0.01905625,2.5E9,2.53578144525797+0.19852449284710036i,2.53578144525797,6.386570767393872
0.01905625,2.5E9,2.537961987319111+0.2116971579672136i,2.537961987319111,5.9943222943790655
0.01905625,2.5E9,2.5385935431393274+0.20423816383461127i,2.5385935431393274,6.214787421402394
0.01905625,2.5E9,2.5400761369138225+0.20372678980994655i,2.5400761369138225,6.234025822729103
0.01905625,2.5E9,2.5407364667089753+0.17172853863810153i,2.5407364667089753,7.39753708631764
0.01905625,2.5E9,2.5408098492969+0.17195906281879492i,2.5408098492969,7.3878334984133
0.01905625,2.5E9,2.5409519846701563+0.17223894788892422i,2.5409519846701563,7.376241018113974
0.01905625,2.5E9,2.5411762578650468+0.17279122929922575i,2.5411762578650468,7.353313788469103
0.01905625,2.5E9,2.5434312172634903+0.21565959989999833i,2.5434312172634903,5.8968652878028225
0.01905625,2.5E9,2.5435680443264626+0.21534593774550198i,2.5435680443264626,5.905772059031076
0.01905625,2.5E9,2.543806419711196+0.2149068128645735i,2.543806419711196,5.9183940839377
0.01905625,2.5E9,2.544562076351718+0.2161038241036466i,2.544562076351718,5.887360130960264
0.01905625,2.5E9,2.5451423141201226+0.2025449192260322i,2.5451423141201226,6.282908314475772
0.01905625,2.5E9,2.5457701957543413+0.2184002214591199i,2.5457701957543413,5.8282225602753295
0.01905625,2.5E9,2.550464767745086+0.19601734764133968i,2.550464767745086,6.50571186283922
0.01905625,2.5E9,2.5508967285572166+0.2087201955773047i,2.5508967285572166,6.110804758259315
0.01905625,2.5E9,2.55101331979162+0.2180601595472947i,2.55101331979162,5.849333791848241
0.01905625,2.5E9,2.5521390762299205+0.21675647121010364i,2.5521390762299205,5.8871116095909155
0.01905625,2.5E9,2.5535644725697937+0.19619056769108567i,2.5535644725697937,6.507867586658245
0.01905625,2.5E9,2.5545011591166165+0.18776001792949984i,2.5545011591166165,6.802569544054317
0.01905625,2.5E9,2.5545776007598673+0.18897908971278585i,2.5545776007598673,6.758889580435498
0.01905625,2.5E9,2.5549040747922223+0.18816024263345763i,2.5549040747922223,6.789170865838167
0.01905625,2.5E9,2.554983706574997+0.18798511857982036i,2.554983706574997,6.795707356723892
0.01905625,2.5E9,2.559229625495238+0.15825800997795395i,2.559229625495238,8.08562431011154
0.01905625,2.5E9,2.5593588040252104+0.15794505995449534i,2.5593588040252104,8.102053982449888
0.01905625,2.5E9,2.559922090982427+0.15972690853082133i,2.559922090982427,8.013434037285139
0.01905625,2.5E9,2.5604922214325834+0.1599755239298329i,2.5604922214325834,8.002762418067293
0.01905625,2.5E9,2.5679483152631057+0.14625638998012375i,2.5679483152631057,8.778926909149371
0.01905625,2.5E9,2.5686680139512705+0.22165781667822843i,2.5686680139512705,5.794219334209407
0.01905625,2.5E9,2.5694044515961902+0.14842216421233195i,2.5694044515961902,8.655730312355551
0.01905625,2.5E9,2.5694552615120694+0.1463017738131121i,2.5694552615120694,8.781353754447048
0.01905625,2.5E9,2.5697795758504496+0.19887289994381424i,2.5697795758504496,6.460859112972322
0.01905625,2.5E9,2.570563299752872+0.1487483794462631i,2.570563299752872,8.640643042035677
0.01905625,2.5E9,2.570823218568668+0.19859667906145692i,2.570823218568668,6.472472829651677
0.01905625,2.5E9,2.571601864861467+0.19506787013534696i,2.571601864861467,6.5915567311961025
0.01905625,2.5E9,2.5725312149306747+0.14316591545827695i,2.5725312149306747,8.984440209444935
0.01905625,2.5E9,2.572635146412159+0.14364783942949247i,2.572635146412159,8.954660079224166
0.01905625,2.5E9,2.5728085034726473+0.14321167333952306i,2.5728085034726473,8.982537678241808
0.01905625,2.5E9,2.572848468376411+0.14269809049479762i,2.572848468376411,9.015006646042716
0.01905625,2.5E9,2.5734438417422383+0.19466443312060808i,2.5734438417422383,6.6099487217262025
0.01905625,2.5E9,2.576213702396061+0.22064066560919537i,2.576213702396061,5.838030118525657
0.01905625,2.5E9,2.5765010748540074+0.1282490049538553i,2.5765010748540074,10.044916433390835
0.01905625,2.5E9,2.5765412110381782+0.12869095502593758i,2.5765412110381782,10.010576153230339
0.01905625,2.5E9,2.576543148474211+0.1293656119764014i,2.576543148474211,9.958377304102342
0.01905625,2.5E9,2.5766073644555365+0.1274004075125485i,2.5766073644555365,10.112241454964536
0.01905625,2.5E9,2.5797622996013523+0.17263970436918888i,2.5797622996013523,7.471520844604053
0.01905625,2.5E9,2.579932985068087+0.1748976292975161i,2.579932985068087,7.37555161676719
0.01905625,2.5E9,2.580590012408177+0.17230984029418453i,2.580590012408177,7.488225884262724
0.01905625,2.5E9,2.5809820701544823+0.17469737913505073i,2.5809820701544823,7.3870085599831485
0.01905625,2.5E9,2.5872029728574932+0.22138369443517783i,2.5872029728574932,5.843255483332443
0.01905625,2.5E9,2.5914927120537326+0.16720684534483418i,2.5914927120537326,7.74936189576821
0.01905625,2.5E9,2.5917833943054136+0.16604216317013346i,2.5917833943054136,7.804594160971536
0.01905625,2.5E9,2.59244541239599+0.023403232787273603i,2.59244541239599,55.38648091826295
0.01905625,2.5E9,2.5925408791330886+0.023249021407298266i,2.5925408791330886,55.75591406009128
0.01905625,2.5E9,2.5928444864768747+0.21684784800110143i,2.5928444864768747,5.978487936075125
0.01905625,2.5E9,2.593178272888354+0.2157553304565243i,2.593178272888354,6.009534659934835
0.01905625,2.5E9,2.593293233502051+0.16890249002910365i,2.593293233502051,7.676894618472469
0.01905625,2.5E9,2.5935908418068716+0.21641944704721486i,2.5935908418068716,5.992046641818294
0.01905625,2.5E9,2.593933564352477+0.21514809401948032i,2.593933564352477,6.028251321895541
0.01905625,2.5E9,2.5943495463028126+0.16765277803291512i,2.5943495463028126,7.737269780860614
0.01905625,2.5E9,2.596861384049314+0.20945464475639478i,2.596861384049314,6.199101927459239
0.01905625,2.5E9,2.596880035883909+0.21217234492926693i,2.596880035883909,6.119742035065045
0.01905625,2.5E9,2.603323903128412+0.17749808869596964i,2.603323903128412,7.333385734613614
0.01905625,2.5E9,2.6041583649254836+0.1757460362796279i,2.6041583649254836,7.408867989437984
0.01905625,2.5E9,2.6196091438827827+0.19474399153799038i,2.6196091438827827,6.725776552063104
0.01905625,2.5E9,2.619837831683702+0.19519264650231832i,2.619837831683702,6.710902994116086
0.01905625,2.5E9,2.6215479151027785+0.19440989240985457i,2.6215479151027785,6.742321294988519
0.01905625,2.5E9,2.6220283256769457+0.19407778668276043i,2.6220283256769457,6.755096424205707
0.01905625,2.5E9,2.623441475533031+0.03622821065085931i,2.623441475533031,36.20716326312413
0.01905625,2.5E9,2.6276028815301586+0.1986693082021823i,2.6276028815301586,6.613006571845745
0.01905625,2.5E9,2.6287227748859263+0.19963403658036943i,2.6287227748859263,6.583854186176428
0.01905625,2.5E9,2.629374892630828+0.18110489796439438i,2.629374892630828,7.259259473887251
0.01905625,2.5E9,2.6295152725211377+0.18169980211773248i,2.6295152725211377,7.235878195446086
0.01905625,2.5E9,2.6303197593341636+0.18343877783516346i,2.6303197593341636,7.169475806521527
0.01905625,2.5E9,2.6304383283675357+0.184229609899433i,2.6304383283675357,7.139021598654623
0.01905625,2.5E9,2.640649914999279+0.16704299111086068i,2.640649914999279,7.904102702659252
0.01905625,2.5E9,2.640765934725004+0.16805171490994542i,2.640765934725004,7.8570038280779295
0.01905625,2.5E9,2.640908954117268+0.16841767524140117i,2.640908954117268,7.840355682180999
0.01905625,2.5E9,2.6409737671618174+0.16737221873562133i,2.6409737671618174,7.8895224879986205
0.01905625,2.5E9,2.6434385784072765+0.19064327263950012i,2.6434385784072765,6.93294481837271
0.01905625,2.5E9,2.6606270221900292+0.03481498044871814i,2.6606270221900292,38.210950974237754
0.01905625,2.5E9,2.6607979158188693+0.03496682700644019i,2.6607979158188693,38.04746017316361
0.01905625,2.5E9,2.670138128709397+0.049833814074936165i,2.670138128709397,26.790425118718122
0.01905625,2.5E9,2.6710690707038003+0.15608992997563065i,2.6710690707038003,8.556186395627245
0.01905625,2.5E9,2.67242584232147+0.15757779611721995i,2.67242584232147,8.479703067853194
0.01905625,2.5E9,2.6746850726414872+0.15598257433885934i,2.6746850726414872,8.573666270024988
0.01905625,2.5E9,2.6748683862091607+0.0524952432904581i,2.6748683862091607,25.477245351631346
0.01905625,2.5E9,2.675158685601311+0.052795052284874314i,2.675158685601311,25.335316188026
0.01905625,2.5E9,2.675481765790878+0.15838012231344034i,2.675481765790878,8.446393798383351
0.01905625,2.5E9,2.680134380419103+0.14084182133538023i,2.680134380419103,9.51469654044384
0.01905625,2.5E9,2.680214170818886+0.141516629121771i,2.680214170818886,9.469608580461022
0.01905625,2.5E9,2.680547700966821+0.14133687642632556i,2.680547700966821,9.48283197118802
0.01905625,2.5E9,2.6805866855122455+0.1408046320558892i,2.6805866855122455,9.518815703620628
0.01905625,2.5E9,2.686923600807263+5.615267632572721E-4i,2.686923600807263,2392.5160621206287
0.01905625,2.5E9,2.6870041904795716+0.1446554317017376i,2.6870041904795716,9.287602127585005
0.01905625,2.5E9,2.6878666482958473+0.1269135754393183i,2.6878666482958473,10.589358305412361
0.01905625,2.5E9,2.6878801351685273+5.62832547655239E-4i,2.6878801351685273,2387.8151204707683
0.01905625,2.5E9,2.6879787525742316+0.12835267549353646i,2.6879787525742316,10.471066311000243
0.01905625,2.5E9,2.6885255221080193+0.14432308653922787i,2.6885255221080193,9.314260062534284
0.01905625,2.5E9,2.6892030313900466+0.1281728532172502i,2.6892030313900466,10.490532760599104
0.01905625,2.5E9,2.689429815222761+0.12696998378354263i,2.689429815222761,10.590809477489099
0.01905625,2.5E9,2.703254888139838+0.02909801269902772i,2.703254888139838,46.45085071789395
0.01905625,2.5E9,2.703270865901045+0.02921305556283923i,2.703270865901045,46.26819779406728
0.01905625,2.5E9,2.7091617234712304+0.03516484661479729i,2.7091617234712304,38.52088071288816
0.01905625,2.5E9,2.7100224590073907+0.03521066079752067i,2.7100224590073907,38.482982108620554
0.01905625,2.5E9,2.7101377527227486+0.0473686607088526i,2.7101377527227486,28.60686487824067
0.01905625,3.0E9,2.8046834842907584+0.013218520320057521i,2.8046834842907584,106.08916188731756
0.01905625,3.0E9,2.8052713969247556+0.01323127214423895i,2.8052713969247556,106.00913375310641
0.01905625,3.0E9,2.866603462916494+0.0355687203777278i,2.866603462916494,40.2966909193546
0.01905625,3.0E9,2.8674656938790317+0.035141025088101956i,2.8674656938790317,40.79940307219294
0.01905625,3.0E9,2.8719649659926585+1.303470688806522E-4i,2.8719649659926585,11016.60739537716
0.01905625,3.0E9,2.8731127275595174+1.3773962817738568E-4i,2.8731127275595174,10429.506619037144
0.01905625,3.0E9,2.896116745776614+0.1373002348065991i,2.896116745776614,10.546656201484579
0.01905625,3.0E9,2.896223408061871+0.13833649020007496i,2.896223408061871,10.468038490325606
0.01905625,3.0E9,2.897317293129044+0.13804732415751428i,2.897317293129044,10.493927755612113
0.01905625,3.0E9,2.8974228397550643+0.13729599666184022i,2.8974228397550643,10.551738252395701
0.01905625,3.0E9,2.897521274061262+0.027220164716915917i,2.897521274061262,53.22380125533558
0.01905625,3.0E9,2.8979341421597726+0.027345954387385556i,2.8979341421597726,52.98652409616692
0.01905625,3.0E9,2.901988772333611+0.15228359040206343i,2.901988772333611,9.52823861281343
0.01905625,3.0E9,2.9034006153970773+0.15485951526408398i,2.9034006153970773,9.374304867369208
0.01905625,3.0E9,2.904034175945435+0.1536669887161869i,2.904034175945435,9.44911525958578
0.01905625,3.0E9,2.9055991726491+0.1564919393178617i,2.9055991726491,9.283542607096633
0.01905625,3.0E9,2.9075203116770063+0.016076892566355767i,2.9075203116770063,90.425444459385
0.01905625,3.0E9,2.908877259542655+0.016114954395620777i,2.908877259542655,90.2539711912911
0.01905625,3.0E9,2.912312655756359+0.12635336614290074i,2.912312655756359,11.524475938625356
0.01905625,3.0E9,2.9127620450317906+0.1260764189943384i,2.9127620450317906,11.551573514959175
0.01905625,3.0E9,2.9128890941608665+0.127745139656519i,2.9128890941608665,11.401173860676968
0.01905625,3.0E9,2.9129043449144336+0.12489679078947867i,2.9129043449144336,11.661245763409228
0.01905625,3.0E9,2.9162896873735296+0.20194421171685592i,2.9162896873735296,7.220532994187602
0.01905625,3.0E9,2.9171726426603666+0.20038369261062078i,2.9171726426603666,7.278967177056977
0.01905625,3.0E9,2.919560769014731+0.20374022458406937i,2.919560769014731,7.164910058813722
0.01905625,3.0E9,2.9206572175558607+0.19914004172519936i,2.9206572175558607,7.333174162899349
0.01905625,3.0E9,2.9236671528263005+0.2093230346985839i,2.9236671528263005,6.983624991478492
0.01905625,3.0E9,2.92377244707327+0.1762243033908185i,2.92377244707327,8.295599389004598
0.01905625,3.0E9,2.923970587749623+0.19282188207242676i,2.923970587749623,7.58205074113771
0.01905625,3.0E9,2.9247570225222894+0.17736820763422093i,2.9247570225222894,8.244873930715626
0.01905625,3.0E9,2.924887155415854+0.14171802485490487i,2.924887155415854,10.319390064920961
0.01905625,3.0E9,2.9250124680610834+0.17870105071210624i,2.9250124680610834,8.184094207631109
0.01905625,3.0E9,2.925369690153626+0.19254777520080527i,2.925369690153626,7.59647751604193
0.01905625,3.0E9,2.9257167365319305+0.14139309397936295i,2.9257167365319305,10.346038318388288
0.01905625,3.0E9,2.925873948456846+0.21080223736664455i,2.925873948456846,6.939855062752313
0.01905625,3.0E9,2.9262890328542364+0.20863594760238904i,2.9262890328542364,7.012907091233994
0.01905625,3.0E9,2.9263618928689636+0.19519769148575355i,2.9263618928689636,7.495892678327456
0.01905625,3.0E9,2.9265123670155573+0.1456883839064846i,2.9265123670155573,10.043739550622123
0.01905625,3.0E9,2.926748011433838+0.0458362817401963i,2.926748011433838,31.926106354163704
0.01905625,3.0E9,2.9269941139248172+0.18025544790435283i,2.9269941139248172,8.119017061492475
0.01905625,3.0E9,2.927772225441079+0.04614252153143082i,2.927772225441079,31.72531678233897
0.01905625,3.0E9,2.927833349648429+0.1459051294604025i,2.927833349648429,10.033346190351107
0.01905625,3.0E9,2.92822804476707+0.18077412580141333i,2.92822804476707,8.099134850702667
0.01905625,3.0E9,2.928615601646366+0.19735399554303557i,2.928615601646366,7.419701824602137
0.01905625,3.0E9,2.930096235408865+0.18414847593930747i,2.930096235408865,7.955798223316767
0.01905625,3.0E9,2.930752540872553+0.2018809074074076i,2.930752540872553,7.258617415856274
0.01905625,3.0E9,2.932978097123345+0.2032191896406213i,2.932978097123345,7.216292177697658
0.01905625,3.0E9,2.935982068820427+0.16448320038569436i,2.935982068820427,8.924869111057795
0.01905625,3.0E9,2.936172122271683+0.1648136231396218i,2.936172122271683,8.907552865894786
0.01905625,3.0E9,2.9375253024688117+0.16773777734708636i,2.9375253024688117,8.75630209523531
0.01905625,3.0E9,2.9377374640462177+0.16844742779388566i,2.9377374640462177,8.720042515700714
0.01905625,3.0E9,2.9441179004094833+0.2146589619232741i,2.9441179004094833,6.8576636028404065
0.01905625,3.0E9,2.9450520286873365+0.15697852953935787i,2.9450520286873365,9.380429404356692
0.01905625,3.0E9,2.945168240173717+0.15669005016344245i,2.945168240173717,9.398070385138146
0.01905625,3.0E9,2.945806004042145+0.21401866038204326i,2.945806004042145,6.882124200720644
0.01905625,3.0E9,2.946320022080116+0.1570764051316317i,2.946320022080116,9.378620613360322
0.01905625,3.0E9,2.946820829979837+0.15714607743392914i,2.946820829979837,9.376055954113157
0.01905625,3.0E9,2.9489122151506666+0.16776497738449378i,2.9489122151506666,8.788819517413856
0.01905625,3.0E9,2.949230989914217+0.2139347578739821i,2.949230989914217,6.892828026690866
0.01905625,3.0E9,2.949499205563827+0.17033946912355427i,2.949499205563827,8.657709281177908
0.01905625,3.0E9,2.9503860981377192+0.16798537814842945i,2.9503860981377192,8.7816753179875
0.01905625,3.0E9,2.951702085463575+0.17072222028217174i,2.951702085463575,8.6447507553058
0.01905625,3.0E9,2.952206113458984+0.1814518797907819i,2.952206113458984,8.134955991811559
0.01905625,3.0E9,2.952471422031046+0.21403500601167424i,2.952471422031046,6.897169479533661
0.01905625,3.0E9,2.9532765673588695+0.054675951587126854i,2.9532765673588695,27.007088872086513
0.01905625,3.0E9,2.9535708808358345+0.05642335576582458i,2.9535708808358345,26.173300406786524
0.01905625,3.0E9,2.9536879054318077+0.20008766127630534i,2.9536879054318077,7.380984630913838
0.01905625,3.0E9,2.9540617287180377+0.20193474546385431i,2.9540617287180377,7.31439684124792
0.01905625,3.0E9,2.9563534805553173+0.17854185434232864i,2.9563534805553173,8.279160904442408
0.01905625,3.0E9,2.960149450051237+0.18759823076433194i,2.960149450051237,7.8895985265711
0.01905625,3.0E9,2.960356419227419+0.18227642812423983i,2.960356419227419,8.120513578447007
0.01905625,3.0E9,2.9604658242014983+0.18672236567256245i,2.9604658242014983,7.9274537186214475
0.01905625,3.0E9,2.961967254641879+0.18635660994963602i,2.961967254641879,7.94704103987073
0.01905625,3.0E9,2.961969983404721+0.18734049840017114i,2.961969983404721,7.9053114748252815
0.01905625,3.0E9,2.963059647495099+0.00954408473882095i,2.963059647495099,155.2301623770551
0.01905625,3.0E9,2.963499444424254+0.009418442448507069i,2.963499444424254,157.32428480751628
0.01905625,3.0E9,2.964512624520427+0.2046421757175158i,2.964512624520427,7.243161420968726
0.01905625,3.0E9,2.9646644808961367+0.17933823326307174i,2.9646644808961367,8.265567322020123
0.01905625,3.0E9,2.965392658305373+0.1583232010065114i,2.965392658305373,9.364997168619066
0.01905625,3.0E9,2.9660506684397543+0.20916521589834486i,2.9660506684397543,7.09021013771541
0.01905625,3.0E9,2.966249851847029+1.4687882848566064E-4i,2.966249851847029,10097.608628927126
0.01905625,3.0E9,2.966494086207338+0.1593653558954011i,2.966494086207338,9.307211311831118
0.01905625,3.0E9,2.9673123219770465+0.20603730788687336i,2.9673123219770465,7.200910243901742
0.01905625,3.0E9,2.967965278513242+0.16282127986192854i,2.967965278513242,9.114181147052951
0.01905625,3.0E9,2.9682212517440933+1.021485696066315E-4i,2.9682212517440933,14528.941830387585
0.01905625,3.0E9,2.9683277894101048+0.18992264282326038i,2.9683277894101048,7.814570567482028
0.01905625,3.0E9,2.9690310823953245+0.18892186716553067i,2.9690310823953245,7.857828018907683
0.01905625,3.0E9,2.969615918665203+0.21026641182170253i,2.969615918665203,7.061555606853933
0.01905625,3.0E9,2.9697305299479493+0.2069961874277681i,2.9697305299479493,7.1733942708105305
0.01905625,3.0E9,2.9699105345565058+0.1637134873522663i,2.9699105345565058,9.070451624324871
0.01905625,3.0E9,2.971500564879492+0.19416941091233333i,2.971500564879492,7.65182463838527
0.01905625,3.0E9,2.972612423891037+0.19413761840508592i,2.972612423891037,7.655941306770357
0.01905625,3.0E9,2.9728879937169896+0.1922818807467299i,2.9728879937169896,7.730546378503606
0.01905625,3.0E9,2.9730399386407154+0.18282760595607697i,2.9730399386407154,8.130719436743505
0.01905625,3.0E9,2.9733980217619207+0.1922123787026178i,2.9733980217619207,7.734668396051189
0.01905625,3.0E9,2.97416957883169+0.19747775546744606i,2.97416957883169,7.530391389631673
0.01905625,3.0E9,2.97496092077288+0.18252633559593837i,2.97496092077288,8.14940186866678
0.01905625,3.0E9,2.975847641402833+0.20490629483908074i,2.975847641402833,7.261484191444334
0.01905625,3.0E9,2.97863731457667+0.20569424681091986i,2.97863731457667,7.240448774716388
0.01905625,3.0E9,2.982610462509645+0.18273313647358508i,2.982610462509645,8.16111002106286
0.01905625,3.0E9,2.9827499001478817+0.17947530436288192i,2.9827499001478817,8.309638784946833
0.01905625,3.0E9,2.9827752002111954+0.1838945643627634i,2.9827752002111954,8.11001459055408
0.01905625,3.0E9,2.984233988046172+0.1790908947166002i,2.984233988046172,8.331618401841508
0.01905625,3.0E9,2.9845668166975514+0.20291919446958595i,2.9845668166975514,7.354077135233469
0.01905625,3.0E9,2.9858853813370625+0.20677086907873687i,2.9858853813370625,7.220275744452326
0.01905625,3.0E9,2.988557797495887+0.1847729820797681i,2.988557797495887,8.087107118847335
0.01905625,3.0E9,2.9891048549696504+0.18488725120502725i,2.9891048549696504,8.0835883369128
0.01905625,3.0E9,2.9898260683848825+0.22291863251621688i,2.9898260683848825,6.70609278963565
0.01905625,3.0E9,2.993376677815756+0.22329921088469465i,2.993376677815756,6.702613649990574
0.01905625,3.0E9,3.0023131101360123+0.18763686214664088i,3.0023131101360123,8.000328602248906
0.01905625,3.0E9,3.004032805471677+0.18818190700112142i,3.004032805471677,7.981725909106063
0.01905625,3.0E9,3.004340199214227+0.18900000055499658i,3.004340199214227,7.947989921671991
0.01905625,3.0E9,3.004826794802736+0.13644268528407724i,3.004826794802736,11.011315075434817
0.01905625,3.0E9,3.004857026286096+0.13742963777058428i,3.004857026286096,10.932347181552643
0.01905625,3.0E9,3.005605302560261+0.18925802735034755i,3.005605302560261,7.940496222642102
0.01905625,3.0E9,3.0060367893955977+0.13626423721805878i,3.0060367893955977,11.030175087631925
0.01905625,3.0E9,3.00609997551802+0.13515908178358407i,3.00609997551802,11.120599281413325
0.01905625,3.0E9,3.006383559196296+0.048858977534739924i,3.006383559196296,30.76592788969728
0.01905625,3.0E9,3.00766595378346+0.0492483435439592i,3.00766595378346,30.535706760358444
0.01905625,3.0E9,3.0098664768853+0.20532951864311175i,3.0098664768853,7.329356482145225
0.01905625,3.0E9,3.012938218481426+0.20648439911051691i,3.012938218481426,7.295801114903619
0.01905625,3.0E9,3.015922080289382+0.21873567149322526i,3.015922080289382,6.8939877517481
0.01905625,3.0E9,3.0179406161787137+0.15092319538773258i,3.0179406161787137,9.998266364641323
0.01905625,3.0E9,3.0180045069949744+0.15000924021496523i,3.0180045069949744,10.059395350146875
0.01905625,3.0E9,3.01868490704284+0.21952200084658827i,3.01868490704284,6.8755862633386595
0.01905625,3.0E9,3.0191667590013487+0.15317374469021924i,3.0191667590013487,9.85536641774788
0.01905625,3.0E9,3.019756004055443+0.006086858602481568i,3.019756004055443,248.05537644856008
0.01905625,3.0E9,3.020399568189662+0.0061424498358705025i,3.020399568189662,245.86277860595771
0.01905625,3.0E9,3.0205609934955207+0.1543920252332028i,3.0205609934955207,9.782114681548764
0.01905625,3.0E9,3.024105250171914+0.12646587314331262i,3.024105250171914,11.956210695453636
0.01905625,3.0E9,3.0243437155977397+0.12481837387123099i,3.0243437155977397,12.114978034875728
0.01905625,3.0E9,3.025346122478659+0.1267519956300852i,3.025346122478659,11.934116332605408
0.01905625,3.0E9,3.0256667778751556+0.12515461245173934i,3.0256667778751556,12.087715820469173
0.01905625,3.0E9,3.03406787867807+0.19997131132689142i,3.03406787867807,7.5862578950595205
0.01905625,3.0E9,3.0367394492043487+0.17383334826211527i,3.0367394492043487,8.734628538090947
0.01905625,3.0E9,3.039084449662009+0.17081259869789095i,3.039084449662009,8.89596104979677
0.01905625,3.0E9,3.0392029310483206+0.20093689544853202i,3.0392029310483206,7.5625805909467285
0.01905625,3.0E9,3.043135375845514+0.2136248299843752i,3.043135375845514,7.122616261574305
0.01905625,3.0E9,3.0438491456028864+0.14103791027116164i,3.0438491456028864,10.79088998039866
0.01905625,3.0E9,3.0440033963150763+0.13962651640192675i,3.0440033963150763,10.900520455414984
0.01905625,3.0E9,3.0448826516363123+0.21623937430357798i,3.0448826516363123,7.040537047063427
0.01905625,3.0E9,3.0449295935969807+0.21433548920727255i,3.0449295935969807,7.103185769325373
0.01905625,3.0E9,3.0456049805775955+0.14614233675965077i,3.0456049805775955,10.419995492430338
0.01905625,3.0E9,3.0466546103320815+0.1448658954872144i,3.0466546103320815,10.515430840659711
0.01905625,3.0E9,3.0468674164415948+0.20694362004640468i,3.0468674164415948,7.361588184642684
0.01905625,3.0E9,3.047408033980963+0.17576886867225036i,3.047408033980963,8.66879344732926
0.01905625,3.0E9,3.047474423341997+0.2031973786461271i,3.047474423341997,7.498803487640565
0.01905625,3.0E9,3.0477042863831296+0.21131816699701345i,3.0477042863831296,7.211174338896767
0.01905625,3.0E9,3.0479859142209444+0.1744922645886085i,3.0479859142209444,8.733871158721636
0.01905625,3.0E9,3.0480151051537585+0.15398711267262016i,3.0480151051537585,9.896981157228083
0.01905625,3.0E9,3.048351938420366+0.15381960093429858i,3.048351938420366,9.908854007892067
0.01905625,3.0E9,3.0493998589994433+0.15453643107881743i,3.0493998589994433,9.866281490104342
0.01905625,3.0E9,3.049912075972863+0.15421586318714767i,3.049912075972863,9.888451203854633
0.01905625,3.0E9,3.0503679328668922+0.20716662650525774i,3.0503679328668922,7.362112286916725
0.01905625,3.0E9,3.0503826672156684+0.16104807322976047i,3.0503826672156684,9.470410313024411
0.01905625,3.0E9,3.0505657560717117+0.17972115305051972i,3.0505657560717117,8.486941309613666
0.01905625,3.0E9,3.050844593769208+0.21320905825469594i,3.050844593769208,7.154584844431705
0.01905625,3.0E9,3.0509731029712577+0.1979323315220923i,3.0509731029712577,7.707111515105662
0.01905625,3.0E9,3.0511900579369198+0.20479123384672657i,3.0511900579369198,7.449513342501136
0.01905625,3.0E9,3.051474586333644+0.1979759399310601i,3.051474586333644,7.706680386001046
0.01905625,3.0E9,3.051497321079573+0.17890190555848745i,3.051497321079573,8.528409218318703
0.01905625,3.0E9,3.053239445704053+0.19023849283531383i,3.053239445704053,8.024767753882463
0.01905625,3.0E9,3.053254473191043+0.16509420264369368i,3.053254473191043,9.247006933915715
0.01905625,3.0E9,3.0554082288658466+0.18092927853718144i,3.0554082288658466,8.443653380947827
0.01905625,3.0E9,3.0555974041048075+0.18131186929952608i,3.0555974041048075,8.426357898988345
0.01905625,3.0E9,3.055664681679273+0.19743780900343574i,3.055664681679273,7.738296674539423
0.01905625,3.0E9,3.055814870549754+0.16429039665827466i,3.055814870549754,9.30004106358655
0.01905625,3.0E9,3.05587645841689+0.19032158045146705i,3.05587645841689,8.028192208072152
0.01905625,3.0E9,3.056207110581452+0.1833218226242658i,3.056207110581452,8.335633660061895
0.01905625,3.0E9,3.05633124223126+0.18238931907469227i,3.05633124223126,8.378591624051264
0.01905625,3.0E9,3.0568585389494034+0.19501445337911666i,3.0568585389494034,7.837517901831451
0.01905625,3.0E9,3.057533347777132+0.18930047119552612i,3.057533347777132,8.07587357936115
0.01905625,3.0E9,3.057630845891727+0.16692707282633582i,3.057630845891727,9.158582829379517
0.01905625,3.0E9,3.0579870434657486+0.1934934340147587i,3.0579870434657486,7.902043444100799
0.01905625,3.0E9,3.058783466355332+0.1654406874993194i,3.058783466355332,9.244350687215066
0.01905625,3.0E9,3.058880792937773+4.945152085428799E-5i,3.058880792937773,30928.07602369761
0.01905625,3.0E9,3.0588996004799345+0.19957651834553067i,3.0588996004799345,7.663475708059008
0.01905625,3.0E9,3.0593780525180305+0.19356521843079835i,3.0593780525180305,7.902706068063025
0.01905625,3.0E9,3.0601710174979946+0.1676746935905619i,3.0601710174979946,9.125321633121645
0.01905625,3.0E9,3.061772935551549+0.1973795415214631i,3.061772935551549,7.7560544318586615
0.01905625,3.0E9,3.0622511448003467+0.16622524250520623i,3.0622511448003467,9.211149578273094
0.01905625,3.0E9,3.062279624517876+0.17988255193229066i,3.062279624517876,8.511886204701343
0.01905625,3.0E9,3.0623145544082204+3.922366321594353E-5i,3.0623145544082204,39036.57006165935
0.01905625,3.0E9,3.064209970662609+0.1715875906987883i,3.064209970662609,8.928996433202578
0.01905625,3.0E9,3.0717584579146386+0.20449032233044337i,3.0717584579146386,7.510767313845964
0.01905625,3.0E9,3.073453267436565+0.1993124573792305i,3.073453267436565,7.71013841244435
0.01905625,3.0E9,3.083255784475901+0.17608589817050047i,3.083255784475901,8.754976453283176
0.01905625,3.0E9,3.083634800410051+0.17783353379903458i,3.083634800410051,8.670003723523802
0.01905625,3.0E9,3.0888415708202293+0.0398906856070008i,3.0888415708202293,38.71632592694945
0.01905625,3.0E9,3.088887269282938+0.18919603639522348i,3.088887269282938,8.16319233778864
0.01905625,3.0E9,3.089445113786278+0.1576623112137857i,3.089445113786278,9.797665307586021
0.01905625,3.0E9,3.089532870108523+0.039890697090999454i,3.089532870108523,38.72497969966054
0.01905625,3.0E9,3.089821901806868+0.1993949716968955i,3.089821901806868,7.747993531411041
0.01905625,3.0E9,3.0901786833005263+0.15581270631842295i,3.0901786833005263,9.916324400993831
0.01905625,3.0E9,3.090371926140671+0.18928158403278963i,3.090371926140671,8.163424724946616
0.01905625,3.0E9,3.0904385248008+0.2017442800099592i,3.0904385248008,7.659296522925555
0.01905625,3.0E9,3.090901759466985+0.18834609913193323i,3.090901759466985,8.205377689563564
0.01905625,3.0E9,3.091223357485217+0.1903488808060925i,3.091223357485217,8.119888450077706
0.01905625,3.0E9,3.0920833226797746+0.1777940460166491i,3.0920833226797746,8.695688612627173
0.01905625,3.0E9,3.0924485217688855+0.17977677141554957i,3.0924485217688855,8.600801141936094
0.01905625,3.0E9,3.0926276864840676+0.16392375435974424i,3.0926276864840676,9.433128525402855
0.01905625,3.0E9,3.0926831989945214+0.16173072649513298i,3.0926831989945214,9.561210989451626
0.01905625,3.0E9,3.0961305191355684+0.17973759155610813i,3.0961305191355684,8.612918678642298
0.01905625,3.0E9,3.0965868039763085+0.1759858541691959i,3.0965868039763085,8.797828719231022
0.01905625,3.0E9,3.0965974859089016+0.1753274888593069i,3.0965974859089016,8.830895560232982
0.01905625,3.0E9,3.097409223559672+0.1809657660554655i,3.097409223559672,8.557997711595696
0.01905625,3.0E9,3.1017900517588832+0.19211067143503263i,3.1017900517588832,8.072924915073854
0.01905625,3.0E9,3.1036886617317956+0.1903918978338789i,3.1036886617317956,8.1507897579755
0.01905625,3.0E9,3.107990605383306+0.006534144074497236i,3.107990605383306,237.82691121808847
0.01905625,3.0E9,3.109461535268611+0.006500413094548961i,3.109461535268611,239.17414863034674
0.01905625,3.0E9,3.1136731607210093+0.13622309458930912i,3.1136731607210093,11.428580337674154
0.01905625,3.0E9,3.1138158714660267+0.13480248398380187i,3.1138158714660267,11.549549308899193
0.01905625,3.0E9,3.1149940526958124+0.13519622958073443i,3.1149940526958124,11.520269693747808
0.01905625,3.0E9,3.1150724973329047+0.13407076592989237i,3.1150724973329047,11.617269714718507
0.01905625,3.0E9,3.1303418789250697+0.023617677763612267i,3.1303418789250697,66.27116159040801
0.01905625,3.0E9,3.130882203018802+0.023459412119158665i,3.130882203018802,66.72976686534048
0.01905625,3.0E9,3.132174384372702+0.14955147650255093i,3.132174384372702,10.471893884375245
0.01905625,3.0E9,3.1341173991775073+0.14808545238071338i,3.1341173991775073,10.582124539552996
0.01905625,3.0E9,3.1342167240830654+0.1534923374219959i,3.1342167240830654,10.209684655026706
0.01905625,3.0E9,3.135690330117275+0.12526227852329633i,3.135690330117275,12.5164988497878
0.01905625,3.0E9,3.1360676261123697+0.12328064973347204i,3.1360676261123697,12.71922087080343
0.01905625,3.0E9,3.136092127262125+0.1516190513294199i,3.136092127262125,10.342012101264222
0.01905625,3.0E9,3.1379536870786424+0.12700109325772005i,3.1379536870786424,12.354042026673241
0.01905625,3.0E9,3.1382209167330357+0.12545398196280866i,3.1382209167330357,12.50745838288088
0.01905625,3.0E9,3.1408502172229835+0.026494369619342064i,3.1408502172229835,59.27391861646755
0.01905625,3.0E9,3.151132356334409+0.15226943045958236i,3.151132356334409,10.347225791886146
0.01905625,3.0E9,3.1515811093520414+0.1518434135938702i,3.1515811093520414,10.3777339917471
0.01905625,3.0E9,3.153673737241952+0.15144726211226842i,3.153673737241952,10.411788543605764
0.01905625,3.0E9,3.1541873629217627+0.1512755117115024i,3.1541873629217627,10.425307200206717
0.01905625,3.0E9,3.161029391435994+0.13787304152051091i,3.161029391435994,11.463551382398924
0.01905625,3.0E9,3.163799306552493+0.14023410448953944i,3.163799306552493,11.280420401545376
0.01905625,3.0E9,3.1640788287193278+0.14377075680360465i,3.1640788287193278,11.003902667917226
0.01905625,3.0E9,3.1659055531590488+0.14633244630176598i,3.1659055531590488,10.817510515167415
0.01905625,3.0E9,3.177810028042644+0.03956767032037831i,3.177810028042644,40.156648120953356
0.01905625,3.0E9,3.179127963280568+0.039964506447106155i,3.179127963280568,39.77439290396603
0.01905625,3.0E9,3.1860225992773925+2.348476724267195E-5i,3.1860225992773925,67831.68354098848
0.01905625,3.0E9,3.1862335774861203+1.6674140678780203E-5i,3.1862335774861203,95544.16143138867
0.01905625,3.0E9,3.1894660863509676+0.055038661323893553i,3.1894660863509676,28.974778906607845
0.01905625,3.0E9,3.2130611657482877+0.003072428394507904i,3.2130611657482877,522.886256924941
0.01905625,3.0E9,3.2147114387147293+0.003164124646365152i,3.2147114387147293,507.99380523894496
0.01905625,3.5E9,3.3063804232370253+0.002485719190227598i,3.3063804232370253,665.0752096688536
0.01905625,3.5E9,3.307989242988521+0.002497541962699849i,3.307989242988521,662.2489816772842
0.01905625,3.5E9,3.3151131933811255+0.047946079050390285i,3.3151131933811255,34.57126483582749
0.01905625,3.5E9,3.3609955017544113+0.12586866033540609i,3.3609955017544113,13.351200738922078
0.01905625,3.5E9,3.3611598523812183+0.12329088372548269i,3.3611598523812183,13.631015330643251
0.01905625,3.5E9,3.361331047297089+0.12469517900664172i,3.361331047297089,13.478191675389683
0.01905625,3.5E9,3.36165580229634+0.01780062743633729i,3.36165580229634,94.42520535635803
0.01905625,3.5E9,3.3624373468289765+0.12347409570059378i,3.3624373468289765,13.615962634714833
0.01905625,3.5E9,3.3625574961500164+0.018127418362832357i,3.3625574961500164,92.7478317332945
0.01905625,3.5E9,3.3630316303658225+0.14421246497016157i,3.3630316303658225,11.659989415830504
0.01905625,3.5E9,3.3847398630566112+0.15635908979076885i,3.3847398630566112,10.823610790987221
0.01905625,3.5E9,3.3864834611017836+0.16022864101148526i,3.3864834611017836,10.567659563620209
0.01905625,3.5E9,3.386742057582951+0.02832367772291895i,3.386742057582951,59.78641069698494
0.01905625,3.5E9,3.387644764550963+0.1596054367314785i,3.387644764550963,10.6125606806564
0.01905625,3.5E9,3.3889233099445764+0.16350007021518276i,3.3889233099445764,10.36367539623808
0.01905625,3.5E9,3.389881058099971+0.029008836667368372i,3.389881058099971,58.42842125953296
0.01905625,3.5E9,3.398288879373312+0.13749726520100264i,3.398288879373312,12.357659893836678
0.01905625,3.5E9,3.3992547550378815+0.13548819909703488i,3.3992547550378815,12.544467996815648
0.01905625,3.5E9,3.400934112600357+0.14508747511897907i,3.400934112600357,11.720288432242063
0.01905625,3.5E9,3.4019923780303367+0.14328579492853524i,3.4019923780303367,11.871352564038547
0.01905625,3.5E9,3.4031627266002875+3.275266005799932E-5i,3.4031627266002875,51952.46310641445
0.01905625,3.5E9,3.405776425407109+2.751726170578177E-5i,3.405776425407109,61884.36301951344
0.01905625,3.5E9,3.409200003010291+0.16407623298958512i,3.409200003010291,10.389073240201379
0.01905625,3.5E9,3.4122624380537765+0.1653041048349168i,3.4122624380537765,10.321166680831908
0.01905625,3.5E9,3.415931786476766+0.17613842212965122i,3.415931786476766,9.696725294729793
0.01905625,3.5E9,3.417710184488057+0.15809178881605046i,3.417710184488057,10.809259007325085
0.01905625,3.5E9,3.420547601225846+0.1645931891935772i,3.420547601225846,10.390914769878348
0.01905625,3.5E9,3.4213626256242633+0.15801405981826894i,3.4213626256242633,10.826133540139255
0.01905625,3.5E9,3.4233467282861016+0.16478478941442543i,3.4233467282861016,10.387326222435972
0.01905625,3.5E9,3.425244554657458+0.18397060970619342i,3.425244554657458,9.309216727953656
0.01905625,3.5E9,3.42629546284576+0.0322154632665266i,3.42629546284576,53.17780834779806
0.01905625,3.5E9,3.426895050421722+0.03201742553812713i,3.426895050421722,53.5160930778287
0.01905625,3.5E9,3.43018473737497+0.18290807675973977i,3.43018473737497,9.376799532698369
0.01905625,3.5E9,3.4378099575210284+0.17242788777812879i,3.4378099575210284,9.968833933477812
0.01905625,3.5E9,3.43785239069463+0.17498598465674686i,3.43785239069463,9.82322212101253
0.01905625,3.5E9,3.438887260270805+0.1646334545351644i,3.438887260270805,10.444071862491004
0.01905625,3.5E9,3.4417154251883697+0.1661036735815005i,3.4417154251883697,10.360142406783243
0.01905625,3.5E9,3.442597130327682+0.13246191396705065i,3.442597130327682,12.99466777742625
0.01905625,3.5E9,3.442701691179527+0.13319962332864052i,3.442701691179527,12.923090941051028
0.01905625,3.5E9,3.4427722168680406+0.13169811573851334i,3.4427722168680406,13.070696560699723
0.01905625,3.5E9,3.443011615246082+0.13128881468234221i,3.443011615246082,13.112356995440038
0.01905625,3.5E9,3.443474666050837+0.17016787503161535i,3.443474666050837,10.117875261153365
0.01905625,3.5E9,3.4435541621698484+0.17478581664370707i,3.4435541621698484,9.850782598651517
0.01905625,3.5E9,3.444740829471074+6.527188873757051E-5i,3.444740829471074,26387.629468796727
0.01905625,3.5E9,3.4452307040021375+0.17774692815353724i,3.4452307040021375,9.691393094079686
0.01905625,3.5E9,3.445318787224096+0.16716458378283286i,3.445318787224096,10.305169639581026
0.01905625,3.5E9,3.445339756819191+0.16687239474560325i,3.445339756819191,10.32327654334801
0.01905625,3.5E9,3.44587121804592+0.17092629390578393i,3.44587121804592,10.079991613067193
0.01905625,3.5E9,3.44626111381502+0.16873989922726496i,3.44626111381502,10.211755280158938
0.01905625,3.5E9,3.446451339910474+0.178235402081597i,3.446451339910474,9.668256978298489
0.01905625,3.5E9,3.446710830821251+0.16798571650152416i,3.446710830821251,10.258940172422273
0.01905625,3.5E9,3.4476844188392195+1.0517650639888365E-4i,3.4476844188392195,16389.993054931005
0.01905625,3.5E9,3.449246276005202+0.18181910045685074i,3.449246276005202,9.485379334014954
0.01905625,3.5E9,3.4518554396566095+0.16608745927687107i,3.4518554396566095,10.391679945872065
0.01905625,3.5E9,3.452316195444536+0.1807624117588571i,3.452316195444536,9.549319910740174
0.01905625,3.5E9,3.4532179299225576+0.04852482318497856i,3.4532179299225576,35.58197334134277
0.01905625,3.5E9,3.4534617438701956+0.1925972248733056i,3.4534617438701956,8.9655023485981
0.01905625,3.5E9,3.4552985431006613+0.001077819795107678i,3.4552985431006613,1602.9110611924996
0.01905625,3.5E9,3.4553904483821+0.19371895642050613i,3.4553904483821,8.9185656175059
0.01905625,3.5E9,3.455726268598615+0.18557577919627502i,3.455726268598615,9.310822467148721
0.01905625,3.5E9,3.4560437918315157+9.30388372487016E-4i,3.4560437918315157,1857.3124374895096
0.01905625,3.5E9,3.456504397234277+8.783052890850751E-4i,3.456504397234277,1967.7123889546967
0.01905625,3.5E9,3.456699334507121+0.15342628434028083i,3.456699334507121,11.265016777831178
0.01905625,3.5E9,3.456905556193446+0.04993903994631495i,3.456905556193446,34.61125363953392
0.01905625,3.5E9,3.457621488608612+0.16684508140362647i,3.457621488608612,10.361772308540642
0.01905625,3.5E9,3.4600181960515637+0.19014566156187668i,3.4600181960515637,9.098335895835346
0.01905625,3.5E9,3.460651080509995+0.0011356263936633986i,3.460651080509995,1523.6749955002092
0.01905625,3.5E9,3.4644048685625535+0.1466073498201331i,3.4644048685625535,11.81524962020287
0.01905625,3.5E9,3.4646607718002933+0.19303221773791132i,3.4646607718002933,8.974307015693157
0.01905625,3.5E9,3.465327096304197+0.14631631694282468i,3.465327096304197,11.841902423153277
0.01905625,3.5E9,3.4663598632151036+0.18772981341901376i,3.4663598632151036,9.232310521393245
0.01905625,3.5E9,3.466417761447732+0.14765877836512037i,3.466417761447732,11.737933226280035
0.01905625,3.5E9,3.4670347035026507+0.17525197896001565i,3.4670347035026507,9.891570765924607
0.01905625,3.5E9,3.468285783093346+0.1649551961686868i,3.468285783093346,10.512811550193907
0.01905625,3.5E9,3.468354710106939+0.16959935593442635i,3.468354710106939,10.22514115987545
0.01905625,3.5E9,3.469591328521053+0.17854061772470897i,3.469591328521053,9.716532217533832
0.01905625,3.5E9,3.4697865260538894+0.14490035145399657i,3.4697865260538894,11.97300935172503
0.01905625,3.5E9,3.4700267505476066+0.17622493703222392i,3.4700267505476066,9.845447554091304
0.01905625,3.5E9,3.4701030768608034+0.14410831139355304i,3.4701030768608034,12.039913046320121
0.01905625,3.5E9,3.4701949170766175+0.1577513539470399i,3.4701949170766175,10.998938615264207
0.01905625,3.5E9,3.4704204800480993+0.1876449289343175i,3.4704204800480993,9.247306867703502
0.01905625,3.5E9,3.4708290903400734+0.16537133981172164i,3.4708290903400734,10.494046593235796
0.01905625,3.5E9,3.471882256528414+0.12594395971244868i,3.471882256528414,13.78344092267429
0.01905625,3.5E9,3.4721782950227973+0.12389460443792571i,3.4721782950227973,14.012629164825515
0.01905625,3.5E9,3.472311079037915+0.1689057690700231i,3.472311079037915,10.278840971969414
0.01905625,3.5E9,3.4730341038329198+0.17718559437452658i,3.4730341038329198,9.800554373770883
0.01905625,3.5E9,3.475127248501545+0.12410152520713605i,3.475127248501545,14.00114641097787
0.01905625,3.5E9,3.475905733544679+0.17261763374287226i,3.475905733544679,10.068223211547199
0.01905625,3.5E9,3.4762567522326693+0.14328645198640655i,3.4762567522326693,12.13044465837726
0.01905625,3.5E9,3.476269807554326+0.12205870342856834i,3.476269807554326,14.240155392068054
0.01905625,3.5E9,3.479176771951246+0.19719494096130508i,3.479176771951246,8.821668433760564
0.01905625,3.5E9,3.4794508594789826+0.14496698903962815i,3.4794508594789826,12.000838544449042
0.01905625,3.5E9,3.4799803855217695+0.1501704963215392i,3.4799803855217695,11.586764613438351
0.01905625,3.5E9,3.480904253990126+0.1787282949552581i,3.480904253990126,9.73797756774191
0.01905625,3.5E9,3.4824072883142265+0.15173168735923537i,3.4824072883142265,11.475543931932242
0.01905625,3.5E9,3.4842353962208064+0.18964721009766705i,3.4842353962208064,9.186097160159774
0.01905625,3.5E9,3.48424959514246+0.171605499429587i,3.48424959514246,10.151917061877478
0.01905625,3.5E9,3.4858417532889217+0.1822429087518034i,3.4858417532889217,9.563723980163994
0.01905625,3.5E9,3.4880458166120722+0.19324166976282425i,3.4880458166120722,9.025087138020323
0.01905625,3.5E9,3.4887329442188584+0.18795015231004894i,3.4887329442188584,9.281005897946086
0.01905625,3.5E9,3.489607264439924+0.04339481294442989i,3.489607264439924,40.20765418333075
0.01905625,3.5E9,3.48966856429816+0.19421113677633423i,3.48966856429816,8.984213321188378
0.01905625,3.5E9,3.490360111434097+0.043827009455423734i,3.490360111434097,39.81973849920251
0.01905625,3.5E9,3.490654061264182+0.19583281144828504i,3.490654061264182,8.912331992399505
0.01905625,3.5E9,3.492322178511739+0.19835907971042793i,3.492322178511739,8.803030805572305
0.01905625,3.5E9,3.4936432694429302+0.1570077461280368i,3.4936432694429302,11.125703526098423
0.01905625,3.5E9,3.4947698799348106+0.19601835650510835i,3.4947698799348106,8.914394402250116
0.01905625,3.5E9,3.4952899896950744+0.15544884313535717i,3.4952899896950744,11.24257318097745
0.01905625,3.5E9,3.4972422364506155+0.16073749250711467i,3.4972422364506155,10.87873831394943
0.01905625,3.5E9,3.4991225229274447+0.15929618961662292i,3.4991225229274447,10.983070377730815
0.01905625,3.5E9,3.5004365207168457+0.18729403535516378i,3.5004365207168457,9.344762405484518
0.01905625,3.5E9,3.501031420436571+0.08260960672922926i,3.501031420436571,21.1902196309441
0.01905625,3.5E9,3.501293518548501+0.19298078364783647i,3.501293518548501,9.0716118267451
0.01905625,3.5E9,3.501924823368038+9.83499506762671E-4i,3.501924823368038,1780.3388813559875
0.01905625,3.5E9,3.5030266559871452+0.19880531365725634i,3.5030266559871452,8.810193730602245
0.01905625,3.5E9,3.503297940589686+0.18365067588583267i,3.503297940589686,9.537939143680386
0.01905625,3.5E9,3.5065280483837324+0.0010290881033967602i,3.5065280483837324,1703.7064352457132
0.01905625,3.5E9,3.5066157537703235+0.0803227078878782i,3.5066157537703235,21.828296418151012
0.01905625,3.5E9,3.5071182043869347+0.1833543405811204i,3.5071182043869347,9.563771965450963
0.01905625,3.5E9,3.5081489547346907+0.1903004202901358i,3.5081489547346907,9.217396759781446
0.01905625,3.5E9,3.5100093896855595+0.19406281326737093i,3.5100093896855595,9.043487854753575
0.01905625,3.5E9,3.510415173958334+0.18195174937864658i,3.510415173958334,9.646555160767
0.01905625,3.5E9,3.5118368648878984+0.19029098176742149i,3.5118368648878984,9.22754413338451
0.01905625,3.5E9,3.512680470310169+0.13561220416931877i,3.512680470310169,12.951195992376936
0.01905625,3.5E9,3.5133191886218245+0.1860931633326194i,3.5133191886218245,9.439678292593115
0.01905625,3.5E9,3.514428961762259+0.17483750366016831i,3.514428961762259,10.050558055877003
0.01905625,3.5E9,3.5149263362284477+0.14418393674010274i,3.5149263362284477,12.189035809738783
0.01905625,3.5E9,3.515489180566024+0.1802440532259512i,3.515489180566024,9.75202542787656
0.01905625,3.5E9,3.5157412886661046+0.19464311251235378i,3.5157412886661046,9.031250177020686
0.01905625,3.5E9,3.5173254206469338+0.18224150939378786i,3.5173254206469338,9.650176385026226
0.01905625,3.5E9,3.519944598576456+0.18844815460557188i,3.519944598576456,9.33929176951564
0.01905625,3.5E9,3.520005260478383+0.13467390619385616i,3.520005260478383,13.068623907780312
0.01905625,3.5E9,3.5217584651868816+0.14321684869274753i,3.5217584651868816,12.295196051766018
0.01905625,3.5E9,3.522415459388545+0.1955153006208757i,3.522415459388545,9.008030185368641
0.01905625,3.5E9,3.522643948217534+0.1674003118894958i,3.522643948217534,10.521617040184786
0.01905625,3.5E9,3.5272941988757784+0.18710400697571217i,3.5272941988757784,9.426025278372723
0.01905625,3.5E9,3.530062607003219+0.17458872299535644i,3.530062607003219,10.109652406063788
0.01905625,3.5E9,3.5310768491614724+0.19004524837944814i,3.5310768491614724,9.290095067547425
0.01905625,3.5E9,3.5336845760076314+0.19283025966489395i,3.5336845760076314,9.16268168219182
0.01905625,3.5E9,3.536758397130943+0.17177494610027652i,3.536758397130943,10.294744598744629
0.01905625,3.5E9,3.5371084713635255+0.15856524320084903i,3.5371084713635255,11.15347979154295
0.01905625,3.5E9,3.538428969354898+0.17849826610586952i,3.538428969354898,9.911662019327999
0.01905625,3.5E9,3.538460609109358+0.18919951958804287i,3.538460609109358,9.351135290443366
0.01905625,3.5E9,3.5411409706046766+0.18063903679366494i,3.5411409706046766,9.801704641089144
0.01905625,3.5E9,3.541156102321974+0.167244699852414i,3.541156102321974,10.586751345324805
0.01905625,3.5E9,3.5425854949710427+0.18357095538928453i,3.5425854949710427,9.649090422443354
0.01905625,3.5E9,3.543514686048874+0.1762894083747002i,3.543514686048874,10.050276754339071
0.01905625,3.5E9,3.544113388689239+0.16189260373708841i,3.544113388689239,10.945878029254612
0.01905625,3.5E9,3.544914500739686+0.15372134050267006i,3.544914500739686,11.530326528339483
0.01905625,3.5E9,3.5449161230814563+0.1658647437387589i,3.5449161230814563,10.686165254819878
0.01905625,3.5E9,3.5453997889006237+0.1649993070751819i,3.5453997889006237,10.743680842505485
0.01905625,3.5E9,3.545813257470778+0.18714440509213962i,3.545813257470778,9.473468511455136
0.01905625,3.5E9,3.5464220791814625+0.06646423431402645i,3.5464220791814625,26.679176520905422
0.01905625,3.5E9,3.5476621206626184+0.1652313840618229i,3.5476621206626184,10.735436675078708
0.01905625,3.5E9,3.5476654168688304+0.18864061753091546i,3.5476654168688304,9.403238452311099
0.01905625,3.5E9,3.5483665123527826+0.19267827617277805i,3.5483665123527826,9.20800876682875
0.01905625,3.5E9,3.5484027351798377+0.16518580896777674i,3.5484027351798377,10.740640365396144
0.01905625,3.5E9,3.5499578607675057+0.15841184814370135i,3.5499578607675057,11.204836956220616
0.01905625,3.5E9,3.550785823025582+0.13095565628271658i,3.550785823025582,13.557206782118246
0.01905625,3.5E9,3.5510412815269743+0.13234565938274698i,3.5510412815269743,13.415782950830573
0.01905625,3.5E9,3.551948435308914+0.17675133001446636i,3.551948435308914,10.047869045789364
0.01905625,3.5E9,3.5536763538454976+0.1327961398443802i,3.5536763538454976,13.380194477075703
0.01905625,3.5E9,3.553815857394989+0.1309833037223561i,3.553815857394989,13.565911671185109
0.01905625,3.5E9,3.5544806860974796+0.17188174887518595i,3.5544806860974796,10.339901442004205
0.01905625,3.5E9,3.554982945122517+0.07094094968873044i,3.554982945122517,25.055930042667978
0.01905625,3.5E9,3.555946618773719+0.1606827834255443i,3.555946618773719,11.065113956099223
0.01905625,3.5E9,3.556359098987358+0.18748344086621577i,3.556359098987358,9.484461887823738
0.01905625,3.5E9,3.5571539381365467+0.17354219381611502i,3.5571539381365467,10.248671691639728
0.01905625,3.5E9,3.55786572322617+0.18800480623075i,3.55786572322617,9.46216693752866
0.01905625,3.5E9,3.5587716205919224+0.17931577536522858i,3.5587716205919224,9.923197257306146
0.01905625,3.5E9,3.56004013098793+0.10672989714327454i,3.56004013098793,16.67780175131679
0.01905625,3.5E9,3.560322071341455+0.16798822454218i,3.560322071341455,10.596939401688532
0.01905625,3.5E9,3.5615542991820734+0.17150298381077642i,3.5615542991820734,10.38335957790573
0.01905625,3.5E9,3.5628683343101395+0.17126396976783698i,3.5628683343101395,10.401686762078192
0.01905625,3.5E9,3.5636070695970488+0.11387320966306683i,3.5636070695970488,15.647258385625602
0.01905625,3.5E9,3.5655701884397732+0.16544927828433884i,3.5655701884397732,10.775417775809315
0.01905625,3.5E9,3.5669667794607456+0.17522309874521064i,3.5669667794607456,10.178357776469356
0.01905625,3.5E9,3.5676534437482763+0.1805068075651379i,3.5676534437482763,9.882323807817743
0.01905625,3.5E9,3.567806855604441+0.1856740659061368i,3.567806855604441,9.607714567440084
0.01905625,3.5E9,3.5697555682290387+0.17417114762364416i,3.5697555682290387,10.247838453538547
0.01905625,3.5E9,3.571289799716472+0.1707189515160935i,3.571289799716472,10.459558730888205
0.01905625,3.5E9,3.571316873072407+0.14370877029749166i,3.571316873072407,12.425535566407744
0.01905625,3.5E9,3.572418446222277+0.17987344113073822i,3.572418446222277,9.930366661595473
0.01905625,3.5E9,3.5729218220965895+0.17496448321186878i,3.5729218220965895,10.210420299330266
0.01905625,3.5E9,3.5729729701505635+0.14314413239686063i,3.5729729701505635,12.48033331972231
0.01905625,3.5E9,3.57341525884909+0.14513977262854036i,3.57341525884909,12.310255122124987
0.01905625,3.5E9,3.573485675622893+0.1440937244498461i,3.573485675622893,12.399865744558143
0.01905625,3.5E9,3.5747040447906078+0.1828016575994482i,3.5747040447906078,9.777548222848823
0.01905625,3.5E9,3.578354751011772+0.1588729844408329i,3.578354751011772,11.261684179994788
0.01905625,3.5E9,3.5793491546976735+0.17581257996896726i,3.5793491546976735,10.179445507623702
0.01905625,3.5E9,3.5793774297392935+0.17146387332344376i,3.5793774297392935,10.437701424682254
0.01905625,3.5E9,3.5806742972347956+0.16482971433407057i,3.5806742972347956,10.861737859891031
0.01905625,3.5E9,3.5808013848885984+0.15474864592730095i,3.5808013848885984,11.569734143492333
0.01905625,3.5E9,3.5811566087804856+0.14665757638746735i,3.5811566087804856,12.209245157983242
0.01905625,3.5E9,3.5811687406698516+0.12353057152236015i,3.5811687406698516,14.495070720293832
0.01905625,3.5E9,3.582738862026937+0.1210711531310865i,3.582738862026937,14.796005362845694
0.01905625,3.5E9,3.588076094671443+0.14405007269758707i,3.588076094671443,12.454266865259088
0.01905625,3.5E9,3.5881976577669437+0.1550334262958429i,3.5881976577669437,11.572335539175135
0.01905625,3.5E9,3.588409605686207+0.16968014455289i,3.588409605686207,10.57404098500071
0.01905625,3.5E9,3.5890669711437653+0.15982986909603233i,3.5890669711437653,11.227772979615303
0.01905625,3.5E9,3.5895042589545794+0.12428636452013249i,3.5895042589545794,14.440458825928307
0.01905625,3.5E9,3.5895917789066654+0.1259754795195296i,3.5895917789066654,14.247184422704192
0.01905625,3.5E9,3.590649149254555+0.14195841356133282i,3.590649149254555,12.646834587592876
0.01905625,3.5E9,3.5920369653980706+0.16480618656526336i,3.5920369653980706,10.897761304535802
0.01905625,3.5E9,3.593139188168964+0.14849558363804247i,3.593139188168964,12.098471550935916
0.01905625,3.5E9,3.5933890629726144+0.011890617330485525i,3.5933890629726144,151.1018714629633
0.01905625,3.5E9,3.595397634075282+0.17433470710910248i,3.595397634075282,10.311766640434952
0.01905625,3.5E9,3.596105094303675+0.012266626203993344i,3.596105094303675,146.5808542014992
0.01905625,3.5E9,3.5969491275753196+0.14389442251577286i,3.5969491275753196,12.498570356960997
0.01905625,3.5E9,3.598499728805449+0.1651466706412309i,3.598499728805449,10.8948600502608
0.01905625,3.5E9,3.599063069600394+0.15201503492013607i,3.599063069600394,11.837852326551873
0.01905625,3.5E9,3.60459984049075+0.1690295741851462i,3.60459984049075,10.66263066054482
0.01905625,3.5E9,3.605690252529194+0.1640502800843769i,3.605690252529194,10.989588834211863
0.01905625,3.5E9,3.607389277677119+0.1525974454833439i,3.607389277677119,11.819953034767112
0.01905625,3.5E9,3.607981745599513+0.15577362193803562i,3.607981745599513,11.580849506839845
0.01905625,3.5E9,3.6108797756872346+0.1602774505937513i,3.6108797756872346,11.264465969201067
0.01905625,3.5E9,3.6119492379360545+0.15002982048586955i,3.6119492379360545,12.037437711512304
0.01905625,3.5E9,3.612029305002003+0.1599358007245219i,3.612029305002003,11.292122491147143
0.01905625,3.5E9,3.6145712120874176+0.1554971535255204i,3.6145712120874176,11.622628228671045
0.01905625,3.5E9,3.615373729933986+0.04392171462310287i,3.615373729933986,41.157019494319734
0.01905625,3.5E9,3.6180905826867797+0.041711488858728406i,3.6180905826867797,43.37043200424708
0.01905625,3.5E9,3.61885290790247+0.15799522000957705i,3.61885290790247,11.452412635278172
0.01905625,3.5E9,3.620184088784236+9.722888190980282E-5i,3.620184088784236,18616.814354311944
0.01905625,3.5E9,3.6218859001883654+0.03057352918294229i,3.6218859001883654,59.23238168737653
0.01905625,3.5E9,3.624656804714115+1.1478936338255789E-4i,3.624656804714115,15788.29561339338
0.01905625,3.5E9,3.6249189640966883+0.031241593923160345i,3.6249189640966883,58.014308953190536
0.01905625,3.5E9,3.6306866132513855+0.13355040910342447i,3.6306866132513855,13.592944557884877
0.01905625,3.5E9,3.6340503038117045+0.14352246753236533i,3.6340503038117045,12.660213993994358
0.01905625,3.5E9,3.637500227842967+0.13480933756058597i,3.637500227842967,13.491276990394686
0.01905625,3.5E9,3.641323244396049+8.067309877201163E-5i,3.641323244396049,22568.385867305704
0.01905625,3.5E9,3.646922952056309+5.3721844823251676E-5i,3.646922952056309,33942.64441266788
0.01905625,3.5E9,3.661925401723718+0.02260386540861102i,3.661925401723718,81.0021944372553
0.01905625,3.5E9,3.6740840954889165+3.633998182382863E-4i,3.6740840954889165,5055.15400819459
0.01905625,3.5E9,3.6767905741572684+3.793016514174207E-4i,3.6767905741572684,4846.789567640148
0.01905625,3.5E9,3.6771590248827546+0.024699146286804537i,3.6771590248827546,74.4389903639558
0.01905625,3.5E9,3.679758746503599+0.024665932464373857i,3.679758746503599,74.59192454650648
0.01905625,3.5E9,3.692102979231777+0.025735285071414277i,3.692102979231777,71.73231166832531
0.01905625,3.5E9,3.692597564182537+3.829492657973467E-4i,3.692597564182537,4821.262101774894
0.01905625,3.5E9,3.6932629547352906+0.02597441785541553i,3.6932629547352906,71.0942392490476
0.01905625,3.5E9,3.6972147259272523+5.17807820495322E-4i,3.6972147259272523,3570.064587273507
0.01905625,4.0E9,3.8284811728503705+0.006953724401240221i,3.8284811728503705,275.28278027293885
0.01905625,4.0E9,3.831059726564143+0.007470268099115783i,3.831059726564143,256.4204976135733
0.01905625,4.0E9,3.834763504395324+1.3268161493898396E-4i,3.834763504395324,14450.99800058512
0.01905625,4.0E9,3.841977074951432+1.2127933299583238E-4i,3.841977074951432,15839.372546200666
0.01905625,4.0E9,3.844869161707086+1.177659212705043E-4i,3.844869161707086,16324.201094115982
0.01905625,4.0E9,3.8475530009129373+1.1268613674822654E-4i,3.8475530009129373,17071.989119253798
0.01905625,4.0E9,3.855973868031877+0.033026035081477514i,3.855973868031877,58.37778980308903
0.01905625,4.0E9,3.8580253893237075+0.04354844133117774i,3.8580253893237075,44.295791897397045
0.01905625,4.0E9,3.860340643353462+0.03351047466158733i,3.860340643353462,57.59901467135178
0.01905625,4.0E9,3.861540979306859+0.045447591416029644i,3.861540979306859,42.48345026646307
0.01905625,4.0E9,3.8893357779193134+0.1259793173812327i,3.8893357779193134,15.436405986188939
0.01905625,4.0E9,3.8897745708414586+0.12416177240149164i,3.8897745708414586,15.664139193597434
0.01905625,4.0E9,3.891295818487203+2.668603360277158E-4i,3.891295818487203,7290.884581069887
0.01905625,4.0E9,3.891355649284352+0.1380779755937702i,3.891355649284352,14.091152598922962
0.01905625,4.0E9,3.896354141953015+4.672515084921052E-4i,3.896354141953015,4169.439874605401
0.01905625,4.0E9,3.898093270560264+4.881779310477747E-4i,3.898093270560264,3992.4923093039038
0.01905625,4.0E9,3.9013979964006773+3.841500060144606E-4i,3.9013979964006773,5077.961649509666
0.01905625,4.0E9,3.9028212600055827+0.05371748282424821i,3.9028212600055827,36.32729099364872
0.01905625,4.0E9,3.905736664552645+0.012416793351964417i,3.905736664552645,157.27638182585733
0.01905625,4.0E9,3.9066224050676177+0.14845951027082194i,3.9066224050676177,13.157198208255915
0.01905625,4.0E9,3.9086315932782627+0.012673085656306985i,3.9086315932782627,154.20994141758456
0.01905625,4.0E9,3.9117370847795128+0.052010310048218704i,3.9117370847795128,37.60540055570661
0.01905625,4.0E9,3.91421856679317+0.14468182107037914i,3.91421856679317,13.526988179424194
0.01905625,4.0E9,3.914758647264612+0.15138570592566908i,3.914758647264612,12.929749950060582
0.01905625,4.0E9,3.916557515274143+0.022397836785334174i,3.916557515274143,87.43160227506115
0.01905625,4.0E9,3.9175980930076126+0.1452193249480355i,3.9175980930076126,13.488556341965731
0.01905625,4.0E9,3.919970062076341+0.12134010086136354i,3.919970062076341,16.152821838161653
0.01905625,4.0E9,3.9204800215679723+0.12309136510588989i,3.9204800215679723,15.925081414912256
0.01905625,4.0E9,3.921069745399232+0.02227561823743574i,3.921069745399232,88.01259079780777
0.01905625,4.0E9,3.9265794433646515+0.12331012115795124i,3.9265794433646515,15.9215618575826
0.01905625,4.0E9,3.9276892247119783+0.12145050839181488i,3.9276892247119783,16.16991676988601
0.01905625,4.0E9,3.9285241865882896+0.14389063050567036i,3.9285241865882896,13.651077115940069
0.01905625,4.0E9,3.929820931528869+2.7411078495835015E-4i,3.929820931528869,7168.307755796597
0.01905625,4.0E9,3.929918525877942+0.018047822234892423i,3.929918525877942,108.87514501001974
0.01905625,4.0E9,3.9309939866694976+0.01824459969228321i,3.9309939866694976,107.73034358030235
0.01905625,4.0E9,3.9316298082195296+0.15799543173687156i,3.9316298082195296,12.44222622451305
0.01905625,4.0E9,3.9320437997998763+0.15030020928174065i,3.9320437997998763,13.080633149449525
0.01905625,4.0E9,3.932259078057804+0.15568909135160136i,3.932259078057804,12.6285632600211
0.01905625,4.0E9,3.9325334186596748+0.1409293011203481i,3.9325334186596748,13.95214972116212
0.01905625,4.0E9,3.9360808716682634+3.054418882660409E-4i,3.9360808716682634,6443.256512741179
0.01905625,4.0E9,3.9373571182932094+0.1508493153334867i,3.9373571182932094,13.05062972804612
0.01905625,4.0E9,3.938935968601459+0.13882945758692988i,3.938935968601459,14.186239855237645
0.01905625,4.0E9,3.9391235933831403+0.16244856656373735i,3.9391235933831403,12.124217765373785
0.01905625,4.0E9,3.9406697342235244+0.15401027785259594i,3.9406697342235244,12.793528422808121
0.01905625,4.0E9,3.941097226323785+0.05207716910905871i,3.941097226323785,37.83901173727817
0.01905625,4.0E9,3.942199559972438+0.14111774563227786i,3.942199559972438,13.96776692509301
0.01905625,4.0E9,3.942239829290164+0.14885081094250666i,3.942239829290164,13.242251769837004
0.01905625,4.0E9,3.9429561118402607+0.14732565390302912i,3.9429561118402607,13.381770273477096
0.01905625,4.0E9,3.9440239109004214+0.16394765271150424i,3.9440239109004214,12.028302466277605
0.01905625,4.0E9,3.9461949832943395+0.15435222412734073i,3.9461949832943395,12.783084291803677
0.01905625,4.0E9,3.9465136838571873+0.1595965259280942i,3.9465136838571873,12.364033806209788
0.01905625,4.0E9,3.946823910011045+0.1455416422861243i,3.946823910011045,13.559088134555592
0.01905625,4.0E9,3.9482473941680434+0.1291614726127262i,3.9482473941680434,15.28415290682829
0.01905625,4.0E9,3.948962387127241+0.15143981696830236i,3.948962387127241,13.038058504632875
0.01905625,4.0E9,3.9506731732027465+0.1546598850223943i,3.9506731732027465,12.77213277583486
0.01905625,4.0E9,3.9518277050577293+0.150717215956898i,3.9518277050577293,13.110073988454877
0.01905625,4.0E9,3.9524059699839227+0.1622448220468935i,3.9524059699839227,12.18037629836212
0.01905625,4.0E9,3.952947498722394+0.14479500189675945i,3.952947498722394,13.650151755724593
0.01905625,4.0E9,3.9530142811400464+0.15530730441908885i,3.9530142811400464,12.72642743986155
0.01905625,4.0E9,3.953986414126533+0.16833400589870637i,3.953986414126533,11.74446717707714
0.01905625,4.0E9,3.954046242001158+0.16537915396331476i,3.954046242001158,11.954488057419452
0.01905625,4.0E9,3.956210630031908+0.14455822406992216i,3.956210630031908,13.683796461550008
0.01905625,4.0E9,3.957355652323526+0.15777847966382427i,3.957355652323526,12.540860010678868
0.01905625,4.0E9,3.9575290702119013+0.15303303344760444i,3.9575290702119013,12.93030981956874
0.01905625,4.0E9,3.958788473532698+0.07118352971994643i,3.958788473532698,27.80691326425894
0.01905625,4.0E9,3.959542830268281+0.08001187919792001i,3.959542830268281,24.74346853217774
0.01905625,4.0E9,3.9597334055519395+0.13037237445298472i,3.9597334055519395,15.186244103346876
0.01905625,4.0E9,3.9605737310067317+0.15828340503675128i,3.9605737310067317,12.511020122694289
0.01905625,4.0E9,3.964723134950949+0.14792960671123193i,3.964723134950949,13.400708698868993
0.01905625,4.0E9,3.9655317379953168+0.15588360660223255i,3.9655317379953168,12.719527808059205
0.01905625,4.0E9,3.9667470951901116+0.17267240564615471i,3.9667470951901116,11.486337612388642
0.01905625,4.0E9,3.96726650853222+0.1350794302074592i,3.96726650853222,14.68493945539735
0.01905625,4.0E9,3.968133002820152+0.16806484046831296i,3.968133002820152,11.805363310264488
0.01905625,4.0E9,3.9686404990954904+0.1405447439972097i,3.9686404990954904,14.118779494074433
0.01905625,4.0E9,3.9690537779740023+0.17197739588807498i,3.9690537779740023,11.539463536699646
0.01905625,4.0E9,3.970291354347437+0.15802341202734235i,3.970291354347437,12.562351690205464
0.01905625,4.0E9,3.9706013060692307+0.16540440532329245i,3.9706013060692307,12.002707238384799
0.01905625,4.0E9,3.972833741924693+0.14231856567853987i,3.972833741924693,13.957538578973162
0.01905625,4.0E9,3.9734023023685094+0.17165250147167127i,3.9734023023685094,11.57397144900991
0.01905625,4.0E9,3.974198386331331+0.1559363509027634i,3.974198386331331,12.743014580383203
0.01905625,4.0E9,3.9753604311736113+0.12675370430944005i,3.9753604311736113,15.681436896978894
0.01905625,4.0E9,3.9762875752585556+0.14491873474227907i,3.9762875752585556,13.719025294865828
0.01905625,4.0E9,3.977334263716244+0.16400386400095304i,3.977334263716244,12.125733402516456
0.01905625,4.0E9,3.9793858440401713+0.16622652449055084i,3.9793858440401713,11.9697679303473
0.01905625,4.0E9,3.98132885664372+0.1651546855928461i,3.98132885664372,12.053333038515309
0.01905625,4.0E9,3.9823422329507756+0.043054502265580975i,3.9823422329507756,46.24768634399446
0.01905625,4.0E9,3.9829825117538635+0.17300025757148624i,3.9829825117538635,11.511493010662244
0.01905625,4.0E9,3.9832911279802876+0.1428283221690293i,3.9832911279802876,13.944332144664859
0.01905625,4.0E9,3.983643377390231+0.13564197080164841i,3.983643377390231,14.68440540139151
0.01905625,4.0E9,3.985269861625715+0.16506035127772545i,3.985269861625715,12.072159760887168
0.01905625,4.0E9,3.9866151739876963+0.12898662799148963i,3.9866151739876963,15.4535987026916
0.01905625,4.0E9,3.9872523565198184+0.1293026253968136i,3.9872523565198184,15.41829620351265
0.01905625,4.0E9,3.9880841840358694+0.14722303461227634i,3.9880841840358694,13.544362112011916
0.01905625,4.0E9,3.988814572128692+0.16034561376635753i,3.988814572128692,12.438178003237637
0.01905625,4.0E9,3.9890190622705077+0.1502804628490718i,3.9890190622705077,13.271915013586034
0.01905625,4.0E9,3.989431810539432+0.14206267572130613i,3.989431810539432,14.041097671445273
0.01905625,4.0E9,3.989678088532793+0.13115882757823838i,3.989678088532793,15.20933879251431
0.01905625,4.0E9,3.9916936805318564+0.1726814540476167i,3.9916936805318564,11.557968696022074
0.01905625,4.0E9,3.99255623102914+0.14409193249235688i,3.99255623102914,13.854197670785345
0.01905625,4.0E9,3.99304526072718+0.1587615906877377i,3.99304526072718,12.575602333756382
0.01905625,4.0E9,3.9932306621733398+0.1317586246363662i,3.9932306621733398,15.153583582076886
0.01905625,4.0E9,3.993239094728587+0.04686699697473845i,3.993239094728587,42.60182380450964
0.01905625,4.0E9,3.993414515482501+0.14996384127633808i,3.993414515482501,13.314591309127126
0.01905625,4.0E9,3.99544753253752+0.13065625782206633i,3.99544753253752,15.289920280660045
0.01905625,4.0E9,3.9961946959380956+0.0675119771517892i,3.9961946959380956,29.596190665201018
0.01905625,4.0E9,3.996389368923312+0.1280478463933989i,3.996389368923312,15.605062800686563
0.01905625,4.0E9,3.9971372479887717+0.15941151070698661i,3.9971372479887717,12.537166325886863
0.01905625,4.0E9,3.9977379162045947+0.16345098011806114i,3.9977379162045947,12.229164711392421
0.01905625,4.0E9,3.997908325043915+0.17357864189552288i,3.997908325043915,11.516129753596815
0.01905625,4.0E9,3.9989403766597222+0.1553376133456464i,3.9989403766597222,12.871771010674532
0.01905625,4.0E9,3.9997336480262433+0.171246718907512i,3.9997336480262433,11.678278198680246
0.01905625,4.0E9,4.001121751518211+0.06543398732141i,4.001121751518211,30.57372716616525
0.01905625,4.0E9,4.00141667403559+0.17025526127682342i,4.00141667403559,11.751227668464118
0.01905625,4.0E9,4.001923417611226+0.12837330854802248i,4.001923417611226,15.587054127042958
0.01905625,4.0E9,4.002067941928288+0.16626594470010692i,4.002067941928288,12.035140296309018
0.01905625,4.0E9,4.002457379351774+0.07210256038306942i,4.002457379351774,27.755306871818114
0.01905625,4.0E9,4.003579418993093+0.16431518213316404i,4.003579418993093,12.18262173652499
0.01905625,4.0E9,4.005384320659721+0.15467849787938223i,4.005384320659721,12.947450277746771
0.01905625,4.0E9,4.005758237273185+0.14903100834865127i,4.005758237273185,13.439344877483135
0.01905625,4.0E9,4.008421797290846+0.1736112332943017i,4.008421797290846,11.544246651643395
0.01905625,4.0E9,4.009607451067899+0.13100957097526414i,4.009607451067899,15.302727202369633
0.01905625,4.0E9,4.0098434667963+0.13406553649074757i,4.0098434667963,14.95478842570789
0.01905625,4.0E9,4.010155746947039+0.14148607996552773i,4.010155746947039,14.17155577398176
0.01905625,4.0E9,4.01192582211664+0.1524168681968991i,4.01192582211664,13.161029581495699
0.01905625,4.0E9,4.012358088780405+0.13645604372142975i,4.012358088780405,14.70201677901308
0.01905625,4.0E9,4.014151160951378+0.16446790865550825i,4.014151160951378,12.203448057941053
0.01905625,4.0E9,4.015044723233925+0.08277471995608421i,4.015044723233925,24.252843895842172
0.01905625,4.0E9,4.015626923532068+0.15199301954243666i,4.015626923532068,13.20990574310848
0.01905625,4.0E9,4.016021852992427+0.1697615366143352i,4.016021852992427,11.828421010691127
0.01905625,4.0E9,4.016545226921029+0.1623743237135673i,4.016545226921029,12.368166145548736
0.01905625,4.0E9,4.016571783659816+0.05840604247845831i,4.016571783659816,34.384899346169824
0.01905625,4.0E9,4.018018778486718+0.15383516629299024i,4.018018778486718,13.059493727312354
0.01905625,4.0E9,4.020411846780338+0.15865656216419455i,4.020411846780338,12.670171948575288
0.01905625,4.0E9,4.0206035082144025+0.13016671085331058i,4.0206035082144025,15.444054327935511
0.01905625,4.0E9,4.021232730973485+0.17494181431552538i,4.021232730973485,11.493057696660163
0.01905625,4.0E9,4.021323457763044+0.14202892464583788i,4.021323457763044,14.15670599418598
0.01905625,4.0E9,4.022388445324572+0.16778979957474618i,4.022388445324572,11.986391471707726
0.01905625,4.0E9,4.022758026516913+0.06739275738428695i,4.022758026516913,29.8456257219032
0.01905625,4.0E9,4.024166945429069+0.15714010239521295i,4.024166945429069,12.804392017348142
0.01905625,4.0E9,4.025380587720343+0.14377004722344341i,4.025380587720343,13.999371445792903
0.01905625,4.0E9,4.025662709442363+0.15945641015316542i,4.025662709442363,12.623082087372731
0.01905625,4.0E9,4.025683305355016+0.14755463965348947i,4.025683305355016,13.641330814160588
0.01905625,4.0E9,4.029096810068734+0.12414111321320742i,4.029096810068734,16.227890606832727
0.01905625,4.0E9,4.02981115297392+0.16208931773959803i,4.02981115297392,12.430835076522278
0.01905625,4.0E9,4.030224286814813+0.06541428307316435i,4.030224286814813,30.80538452364525
0.01905625,4.0E9,4.031264331356688+0.12169937652621224i,4.031264331356688,16.56238695063657
0.01905625,4.0E9,4.0313242336174815+0.1528554352492295i,4.0313242336174815,13.186721908332672
0.01905625,4.0E9,4.031837539147727+0.1443526021150775i,4.031837539147727,13.965240252245527
0.01905625,4.0E9,4.03358125573853+0.17185072236765037i,4.03358125573853,11.735712251209664
0.01905625,4.0E9,4.034970592958425+0.16175513270688605i,4.034970592958425,12.472465403215775
0.01905625,4.0E9,4.035770489995566+0.1562560376040111i,4.035770489995566,12.913966563721337
0.01905625,4.0E9,4.036263943337115+0.1317458691435045i,4.036263943337115,15.318370016370702
0.01905625,4.0E9,4.036591143523077+0.14180216128237058i,4.036591143523077,14.233179194938412
0.01905625,4.0E9,4.039695435464144+0.12407393032227423i,4.039695435464144,16.279388526547393
0.01905625,4.0E9,4.039878279204329+1.8771948747419126E-4i,4.039878279204329,10760.412607028225
0.01905625,4.0E9,4.039885828737362+0.16734803409043097i,4.039885828737362,12.07031158356573
0.01905625,4.0E9,4.039900531246679+0.15876061909191358i,4.039900531246679,12.723245079145856
0.01905625,4.0E9,4.041345157441867+0.15494304881766421i,4.041345157441867,13.041389040297288
0.01905625,4.0E9,4.042028311285164+0.14414671960506567i,4.042028311285164,14.020535196220715
0.01905625,4.0E9,4.042280884861263+0.12206622618906128i,4.042280884861263,16.55773677561068
0.01905625,4.0E9,4.0434991821751405+0.17098181212581454i,4.0434991821751405,11.82435468399349
0.01905625,4.0E9,4.0443338194152005+0.14772940641776058i,4.0443338194152005,13.688316759285968
0.01905625,4.0E9,4.045711481133384+2.813216842755822E-4i,4.045711481133384,7190.543259314151
0.01905625,4.0E9,4.045806400258327+0.16774285084891252i,4.045806400258327,12.059549422772184
0.01905625,4.0E9,4.045865749112906+0.14708360030650397i,4.045865749112906,13.753626307357937
0.01905625,4.0E9,4.046877553765324+0.15264263618005205i,4.046877553765324,13.25605235548921
0.01905625,4.0E9,4.047990328473924+0.14277111241388157i,4.047990328473924,14.176503425774037
0.01905625,4.0E9,4.049038375126594+0.13695658535866295i,4.049038375126594,14.782196725053204
0.01905625,4.0E9,4.049082250565861+0.16926568503442022i,4.049082250565861,11.960729812845644
0.01905625,4.0E9,4.049660704769357+0.15710557880665652i,4.049660704769357,12.888341507442936
0.01905625,4.0E9,4.050248006969705+0.16608024443509561i,4.050248006969705,12.193647777754045
0.01905625,4.0E9,4.051026645114768+0.16174807716232736i,4.051026645114768,12.522642358985305
0.01905625,4.0E9,4.05217654215256+0.15070501703680195i,4.05217654215256,13.44406650099454
0.01905625,4.0E9,4.0525043582807845+0.14753486336133173i,4.0525043582807845,13.734056703450776
0.01905625,4.0E9,4.053907704538301+2.58669076495238E-4i,4.053907704538301,7836.088796282792
0.01905625,4.0E9,4.054345853997139+0.01221431518165401i,4.054345853997139,165.96697373941996
0.01905625,4.0E9,4.0562351041286115+0.16417184564492746i,4.0562351041286115,12.353625824800307
0.01905625,4.0E9,4.056482669048091+0.1494282241379862i,4.056482669048091,13.573348316387076
0.01905625,4.0E9,4.056750248262024+0.13877153255620933i,4.056750248262024,14.616651461346514
0.01905625,4.0E9,4.057590877018459+0.1476116678265118i,4.057590877018459,13.744140069561949
0.01905625,4.0E9,4.057893963854821+0.15221491857782707i,4.057893963854821,13.329488337176459
0.01905625,4.0E9,4.058115127295165+0.15809037891873007i,4.058115127295165,12.834794739094564
0.01905625,4.0E9,4.058195293909381+0.012705129848447325i,4.058195293909381,159.70695861897573
0.01905625,4.0E9,4.058933793592148+0.137070378518228i,4.058933793592148,14.806020956060832
0.01905625,4.0E9,4.059606562095595+0.14813656410082682i,4.059606562095595,13.702243557277619
0.01905625,4.0E9,4.060297789858798+0.15632843334759486i,4.060297789858798,12.986434082758196
0.01905625,4.0E9,4.061798779907266+0.15040496770590586i,4.061798779907266,13.502874412531035
0.01905625,4.0E9,4.062643864904957+0.14422867243634635i,4.062643864904957,14.084036815557452
0.01905625,4.0E9,4.065416641869628+0.14521858926603548i,4.065416641869628,13.997576558266669
0.01905625,4.0E9,4.065421746253494+0.004077421250517789i,4.065421746253494,498.52854248714533
0.01905625,4.0E9,4.066678845502288+0.1630689508764776i,4.066678845502288,12.469200370899362
0.01905625,4.0E9,4.067993453995421+0.1548824873560844i,4.067993453995421,13.132515894591922
0.01905625,4.0E9,4.068276852988399+0.00453007320938423i,4.068276852988399,449.02992346357655
0.01905625,4.0E9,4.0683129873556+4.465967915982094E-4i,4.0683129873556,4554.794239336751
0.01905625,4.0E9,4.0685730231275965+0.16217225734740304i,4.0685730231275965,12.54398591249784
0.01905625,4.0E9,4.069945243386528+0.12691501065286517i,4.069945243386528,16.034136633839722
0.01905625,4.0E9,4.069992014202793+0.14973504619400965i,4.069992014202793,13.590646003238817
0.01905625,4.0E9,4.072519354463175+0.15416111715196953i,4.072519354463175,13.208646349028955
0.01905625,4.0E9,4.072757299687256+0.16077271958673653i,4.072757299687256,12.666195204498024
0.01905625,4.0E9,4.075141958263618+0.13970427805867336i,4.075141958263618,14.5848860711056
0.01905625,4.0E9,4.075252762711423+0.1452152111438292i,4.075252762711423,14.03176957362637
0.01905625,4.0E9,4.077757074319677+0.1582893541165549i,4.077757074319677,12.88070539259721
0.01905625,4.0E9,4.081870003722635+0.1548819694019241i,4.081870003722635,13.177356988307784
0.01905625,4.0E9,4.08365960341415+0.13977095611356036i,4.08365960341415,14.60839832882119
0.01905625,4.0E9,4.084564483848752+0.010997224043753058i,4.084564483848752,185.70888742459408
0.01905625,4.0E9,4.0860858230023265+0.14928681155666856i,4.0860858230023265,13.685354320301991
0.01905625,4.0E9,4.088824547422414+0.04363811080416056i,4.088824547422414,46.849238796934536
0.01905625,4.0E9,4.088907520351707+0.045550231645438546i,4.088907520351707,44.88349864145175
0.01905625,4.0E9,4.090053425516378+0.01194846004891183i,4.090053425516378,171.15399845559455
0.01905625,4.0E9,4.090798102587165+0.14201867910394878i,4.090798102587165,14.402324146364425
0.01905625,4.0E9,4.091683530964827+0.14384323655706527i,4.091683530964827,14.222717831232828
0.01905625,4.0E9,4.093491474586973+6.845326136418365E-4i,4.093491474586973,2989.990099090285
0.01905625,4.0E9,4.094892973271443+0.12482179397066556i,4.094892973271443,16.402956739404765
0.01905625,4.0E9,4.095107551454127+0.13382895787837865i,4.095107551454127,15.29978121467436
0.01905625,4.0E9,4.0969713362070435+0.14595241886013788i,4.0969713362070435,14.035297832689764
0.01905625,4.0E9,4.099084341577219+0.12904173736803856i,4.099084341577219,15.882785001128221
0.01905625,4.0E9,4.09911885859729+0.1257842329717863i,4.09911885859729,16.294247544987343
0.01905625,4.0E9,4.100097849995415+4.153465989723919E-4i,4.100097849995415,4935.754692754747
0.01905625,4.0E9,4.10021300020112+0.13491399204220939i,4.10021300020112,15.195655165693717
0.01905625,4.0E9,4.102585990762716+0.1349571718971624i,4.102585990762716,15.199584924204302
0.01905625,4.0E9,4.105383975046643+0.13693802900529606i,4.105383975046643,14.989933785624546
0.01905625,4.0E9,4.106678626723339+0.12929742399275496i,4.106678626723339,15.880744178451119
0.01905625,4.0E9,4.1067526913811205+0.13889692976645565i,4.1067526913811205,14.783453810988854
0.01905625,4.0E9,4.10736757993331+0.1299681582762123i,4.10736757993331,15.801437961459014
0.01905625,4.0E9,4.107682215873931+0.13450825585567494i,4.107682215873931,15.269256856179164
0.01905625,4.0E9,4.109874442915388+0.1363663939641023i,4.109874442915388,15.069234887876005
0.01905625,4.0E9,4.11170870097021+0.13201076069364998i,4.11170870097021,15.57338462169771
0.01905625,4.0E9,4.112894611706214+0.1356637123652504i,4.112894611706214,15.158418341940168
0.01905625,4.0E9,4.113811637429543+1.7678640164034667E-4i,4.113811637429543,11634.977575364252
0.01905625,4.0E9,4.116898594749243+0.11224660104029316i,4.116898594749243,18.338633671728733
0.01905625,4.0E9,4.118461412402552+3.246474185895062E-4i,4.118461412402552,6342.97575858759
0.01905625,4.0E9,4.122229794783726+0.0054942575298589985i,4.122229794783726,375.1398412234161
0.01905625,4.0E9,4.122846338526093+0.12390715800564414i,4.122846338526093,16.63683682559442
0.01905625,4.0E9,4.129060207849841+0.00608335386055763i,4.129060207849841,339.373666442556
0.01905625,4.0E9,4.159409261945669+0.04645107930555483i,4.159409261945669,44.77193344190248
0.01905625,4.0E9,4.162699660109157+9.418282706660586E-4i,4.162699660109157,2209.9037530298947
0.01905625,4.0E9,4.16502145868983+0.043919822122267596i,4.16502145868983,47.41619225022021
0.01905625,4.0E9,4.16597877132723+0.030252207605721282i,4.16597877132723,68.85412836019547
0.01905625,4.0E9,4.16794193764618+7.305993847840957E-4i,4.16794193764618,2852.412706915895
0.01905625,4.0E9,4.168377239444514+0.030279240874025764i,4.168377239444514,68.83226129721511
0.01905625,4.5E9,4.349019855546538+0.002898849246015654i,4.349019855546538,750.1286694235794
0.01905625,4.5E9,4.352979679292747+0.028002980359988754i,4.352979679292747,77.72350698628449
0.01905625,4.5E9,4.356336682149401+0.0296366203146965i,4.356336682149401,73.49584122433045
0.01905625,4.5E9,4.356908669710326+0.06043188982457869i,4.356908669710326,36.04809217747065
0.01905625,4.5E9,4.363593708332542+0.065771577946878i,4.363593708332542,33.17233556306725
0.01905625,4.5E9,4.385131335423403+0.0170955839336265i,4.385131335423403,128.25333584534604
0.01905625,4.5E9,4.388640886775627+0.018498872497709592i,4.388640886775627,118.61914522949978
0.01905625,4.5E9,4.3907514860089+0.0010423792669382163i,4.3907514860089,2106.1199245193484
0.01905625,4.5E9,4.397545925539274+4.583973339104285E-4i,4.397545925539274,4796.653034634098
0.01905625,4.5E9,4.404906440099452+0.1225056626440473i,4.404906440099452,17.978378897057016
0.01905625,4.5E9,4.406090618108571+0.07124269517385988i,4.406090618108571,30.923104518687822
0.01905625,4.5E9,4.4086118343860825+0.03078107045276497i,4.4086118343860825,71.61238659895389
0.01905625,4.5E9,4.40958610050535+0.12843691730815224i,4.40958610050535,17.16634980394948
0.01905625,4.5E9,4.413641020605674+0.0315115096508823i,4.413641020605674,70.03220520858314
0.01905625,4.5E9,4.415009697471597+0.1268133696030872i,4.415009697471597,17.40750881113767
0.01905625,4.5E9,4.41618124270979+3.477679477139982E-4i,4.41618124270979,6349.321827584905
0.01905625,4.5E9,4.416798720899517+0.11319552781091405i,4.416798720899517,19.509599037682385
0.01905625,4.5E9,4.418966653710802+0.12004733869647469i,4.418966653710802,18.4051004449321
0.01905625,4.5E9,4.42391066574543+0.12467050797472172i,4.42391066574543,17.74241052519985
0.01905625,4.5E9,4.4241937961092646+0.1064937583345783i,4.4241937961092646,20.772080285726652
0.01905625,4.5E9,4.425060206415246+0.13572794132525282i,4.425060206415246,16.301213159238948
0.01905625,4.5E9,4.425155015591399+0.027712990898590088i,4.425155015591399,79.83900099026357
0.01905625,4.5E9,4.425360480565357+0.012110089478759467i,4.425360480565357,182.71378127829828
0.01905625,4.5E9,4.42616528337974+0.13874222176505888i,4.42616528337974,15.951039370246104
0.01905625,4.5E9,4.427393233768819+0.06364363551845487i,4.427393233768819,34.782686420270565
0.01905625,4.5E9,4.4286595950999255+0.12501460642074666i,4.4286595950999255,17.71256864255892
0.01905625,4.5E9,4.428978870933192+0.12663428854399314i,4.428978870933192,17.487281374801388
0.01905625,4.5E9,4.4309601539738335+0.13667498697682326i,4.4309601539738335,16.20984297121322
0.01905625,4.5E9,4.432859070804692+0.03062776871544037i,4.432859070804692,72.3666668634917
0.01905625,4.5E9,4.433776166795685+0.1307686762758623i,4.433776166795685,16.952745462691837
0.01905625,4.5E9,4.433995170958612+0.10783755155734348i,4.433995170958612,20.558678804019394
0.01905625,4.5E9,4.435093846836085+0.012501979498736396i,4.435093846836085,177.3756646811151
0.01905625,4.5E9,4.438503142268484+0.1307688051457197i,4.438503142268484,16.97080254469911
0.01905625,4.5E9,4.439833713347277+0.12718570589989955i,4.439833713347277,17.454137954942876
0.01905625,4.5E9,4.439897705581226+0.11662317041759222i,4.439897705581226,19.035229833331137
0.01905625,4.5E9,4.442311264311203+0.08559280862465181i,4.442311264311203,25.950259932420078
0.01905625,4.5E9,4.443085576382927+0.14094169162380277i,4.443085576382927,15.762140801609915
0.01905625,4.5E9,4.443475601842432+0.09934571628365485i,4.443475601842432,22.363700057057763
0.01905625,4.5E9,4.444704307537954+0.13355426219393687i,4.444704307537954,16.640069116939557
0.01905625,4.5E9,4.446312528072781+0.12573867881410852i,4.446312528072781,17.68076684918166
0.01905625,4.5E9,4.446542998480806+0.11972489624596686i,4.446542998480806,18.569834420009343
0.01905625,4.5E9,4.447521622076582+0.03168127231695492i,4.447521622076582,70.19165104200052
0.01905625,4.5E9,4.447728768323986+6.12957687967105E-4i,4.447728768323986,3628.0879215945806
0.01905625,4.5E9,4.449255237809983+0.1478262749279408i,4.449255237809983,15.048932403859908
0.01905625,4.5E9,4.449361148214035+0.1430110792785724i,4.449361148214035,15.55600157225263
0.01905625,4.5E9,4.450821295500389+0.13063086269049798i,4.450821295500389,17.035871936502723
0.01905625,4.5E9,4.450896824544745+0.11219819418930763i,4.450896824544745,19.834975316246716
0.01905625,4.5E9,4.452114920888435+0.12055675024289304i,4.452114920888435,18.464809775970597
0.01905625,4.5E9,4.453929903360087+0.13472195694326877i,4.453929903360087,16.530081674940448
0.01905625,4.5E9,4.455929676407969+0.14730973724078045i,4.455929676407969,15.124355524185988
0.01905625,4.5E9,4.456233270770174+0.09001067192999614i,4.456233270770174,24.753916259151545
0.01905625,4.5E9,4.4580785622473655+0.13383177124099632i,4.4580785622473655,16.65553149640201
0.01905625,4.5E9,4.458349371147182+0.1396513320494072i,4.458349371147182,15.962430525080364
0.01905625,4.5E9,4.459056278429304+0.15013795071040928i,4.459056278429304,14.849863932904178
0.01905625,4.5E9,4.460159344214352+0.1267991379529743i,4.460159344214352,17.58749868578949
0.01905625,4.5E9,4.46090753525294+0.1195903367467196i,4.46090753525294,18.650785910489983
0.01905625,4.5E9,4.4620785067681865+0.0019500606838055781i,4.4620785067681865,1144.0870901669484
0.01905625,4.5E9,4.4623080927879135+0.1317013190759226i,4.4623080927879135,16.94101518533577
0.01905625,4.5E9,4.462599236647891+0.1401604881071901i,4.462599236647891,15.919605078840204
0.01905625,4.5E9,4.463575539609056+0.0236885851733606i,4.463575539609056,94.21363722111705
0.01905625,4.5E9,4.464498385477048+0.11265803852700525i,4.464498385477048,19.81438006488487
0.01905625,4.5E9,4.464963356988182+0.0025285786137633805i,4.464963356988182,882.899849877083
0.01905625,4.5E9,4.465817601674925+0.12804899762543645i,4.465817601674925,17.43792487442247
0.01905625,4.5E9,4.465958713582659+0.12047879569853562i,4.465958713582659,18.534210471183112
0.01905625,4.5E9,4.467122863313487+0.14264909432417752i,4.467122863313487,15.657733000259073
0.01905625,4.5E9,4.468814953008816+0.14725871636710872i,4.468814953008816,15.17334614634383
0.01905625,4.5E9,4.469843195813421+0.1525310605408574i,4.469843195813421,14.652239288063283
0.01905625,4.5E9,4.470347608459573+0.11153589943296585i,4.470347608459573,20.03994960898798
0.01905625,4.5E9,4.470378743551358+0.15425741618078156i,4.470378743551358,14.489996183756602
0.01905625,4.5E9,4.4703998883716185+0.12181106941023058i,4.4703998883716185,18.34972761513315
0.01905625,4.5E9,4.470402793936335+0.1168115282279964i,4.470402793936335,19.135109615255026
0.01905625,4.5E9,4.471601417150757+0.13026038131365114i,4.471601417150757,17.164088466713775
0.01905625,4.5E9,4.472288383834995+0.1443931700587825i,4.472288383834995,15.486495593989401
0.01905625,4.5E9,4.472415786916907+0.02397014261675521i,4.472415786916907,93.29138875858574
0.01905625,4.5E9,4.4736790156999895+0.15167255668249752i,4.4736790156999895,14.747819623905098
0.01905625,4.5E9,4.475616216438704+0.1408460225832515i,4.475616216438704,15.888330157826253
0.01905625,4.5E9,4.476974544826094+0.14867527469271577i,4.476974544826094,15.056217498434659
0.01905625,4.5E9,4.4774371522770835+0.13336424012570525i,4.4774371522770835,16.786498194931347
0.01905625,4.5E9,4.477835243823278+0.14071976314780293i,4.477835243823278,15.910470369112437
0.01905625,4.5E9,4.4782308740004915+0.11054222800429139i,4.4782308740004915,20.255747305123254
0.01905625,4.5E9,4.480423176163456+0.12715817606509588i,4.480423176163456,17.617519041283668
0.01905625,4.5E9,4.480752542354799+0.1381505726784871i,4.480752542354799,16.216916280118127
0.01905625,4.5E9,4.481850955779933+0.12134153692271209i,4.481850955779933,18.46791737372927
0.01905625,4.5E9,4.482793563359209+0.15188341946650524i,4.482793563359209,14.757350009320133
0.01905625,4.5E9,4.483062034932197+0.1455557459353952i,4.483062034932197,15.399811275475175
0.01905625,4.5E9,4.484885629041227+0.1374631022212334i,4.484885629041227,16.313052581278296
0.01905625,4.5E9,4.48558820766017+0.14711918515411884i,4.48558820766017,15.244742563524822
0.01905625,4.5E9,4.487404920747341+0.05928465817140907i,4.487404920747341,37.84625786129151
0.01905625,4.5E9,4.487636445531976+0.13106083137275784i,4.487636445531976,17.12043330767689
0.01905625,4.5E9,4.48816083328877+0.14899981579347643i,4.48816083328877,15.06096101323258
0.01905625,4.5E9,4.488703100093417+0.003783465567581054i,4.488703100093417,593.1999406252368
0.01905625,4.5E9,4.489755165324745+0.12433924873608117i,4.489755165324745,18.054456701980587
0.01905625,4.5E9,4.491700271839948+0.017602804839511373i,4.491700271839948,127.58478869679472
0.01905625,4.5E9,4.491802887618548+0.14420698766420065i,4.491802887618548,15.574151295907132
0.01905625,4.5E9,4.491859545220294+0.13657077788299055i,4.491859545220294,16.445170829548818
0.01905625,4.5E9,4.491956921019189+0.14032090733409136i,4.491956921019189,16.006014379326405
0.01905625,4.5E9,4.493176387765806+6.837064752541934E-4i,4.493176387765806,3285.895739173233
0.01905625,4.5E9,4.493211108115418+0.11147377796946537i,4.493211108115418,20.153668378164177
0.01905625,4.5E9,4.493421952254109+0.1510669067542586i,4.493421952254109,14.872290857068991
0.01905625,4.5E9,4.494989482263234+0.1330346821084957i,4.494989482263234,16.89405127678424
0.01905625,4.5E9,4.495112749482805+0.09623525526712011i,4.495112749482805,23.354812833434718
0.01905625,4.5E9,4.4956528758455+0.02188762110807619i,4.4956528758455,102.69852657004087
0.01905625,4.5E9,4.496868159893993+0.15471009857203602i,4.496868159893993,14.53320824367572
0.01905625,4.5E9,4.497401795150936+0.061846783805455524i,4.497401795150936,36.35922127574093
0.01905625,4.5E9,4.497629703231629+0.001895403009882211i,4.497629703231629,1186.457360197801
0.01905625,4.5E9,4.498251103478878+0.1429706304161346i,4.498251103478878,15.731381649455322
0.01905625,4.5E9,4.498336751178966+0.1179423374963203i,4.498336751178966,19.070067825810685
0.01905625,4.5E9,4.500139529273724+0.12406753225236808i,4.500139529273724,18.135846855242942
0.01905625,4.5E9,4.501259706840042+0.0013278622490765304i,4.501259706840042,1694.9272072349631
0.01905625,4.5E9,4.501360142263906+0.13210706878987258i,4.501360142263906,17.036787597731422
0.01905625,4.5E9,4.501859772981396+0.12652518582179323i,4.501859772981396,17.790370129636187
0.01905625,4.5E9,4.501860420655976+0.13062785882446276i,4.501860420655976,17.231624483356033
0.01905625,4.5E9,4.502010509201381+0.15495777500901523i,4.502010509201381,14.526571864301292
0.01905625,4.5E9,4.50428174344248+0.13785290355567054i,4.50428174344248,16.33727555699786
0.01905625,4.5E9,4.504565385135381+0.14447885897227142i,4.504565385135381,15.58901218205185
0.01905625,4.5E9,4.505384640388195+0.031190812719476286i,4.505384640388195,72.22294399489832
0.01905625,4.5E9,4.506294203816347+0.12872713496666893i,4.506294203816347,17.50328011643836
0.01905625,4.5E9,4.506386141013762+0.13424732593769056i,4.506386141013762,16.783895357086486
0.01905625,4.5E9,4.50703014279616+0.10828996350769582i,4.50703014279616,20.81000859546813
0.01905625,4.5E9,4.507151630185376+0.14709757334768278i,4.507151630185376,15.320278668133371
0.01905625,4.5E9,4.507293065879962+0.11275474750427705i,4.507293065879962,19.98715426908738
0.01905625,4.5E9,4.507857439935489+0.1526627729023972i,4.507857439935489,14.764101798470294
0.01905625,4.5E9,4.509387092482153+0.14696226617519415i,4.509387092482153,15.341989511465819
0.01905625,4.5E9,4.510160405816579+0.14116718210501195i,4.510160405816579,15.974535789988161
0.01905625,4.5E9,4.510884164699747+0.11388160217916207i,4.510884164699747,19.80514884925435
0.01905625,4.5E9,4.511894010574366+0.03423144832598524i,4.511894010574366,65.90276238983098
0.01905625,4.5E9,4.512121146567939+0.14182524212510467i,4.512121146567939,15.907327493182693
0.01905625,4.5E9,4.513330719879742+0.11832228540308784i,4.513330719879742,19.072192125533256
0.01905625,4.5E9,4.513678482761225+0.1342468608707093i,4.513678482761225,16.811113695642632
0.01905625,4.5E9,4.515220907561372+0.1255207666412874i,4.515220907561372,17.98595176073513
0.01905625,4.5E9,4.515306652311986+0.13110195955862294i,4.515306652311986,17.220591772668897
0.01905625,4.5E9,4.515563057236657+9.204259353783415E-4i,4.515563057236657,2452.97469555795
0.01905625,4.5E9,4.516067230247352+0.11790943183428745i,4.516067230247352,19.150576675640053
0.01905625,4.5E9,4.516660055429867+0.13999822544771529i,4.516660055429867,16.131133237530538
0.01905625,4.5E9,4.518464297862951+0.1486057595027053i,4.518464297862951,15.202857254602888
0.01905625,4.5E9,4.520460010956112+0.15425442057783506i,4.520460010956112,14.65261090742984
0.01905625,4.5E9,4.522037868740903+0.10217425682004656i,4.522037868740903,22.129047029455272
0.01905625,4.5E9,4.522063742419283+0.13743825439239096i,4.522063742419283,16.451255738117258
0.01905625,4.5E9,4.5233645659520745+0.07395571522174718i,4.5233645659520745,30.581575422462738
0.01905625,4.5E9,4.523382113718187+0.11400569439649146i,4.523382113718187,19.83840429052022
0.01905625,4.5E9,4.525661849125912+0.12182238082770888i,4.525661849125912,18.57483747393868
0.01905625,4.5E9,4.526090911611873+0.15092195261210997i,4.526090911611873,14.994806366057777
0.01905625,4.5E9,4.52624176817172+0.14312843379679754i,4.52624176817172,15.811818966026419
0.01905625,4.5E9,4.526925604212685+0.12905981001861888i,4.526925604212685,17.538091848886207
0.01905625,4.5E9,4.528810385353688+0.12533952311942875i,4.528810385353688,18.066170480952152
0.01905625,4.5E9,4.5298639836558205+0.14859237227775354i,4.5298639836558205,15.242585854906658
0.01905625,4.5E9,4.530354139501982+0.15211156016759048i,4.530354139501982,14.891551090892163
0.01905625,4.5E9,4.530544126824968+0.1442495181903551i,4.530544126824968,15.703844919767269
0.01905625,4.5E9,4.531629838529265+0.1264016032928112i,4.531629838529265,17.92552357121483
0.01905625,4.5E9,4.531671755865419+0.1320420608162572i,4.531671755865419,17.159955425761858
0.01905625,4.5E9,4.531956938334004+0.11797605202414344i,4.531956938334004,19.207105427661514
0.01905625,4.5E9,4.534026884458654+0.13766076683401693i,4.534026884458654,16.468115748350836
0.01905625,4.5E9,4.534817311889195+0.1525041090867367i,4.534817311889195,14.86785286982011
0.01905625,4.5E9,4.535472975560619+0.10468198991788223i,4.535472975560619,21.663100687704116
0.01905625,4.5E9,4.5365629291059095+0.126708349847911i,4.5365629291059095,17.901594230179708
0.01905625,4.5E9,4.5374657722267795+0.13470310558742277i,4.5374657722267795,16.842469044939534
0.01905625,4.5E9,4.537680342266057+0.14945888568576923i,4.537680342266057,15.180363219776478
0.01905625,4.5E9,4.5380884317552335+0.01679090506764494i,4.5380884317552335,135.13531323870848
0.01905625,4.5E9,4.538702696664157+0.0013210666454684292i,4.538702696664157,1717.8174591845839
0.01905625,4.5E9,4.5393195045113774+0.14269152978068322i,4.5393195045113774,15.906058024215973
0.01905625,4.5E9,4.540223696731682+0.12077929509658412i,4.540223696731682,18.795538147084653
0.01905625,4.5E9,4.54039181480328+0.13624961939596836i,4.54039181480328,16.662034855334173
0.01905625,4.5E9,4.540691158169934+0.1507598275197773i,4.540691158169934,15.059353784330469
0.01905625,4.5E9,4.542147389212296+0.13203517919909546i,4.542147389212296,17.200519652278448
0.01905625,4.5E9,4.54303191820337+0.0017105773424914222i,4.54303191820337,1327.923562809073
0.01905625,4.5E9,4.5430998302993215+0.12336892307672533i,4.5430998302993215,18.412659027078835
0.01905625,4.5E9,4.544188684578771+0.1366571212323432i,4.544188684578771,16.626241807233676
0.01905625,4.5E9,4.5444599141796065+0.11951710182513249i,4.5444599141796065,19.01175582733207
0.01905625,4.5E9,4.54472454458405+0.016087884465191996i,4.54472454458405,141.24680452601115
0.01905625,4.5E9,4.545410137616026+0.11975403390282072i,4.545410137616026,18.97810866774051
0.01905625,4.5E9,4.545837244469853+0.13202443902490854i,4.545837244469853,17.215893049968603
0.01905625,4.5E9,4.547971983488544+0.13712429003007104i,4.547971983488544,16.583393002403824
0.01905625,4.5E9,4.549075150108421+0.13171634838513008i,4.549075150108421,17.268453027589327
0.01905625,4.5E9,4.54923853638889+0.12238305969950482i,4.54923853638889,18.58606308568741
0.01905625,4.5E9,4.549331226441776+0.14823143787834162i,4.549331226441776,15.345365637536215
0.01905625,4.5E9,4.5498994842049045+3.856187684343857E-4i,4.5498994842049045,5899.478781436808
0.01905625,4.5E9,4.550298193562443+0.07098145588011254i,4.550298193562443,32.05272515999027
0.01905625,4.5E9,4.5511119121684365+0.14478428141730232i,4.5511119121684365,15.716871567884716
0.01905625,4.5E9,4.553638744280106+0.0766996650192717i,4.553638744280106,29.684867222926922
0.01905625,4.5E9,4.553640870015201+4.506841410040671E-4i,4.553640870015201,5051.920464596632
0.01905625,4.5E9,4.554546807905524+0.1360743652542648i,4.554546807905524,16.735506351233102
0.01905625,4.5E9,4.55473665211121+0.12010502599203486i,4.55473665211121,18.96147398699731
0.01905625,4.5E9,4.555379348630045+0.1445665144845767i,4.555379348630045,15.755306008695545
0.01905625,4.5E9,4.556052044817113+0.1277967367357837i,4.556052044817113,17.825384908836238
0.01905625,4.5E9,4.556197846233511+0.09937141014778807i,4.556197846233511,22.92509404595044
0.01905625,4.5E9,4.556649459470177+0.10976827824800264i,4.556649459470177,20.755766293314757
0.01905625,4.5E9,4.556828137970466+0.14192879601996364i,4.556828137970466,16.0532191695951
0.01905625,4.5E9,4.557555477393065+0.10691362774750261i,4.557555477393065,21.31419339804193
0.01905625,4.5E9,4.557849212465358+0.11450297986880432i,4.557849212465358,19.902753699893523
0.01905625,4.5E9,4.558660118587849+0.13190055868720488i,4.558660118587849,17.280670241126376
0.01905625,4.5E9,4.559136361755157+0.1356337365996656i,4.559136361755157,16.806793339373346
0.01905625,4.5E9,4.559149948872155+0.1250357515477362i,4.559149948872155,18.23138539352707
0.01905625,4.5E9,4.559671838243835+0.0010327057816584188i,4.559671838243835,2207.6335386258193
0.01905625,4.5E9,4.561368133643925+0.1273603281927674i,4.561368133643925,17.907335032695677
0.01905625,4.5E9,4.562320667074436+0.13180800498933493i,4.562320667074436,17.306690391997023
0.01905625,4.5E9,4.5623340944468485+0.14386810651831267i,4.5623340944468485,15.855960729788704
0.01905625,4.5E9,4.564862193697522+0.001413590213139642i,4.564862193697522,1614.6341957046998
0.01905625,4.5E9,4.565734895249051+0.12349040729693299i,4.565734895249051,18.48619255206896
0.01905625,4.5E9,4.565910782505136+0.02307381848589109i,4.565910782505136,98.9413777632221
0.01905625,4.5E9,4.566197734001832+0.001282385241916236i,4.566197734001832,1780.3533543394014
0.01905625,4.5E9,4.5673471183102885+0.13581357313176307i,4.5673471183102885,16.814766790205713
0.01905625,4.5E9,4.568089601658537+0.1408394521299516i,4.568089601658537,16.217364994588277
0.01905625,4.5E9,4.569432986083178+0.10757749086016123i,4.569432986083178,21.237867464407273
0.01905625,4.5E9,4.570242158606671+0.1296840114488601i,4.570242158606671,17.620684722607116
0.01905625,4.5E9,4.570245815612258+0.11158823491124953i,4.570245815612258,20.47817056720698
0.01905625,4.5E9,4.57177131930162+0.12119349618193925i,4.57177131930162,18.861454877241687
0.01905625,4.5E9,4.573464225340882+0.13434458133917282i,4.573464225340882,17.021394460988695
0.01905625,4.5E9,4.573812643040621+0.11858577383197132i,4.573812643040621,19.28482858964782
0.01905625,4.5E9,4.574355944149753+0.02648189431287644i,4.574355944149753,86.36761196357352
0.01905625,4.5E9,4.5751345872528715+0.049425981420392485i,4.5751345872528715,46.28268833287378
0.01905625,4.5E9,4.575223499525698+0.12204862286520116i,4.575223499525698,18.743445817405444
0.01905625,4.5E9,4.57621383646857+0.12480924454031994i,4.57621383646857,18.332832048311186
0.01905625,4.5E9,4.577595496225085+0.13014995115371233i,4.577595496225085,17.585851764242154
0.01905625,4.5E9,4.578160358331449+0.1325722985179464i,4.578160358331449,17.266655287385323
0.01905625,4.5E9,4.579265620992049+0.11158331970961713i,4.579265620992049,20.519489978023
0.01905625,4.5E9,4.579318659925458+0.1198243789792378i,4.579318659925458,19.108459809831043
0.01905625,4.5E9,4.580314387318776+0.056400349636288004i,4.580314387318776,40.605372279215445
0.01905625,4.5E9,4.584021541364672+0.1107883081563488i,4.584021541364672,20.68820084740134
0.01905625,4.5E9,4.585261768944239+0.1238149026981441i,4.585261768944239,18.51659884643664
0.01905625,4.5E9,4.587932979061824+0.11867484390123782i,4.587932979061824,19.329846276772606
0.01905625,4.5E9,4.588933039386389+0.1005294423198369i,4.588933039386389,22.823826202012466
0.01905625,4.5E9,4.589669927320149+0.1290135125946362i,4.589669927320149,17.78755509797261
0.01905625,4.5E9,4.590763990810107+0.1130426439010824i,4.590763990810107,20.305452139049578
0.01905625,4.5E9,4.592692757305039+0.10786065459287887i,4.592692757305039,21.289935494273625
0.01905625,4.5E9,4.593109156405085+0.02180234483225483i,4.593109156405085,105.33521031210248
0.01905625,4.5E9,4.594792056111099+0.02660167099499998i,4.594792056111099,86.36284647259059
0.01905625,4.5E9,4.596677823601836+0.12349716021947901i,4.596677823601836,18.610459606652597
0.01905625,4.5E9,4.597144174066193+0.02503980231511448i,4.597144174066193,91.79673457907599
0.01905625,4.5E9,4.600565657898356+0.11906853404178357i,4.600565657898356,19.31898168950297
0.01905625,4.5E9,4.600629456547356+0.11383332217858198i,4.600629456547356,20.20774483472369
0.01905625,4.5E9,4.607481636081863+0.10958785300516533i,4.607481636081863,21.02186286953123
0.01905625,4.5E9,4.614127845702276+0.0014995845166956552i,4.614127845702276,1538.4687539551085
0.01905625,4.5E9,4.617303543088989+0.09962076828836763i,4.617303543088989,23.174402398320666
0.01905625,4.5E9,4.618829642194558+0.06035356553167167i,4.618829642194558,38.26476200292375
0.01905625,4.5E9,4.621849169830869+0.026394517437113886i,4.621849169830869,87.55320457823542
0.01905625,4.5E9,4.62652631690245+0.02445337017529979i,4.62652631690245,94.59895065048494
0.01905625,4.5E9,4.626784630766016+0.07005744929104647i,4.626784630766016,33.02136088015791
0.01905625,4.5E9,4.628582247777635+0.001325305017632494i,4.628582247777635,1746.2328242165977
0.01905625,4.5E9,4.63254611122842+0.025071527631148338i,4.63254611122842,92.38659445452062
0.01905625,4.5E9,4.6376694703997225+0.02256677800145244i,4.6376694703997225,102.75435576361927
0.01905625,5.0E9,4.866452824920869+0.024082410579671382i,4.866452824920869,101.03749391742316
0.01905625,5.0E9,4.869031874616702+0.03166424710646139i,4.869031874616702,76.8853252415266
0.01905625,5.0E9,4.873648198702333+0.04952601772180741i,4.873648198702333,49.20290811668023
0.01905625,5.0E9,4.873706012290995+0.028012009852310137i,4.873706012290995,86.99315111602145
0.01905625,5.0E9,4.876074567612115+0.001863927735223116i,4.876074567612115,1308.0106260204443
0.01905625,5.0E9,4.881892408771295+0.039178576882729965i,4.881892408771295,62.30308496635629
0.01905625,5.0E9,4.890628381216901+0.0016372859561781018i,4.890628381216901,1493.5168663612799
0.01905625,5.0E9,4.890794088255443+0.02782055159168474i,4.890794088255443,87.89894176140722
0.01905625,5.0E9,4.897040802668547+9.556998841332237E-4i,4.897040802668547,2562.018100017842
0.01905625,5.0E9,4.897730262874471+0.0031120523912280037i,4.897730262874471,786.8971416869119
0.01905625,5.0E9,4.901971117232656+0.008113536651109955i,4.901971117232656,302.08596620821646
0.01905625,5.0E9,4.902910408115406+0.07630389104393223i,4.902910408115406,32.12752548420197
0.01905625,5.0E9,4.9038675892666275+0.0986062408183428i,4.9038675892666275,24.865908833806827
0.01905625,5.0E9,4.9060862291777525+0.00849799955037674i,4.9060862291777525,288.6612431604714
0.01905625,5.0E9,4.906961494577918+0.08280622026228461i,4.906961494577918,29.629184130342864
0.01905625,5.0E9,4.909586751667075+0.10060947447097239i,4.909586751667075,24.399226700481265
0.01905625,5.0E9,4.912366442521679+0.0019963975290774702i,4.912366442521679,1230.3076844599357
0.01905625,5.0E9,4.913061287439208+0.03554678398507098i,4.913061287439208,69.10697307388773
0.01905625,5.0E9,4.916446116762084+0.10270998300345092i,4.916446116762084,23.933633192193682
0.01905625,5.0E9,4.917582844481665+0.035101526423489265i,4.917582844481665,70.04799143422596
0.01905625,5.0E9,4.918713824636176+0.10957375362603498i,4.918713824636176,22.444762828073262
0.01905625,5.0E9,4.921840918820691+0.09123825847881656i,4.921840918820691,26.97246199610129
0.01905625,5.0E9,4.922321101059009+0.1075374219184232i,4.922321101059009,22.886549692408618
0.01905625,5.0E9,4.9227655139071+0.103797173845618i,4.9227655139071,23.713388965815877
0.01905625,5.0E9,4.923160360753352+0.08380716471352147i,4.923160360753352,29.37195392292664
0.01905625,5.0E9,4.923825680755106+0.11050636037571139i,4.923825680755106,22.278471863585747
0.01905625,5.0E9,4.924491527982325+0.0012779260537239985i,4.924491527982325,1926.7513615642652
0.01905625,5.0E9,4.925559999813535+0.061979979511379575i,4.925559999813535,39.73508896456798
0.01905625,5.0E9,4.926691370133513+0.044880646410263125i,4.926691370133513,54.88659103856954
0.01905625,5.0E9,4.927072465473189+0.11723734763720892i,4.927072465473189,21.013237525297907
0.01905625,5.0E9,4.927749658417216+0.1061899002123445i,4.927749658417216,23.20253455631541
0.01905625,5.0E9,4.927956993433087+0.1015182484429913i,4.927956993433087,24.27128653722013
0.01905625,5.0E9,4.928388510757998+0.007906191925360942i,4.928388510757998,311.6790331732936
0.01905625,5.0E9,4.933669615208138+0.10674092592516564i,4.933669615208138,23.110487249600283
0.01905625,5.0E9,4.93478446627916+0.008108013244231726i,4.93478446627916,304.31526920543126
0.01905625,5.0E9,4.935504636218621+0.11266567412078216i,4.935504636218621,21.903320042835585
0.01905625,5.0E9,4.9363429948492+8.600294249246834E-4i,4.9363429948492,2869.868664831728
0.01905625,5.0E9,4.936485033096666+0.11794213291745015i,4.936485033096666,20.927572322911107
0.01905625,5.0E9,4.938913656965666+0.10782824817667391i,4.938913656965666,22.901761553583707
0.01905625,5.0E9,4.943158477038744+0.12164320981389432i,4.943158477038744,20.318267187298964
0.01905625,5.0E9,4.943230216561892+0.08564951639759867i,4.943230216561892,28.857315396940663
0.01905625,5.0E9,4.944629495138627+0.11663289067523842i,4.944629495138627,21.197406094078698
0.01905625,5.0E9,4.9453126139312635+0.09852443999873942i,4.9453126139312635,25.096882631327503
0.01905625,5.0E9,4.94682410856521+0.013458241766927817i,4.94682410856521,183.784189429614
0.01905625,5.0E9,4.946950456643343+0.11550444342330722i,4.946950456643343,21.41454609894738
0.01905625,5.0E9,4.947547331125208+0.015306860975615741i,4.947547331125208,161.61208163472543
0.01905625,5.0E9,4.947775791423868+0.08835920702242024i,4.947775791423868,27.99807715662511
0.01905625,5.0E9,4.948316650499523+0.11536864816977342i,4.948316650499523,21.44567319198242
0.01905625,5.0E9,4.948317518221415+0.12608376660476195i,4.948317518221415,19.623134886717956
0.01905625,5.0E9,4.9491966886364045+0.11879157626167257i,4.9491966886364045,20.83142948509403
0.01905625,5.0E9,4.949231882711049+0.06666512966804193i,4.949231882711049,37.12009492335558
0.01905625,5.0E9,4.95119754176864+0.11978051312212218i,4.95119754176864,20.66779233413639
0.01905625,5.0E9,4.952080696464192+0.10889235620612883i,4.952080696464192,22.738422002229903
0.01905625,5.0E9,4.952107022445903+0.03523999236855401i,4.952107022445903,70.26260066481821
0.01905625,5.0E9,4.953363315644215+0.12814685431640774i,4.953363315644215,19.32690171002502
0.01905625,5.0E9,4.953704572751145+0.10534333172915963i,4.953704572751145,23.51218862854673
0.01905625,5.0E9,4.953735613737584+8.155151834996468E-4i,4.953735613737584,3037.1817189714707
0.01905625,5.0E9,4.954386132448391+0.10043039787965051i,4.954386132448391,24.665769712400305
0.01905625,5.0E9,4.956332931736762+0.11358505155969055i,4.956332931736762,21.817716608299197
0.01905625,5.0E9,4.956853916484718+0.10744502967837073i,4.956853916484718,23.066929812029077
0.01905625,5.0E9,4.958072158727815+0.1202699817581766i,4.958072158727815,20.612259544101654
0.01905625,5.0E9,4.958687314260279+0.12639282067670246i,4.958687314260279,19.616174746760343
0.01905625,5.0E9,4.960581020406088+0.09429160891560626i,4.960581020406088,26.304466948092664
0.01905625,5.0E9,4.9627311756637384+0.11296156246529782i,4.9627311756637384,21.96645950780075
0.01905625,5.0E9,4.963431477038308+0.10092479219759916i,4.963431477038308,24.589753265582548
0.01905625,5.0E9,4.963536633769799+0.12410096035650521i,4.963536633769799,19.99797833760122
0.01905625,5.0E9,4.96416003909511+0.13067665764226338i,4.96416003909511,18.99405803860109
0.01905625,5.0E9,4.965360258552354+0.1265239704620255i,4.965360258552354,19.622211666376064
0.01905625,5.0E9,4.965530979251435+0.1203917601126735i,4.965530979251435,20.62238717418967
0.01905625,5.0E9,4.965689184377746+0.11677148889740487i,4.965689184377746,21.262421295067103
0.01905625,5.0E9,4.967458335668475+0.12835910345309856i,4.967458335668475,19.349848207235045
0.01905625,5.0E9,4.968421658133586+0.12472322067811842i,4.968421658133586,19.91778929023941
0.01905625,5.0E9,4.968593139437054+0.04005260000250116i,4.968593139437054,62.02585024601125
0.01905625,5.0E9,4.969233088522798+0.0998504826927763i,4.969233088522798,24.883370387964572
0.01905625,5.0E9,4.969290520452434+0.11549105662439964i,4.969290520452434,21.513746023701106
0.01905625,5.0E9,4.969743625718187+0.11032751202207626i,4.969743625718187,22.522685115584558
0.01905625,5.0E9,4.97054687720611+0.12801535434090122i,4.97054687720611,19.413869933014777
0.01905625,5.0E9,4.97178409851847+0.0010250008959668587i,4.97178409851847,2425.2584159103126
0.01905625,5.0E9,4.971952229645688+0.11939156721313036i,4.971952229645688,20.822041060781412
0.01905625,5.0E9,4.972717569775993+0.13308237077779034i,4.972717569775993,18.68285611652882
0.01905625,5.0E9,4.9764452995721555+0.11138378168672636i,4.9764452995721555,22.3391827078053
0.01905625,5.0E9,4.976975995045289+0.13110547746716358i,4.976975995045289,18.98080877777137
0.01905625,5.0E9,4.977328726564259+0.09655049670493591i,4.977328726564259,25.77578001372315
0.01905625,5.0E9,4.979711025398303+0.10798977984584725i,4.979711025398303,23.05639956163777
0.01905625,5.0E9,4.980280023151913+0.11679995697187298i,4.980280023151913,21.319699733927266
0.01905625,5.0E9,4.981286717316363+0.12860983380496666i,4.981286717316363,19.365885834478057
0.01905625,5.0E9,4.981420746039607+0.12433029261849055i,4.981420746039607,20.033013037800753
0.01905625,5.0E9,4.981499850757535+0.11127908868630537i,4.981499850757535,22.382910884543335
0.01905625,5.0E9,4.982604419066109+0.12066581785216925i,4.982604419066109,20.646296141507214
0.01905625,5.0E9,4.983764507598492+0.13247431927420683i,4.983764507598492,18.810304272191292
0.01905625,5.0E9,4.986109279181485+0.11485427946770421i,4.986109279181485,21.70624073517228
0.01905625,5.0E9,4.987783626623786+0.0019182129778324965i,4.987783626623786,1300.1120533184435
0.01905625,5.0E9,4.9880573034784526+0.09585974233155571i,4.9880573034784526,26.01747710851322
0.01905625,5.0E9,4.9887427056891465+0.10821958006064651i,4.9887427056891465,23.04916865734206
0.01905625,5.0E9,4.989928005001713+0.13032940331110424i,4.989928005001713,19.143523557345116
0.01905625,5.0E9,4.990093877090048+0.13642395775162686i,4.990093877090048,18.288920653419986
0.01905625,5.0E9,4.990118675499795+0.11304124432242213i,4.990118675499795,22.072114940926863
0.01905625,5.0E9,4.9906728467646495+0.11622155108757706i,4.9906728467646495,21.470513859361592
0.01905625,5.0E9,4.990929643344489+0.10360664812422804i,4.990929643344489,24.085952657015735
0.01905625,5.0E9,4.991438296515818+0.0022583327573612528i,4.991438296515818,1105.1157718555303
0.01905625,5.0E9,4.992665988996088+0.11119024746579262i,4.992665988996088,22.451006732996383
0.01905625,5.0E9,4.993274994524357+0.11028546478668591i,4.993274994524357,22.637955981698703
0.01905625,5.0E9,4.993932971379888+0.13295796568360632i,4.993932971379888,18.78011951259735
0.01905625,5.0E9,4.994430179071074+0.11959341406613896i,4.994430179071074,20.88087466216574
0.01905625,5.0E9,4.994453542216224+0.0023824603381535116i,4.994453542216224,1048.171392873448
0.01905625,5.0E9,4.994673598540548+0.13625695507837707i,4.994673598540548,18.328141839319454
0.01905625,5.0E9,4.995536894757988+0.12484880159478268i,4.995536894757988,20.0063470011183
0.01905625,5.0E9,4.995610789009726+0.129270246750918i,4.995610789009726,19.322353420719566
0.01905625,5.0E9,4.996347283720334+0.10946494057892185i,4.996347283720334,22.82167814323197
0.01905625,5.0E9,4.997029052811849+0.13082054618652308i,4.997029052811849,19.09879295904757
0.01905625,5.0E9,4.998315753489753+0.12129018506870418i,4.998315753489753,20.604782450692458
0.01905625,5.0E9,5.000516141046075+0.13091754237960623i,5.000516141046075,19.097960632909928
0.01905625,5.0E9,5.000549402119016+0.09769734701588749i,5.000549402119016,25.592042951308745
0.01905625,5.0E9,5.0006021160717+0.1235714221101483i,5.0006021160717,20.233651238610395
0.01905625,5.0E9,5.001191960108394+0.12552741509124285i,5.001191960108394,19.92071595066762
0.01905625,5.0E9,5.001499922091857+0.13720956960053105i,5.001499922091857,18.22576929820972
0.01905625,5.0E9,5.003162735304572+0.05496032693923118i,5.003162735304572,45.51612966964784
0.01905625,5.0E9,5.004608591484222+0.12027755591046435i,5.004608591484222,20.804415892893996
0.01905625,5.0E9,5.005546586728379+0.11087966078632816i,5.005546586728379,22.57197826558277
0.01905625,5.0E9,5.006473702453353+0.0022291827061651837i,5.006473702453353,1122.9392926401006
0.01905625,5.0E9,5.0071562848333935+0.02688026071261471i,5.0071562848333935,93.13816443907427
0.01905625,5.0E9,5.007315669899784+0.0016237154735680027i,5.007315669899784,1541.9313763440812
0.01905625,5.0E9,5.007981190280081+0.1341845098174909i,5.007981190280081,18.660802193530436
0.01905625,5.0E9,5.008190277478369+0.10183623583643013i,5.008190277478369,24.589431435400606
0.01905625,5.0E9,5.008706409749003+0.1201184626989758i,5.008706409749003,20.8490281061169
0.01905625,5.0E9,5.0088449406167594+0.01301230512250973i,5.0088449406167594,192.465704325979
0.01905625,5.0E9,5.009249014106788+0.1277209044934811i,5.009249014106788,19.61013756507832
0.01905625,5.0E9,5.00945590678006+0.11704559603154162i,5.00945590678006,21.399591597748387
0.01905625,5.0E9,5.010043303146887+0.10592821941769587i,5.010043303146887,23.648293772367197
0.01905625,5.0E9,5.010864033757298+0.11365746372813512i,5.010864033757298,22.043708654906812
0.01905625,5.0E9,5.011164423587178+0.12256827457497554i,5.011164423587178,20.442338937070648
0.01905625,5.0E9,5.01202287393626+0.12882809996043162i,5.01202287393626,19.45236666331203
0.01905625,5.0E9,5.012164792198527+0.11380522935241284i,5.012164792198527,22.02080177123364
0.01905625,5.0E9,5.012537386619961+0.06649031240591599i,5.012537386619961,37.69374218020647
0.01905625,5.0E9,5.013204540430944+0.02785783889569828i,5.013204540430944,89.97834611652286
0.01905625,5.0E9,5.015614001400265+0.009552275439833627i,5.015614001400265,262.5350385356781
0.01905625,5.0E9,5.015736317362873+0.1295641176157836i,5.015736317362873,19.356193711891777
0.01905625,5.0E9,5.015958535262817+0.1158402338166246i,5.015958535262817,21.65032981201977
0.01905625,5.0E9,5.016038853523969+0.10754837673789511i,5.016038853523969,23.31991893168457
0.01905625,5.0E9,5.018284017700189+0.002281856073910329i,5.018284017700189,1099.6057277838188
0.01905625,5.0E9,5.0196791933818306+0.025797593205715324i,5.0196791933818306,97.28968034641593
0.01905625,5.0E9,5.019728881197087+0.13487209080351825i,5.019728881197087,18.609220229668686
0.01905625,5.0E9,5.020590708968322+0.0013652095123591525i,5.020590708968322,1838.761986170343
0.01905625,5.0E9,5.020653109784032+0.12799646186703317i,5.020653109784032,19.61246833134984
0.01905625,5.0E9,5.020904234211184+0.10501473000320716i,5.020904234211184,23.90571415104265
0.01905625,5.0E9,5.021021623997577+0.10212855403930478i,5.021021623997577,24.581869738727562
0.01905625,5.0E9,5.021426561585838+0.1224063339101804i,5.021426561585838,20.511301993859533
0.01905625,5.0E9,5.021613671235153+0.012239821207123702i,5.021613671235153,205.13427386964293
0.01905625,5.0E9,5.021985844160986+0.05195466332956464i,5.021985844160986,48.33046277583365
0.01905625,5.0E9,5.0220043730255+0.10827352382350122i,5.0220043730255,23.19128534696981
0.01905625,5.0E9,5.023387324021948+0.13026285506944532i,5.023387324021948,19.281733543088304
0.01905625,5.0E9,5.023663743005978+0.13657417511005845i,5.023663743005978,18.39170450400909
0.01905625,5.0E9,5.0238369477090545+0.11896307219845188i,5.0238369477090545,21.115110995655808
0.01905625,5.0E9,5.024999508960297+0.0924755554861925i,5.024999508960297,27.169339413757715
0.01905625,5.0E9,5.025989181780095+0.11032941626769485i,5.025989181780095,22.7771946585189
0.01905625,5.0E9,5.026752545270983+0.09586713896300374i,5.026752545270983,26.217286755636188
0.01905625,5.0E9,5.026858254079857+0.11769377780642591i,5.026858254079857,21.355667001987417
0.01905625,5.0E9,5.027222640157217+0.13252454569612754i,5.027222640157217,18.96713779983219
0.01905625,5.0E9,5.030344301413405+0.12153265137917066i,5.030344301413405,20.695443752474365
0.01905625,5.0E9,5.0319648479631205+0.12937085224457245i,5.0319648479631205,19.44783063827358
0.01905625,5.0E9,5.032112069320716+0.11859969338328595i,5.032112069320716,21.214692575376773
0.01905625,5.0E9,5.032878316644774+0.004549043049696401i,5.032878316644774,553.1798953826853
0.01905625,5.0E9,5.032944835511431+0.10936421228921193i,5.032944835511431,23.010017308961583
0.01905625,5.0E9,5.032974127206488+0.12439762774121066i,5.032974127206488,20.229381454430886
0.01905625,5.0E9,5.0346171560928275+0.13338776083648357i,5.0346171560928275,18.87211062139587
0.01905625,5.0E9,5.03533675437063+0.11602966638769856i,5.03533675437063,21.698488460467015
0.01905625,5.0E9,5.035512189647632+0.12465738363214886i,5.035512189647632,20.197408460404205
0.01905625,5.0E9,5.036668755659286+0.10535127722709844i,5.036668755659286,23.904165607798415
0.01905625,5.0E9,5.038039181147103+0.10031038393100535i,5.038039181147103,25.1122515123276
0.01905625,5.0E9,5.038476442306287+0.049144722235574395i,5.038476442306287,51.261622948588816
0.01905625,5.0E9,5.038479154956509+0.020986991838117388i,5.038479154956509,120.03814538597733
0.01905625,5.0E9,5.039012271212811+0.11361980681664706i,5.039012271212811,22.174884874362053
0.01905625,5.0E9,5.039367546913908+0.08419789273733917i,5.039367546913908,29.92573438051796
0.01905625,5.0E9,5.039926366156743+0.1302484934442201i,5.039926366156743,19.347349949637344
0.01905625,5.0E9,5.040585417559017+0.12123871481630112i,5.040585417559017,20.78785404974157
0.01905625,5.0E9,5.04095702622009+0.10590740080409912i,5.04095702622009,23.798889350256726
0.01905625,5.0E9,5.042572662835189+0.10969132406607619i,5.042572662835189,22.98528486992111
0.01905625,5.0E9,5.042661301897129+0.12691564338740885i,5.042661301897129,19.866192879409084
0.01905625,5.0E9,5.04304548041666+0.10447717338880279i,5.04304548041666,24.134676105992074
0.01905625,5.0E9,5.043667522410416+0.12711645429414523i,5.043667522410416,19.838767335106194
0.01905625,5.0E9,5.044157381389122+0.01738987115829054i,5.044157381389122,145.03147652662005
0.01905625,5.0E9,5.044950381421283+0.019514993755664838i,5.044950381421283,129.25831400680894
0.01905625,5.0E9,5.045452124631424+0.12003403913221548i,5.045452124631424,21.0167555849468
0.01905625,5.0E9,5.045880725868131+0.12528498452035863i,5.045880725868131,20.137611642711192
0.01905625,5.0E9,5.046639598592668+0.02273191414908562i,5.046639598592668,111.00340177018631
0.01905625,5.0E9,5.047476543455634+0.019599857420620388i,5.047476543455634,128.76309340254036
0.01905625,5.0E9,5.0475039297577275+0.11286786424535224i,5.0475039297577275,22.360234968145853
0.01905625,5.0E9,5.048886650694587+0.09924516773156777i,5.048886650694587,25.4364356779088
0.01905625,5.0E9,5.049276938275663+0.10456385303330776i,5.049276938275663,24.14446671483724
0.01905625,5.0E9,5.049915488061548+0.11904586033839282i,5.049915488061548,21.20995838791434
0.01905625,5.0E9,5.051253373417286+0.12588200825340903i,5.051253373417286,20.063444504510805
0.01905625,5.0E9,5.051704891180186+0.099024754313583i,5.051704891180186,25.50728313439125
0.01905625,5.0E9,5.0521995652750515+0.03438019736675511i,5.0521995652750515,73.47542993107446
0.01905625,5.0E9,5.052949558005003+0.020698965531855847i,5.052949558005003,122.05802145591478
0.01905625,5.0E9,5.053744641205927+0.12669640865893148i,5.053744641205927,19.94430897726027
0.01905625,5.0E9,5.054089899912799+0.1128045976963124i,5.054089899912799,22.401967664115954
0.01905625,5.0E9,5.05552391305655+0.126824342023273i,5.05552391305655,19.931204973761393
0.01905625,5.0E9,5.055906711984666+0.10167496824139795i,5.055906711984666,24.863084785927207
0.01905625,5.0E9,5.05678916181541+0.11866474918221841i,5.05678916181541,21.30704019797126
0.01905625,5.0E9,5.056821762674602+0.10895704746816004i,5.056821762674602,23.20557449095861
0.01905625,5.0E9,5.058181862831878+0.09045153599528358i,5.058181862831878,27.960729506548276
0.01905625,5.0E9,5.060209773042396+0.10470349456225177i,5.060209773042396,24.164474138128373
0.01905625,5.0E9,5.060820146563929+0.11292287542888178i,5.060820146563929,22.408303575971217
0.01905625,5.0E9,5.061085428928252+0.1207319000540586i,5.061085428928252,20.960017305542753
0.01905625,5.0E9,5.06494368011436+0.11360311413348309i,5.06494368011436,22.292274814593007
0.01905625,5.0E9,5.065841755000971+0.10057337079975798i,5.065841755000971,25.184806448851575
0.01905625,5.0E9,5.066142668945203+0.10764985926184853i,5.066142668945203,23.530651612940197
0.01905625,5.0E9,5.06632973122173+0.001966397258364775i,5.06632973122173,1288.2264022873
0.01905625,5.0E9,5.066961347350474+0.11255062567495004i,5.066961347350474,22.509698710978416
0.01905625,5.0E9,5.068215371190079+0.12014352443095065i,5.068215371190079,21.09233683294726
0.01905625,5.0E9,5.071710781719871+0.10619306866949627i,5.071710781719871,23.879669573842488
0.01905625,5.0E9,5.072812775591429+0.10241806240750369i,5.072812775591429,24.765225275438173
0.01905625,5.0E9,5.072850539412671+0.11309201450532282i,5.072850539412671,22.427978498755586
0.01905625,5.0E9,5.074190926239167+0.006940953367370596i,5.074190926239167,365.5255018779498
0.01905625,5.0E9,5.075857738322916+0.09412247853458713i,5.075857738322916,26.964110047621052
0.01905625,5.0E9,5.077081974640462+0.09099800451118079i,5.077081974640462,27.896666536334045
0.01905625,5.0E9,5.077234125021574+0.11294312470884323i,5.077234125021574,22.476950846322907
0.01905625,5.0E9,5.077718814926383+0.09582681599310787i,5.077718814926383,26.494247785982928
0.01905625,5.0E9,5.078048686130797+0.009949293042509116i,5.078048686130797,255.1964579007999
0.01905625,5.0E9,5.078664671806411+0.022155616716747723i,5.078664671806411,114.61348011060737
0.01905625,5.0E9,5.081470303355448+0.10114292334851592i,5.081470303355448,25.120246355970142
0.01905625,5.0E9,5.083207020061262+0.001690194046188419i,5.083207020061262,1503.7347432161635
0.01905625,5.0E9,5.084056240104115+0.10534638389724356i,5.084056240104115,24.130188678631715
0.01905625,5.0E9,5.085675070804306+0.10789005751996339i,5.085675070804306,23.56878468557346
0.01905625,5.0E9,5.0872143824026415+0.09449961080508218i,5.0872143824026415,26.91658906879356
0.01905625,5.0E9,5.087324168420077+0.10706642076302376i,5.087324168420077,23.757795077880402
0.01905625,5.0E9,5.088032806786405+0.002023504694040505i,5.088032806786405,1257.2327659459722
0.01905625,5.0E9,5.092415913646117+0.02261941693540929i,5.092415913646117,112.56735591787637
0.01905625,5.0E9,5.093518058944489+0.08712550421136753i,5.093518058944489,29.230924429358552
0.01905625,5.0E9,5.094636209775517+0.09254762571884317i,5.094636209775517,27.524402545197997
0.01905625,5.0E9,5.09543328930132+0.001159296324574564i,5.09543328930132,2197.6405778614157
0.01905625,5.0E9,5.100027736800137+0.0016372196901757348i,5.100027736800137,1557.5269975688827
0.01905625,5.0E9,5.101705045953913+0.08269760810410241i,5.101705045953913,30.845541744881682
0.01905625,5.0E9,5.1094389995930225+0.05149805102085239i,5.1094389995930225,49.608081260435746
0.01905625,5.0E9,5.112734910655103+0.025334200027112914i,5.112734910655103,100.90578950950498
0.01905625,5.0E9,5.115689394197944+0.0013761116732987683i,5.115689394197944,1858.7479103112275
0.01905625,5.0E9,5.117384276537903+0.04385089744173945i,5.117384276537903,58.34982377882788
0.01905625,5.0E9,5.11996587951481+0.0259717402964452i,5.11996587951481,98.56801702686803
0.01905625,5.0E9,5.128024625313893+0.0018693505964973737i,5.128024625313893,1371.605902852664
0.01905625,5.0E9,5.1282608958245595+0.0012079122370444245i,5.1282608958245595,2122.778765936102
0.01905625,5.5E9,5.382045163544854+0.013895937972386694i,5.382045163544854,193.65533921638763
0.01905625,5.5E9,5.383310454786378+0.003253072372016553i,5.383310454786378,827.4194114300182
0.01905625,5.5E9,5.403370206798292+0.003458103749296023i,5.403370206798292,781.2620150419538
0.01905625,5.5E9,5.410428949102611+0.007203124799032658i,5.410428949102611,375.56123904928063
0.01905625,5.5E9,5.4108072489494194+0.004395800336874103i,5.4108072489494194,615.4518897913705
0.01905625,5.5E9,5.413284617700505+0.0053287001138768485i,5.413284617700505,507.93669206523583
0.01905625,5.5E9,5.414118595411926+0.08126592021563629i,5.414118595411926,33.311125875679195
0.01905625,5.5E9,5.415041018252404+0.0537529590714373i,5.415041018252404,50.36970161080669
0.01905625,5.5E9,5.415529724068609+0.00755487762278032i,5.415529724068609,358.41280259385616
0.01905625,5.5E9,5.418200262583287+0.004884437023851363i,5.418200262583287,554.6391770561772
0.01905625,5.5E9,5.420331763402801+0.08607441979713527i,5.420331763402801,31.486310196326187
0.01905625,5.5E9,5.42112778154103+0.005532499274038014i,5.42112778154103,489.9347937540987
0.01905625,5.5E9,5.421388430285501+0.08791220343611993i,5.421388430285501,30.834106178585724
0.01905625,5.5E9,5.4246955780853146+0.002433029305578969i,5.4246955780853146,1114.8027616532227
0.01905625,5.5E9,5.425474673122867+0.09791046719441027i,5.425474673122867,27.706305712698143
0.01905625,5.5E9,5.425685203325166+0.09196414286616486i,5.425685203325166,29.498916829036016
0.01905625,5.5E9,5.42660702239832+0.08804969511509891i,5.42660702239832,30.815592349891947
0.01905625,5.5E9,5.428239973779297+0.0884677417524515i,5.428239973779297,30.679205020110494
0.01905625,5.5E9,5.428327147799695+0.0035247431614620537i,5.428327147799695,770.0315879963348
0.01905625,5.5E9,5.43048458060496+0.09971681117435009i,5.43048458060496,27.229533900307025
0.01905625,5.5E9,5.43085895137118+0.08178042998163904i,5.43085895137118,33.203903137893086
0.01905625,5.5E9,5.430960483802089+0.09666276362652704i,5.430960483802089,28.092309179083298
0.01905625,5.5E9,5.431749646318323+0.020963366415430378i,5.431749646318323,129.5533727426576
0.01905625,5.5E9,5.431912357437649+0.003528077058108858i,5.431912357437649,769.8120347106728
0.01905625,5.5E9,5.4324510041406+0.05803023586942535i,5.4324510041406,46.80707326749658
0.01905625,5.5E9,5.434203567174994+0.0843995837554943i,5.434203567174994,32.19330786581773
0.01905625,5.5E9,5.435167767647307+0.0038161668080811074i,5.435167767647307,712.1239768840563
0.01905625,5.5E9,5.436248798983697+0.02900639042595317i,5.436248798983697,93.70777816807689
0.01905625,5.5E9,5.439141588223888+0.09836582387143827i,5.439141588223888,27.64751706513795
0.01905625,5.5E9,5.440749777735543+0.08184627881013751i,5.440749777735543,33.237612368160896
0.01905625,5.5E9,5.441740914668042+0.09850759551881907i,5.441740914668042,27.6209204275443
0.01905625,5.5E9,5.441920411541507+0.07236439529366699i,5.441920411541507,37.60081452665548
0.01905625,5.5E9,5.441964417659796+0.003412403450291477i,5.441964417659796,797.3799840688475
0.01905625,5.5E9,5.4427596328482535+0.09634357042228706i,5.4427596328482535,28.246615778260516
0.01905625,5.5E9,5.445553590106791+0.1060044940591152i,5.445553590106791,25.6854845562962
0.01905625,5.5E9,5.446253935062956+0.09921554963392498i,5.446253935062956,27.44657442889732
0.01905625,5.5E9,5.446607596985262+0.058817553427692654i,5.446607596985262,46.30086835965599
0.01905625,5.5E9,5.44808147579689+0.09283831788374469i,5.44808147579689,29.34177180277632
0.01905625,5.5E9,5.448416807152627+0.09861002112469061i,5.448416807152627,27.62608072187309
0.01905625,5.5E9,5.45021238483907+0.09485353952369383i,5.45021238483907,28.729620487581496
0.01905625,5.5E9,5.451104301237735+0.11033500540003245i,5.451104301237735,24.702515223859006
0.01905625,5.5E9,5.4512416924347065+0.04589469404138971i,5.4512416924347065,59.388582997400015
0.01905625,5.5E9,5.452581764460732+0.09586389055732442i,5.452581764460732,28.439184622911863
0.01905625,5.5E9,5.453115050548455+0.0030393010554319957i,5.453115050548455,897.1001804514176
0.01905625,5.5E9,5.453334859850634+0.11247022480596193i,5.453334859850634,24.243460299198937
0.01905625,5.5E9,5.4541104841942865+0.10582023689784303i,5.4541104841942865,25.77064011612253
0.01905625,5.5E9,5.454759616985242+0.10406451180387008i,5.454759616985242,26.208548536055225
0.01905625,5.5E9,5.456649623514669+0.11488555509529631i,5.456649623514669,23.7481971471019
0.01905625,5.5E9,5.4570267028734945+0.11504116157774451i,5.4570267028734945,23.717713851427213
0.01905625,5.5E9,5.457321786096493+0.07461756975812424i,5.457321786096493,36.568611144711724
0.01905625,5.5E9,5.458598471961465+0.0897843728229376i,5.458598471961465,30.398377247264868
0.01905625,5.5E9,5.458633082670069+0.10283725438727608i,5.458633082670069,26.54015373705591
0.01905625,5.5E9,5.461913691771596+0.004264589213344592i,5.461913691771596,640.3798136852644
0.01905625,5.5E9,5.462284327885591+0.09763711142710721i,5.462284327885591,27.97237775701486
0.01905625,5.5E9,5.462509608185257+0.10588700991738337i,5.462509608185257,25.794049772711926
0.01905625,5.5E9,5.462740012843481+0.09420562841993813i,5.462740012843481,28.993702947834283
0.01905625,5.5E9,5.463857668130894+0.09007419185142637i,5.463857668130894,30.329762364914135
0.01905625,5.5E9,5.463886997029976+0.11110604844527754i,5.463886997029976,24.5886118419605
0.01905625,5.5E9,5.464376702263798+0.05261029294886007i,5.464376702263798,51.932581971891466
0.01905625,5.5E9,5.465512027990693+0.11337937645874391i,5.465512027990693,24.102761007772273
0.01905625,5.5E9,5.4668404725271005+0.1126058841318674i,5.4668404725271005,24.274222056305437
0.01905625,5.5E9,5.467426907335039+0.1051316230590991i,5.467426907335039,26.002770376053064
0.01905625,5.5E9,5.469663267620025+0.045416076413221707i,5.469663267620025,60.2172589487241
0.01905625,5.5E9,5.470130932201506+0.1044015109191188i,5.470130932201506,26.19756593579995
0.01905625,5.5E9,5.47096020116929+0.09217542740585567i,5.47096020116929,29.676890876134593
0.01905625,5.5E9,5.471120481501804+0.11653693255298933i,5.471120481501804,23.473762186996325
0.01905625,5.5E9,5.471201200038548+0.11057685878930866i,5.471201200038548,24.739358939754677
0.01905625,5.5E9,5.471611213244454+0.09672787859004855i,5.471611213244454,28.283527422503496
0.01905625,5.5E9,5.473513584837407+0.10987639706024681i,5.473513584837407,24.907594948877875
0.01905625,5.5E9,5.473620124416821+0.11464507619753635i,5.473620124416821,23.872024451297136
0.01905625,5.5E9,5.473914456891636+0.1159060522934836i,5.473914456891636,23.61358336591103
0.01905625,5.5E9,5.474010546174887+0.08368696620962059i,5.474010546174887,32.705275349948096
0.01905625,5.5E9,5.474320374715606+0.024801686652113075i,5.474320374715606,110.3618566652845
0.01905625,5.5E9,5.474472371835181+0.051196858846379034i,5.474472371835181,53.46492436442094
0.01905625,5.5E9,5.474891864422699+0.04831213931646605i,5.474891864422699,56.66165835215572
0.01905625,5.5E9,5.476222947749206+0.09829002860887687i,5.476222947749206,27.857469497443162
0.01905625,5.5E9,5.476723070323192+0.10974833222563017i,5.476723070323192,24.951281533206668
0.01905625,5.5E9,5.4771602866283855+0.11837837079227821i,5.4771602866283855,23.13412598083188
0.01905625,5.5E9,5.478154787059875+0.09884724417183186i,5.478154787059875,27.710204937716234
0.01905625,5.5E9,5.478350927066291+0.10994193290388182i,5.478350927066291,24.914747186843677
0.01905625,5.5E9,5.479135780066097+0.0025860145857946994i,5.479135780066097,1059.3783596897856
0.01905625,5.5E9,5.479164635262019+0.1025371014154431i,5.479164635262019,26.717961399466684
0.01905625,5.5E9,5.479916052744562+0.10336328624123052i,5.479916052744562,26.50803903406992
0.01905625,5.5E9,5.480079485469089+0.11582940864841755i,5.480079485469089,23.65582087232713
0.01905625,5.5E9,5.482538022792982+0.09427533316910369i,5.482538022792982,29.07726675947586
0.01905625,5.5E9,5.484407382927571+0.10830785903294202i,5.484407382927571,25.318603063049554
0.01905625,5.5E9,5.484514083742315+0.08958329850464443i,5.484514083742315,30.611253298838804
0.01905625,5.5E9,5.484812148830481+0.11643222089886962i,5.484812148830481,23.55366970795165
0.01905625,5.5E9,5.484890769174256+0.09594864865072221i,5.484890769174256,28.582428446390477
0.01905625,5.5E9,5.485373863493847+0.0985430863153306i,5.485373863493847,27.83236282016303
0.01905625,5.5E9,5.485868920686585+0.11682913362394613i,5.485868920686585,23.478171713336074
0.01905625,5.5E9,5.486565230806173+0.10825660557392516i,5.486565230806173,25.340556364754864
0.01905625,5.5E9,5.486673530523508+0.004028661513529523i,5.486673530523508,680.9548918539717
0.01905625,5.5E9,5.486858336593134+0.08348525968553493i,5.486858336593134,32.861240159403934
0.01905625,5.5E9,5.486880808120109+0.11025788179904507i,5.486880808120109,24.88203436612561
0.01905625,5.5E9,5.486898096419696+0.0028940495146477113i,5.486898096419696,947.9620284049646
0.01905625,5.5E9,5.486948870090251+0.1204019589992465i,5.486948870090251,22.785961772119464
0.01905625,5.5E9,5.4884562732425755+0.10611499840055366i,5.4884562732425755,25.8608884510615
0.01905625,5.5E9,5.4899272649550515+0.11432418253398295i,5.4899272649550515,24.010349968271875
0.01905625,5.5E9,5.490221735925074+0.12137982240304766i,5.490221735925074,22.615874810289814
0.01905625,5.5E9,5.492366283605685+0.09187595006722456i,5.492366283605685,29.890119664542166
0.01905625,5.5E9,5.492784807062923+0.003768605194411824i,5.492784807062923,728.7556700298235
0.01905625,5.5E9,5.492848397416461+0.11893878491300519i,5.492848397416461,23.091073283765542
0.01905625,5.5E9,5.493509865853103+0.0747112343955435i,5.493509865853103,36.764951819486924
0.01905625,5.5E9,5.493739624318629+0.1089042781168135i,5.493739624318629,25.22279068975557
0.01905625,5.5E9,5.494518868264326+0.11812192455981901i,5.494518868264326,23.25782825135822
0.01905625,5.5E9,5.494797762401718+0.10550349077619368i,5.494797762401718,26.040833919220375
0.01905625,5.5E9,5.495584957707941+0.10228713598221219i,5.495584957707941,26.86351956644689
0.01905625,5.5E9,5.495904455755158+0.0926960168359543i,5.495904455755158,29.64477139013078
0.01905625,5.5E9,5.496660132711738+0.11326945309346444i,5.496660132711738,24.263647358552006
0.01905625,5.5E9,5.497817204766327+0.06415395825713156i,5.497817204766327,42.848620366734515
0.01905625,5.5E9,5.4982189979165215+0.12212215251962313i,5.4982189979165215,22.511145130008426
0.01905625,5.5E9,5.498404463085211+0.11658152786662575i,5.498404463085211,23.581799637141575
0.01905625,5.5E9,5.498620080192356+0.02869251561884547i,5.498620080192356,95.81976277780291
0.01905625,5.5E9,5.499969780045374+0.09615701297741351i,5.499969780045374,28.598900952431165
0.01905625,5.5E9,5.500140851032073+0.017302221010872382i,5.500140851032073,158.94320294417378
0.01905625,5.5E9,5.500846339487957+0.09983631434594252i,5.500846339487957,27.54932599187802
0.01905625,5.5E9,5.500908173751132+0.10854511403620602i,5.500908173751132,25.339271244932604
0.01905625,5.5E9,5.501059604119819+0.1226674501057575i,5.501059604119819,22.42265409192533
0.01905625,5.5E9,5.501593474892443+0.08155490737618351i,5.501593474892443,33.72938338042349
0.01905625,5.5E9,5.501896312985262+0.06470858720516175i,5.501896312985262,42.51287619324179
0.01905625,5.5E9,5.502281635381626+0.10286852925824602i,5.502281635381626,26.744241776648902
0.01905625,5.5E9,5.5027304081393416+0.1108441511972814i,5.5027304081393416,24.82192496717997
0.01905625,5.5E9,5.503194662662266+0.05165818215517873i,5.503194662662266,53.26546960296561
0.01905625,5.5E9,5.5037904129053095+0.09087109895019449i,5.5037904129053095,30.28350309663296
0.01905625,5.5E9,5.5051201961539205+0.12109061808693419i,5.5051201961539205,22.731406789094294
0.01905625,5.5E9,5.50568264607465+0.0030855440877458934i,5.50568264607465,892.1737122376948
0.01905625,5.5E9,5.507035656222925+0.06419227343737414i,5.507035656222925,42.89484825300336
0.01905625,5.5E9,5.507126644705361+0.10358226859343701i,5.507126644705361,26.58334635593361
0.01905625,5.5E9,5.508024045376219+0.051996317907613596i,5.508024045376219,52.96552012743294
0.01905625,5.5E9,5.508303378918697+0.11662449401798052i,5.508303378918697,23.61555102682571
0.01905625,5.5E9,5.508492487767752+0.11764406098581723i,5.508492487767752,23.41168964080489
0.01905625,5.5E9,5.508622026786769+0.0039596440107524675i,5.508622026786769,695.5956156447437
0.01905625,5.5E9,5.509340027207277+0.09678503080192127i,5.509340027207277,28.461736187709683
0.01905625,5.5E9,5.510626320789205+0.08741777603344295i,5.510626320789205,31.518911660947737
0.01905625,5.5E9,5.510671371959052+0.02639672347593168i,5.510671371959052,104.38173088003968
0.01905625,5.5E9,5.511593752254661+0.11036767640893452i,5.511593752254661,24.969238873132987
0.01905625,5.5E9,5.512335934021542+0.10761694683041922i,5.512335934021542,25.610910253325518
0.01905625,5.5E9,5.513167500300276+0.10201620021134643i,5.513167500300276,27.02103925101443
0.01905625,5.5E9,5.513371824621798+0.11460338959632445i,5.513371824621798,24.05413942834472
0.01905625,5.5E9,5.513722633926286+0.11026833470735037i,5.513722633926286,25.00138706438063
0.01905625,5.5E9,5.514781910855495+0.016530919978562368i,5.514781910855495,166.80202668717698
0.01905625,5.5E9,5.515763122199426+0.09356307697446692i,5.515763122199426,29.476174258915513
0.01905625,5.5E9,5.516595025922263+0.11275485510316792i,5.516595025922263,24.462782648581808
0.01905625,5.5E9,5.517738580451997+0.11820397268244373i,5.517738580451997,23.339903284280734
0.01905625,5.5E9,5.518090869645461+0.10258571809847011i,5.518090869645461,26.89502482377103
0.01905625,5.5E9,5.518283350061568+0.09926592475668872i,5.518283350061568,27.795456313873384
0.01905625,5.5E9,5.519960768329773+0.10712878022037053i,5.519960768329773,25.76320180709083
0.01905625,5.5E9,5.520398722068194+0.09097588502448208i,5.520398722068194,30.339901175913955
0.01905625,5.5E9,5.520682155760833+0.08557869268028553i,5.520682155760833,32.25500403696056
0.01905625,5.5E9,5.5211490916678825+0.1157501544836914i,5.5211490916678825,23.849424289303148
0.01905625,5.5E9,5.522297179538099+0.1092495586807715i,5.522297179538099,25.27377339653296
0.01905625,5.5E9,5.523479870522901+0.11429099641147368i,5.523479870522901,24.164107602304526
0.01905625,5.5E9,5.524183066566432+0.09120202574693766i,5.524183066566432,30.285418669836517
0.01905625,5.5E9,5.525051792712539+0.11552885266626706i,5.525051792712539,23.91199975244705
0.01905625,5.5E9,5.525965054930501+0.1029890493006843i,5.525965054930501,26.82792535931189
0.01905625,5.5E9,5.526138217296664+0.07926999197037417i,5.526138217296664,34.85643230140584
0.01905625,5.5E9,5.526395947761704+0.09847195830913712i,5.526395947761704,28.060759848059785
0.01905625,5.5E9,5.526776811572501+0.11025611838609385i,5.526776811572501,25.06335653962932
0.01905625,5.5E9,5.5273660710810315+0.00437509892761061i,5.5273660710810315,631.6846958818041
0.01905625,5.5E9,5.527678857686152+0.11839921275779607i,5.527678857686152,23.34339362962605
0.01905625,5.5E9,5.528297791923662+0.10689309038818534i,5.528297791923662,25.85900441201339
0.01905625,5.5E9,5.529459429082316+0.06920071862532251i,5.529459429082316,39.952326644328586
0.01905625,5.5E9,5.530023197796463+0.11225051975213121i,5.530023197796463,24.63250597862585
0.01905625,5.5E9,5.5304174313002195+0.040869686268768385i,5.5304174313002195,67.65916179207899
0.01905625,5.5E9,5.531010590184819+0.11098389581418465i,5.531010590184819,24.918077301256137
0.01905625,5.5E9,5.531313272163003+0.11893363682908013i,5.531313272163003,23.25378008961447
0.01905625,5.5E9,5.531348358408463+0.09767248069781195i,5.531348358408463,28.315797443098912
0.01905625,5.5E9,5.531938197118276+0.11152288510109919i,5.531938197118276,24.801807234915913
0.01905625,5.5E9,5.532192092382073+0.10439239775647444i,5.532192092382073,26.49710233348369
0.01905625,5.5E9,5.532486052842324+0.0888640763184161i,5.532486052842324,31.128923419056438
0.01905625,5.5E9,5.5345344710414+0.003709964820686808i,5.5345344710414,745.9012064185582
0.01905625,5.5E9,5.534851510175123+0.1011924727604311i,5.534851510175123,27.348138449381757
0.01905625,5.5E9,5.535796199194575+0.11257664336525683i,5.535796199194575,24.586788314666613
0.01905625,5.5E9,5.536372234462436+0.08457831008188814i,5.536372234462436,32.7292672855615
0.01905625,5.5E9,5.537102688854576+0.1046152452193847i,5.537102688854576,26.464128995936136
0.01905625,5.5E9,5.538002061310141+0.053224222988489424i,5.538002061310141,52.02520347274793
0.01905625,5.5E9,5.538427637550209+0.0038244125417216295i,5.538427637550209,724.0886772974789
0.01905625,5.5E9,5.538658405018774+0.09288508747591331i,5.538658405018774,29.814572799186106
0.01905625,5.5E9,5.538896744809046+0.08387808630265954i,5.538896744809046,33.01754360979873
0.01905625,5.5E9,5.539674005449233+0.11148780920470074i,5.539674005449233,24.844303807593608
0.01905625,5.5E9,5.540082941287073+0.11613644949875358i,5.540082941287073,23.851611467365085
0.01905625,5.5E9,5.54072651713426+0.09632603867191021i,5.54072651713426,28.76027392762493
0.01905625,5.5E9,5.542279937787418+0.08847041643814771i,5.542279937787418,31.322786536571748
0.01905625,5.5E9,5.542794239062915+0.10332960749268537i,5.542794239062915,26.820939194292816
0.01905625,5.5E9,5.545222033009305+0.10985908981796029i,5.545222033009305,25.237884467265747
0.01905625,5.5E9,5.545541536837321+0.11268096550615267i,5.545541536837321,24.60726845890631
0.01905625,5.5E9,5.545965032726059+0.09470209016020761i,5.545965032726059,29.28111208181332
0.01905625,5.5E9,5.546063432471351+0.10114317072630317i,5.546063432471351,27.416895241890256
0.01905625,5.5E9,5.548588468944456+0.08573230608373994i,5.548588468944456,32.35996278651839
0.01905625,5.5E9,5.5493121149750095+0.10535633938250455i,5.5493121149750095,26.33591935473285
0.01905625,5.5E9,5.551945911045279+0.10996259827425259i,5.551945911045279,25.24470137199937
0.01905625,5.5E9,5.552532113823674+0.10746481165980672i,5.552532113823674,25.834187154214295
0.01905625,5.5E9,5.553233210198846+0.10130547940506428i,5.553233210198846,27.408355613197166
0.01905625,5.5E9,5.553973994684435+0.09079120924451856i,5.553973994684435,30.586518457566157
0.01905625,5.5E9,5.554439663829578+0.1000867160705392i,5.554439663829578,27.74813622576504
0.01905625,5.5E9,5.5547994890533605+0.020995507208400984i,5.5547994890533605,132.28543216214143
0.01905625,5.5E9,5.5549830624361665+0.003904097419960982i,5.5549830624361665,711.4298728861745
0.01905625,5.5E9,5.555217225067765+0.09520739294307337i,5.555217225067765,29.17429546878441
0.01905625,5.5E9,5.556032415426792+0.10830036259086163i,5.556032415426792,25.651033304553348
0.01905625,5.5E9,5.556468380826755+0.09873816288783488i,5.556468380826755,28.13738993269919
0.01905625,5.5E9,5.557022979072647+0.08455063965708835i,5.557022979072647,32.862098983580964
0.01905625,5.5E9,5.557565124167451+0.09472650382988218i,5.557565124167451,29.334794906757
0.01905625,5.5E9,5.557592442507765+0.004577456544123381i,5.557592442507765,607.061190962337
0.01905625,5.5E9,5.557919752289216+0.10318542868359873i,5.557919752289216,26.931708397179165
0.01905625,5.5E9,5.559371885242581+0.1050348449429871i,5.559371885242581,26.464417062072148
0.01905625,5.5E9,5.562783502084141+0.08440516488180662i,5.562783502084141,32.952862007163674
0.01905625,5.5E9,5.563883443094461+0.0037542303633198303i,5.563883443094461,741.0151888194697
0.01905625,5.5E9,5.5654143459718695+0.09101959037842272i,5.5654143459718695,30.572618064051504
0.01905625,5.5E9,5.5673864307620615+0.0965081123551178i,5.5673864307620615,28.844137010347524
0.01905625,5.5E9,5.5679365158420415+0.10260740077422308i,5.5679365158420415,27.13223643630593
0.01905625,5.5E9,5.568321413371083+0.09279182683648547i,5.568321413371083,30.00437432481735
0.01905625,5.5E9,5.570108548672452+0.003954056331667491i,5.570108548672452,704.353716974417
0.01905625,5.5E9,5.570506780477132+0.09687662913279782i,5.570506780477132,28.750519244642174
0.01905625,5.5E9,5.570890501514698+0.08800753051549019i,5.570890501514698,31.65007851535026
0.01905625,5.5E9,5.571565570501665+0.08512852813465538i,5.571565570501665,32.72443264664828
0.01905625,5.5E9,5.5720984887140945+0.0051023672199098395i,5.5720984887140945,546.0307195228253
0.01905625,5.5E9,5.572589130988048+0.007148992694492763i,5.572589130988048,389.74645583851975
0.01905625,5.5E9,5.573710764180742+0.018304085642602917i,5.573710764180742,152.25318743067618
0.01905625,5.5E9,5.573751847317658+0.07898311663282674i,5.573751847317658,35.284451189921214
0.01905625,5.5E9,5.578685411989751+0.011207386543787801i,5.578685411989751,248.8843134924256
0.01905625,5.5E9,5.579940243016148+0.09370526942342378i,5.579940243016148,29.773887196258965
0.01905625,5.5E9,5.580137979582856+0.08439466766027563i,5.580137979582856,33.05977814881197
0.01905625,5.5E9,5.582224882992543+0.005961314239683538i,5.582224882992543,468.20421290934
0.01905625,5.5E9,5.582335144907634+0.008239816931707685i,5.582335144907634,338.7414545234749
0.01905625,5.5E9,5.582611966409183+0.031146711564333015i,5.582611966409183,89.61799955796924
0.01905625,5.5E9,5.587437959317464+0.006223154710828715i,5.587437959317464,448.9232727570584
0.01905625,5.5E9,5.589230981291169+0.00333006841942464i,5.589230981291169,839.2066284116861
0.01905625,5.5E9,5.589467064122207+0.07246802776153723i,5.589467064122207,38.56505576855815
0.01905625,5.5E9,5.59285380110311+0.08059854071779127i,5.59285380110311,34.69575101046803
0.01905625,5.5E9,5.592892099584742+0.04589404463833448i,5.592892099584742,60.93265633547036
0.01905625,5.5E9,5.592903550070592+0.004963709994531919i,5.592903550070592,563.3793630401253
0.01905625,5.5E9,5.5958332206607935+0.032771460005097446i,5.5958332206607935,85.37662374197531
0.01905625,5.5E9,5.598368289791468+0.003184933012164785i,5.598368289791468,878.8832085963218
0.01905625,5.5E9,5.601091896723828+0.018896359637525437i,5.601091896723828,148.20558044420548
0.01905625,5.5E9,5.603396047368216+0.0073109656936698915i,5.603396047368216,383.2185980724712
0.01905625,5.5E9,5.608626005650541+0.024650047314985962i,5.608626005650541,113.76501501156926
0.01905625,5.5E9,5.610556868656687+0.004911410856719745i,5.610556868656687,571.1756796909361
0.01905625,5.5E9,5.614825701554709+0.006582884236762931i,5.614825701554709,426.47155104126097
0.01905625,5.5E9,5.621333334679005+0.004571154401046724i,5.621333334679005,614.8702101805844
0.02540833333,2.5E9,2.300057424354161+0.11704234837585975i,2.300057424354161,9.825748783542663
0.02540833333,2.5E9,2.3003019684748294+4.3599776343927066E-4i,2.3003019684748294,2637.9745051091695
0.02540833333,2.5E9,2.300362282376033+0.11760503059456831i,2.300362282376033,9.780033518745912
0.02540833333,2.5E9,2.30040327302439+4.361905279241225E-4i,2.30040327302439,2636.924836461094
0.02540833333,2.5E9,2.312878108254953+0.09034153512498672i,2.312878108254953,12.800746107840135
0.02540833333,2.5E9,2.31291356913399+0.09079319677699665i,2.31291356913399,12.737262544102805
0.02540833333,2.5E9,2.3189564150026034+0.008124163971745299i,2.3189564150026034,142.71969540912812
0.02540833333,2.5E9,2.319399245546434+0.008141587738743048i,2.319399245546434,142.44145736520173
0.02540833333,2.5E9,2.329448642186838+0.15074301839835996i,2.329448642186838,7.726555653910741
0.02540833333,2.5E9,2.3297258654606856+0.15111468243860438i,2.3297258654606856,7.708469580403673
0.02540833333,2.5E9,2.33036479204254+0.15224422922648198i,2.33036479204254,7.653376432993844
0.02540833333,2.5E9,2.3307019674032152+0.15262061031473548i,2.3307019674032152,7.635606890173032
0.02540833333,2.5E9,2.333218493774581+0.1650913700311691i,2.333218493774581,7.066445972718233
0.02540833333,2.5E9,2.3334322992880936+0.16454545416672212i,2.3334322992880936,7.090540152278511
0.02540833333,2.5E9,2.3335961739424658+0.16628692795173772i,2.3335961739424658,7.016775770311173
0.02540833333,2.5E9,2.333843720332237+0.1657893276696579i,2.333843720332237,7.038582498454054
0.02540833333,2.5E9,2.352278699857745+0.12993043834426063i,2.352278699857745,9.05206943743699
0.02540833333,2.5E9,2.352410528811482+0.13082029854431887i,2.352410528811482,8.990999695718246
0.02540833333,2.5E9,2.352451789616618+0.1300631977203598i,2.352451789616618,9.043495127170669
0.02540833333,2.5E9,2.3525942469731786+0.131076890325211i,2.3525942469731786,8.974100015404037
0.02540833333,2.5E9,2.3582836291787697+0.14830667315733148i,2.3582836291787697,7.950699651515273
0.02540833333,2.5E9,2.358478475121232+0.14865071649585124i,2.358478475121232,7.932953606675202
0.02540833333,2.5E9,2.358665369897853+0.14835542706631843i,2.358665369897853,7.949373395162259
0.02540833333,2.5E9,2.3586995190489226+0.14813078373303631i,2.3586995190489226,7.961544047791609
0.02540833333,2.5E9,2.366194496949419+0.18930877436441346i,2.366194496949419,6.249563721738985
0.02540833333,2.5E9,2.3669967016414346+0.19037446633480823i,2.3669967016414346,6.216686373997863
0.02540833333,2.5E9,2.3830666562212466+0.03507023641908409i,2.3830666562212466,33.975628617725235
0.02540833333,2.5E9,2.3834770979291906+0.03504338634270621i,2.3834770979291906,34.00751677677517
0.02540833333,2.5E9,2.401131451601729+0.05042114187193277i,2.401131451601729,23.810760352279257
0.02540833333,2.5E9,2.4012771259348606+0.050339888796740805i,2.4012771259348606,23.850639953045828
0.02540833333,2.5E9,2.405570820187465+0.20563353664979736i,2.405570820187465,5.849169496812803
0.02540833333,2.5E9,2.4059734498716714+0.20660744434968709i,2.4059734498716714,5.822572021653573
0.02540833333,2.5E9,2.408351182579787+0.21640581857429786i,2.408351182579787,5.564432598084085
0.02540833333,2.5E9,2.409830038729976+0.19739483540031724i,2.409830038729976,6.104085838524687
0.02540833333,2.5E9,2.4099764683984892+0.21688553085208087i,2.4099764683984892,5.5558719360631965
0.02540833333,2.5E9,2.410064789932923+0.19866622525969654i,2.410064789932923,6.065612780387017
0.02540833333,2.5E9,2.414801248972809+0.16775433065275533i,2.414801248972809,7.197433412229905
0.02540833333,2.5E9,2.4150561905614167+0.16720823117097028i,2.4150561905614167,7.221702465388871
0.02540833333,2.5E9,2.4164354149892144+0.2007523202475315i,2.4164354149892144,6.018449530271188
0.02540833333,2.5E9,2.417015928114735+0.20258995026024976i,2.417015928114735,5.965290788140783
0.02540833333,2.5E9,2.421486773140253+0.04949785751166736i,2.421486773140253,24.46052106971977
0.02540833333,2.5E9,2.421677929144226+0.04935267026543361i,2.421677929144226,24.53441643704088
0.02540833333,2.5E9,2.4217100407966603+0.19616080826495716i,2.4217100407966603,6.172767287759189
0.02540833333,2.5E9,2.422130028304823+0.19551012639221862i,2.422130028304823,6.194385101684494
0.02540833333,2.5E9,2.4230229252653577+0.19791290469286174i,2.4230229252653577,6.121437429827057
0.02540833333,2.5E9,2.4230721140206843+0.19848560638601348i,2.4230721140206843,6.103898811957956
0.02540833333,2.5E9,2.4296862749880983+0.2201350407282191i,2.4296862749880983,5.518626809595054
0.02540833333,2.5E9,2.4300011088552758+0.19361543549949076i,2.4300011088552758,6.275328985486974
0.02540833333,2.5E9,2.43037769877724+0.21969901125305835i,2.43037769877724,5.531153019113571
0.02540833333,2.5E9,2.430690934018912+0.19371857809870918i,2.430690934018912,6.273768261865817
0.02540833333,2.5E9,2.4307544916112787+0.19302179603939962i,2.4307544916112787,6.296580338303124
0.02540833333,2.5E9,2.431410968382889+0.1940823539274548i,2.431410968382889,6.263864074143792
0.02540833333,2.5E9,2.4342135749112583+0.22882024421670016i,2.4342135749112583,5.319052042890881
0.02540833333,2.5E9,2.4414745244036333+0.1762130254354147i,2.4414745244036333,6.927622173136339
0.02540833333,2.5E9,2.441487512752482+0.17664191287100053i,2.441487512752482,6.910838636964579
0.02540833333,2.5E9,2.442257561747353+0.1781788472748794i,2.442257561747353,6.853388039882318
0.02540833333,2.5E9,2.4422831520535864+0.07259765580954099i,2.4422831520535864,16.820675026070294
0.02540833333,2.5E9,2.4426769710991154+0.17860658500993964i,2.4426769710991154,6.838149251224914
0.02540833333,2.5E9,2.442829510075538+0.07239415908876778i,2.442829510075538,16.871730681201818
0.02540833333,2.5E9,2.4457623608561097+0.1611890748007737i,2.4457623608561097,7.586625718520378
0.02540833333,2.5E9,2.446231286043139+0.22559531690777423i,2.446231286043139,5.42172443908307
0.02540833333,2.5E9,2.4463885162532004+0.16263675192733032i,2.4463885162532004,7.521019964006353
0.02540833333,2.5E9,2.446693145807433+0.16098271069882916i,2.446693145807433,7.599241978179798
0.02540833333,2.5E9,2.4472083641456543+0.16246937504903775i,2.4472083641456543,7.5312912461410635
0.02540833333,2.5E9,2.4485190583075553+0.2250654980740726i,2.4485190583075553,5.439569990202828
0.02540833333,2.5E9,2.4486531822745223+0.22464947103634125i,2.4486531822745223,5.449942016285466
0.02540833333,2.5E9,2.449029453159709+0.1483805918537714i,2.449029453159709,8.252526231911853
0.02540833333,2.5E9,2.4492948941352903+0.2190301241615838i,2.4492948941352903,5.591228383563319
0.02540833333,2.5E9,2.4496960685009563+0.14843943103739668i,2.4496960685009563,8.251500465141904
0.02540833333,2.5E9,2.450075565693929+0.15024366895285454i,2.450075565693929,8.153673238846244
0.02540833333,2.5E9,2.4507828273078727+0.1503748257114068i,2.4507828273078727,8.148913276253149
0.02540833333,2.5E9,2.4558781966181806+0.21354559927421765i,2.4558781966181806,5.750243051050993
0.02540833333,2.5E9,2.4564024400260673+0.21219186237545976i,2.4564024400260673,5.788163628253619
0.02540833333,2.5E9,2.4572504239051893+0.21495017979643702i,2.4572504239051893,5.715860359438323
0.02540833333,2.5E9,2.4575462702739115+0.2100252003936206i,2.4575462702739115,5.850598560715761
0.02540833333,2.5E9,2.4580285300828613+0.2147796278273208i,2.4580285300828613,5.7222106094230565
0.02540833333,2.5E9,2.4584013972782173+0.20972213278268909i,2.4584013972782173,5.861091923534785
0.02540833333,2.5E9,2.459637988518152+0.21644885013105367i,2.459637988518152,5.68179961923778
0.02540833333,2.5E9,2.4596544282266333+0.2170568968026095i,2.4596544282266333,5.66592092778197
0.02540833333,2.5E9,2.460989352806043+0.17880363870130137i,2.460989352806043,6.881821227691077
0.02540833333,2.5E9,2.4611239810552945+0.17691095392330142i,2.4611239810552945,6.955827003573502
0.02540833333,2.5E9,2.4614946057630065+0.176894582710523i,2.4614946057630065,6.957518336757349
0.02540833333,2.5E9,2.46194140187074+0.17881389291123134i,2.46194140187074,6.884088707505861
0.02540833333,2.5E9,2.4641165720000533+0.12887338254838956i,2.4641165720000533,9.560223078162874
0.02540833333,2.5E9,2.4642793995520593+0.12996137960288492i,2.4642793995520593,9.480814250672038
0.02540833333,2.5E9,2.4649125262626934+0.12879944026744763i,2.4649125262626934,9.5688013905355
0.02540833333,2.5E9,2.4649697521591323+0.12990559379985536i,2.4649697521591323,9.48754276107961
0.02540833333,2.5E9,2.4651026136955334+0.1454943436256253i,2.4651026136955334,8.471472334479694
0.02540833333,2.5E9,2.4652520173926202+0.14589015866835148i,2.4652520173926202,8.4490003982956
0.02540833333,2.5E9,2.465411587122197+0.17125606613633507i,2.465411587122197,7.198027032687738
0.02540833333,2.5E9,2.4656196895960596+0.14538154209320592i,2.4656196895960596,8.479823690463126
0.02540833333,2.5E9,2.465653317699465+0.14576846500372992i,2.465653317699465,8.457430479343985
0.02540833333,2.5E9,2.466262705769308+0.171140532868485i,2.466262705769308,7.205372872318148
0.02540833333,2.5E9,2.4673408470744094+0.17215158883159126i,2.4673408470744094,7.166186684132511
0.02540833333,2.5E9,2.4683843583618312+0.1719336785581439i,2.4683843583618312,7.178303806043102
0.02540833333,2.5E9,2.485566571199039+0.20804726043359031i,2.485566571199039,5.973562367557452
0.02540833333,2.5E9,2.4857745184736775+0.21306447018420713i,2.4857745184736775,5.833385820556038
0.02540833333,2.5E9,2.487178975636375+0.20824869048720154i,2.487178975636375,5.971655739629323
0.02540833333,2.5E9,2.4872490057104977+0.2122340243877686i,2.4872490057104977,5.859684875894579
0.02540833333,2.5E9,2.490089397160598+0.21608261140450524i,2.490089397160598,5.761892132308524
0.02540833333,2.5E9,2.4906249000044443+0.21577958265056763i,2.4906249000044443,5.771224666880902
0.02540833333,2.5E9,2.4907011767631366+0.199106609251041i,2.4907011767631366,6.254692363382995
0.02540833333,2.5E9,2.4908311289105587+0.20464698509199586i,2.4908311289105587,6.085677557846369
0.02540833333,2.5E9,2.491631499156268+0.20283893457893806i,2.491631499156268,6.141896535614589
0.02540833333,2.5E9,2.4920342261595936+0.19865875747324122i,2.4920342261595936,6.272147923041509
0.02540833333,2.5E9,2.4927117500384814+0.20296202220764806i,2.4927117500384814,6.1408329571337665
0.02540833333,2.5E9,2.493492766911119+0.19758757346260916i,2.493492766911119,6.309842069554489
0.02540833333,2.5E9,2.493892092239243+0.19747055483585818i,2.493892092239243,6.314592305450858
0.02540833333,2.5E9,2.4966685075700465+0.23557693101802948i,2.4966685075700465,5.29905134764441
0.02540833333,2.5E9,2.496777867960627+0.23130537743186877i,2.496777867960627,5.397146178964334
0.02540833333,2.5E9,2.5030690546338628+0.22529019516838994i,2.5030690546338628,5.555210808803684
0.02540833333,2.5E9,2.5034902509551187+0.0022661031689369918i,2.5034902509551187,552.3778187313252
0.02540833333,2.5E9,2.503490576123748+0.22456992442648382i,2.503490576123748,5.573966733339891
0.02540833333,2.5E9,2.5037814432442693+0.2084863313437071i,2.5037814432442693,6.004665694645893
0.02540833333,2.5E9,2.5038284530328534+0.22534123005464662i,2.5038284530328534,5.555637670979385
0.02540833333,2.5E9,2.503960068010474+0.002267169380849366i,2.503960068010474,552.2216577996473
0.02540833333,2.5E9,2.504213327533379+0.22434748449638517i,2.504213327533379,5.581104092062438
0.02540833333,2.5E9,2.504295324226922+0.20879407810943237i,2.504295324226922,5.997045861890729
0.02540833333,2.5E9,2.5062985265909643+0.21838234089800787i,2.5062985265909643,5.738326909320687
0.02540833333,2.5E9,2.507300529865411+0.2183657370711669i,2.507300529865411,5.741057556681303
0.02540833333,2.5E9,2.5157730276972394+0.21187390531258854i,2.5157730276972394,5.93695817327195
0.02540833333,2.5E9,2.51821925203764+0.06001454505533609i,2.51821925203764,20.98007449457235
0.02540833333,2.5E9,2.518700986304824+0.06027132402964875i,2.518700986304824,20.894687704768366
0.02540833333,2.5E9,2.5198642971583305+0.21462619283473883i,2.5198642971583305,5.870355952077607
0.02540833333,2.5E9,2.5210240322600215+0.20451776874364908i,2.5210240322600215,6.163337414999808
0.02540833333,2.5E9,2.5215013584120665+0.20453411815917763i,2.5215013584120665,6.164011611133065
0.02540833333,2.5E9,2.5229391268976595+0.21487326592478104i,2.5229391268976595,5.870760878602843
0.02540833333,2.5E9,2.5246619582139096+0.18833880186176954i,2.5246619582139096,6.702447751756631
0.02540833333,2.5E9,2.5246831843807613+1.048737640682157E-4i,2.5246831843807613,12036.772050722657
0.02540833333,2.5E9,2.5251475338364426+0.18784255952214565i,2.5251475338364426,6.721446780378707
0.02540833333,2.5E9,2.5251974820687284+1.0582508415390324E-4i,2.5251974820687284,11930.99680599493
0.02540833333,2.5E9,2.5255297725240533+0.19056268528541156i,2.5255297725240533,6.626506571161846
0.02540833333,2.5E9,2.52610082889484+0.19013938086258556i,2.52610082889484,6.642760740660195
0.02540833333,2.5E9,2.5349810370515122+0.19935425256412692i,2.5349810370515122,6.357980841758259
0.02540833333,2.5E9,2.5352187462338396+0.19838555246359676i,2.5352187462338396,6.389625440842134
0.02540833333,2.5E9,2.5360118353593264+0.21406588247514066i,2.5360118353593264,5.923437695994905
0.02540833333,2.5E9,2.5394987179250927+0.2044208080451783i,2.5394987179250927,6.21144868325696
0.02540833333,2.5E9,2.539733197428401+0.2038113359302646i,2.539733197428401,6.230598474408184
0.02540833333,2.5E9,2.5407111059056082+0.17175536654279272i,2.5407111059056082,7.396307774967231
0.02540833333,2.5E9,2.5408205086505165+0.1720526319145726i,2.5408205086505165,7.383846676382382
0.02540833333,2.5E9,2.5410926203606876+0.17234351952714358i,2.5410926203606876,7.372173399187409
0.02540833333,2.5E9,2.5413267918967324+0.17278603460527373i,2.5413267918967324,7.353970469032244
0.02540833333,2.5E9,2.543227458788429+0.2152159122342619i,2.543227458788429,5.908548843777251
0.02540833333,2.5E9,2.543916537992488+0.21493086705325878i,2.543916537992488,5.917987892735105
0.02540833333,2.5E9,2.54404114413234+0.21599592149386806i,2.54404114413234,5.889095327673959
0.02540833333,2.5E9,2.544197922403294+0.2190025068692151i,2.544197922403294,5.808604565249678
0.02540833333,2.5E9,2.5444476394050284+0.2162075391909823i,2.5444476394050284,5.884271309238309
0.02540833333,2.5E9,2.5456377895944535+0.20170988597071232i,2.5456377895944535,6.310146320652009
0.02540833333,2.5E9,2.5508026863064286+0.19565818416103722i,2.5508026863064286,6.5185177334748765
0.02540833333,2.5E9,2.5511869770727396+0.2045666580182284i,2.5511869770727396,6.235588442876675
0.02540833333,2.5E9,2.5514988532725886+0.21792289169325385i,2.5514988532725886,5.854132242481559
0.02540833333,2.5E9,2.5517689531056464+0.21679278142121575i,2.5517689531056464,5.885271955037349
0.02540833333,2.5E9,2.5534132447278517+0.19610018038743043i,2.5534132447278517,6.5104816315903795
0.02540833333,2.5E9,2.554473530812186+0.18869759768871971i,2.554473530812186,6.768696480773724
0.02540833333,2.5E9,2.554680959543335+0.18822666293838736i,2.554680959543335,6.786182466560447
0.02540833333,2.5E9,2.5547643436178515+0.18773762247707296i,2.5547643436178515,6.804081967986587
0.02540833333,2.5E9,2.5549173063529445+0.18808868526143604i,2.5549173063529445,6.791788944671786
0.02540833333,2.5E9,2.55927368207185+0.15802832631921507i,2.55927368207185,8.097515621668206
0.02540833333,2.5E9,2.5595580516921372+0.1583358890603482i,2.5595580516921372,8.082684433964895
0.02540833333,2.5E9,2.5599140448629165+0.15977402377741318i,2.5599140448629165,8.011045801879607
0.02540833333,2.5E9,2.5605012587654+0.1599797126624044i,2.5605012587654,8.002581127797974
0.02540833333,2.5E9,2.566666334699905+0.22048571744702974i,2.566666334699905,5.820482080242973
0.02540833333,2.5E9,2.5682027696352008+0.14640936291812326i,2.5682027696352008,8.770623402928887
0.02540833333,2.5E9,2.569343879106749+0.1462173201177329i,2.569343879106749,8.78604489891463
0.02540833333,2.5E9,2.5694975803163618+0.14863941225937136i,2.5694975803163618,8.643392560758599
0.02540833333,2.5E9,2.5699409895445413+0.19816927049314834i,2.5699409895445413,6.484206615761338
0.02540833333,2.5E9,2.570472688771108+0.14867135958759836i,2.570472688771108,8.64481462973561
0.02540833333,2.5E9,2.57075062184487+0.1986268014730048i,2.57075062184487,6.471308511188655
0.02540833333,2.5E9,2.571852146841824+0.1949089085643129i,2.571852146841824,6.597574645987015
0.02540833333,2.5E9,2.5722886074878715+0.2203992697248268i,2.5722886074878715,5.835519806166846
0.02540833333,2.5E9,2.572632822896733+0.19466578586907998i,2.572632822896733,6.607819682876693
0.02540833333,2.5E9,2.572662375304373+0.14311320709823327i,2.572662375304373,8.988207404011606
0.02540833333,2.5E9,2.572762101349367+0.1434690661632897i,2.572762101349367,8.966260707451637
0.02540833333,2.5E9,2.5727692380301783+0.1435512611518549i,2.5727692380301783,8.961151638050008
0.02540833333,2.5E9,2.572777865344119+0.14282997519637775i,2.572777865344119,9.006435315159834
0.02540833333,2.5E9,2.57655635418194+0.12830220826665634i,2.57655635418194,10.040966515661854
0.02540833333,2.5E9,2.576569756204318+0.12871279964092291i,2.576569756204318,10.008988085848161
0.02540833333,2.5E9,2.5766754317038933+0.12736900592661998i,2.5766754317038933,10.11500173436374
0.02540833333,2.5E9,2.5768471700059465+0.12948817837626417i,2.5768471700059465,9.950125186401939
0.02540833333,2.5E9,2.57994929453322+0.17227638861180014i,2.57994929453322,7.48782034300348
0.02540833333,2.5E9,2.5801655066541525+0.17446059515067155i,2.5801655066541525,7.394694212827293
0.02540833333,2.5E9,2.580556032307973+0.17256705778621162i,2.580556032307973,7.4769659557647135
0.02540833333,2.5E9,2.580936475084262+0.17486486437409515i,2.580936475084262,7.3798029247395425
0.02540833333,2.5E9,2.591229077244776+0.023297542818252956i,2.591229077244776,55.61163890671386
0.02540833333,2.5E9,2.5915779745759666+0.16709847606360964i,2.5915779745759666,7.754642758050727
0.02540833333,2.5E9,2.591690944493058+0.023225816038947345i,2.591690944493058,55.793323690910455
0.02540833333,2.5E9,2.591720176496446+0.16607271563737416i,2.591720176496446,7.802968014792873
0.02540833333,2.5E9,2.5930815674086087+0.2169581823513452i,2.5930815674086087,5.9759939434073415
0.02540833333,2.5E9,2.5934392455607513+0.21591457217743143i,2.5934392455607513,6.005706839067696
0.02540833333,2.5E9,2.5936064179185627+0.16873889405572515i,2.5936064179185627,7.685265547201102
0.02540833333,2.5E9,2.5936136143214266+0.21630000053931922i,2.5936136143214266,5.995408247467751
0.02540833333,2.5E9,2.593678579427391+0.21522734009179753i,2.593678579427391,6.025439375687936
0.02540833333,2.5E9,2.594337611075445+0.16769484487275788i,2.594337611075445,7.735293273457378
0.02540833333,2.5E9,2.5971647413621475+0.20931951788864306i,2.5971647413621475,6.203828404439156
0.02540833333,2.5E9,2.5973841722363784+0.21162938511924995i,2.5973841722363784,6.136634028333995
0.02540833333,2.5E9,2.6025944205846407+0.1785907454108699i,2.6025944205846407,7.286476168171686
0.02540833333,2.5E9,2.6029710327566207+0.1763225716925514i,2.6029710327566207,7.381275714646865
0.02540833333,2.5E9,2.6191390616234043+0.19446438684545508i,2.6191390616234043,6.734238345926261
0.02540833333,2.5E9,2.6200384043587657+0.1947666553520447i,2.6200384043587657,6.726095900817808
0.02540833333,2.5E9,2.6209379183538233+0.19394282588968598i,2.6209379183538233,6.756985999174324
0.02540833333,2.5E9,2.6220705254048617+0.036280771925952436i,2.6220705254048617,36.135815009068715
0.02540833333,2.5E9,2.622616107092833+0.19465173365420543i,2.622616107092833,6.736688283886167
0.02540833333,2.5E9,2.6266842910938024+0.19960595174882312i,2.6266842910938024,6.579674273438316
0.02540833333,2.5E9,2.628362515972645+0.19828697655308036i,2.628362515972645,6.627673086913619
0.02540833333,2.5E9,2.629200193411965+0.18167958843710358i,2.629200193411965,7.235816131106492
0.02540833333,2.5E9,2.629967263315124+0.18401228363208905i,2.629967263315124,7.146173101610528
0.02540833333,2.5E9,2.629992473042094+0.1813250782261791i,2.629992473042094,7.25214763112228
0.02540833333,2.5E9,2.6308112274112188+0.1836362909325053i,2.6308112274112188,7.163102712573742
0.02540833333,2.5E9,2.6407458256694+0.16732132578399714i,2.6407458256694,7.891241039646259
0.02540833333,2.5E9,2.6408651637951603+0.16791099139297772i,2.6408651637951603,7.863884138515083
0.02540833333,2.5E9,2.6409772716692896+0.16828080781246382i,2.6409772716692896,7.846935446769599
0.02540833333,2.5E9,2.6411097090929574+0.16756872575620355i,2.6411097090929574,7.8806761141560475
0.02540833333,2.5E9,2.6415426588909674+0.1904215388638897i,2.6415426588909674,6.936039574753937
0.02540833333,2.5E9,2.641727385959009+0.18957573180440046i,2.641727385959009,6.967472473440529
0.02540833333,2.5E9,2.6591885872364833+0.03462715999495357i,2.6591885872364833,38.3974398654701
0.02540833333,2.5E9,2.6598325097746778+0.0347397716006744i,2.6598325097746778,38.28223945092148
0.02540833333,2.5E9,2.6684514932752967+0.049566626733327936i,2.6684514932752967,26.917824241215367
0.02540833333,2.5E9,2.6711098960556847+0.156253045233436i,2.6711098960556847,8.54738508316798
0.02540833333,2.5E9,2.6724957174234762+0.1576868549901984i,2.6724957174234762,8.474059925887909
0.02540833333,2.5E9,2.674256352311105+0.05225295642333405i,2.674256352311105,25.589521965468066
0.02540833333,2.5E9,2.674679716942414+0.052619506806657494i,2.674679716942414,25.41528683241107
0.02540833333,2.5E9,2.6748494145759647+0.15599695447681458i,2.6748494145759647,8.573402678106516
0.02540833333,2.5E9,2.6754500852166685+0.15825813429479496i,2.6754500852166685,8.452804328632423
0.02540833333,2.5E9,2.680153465402143+0.14115024634890258i,2.680153465402143,9.493973743330203
0.02540833333,2.5E9,2.680282201840346+0.1418350175924647i,2.680282201840346,9.44859121300219
0.02540833333,2.5E9,2.6805685030302278+0.1405805652341518i,2.6805685030302278,9.533922767224109
0.02540833333,2.5E9,2.680613376720099+0.14120362785617127i,2.680613376720099,9.492013121116646
0.02540833333,2.5E9,2.6869916545022017+0.1445739809174115i,2.6869916545022017,9.292791266628942
0.02540833333,2.5E9,2.6872869828784602+5.624152283708264E-4i,2.6872869828784602,2389.0595838441695
0.02540833333,2.5E9,2.6874897768214243+5.672044833062611E-4i,2.6874897768214243,2369.0660563505444
0.02540833333,2.5E9,2.6881235329580924+0.1270040419331484i,2.6881235329580924,10.582826703944786
0.02540833333,2.5E9,2.688242463944023+0.12844327724942353i,2.688242463944023,10.464706762050827
0.02540833333,2.5E9,2.6887573339128363+0.144457678374108i,2.6887573339128363,9.306384278686973
0.02540833333,2.5E9,2.689341500220516+0.12831673091035767i,2.689341500220516,10.47930960031742
0.02540833333,2.5E9,2.6893814450548525+0.12694762858565076i,2.6893814450548525,10.592483983426064
0.02540833333,2.5E9,2.7027595828566433+0.029141729375903i,2.7027595828566433,46.372669720341435
0.02540833333,2.5E9,2.703051815646798+0.02886304045464926i,2.703051815646798,46.82548638446353
0.02540833333,2.5E9,2.7085365159049513+0.035032105721895856i,2.7085365159049513,38.65791764569914
0.02540833333,2.5E9,2.708746945543552+0.03494936065422479i,2.708746945543552,38.75245347608541
0.02540833333,2.5E9,2.70945241743992+0.04726103872808482i,2.70945241743992,28.664757381113493
0.02540833333,3.0E9,2.8030985935177832+0.013259360740160852i,2.8030985935177832,105.70262957804475
0.02540833333,3.0E9,2.804491863158259+0.013093524716067667i,2.804491863158259,107.09461065578233
0.02540833333,3.0E9,2.865901185325948+0.03492094177579693i,2.865901185325948,41.03413366864366
0.02540833333,3.0E9,2.866276379729641+0.03517420436199252i,2.866276379729641,40.744011580639985
0.02540833333,3.0E9,2.871179534625995+1.3212168741238398E-4i,2.871179534625995,10865.663279278082
0.02540833333,3.0E9,2.874121382776021+1.374780039476604E-4i,2.874121382776021,10453.022666339533
0.02540833333,3.0E9,2.8960762055895373+0.02716005425905042i,2.8960762055895373,53.31499300345638
0.02540833333,3.0E9,2.89657487728297+0.027101177891072324i,2.89657487728297,53.440018159453516
0.02540833333,3.0E9,2.896612471999526+0.13762461070830997i,2.896612471999526,10.52359914804331
0.02540833333,3.0E9,2.896618432218646+0.1385563226489033i,2.896618432218646,10.452855477258053
0.02540833333,3.0E9,2.897123909613374+0.138046459203197i,2.897123909613374,10.49329307805339
0.02540833333,3.0E9,2.897153839074897+0.1371287385162659i,2.897153839074897,10.563627545991183
0.02540833333,3.0E9,2.9023085146797043+0.15295385488011023i,2.9023085146797043,9.487529807452775
0.02540833333,3.0E9,2.903732463873483+0.1553357217956647i,2.903732463873483,9.346634599906059
0.02540833333,3.0E9,2.903823858008883+0.15343307427998978i,2.903823858008883,9.462835414188104
0.02540833333,3.0E9,2.905191115804117+0.15590075954503588i,2.905191115804117,9.317437337323808
0.02540833333,3.0E9,2.9071657055773596+0.016090417599257202i,2.9071657055773596,90.33841687587916
0.02540833333,3.0E9,2.9077232720330115+0.015923962288625776i,2.9077232720330115,91.30024359923128
0.02540833333,3.0E9,2.9121971260795405+0.1263169377861175i,2.9121971260795405,11.527342164558066
0.02540833333,3.0E9,2.9123031685481435+0.1278929337466702i,2.9123031685481435,11.385707885616343
0.02540833333,3.0E9,2.9134650319972506+0.12651145836969077i,2.9134650319972506,11.514629068157392
0.02540833333,3.0E9,2.913814853263491+0.12477755718020825i,2.913814853263491,11.67603741855298
0.02540833333,3.0E9,2.915601824046674+0.2007199693136279i,2.915601824046674,7.262859380700191
0.02540833333,3.0E9,2.916922845281835+0.20180749662706568i,2.916922845281835,7.226993283287744
0.02540833333,3.0E9,2.9193137140140113+0.200371177922115i,2.9193137140140113,7.284764566161203
0.02540833333,3.0E9,2.9199963051344455+0.2029155246174701i,2.9199963051344455,7.195103259445353
0.02540833333,3.0E9,2.9238171629471412+0.19192847964949694i,2.9238171629471412,7.616944520913899
0.02540833333,3.0E9,2.9243226028635307+0.17776425864431616i,2.9243226028635307,8.225282813219307
0.02540833333,3.0E9,2.9243726036167246+0.1761857484682693i,2.9243726036167246,8.29911791685977
0.02540833333,3.0E9,2.925121387257937+0.19073762174280004i,2.925121387257937,7.667919313795142
0.02540833333,3.0E9,2.925165540017443+0.04595418089107298i,2.925165540017443,31.826979431437145
0.02540833333,3.0E9,2.9253172567301666+0.1423478721727793i,2.9253172567301666,10.275240550064101
0.02540833333,3.0E9,2.925326194360431+0.14104637534028036i,2.925326194360431,10.370086389327472
0.02540833333,3.0E9,2.9254093117802356+0.20774818683082014i,2.9254093117802356,7.0407577471724085
0.02540833333,3.0E9,2.92585847870414+0.045586817910051806i,2.92585847870414,32.091058477444136
0.02540833333,3.0E9,2.9259409744640887+0.17852707632613266i,2.9259409744640887,8.19467005979247
0.02540833333,3.0E9,2.926307627578945+0.18118584423831005i,2.926307627578945,8.075431168149185
0.02540833333,3.0E9,2.926551984750052+0.1466710189858204i,2.926551984750052,9.976585711976881
0.02540833333,3.0E9,2.9270513832745593+0.180406110893148i,2.9270513832745593,8.112395330688688
0.02540833333,3.0E9,2.9274427902695246+0.1449712399376109i,2.9274427902695246,10.096632930536305
0.02540833333,3.0E9,2.9275132320131245+0.19580407876017672i,2.9275132320131245,7.4756186146632295
0.02540833333,3.0E9,2.9279337098896625+0.2098606421929599i,2.9279337098896625,6.975900005103206
0.02540833333,3.0E9,2.928731635983918+0.19830359211699455i,2.928731635983918,7.384464408128407
0.02540833333,3.0E9,2.928962248080106+0.1823808739571518i,2.928962248080106,8.029795516738863
0.02540833333,3.0E9,2.9315967049837983+0.20251537329292013i,2.9315967049837983,7.237960894809476
0.02540833333,3.0E9,2.9329410308877155+0.2049425627131008i,2.9329410308877155,7.155519556456268
0.02540833333,3.0E9,2.9360260871266863+0.16477254549715004i,2.9360260871266863,8.909330368928083
0.02540833333,3.0E9,2.9364145880201176+0.16442000983251137i,2.9364145880201176,8.929614439907086
0.02540833333,3.0E9,2.9376723457423246+0.16821014892691136i,2.9376723457423246,8.732149529868042
0.02540833333,3.0E9,2.938063997195693+0.16801588813422547i,2.938063997195693,8.74341120301824
0.02540833333,3.0E9,2.945125059704591+0.21462565057444272i,2.945125059704591,6.861074274724393
0.02540833333,3.0E9,2.945553070217324+0.21312588347170616i,2.945553070217324,6.910359788862447
0.02540833333,3.0E9,2.945590246855883+0.15692626784862593i,2.945590246855883,9.385268276746553
0.02540833333,3.0E9,2.94574629194245+0.1573644721438644i,2.94574629194245,9.35962943798844
0.02540833333,3.0E9,2.945984448913944+0.156982285696026i,2.945984448913944,9.383174782594343
0.02540833333,3.0E9,2.946297218789998+0.15696200178518047i,2.946297218789998,9.385383676561178
0.02540833333,3.0E9,2.947871314305637+0.211422027739838i,2.947871314305637,6.97153306545024
0.02540833333,3.0E9,2.949529874356525+0.1676131658780948i,2.949529874356525,8.798622288722
0.02540833333,3.0E9,2.9501867409971356+0.16836450618054807i,2.9501867409971356,8.761308448924089
0.02540833333,3.0E9,2.950503672569905+0.17048837154175472i,2.950503672569905,8.653093597786198
0.02540833333,3.0E9,2.9513036593734348+0.17057342413671037i,2.9513036593734348,8.651123920124972
0.02540833333,3.0E9,2.95222337627985+0.18069384353822268i,2.95222337627985,8.169131051925845
0.02540833333,3.0E9,2.9522970682160388+0.05564294729206565i,2.9522970682160388,26.52894222802086
0.02540833333,3.0E9,2.952746538614062+0.05536578405840691i,2.952746538614062,26.665806226993258
0.02540833333,3.0E9,2.953859320366234+0.20271945822381415i,2.953859320366234,7.285584093030183
0.02540833333,3.0E9,2.9556053385317247+0.17942099005582743i,2.9556053385317247,8.236509389486923
0.02540833333,3.0E9,2.9561258447996215+0.2004718484927516i,2.9561258447996215,7.372920105803547
0.02540833333,3.0E9,2.9603844370018653+0.1874891779786776i,2.9603844370018653,7.894814167190328
0.02540833333,3.0E9,2.960480296239554+0.1881967583480587i,2.960480296239554,7.865385998743725
0.02540833333,3.0E9,2.9608188966649442+0.1812555906695917i,2.9608188966649442,8.167524338772479
0.02540833333,3.0E9,2.961964580914387+0.009561724347639546i,2.961964580914387,154.88652847671727
0.02540833333,3.0E9,2.9622223975464443+0.18585407218566577i,2.9622223975464443,7.969215747361249
0.02540833333,3.0E9,2.962358000477705+0.18696571652244035i,2.962358000477705,7.922195725445074
0.02540833333,3.0E9,2.963293334703361+0.17986359031134044i,2.963293334703361,8.237613097720214
0.02540833333,3.0E9,2.963328146134202+0.009482390647459723i,2.963328146134202,156.25427470276495
0.02540833333,3.0E9,2.964698795111227+0.15825593245502204i,2.964698795111227,9.366785652581536
0.02540833333,3.0E9,2.9660429090813993+1.9508808411921566E-5i,2.9660429090813993,76018.04391263823
0.02540833333,3.0E9,2.9661498742541057+0.2041007726788661i,2.9661498742541057,7.266385705753969
0.02540833333,3.0E9,2.966445194308345+0.20672730721900034i,2.966445194308345,7.174778296622873
0.02540833333,3.0E9,2.967120542035295+0.15924086946787858i,2.967120542035295,9.316454224189632
0.02540833333,3.0E9,2.967494932017519+1.4132874764282836E-5i,2.967494932017519,104985.53838165646
0.02540833333,3.0E9,2.9677941180725713+0.20801339059278146i,2.9677941180725713,7.133661226364243
0.02540833333,3.0E9,2.967871245572163+0.16269375959969218i,2.967871245572163,9.12103590474093
0.02540833333,3.0E9,2.968144438033721+0.2107155308910762i,2.968144438033721,7.043012979351827
0.02540833333,3.0E9,2.96857844406081+0.20668165359849133i,2.96857844406081,7.181523837204481
0.02540833333,3.0E9,2.969518019868193+0.18840763814537567i,2.969518019868193,7.8805669693096725
0.02540833333,3.0E9,2.9708328610971426+0.16387858958616613i,2.9708328610971426,9.064127500118316
0.02540833333,3.0E9,2.9715298515103905+0.18804475159068038i,2.9715298515103905,7.9011241376695285
0.02540833333,3.0E9,2.9719296611350647+0.19357034661419853i,2.9719296611350647,7.676613988449282
0.02540833333,3.0E9,2.9730153860384583+0.19241458917595675i,2.9730153860384583,7.725545653192998
0.02540833333,3.0E9,2.9730331805675427+0.19315103386759377i,2.9730331805675427,7.696135819302876
0.02540833333,3.0E9,2.9736704438529404+0.19404855775547147i,2.9736704438529404,7.66218125568391
0.02540833333,3.0E9,2.9744825515230726+0.18139951350575761i,2.9744825515230726,8.198705977865432
0.02540833333,3.0E9,2.975067386064176+0.2064287138045195i,2.975067386064176,7.206040601700054
0.02540833333,3.0E9,2.9750780650731845+0.19515532060886995i,2.9750780650731845,7.622333984518497
0.02540833333,3.0E9,2.9759859405203914+0.17979294850887073i,2.9759859405203914,8.276147549728739
0.02540833333,3.0E9,2.979294739177705+0.2086821568965937i,2.979294739177705,7.138355246764118
0.02540833333,3.0E9,2.9815111566213504+0.20593371325080123i,2.9815111566213504,7.239006934698076
0.02540833333,3.0E9,2.981902728034643+0.18342056786214544i,2.981902728034643,8.128594199631339
0.02540833333,3.0E9,2.982578576116956+0.179595885291088i,2.982578576116956,8.303582710936862
0.02540833333,3.0E9,2.9839958765261776+0.18352116931328522i,2.9839958765261776,8.129841063273359
0.02540833333,3.0E9,2.9845873402856866+0.17944495293290766i,2.9845873402856866,8.316164070107865
0.02540833333,3.0E9,2.9858641564246415+0.202760549503592i,2.9858641564246415,7.363030342280032
0.02540833333,3.0E9,2.988502532620576+0.1836824635179653i,2.988502532620576,8.134969651929461
0.02540833333,3.0E9,2.9897313106443746+0.18344337858051596i,2.9897313106443746,8.148921301436177
0.02540833333,3.0E9,2.991097694942462+0.2213538000463221i,2.991097694942462,6.75637304242467
0.02540833333,3.0E9,2.9940200965077635+0.2221520722884564i,2.9940200965077635,6.738672445558232
0.02540833333,3.0E9,3.0022008276847765+0.1879816704584166i,3.0022008276847765,7.9853552220371755
0.02540833333,3.0E9,3.003460529113836+0.18832212178032962i,3.003460529113836,7.974263726216017
0.02540833333,3.0E9,3.004470589801237+0.1375631887662418i,3.004470589801237,10.920329111106424
0.02540833333,3.0E9,3.0045805844778792+0.18896218231097187i,3.0045805844778792,7.950216672279144
0.02540833333,3.0E9,3.0046936241294633+0.13652077685460773i,3.0046936241294633,11.004528736784914
0.02540833333,3.0E9,3.005695492678974+0.18831546405016716i,3.005695492678974,7.980479744027442
0.02540833333,3.0E9,3.0058554890320233+0.048607959998484336i,3.0058554890320233,30.91937502752378
0.02540833333,3.0E9,3.0063629023669196+0.13528720305415246i,3.0063629023669196,11.111039457159666
0.02540833333,3.0E9,3.006598246629515+0.13645057202107858i,3.006598246629515,11.017169815034057
0.02540833333,3.0E9,3.0066617271052314+0.04921380395077705i,3.0066617271052314,30.546934861126076
0.02540833333,3.0E9,3.010067129211872+0.20694827003127986i,3.010067129211872,7.272510972807132
0.02540833333,3.0E9,3.0101529109025535+0.20801204157145364i,3.0101529109025535,7.2355256170795865
0.02540833333,3.0E9,3.01589366765811+0.22105581299798152i,3.01589366765811,6.8215660713831765
0.02540833333,3.0E9,3.0176154957121497+0.15106460963989493i,3.0176154957121497,9.987830713313617
0.02540833333,3.0E9,3.0181360277376554+0.006080334797355769i,3.0181360277376554,248.18830938801182
0.02540833333,3.0E9,3.0184440453580734+0.1502454682422245i,3.0184440453580734,10.045041892683786
0.02540833333,3.0E9,3.019011476766215+0.153741315993972i,3.019011476766215,9.818478062476668
0.02540833333,3.0E9,3.0192506606116702+0.006052789359228587i,3.0192506606116702,249.40985729234646
0.02540833333,3.0E9,3.020721318358264+0.15351319634303343i,3.020721318358264,9.838637297370518
0.02540833333,3.0E9,3.0244115460646097+0.12694336305064477i,3.0244115460646097,11.912444547644462
0.02540833333,3.0E9,3.024434944556495+0.21687363267650914i,3.024434944556495,6.972804640266649
0.02540833333,3.0E9,3.0246661607895455+0.1254049892725449i,3.0246661607895455,12.059592598090276
0.02540833333,3.0E9,3.025652364286484+0.12652295067157074i,3.025652364286484,11.956930929237082
0.02540833333,3.0E9,3.0257594728453046+0.1244705575149299i,3.0257594728453046,12.154518840659863
0.02540833333,3.0E9,3.0349316571376765+0.2015854311881376i,3.0349316571376765,7.527656237977848
0.02540833333,3.0E9,3.0356267433485153+0.17020016804712879i,3.0356267433485153,8.91781359025434
0.02540833333,3.0E9,3.0365438011728156+0.1709234059185181i,3.0365438011728156,8.882761798639748
0.02540833333,3.0E9,3.03804009972664+0.20044448750841734i,3.03804009972664,7.5782580441356915
0.02540833333,3.0E9,3.038328502656667+0.2094812301271201i,3.038328502656667,7.252030410583585
0.02540833333,3.0E9,3.042681303573146+0.21338043004992116i,3.042681303573146,7.129710308628817
0.02540833333,3.0E9,3.0433493479297966+0.14121365973622024i,3.0433493479297966,10.775690374481528
0.02540833333,3.0E9,3.0444590805221914+0.21376027245697796i,3.0444590805221914,7.12119947623787
0.02540833333,3.0E9,3.0448240814737346+0.13959164465415852i,3.0448240814737346,10.906183135163124
0.02540833333,3.0E9,3.045245997404249+0.14601425391620487i,3.045245997404249,10.427906576682112
0.02540833333,3.0E9,3.045944837096538+0.21643935072031717i,3.045944837096538,7.036485802973292
0.02540833333,3.0E9,3.04684533066184+0.14482985127058182i,3.04684533066184,10.518706274749597
0.02540833333,3.0E9,3.046865484951262+0.21045188980265397i,3.046865484951262,7.238864635067864
0.02540833333,3.0E9,3.047251489830946+0.17572394460435928i,3.047251489830946,8.670564209936792
0.02540833333,3.0E9,3.047605916576432+0.17454159786651313i,3.047605916576432,8.730314016338948
0.02540833333,3.0E9,3.048285863100857+0.15453158074910087i,3.048285863100857,9.862986738128585
0.02540833333,3.0E9,3.048620184595467+0.15420255158230722i,3.048620184595467,9.885115885933425
0.02540833333,3.0E9,3.048677120154612+0.20352303639153638i,3.048677120154612,7.4897593270217975
0.02540833333,3.0E9,3.048903712961782+0.20693727670014517i,3.048903712961782,7.366733924356422
0.02540833333,3.0E9,3.049498778496313+0.1610686113570182i,3.049498778496313,9.466458898490522
0.02540833333,3.0E9,3.04958764995713+0.2124235734027463i,3.04958764995713,7.178081982867406
0.02540833333,3.0E9,3.0495932071328493+0.15418741597977917i,3.0495932071328493,9.889241569275622
0.02540833333,3.0E9,3.049983970529446+0.15379036264293036i,3.049983970529446,9.916043886348334
0.02540833333,3.0E9,3.0501507077126147+0.17998704966627438i,3.0501507077126147,8.473250473764907
0.02540833333,3.0E9,3.0501990768250353+0.17784695559950525i,3.0501990768250353,8.575348019152488
0.02540833333,3.0E9,3.0508011545694553+0.19806224208849166i,3.0508011545694553,7.701622283984841
0.02540833333,3.0E9,3.0509300235074557+0.19698748832879845i,3.0509300235074557,7.743969044407137
0.02540833333,3.0E9,3.0513994445683+0.20438725874613412i,3.0513994445683,7.46474967003298
0.02540833333,3.0E9,3.051599131320886+0.20895845625324372i,3.051599131320886,7.301927823448675
0.02540833333,3.0E9,3.0517063567829905+0.191148069517291i,3.0517063567829905,7.982571742653508
0.02540833333,3.0E9,3.052420972475745+0.16565401280038636i,3.052420972475745,9.213241867415316
0.02540833333,3.0E9,3.0536706795791586+0.18575687093168644i,3.0536706795791586,8.219536279500987
0.02540833333,3.0E9,3.0551954980593887+0.18220104174143925i,3.0551954980593887,8.384132903024243
0.02540833333,3.0E9,3.055332173844395+0.18160180702285153i,3.055332173844395,8.412174481997122
0.02540833333,3.0E9,3.056167472175174+0.16495251870894673i,3.056167472175174,9.263779347218337
0.02540833333,3.0E9,3.056655401934158+0.19857102888754807i,3.056655401934158,7.696629813166651
0.02540833333,3.0E9,3.05672684295838+0.18235331527309964i,3.05672684295838,8.381330600928486
0.02540833333,3.0E9,3.056759879923246+0.1946729230310351i,3.056759879923246,7.851014492230981
0.02540833333,3.0E9,3.056776785067479+0.20021981020881677i,3.056776785067479,7.633552299044364
0.02540833333,3.0E9,3.0567791326161164+0.18193731546857494i,3.0567791326161164,8.400638221860808
0.02540833333,3.0E9,3.057898031669954+0.16740085314095027i,3.057898031669954,9.133460117718835
0.02540833333,3.0E9,3.0590532522894187+0.165062202043182i,3.0590532522894187,9.266365086687559
0.02540833333,3.0E9,3.059088395170158+0.18577369532557125i,3.059088395170158,8.233373378855006
0.02540833333,3.0E9,3.059149716697462+0.19637819020492328i,3.059149716697462,7.78892430341984
0.02540833333,3.0E9,3.0595478151714817+0.19708096062006542i,3.0595478151714817,7.7621597884072315
0.02540833333,3.0E9,3.0601909013255235+3.3206942929432994E-5i,3.0601909013255235,46077.576424734994
0.02540833333,3.0E9,3.0604237861531556+0.1913339309791833i,3.0604237861531556,7.997598153372291
0.02540833333,3.0E9,3.060423630247953+0.19312858467931462i,3.060423630247953,7.923279806895787
0.02540833333,3.0E9,3.0604485875700305+0.1677623997472282i,3.0604485875700305,9.121378187786073
0.02540833333,3.0E9,3.061461718364428+3.536005998957974E-5i,3.061461718364428,43289.826420919686
0.02540833333,3.0E9,3.0629612006031914+0.16537698338022241i,3.0629612006031914,9.260542603927718
0.02540833333,3.0E9,3.0653147824110216+0.1695707495977205i,3.0653147824110216,9.038453830283203
0.02540833333,3.0E9,3.0728139667881904+0.20386903073836823i,3.0728139667881904,7.536245097303751
0.02540833333,3.0E9,3.073946827032131+0.19971535054774475i,3.073946827032131,7.69582012249294
0.02540833333,3.0E9,3.0817174313562594+0.17585267533435195i,3.0817174313562594,8.762213669757747
0.02540833333,3.0E9,3.084520512566569+0.17759321701057315i,3.084520512566569,8.684229511938312
0.02540833333,3.0E9,3.087260331183463+0.03940861992911056i,3.087260331183463,39.169861019453634
0.02540833333,3.0E9,3.0872836226415936+0.2044034446320273i,3.0872836226415936,7.551936387861287
0.02540833333,3.0E9,3.0883702675219644+0.03949954316169014i,3.0883702675219644,39.093746665370496
0.02540833333,3.0E9,3.089120637514025+0.1901553851813047i,3.089120637514025,8.122622019273042
0.02540833333,3.0E9,3.0896079493362705+0.1567713555308024i,3.0896079493362705,9.85386628467732
0.02540833333,3.0E9,3.090529274534781+0.2009554296861431i,3.090529274534781,7.689588878891309
0.02540833333,3.0E9,3.0909836908090353+0.17817340886874078i,3.0909836908090353,8.674088098876032
0.02540833333,3.0E9,3.091002837127985+0.15671044660073627i,3.091002837127985,9.862146730406492
0.02540833333,3.0E9,3.091052896102206+0.19040992921645905i,3.091052896102206,8.116837469616094
0.02540833333,3.0E9,3.091139970578785+0.18923492531654448i,3.091139970578785,8.167466881200845
0.02540833333,3.0E9,3.091829334129917+0.1902574478555993i,3.091829334129917,8.12538318204641
0.02540833333,3.0E9,3.0931105253435582+0.1781839892405396i,3.0931105253435582,8.679541126357911
0.02540833333,3.0E9,3.0935848904853485+0.162736057469005i,3.0935848904853485,9.504915316860734
0.02540833333,3.0E9,3.0944547977728103+0.16246365406722713i,3.0944547977728103,9.523529479683901
0.02540833333,3.0E9,3.094951562938407+0.18057656290897084i,3.094951562938407,8.569638033532017
0.02540833333,3.0E9,3.0962649577700883+0.17527543769990825i,3.0962649577700883,8.83256946438568
0.02540833333,3.0E9,3.096756613195814+0.17614270812461294i,3.096756613195814,8.790476330717592
0.02540833333,3.0E9,3.0985149372945937+0.18066685485820694i,3.0985149372945937,8.57521690884143
0.02540833333,3.0E9,3.1036918631444417+0.18903625567857935i,3.1036918631444417,8.209250262610173
0.02540833333,3.0E9,3.1057813713484137+0.19176246297769245i,3.1057813713484137,8.097990928781789
0.02540833333,3.0E9,3.1069302213935237+0.0065429673838857585i,3.1069302213935237,237.42516499817629
0.02540833333,3.0E9,3.108730986383645+0.006494380149363892i,3.108730986383645,239.3400844180747
0.02540833333,3.0E9,3.1142112022860253+0.13465080993426598i,3.1142112022860253,11.564026996222026
0.02540833333,3.0E9,3.1144262174213377+0.13631965858729103i,3.1144262174213377,11.423246836504669
0.02540833333,3.0E9,3.1145874312299076+0.1352561016687861i,3.1145874312299076,11.513667009481319
0.02540833333,3.0E9,3.1150127364924063+0.1345791813062901i,3.1150127364924063,11.573159779456965
0.02540833333,3.0E9,3.128872635418686+0.023337275843695285i,3.128872635418686,67.0359440487989
0.02540833333,3.0E9,3.1294386208246237+0.02340743006740311i,3.1294386208246237,66.84712101698513
0.02540833333,3.0E9,3.1321238286659026+0.17630990297192936i,3.1321238286659026,8.882438750943486
0.02540833333,3.0E9,3.132178039082125+0.1496926422598913i,3.132178039082125,10.462030704368704
0.02540833333,3.0E9,3.1339862518226487+0.15318750089633265i,3.1339862518226487,10.229249232101276
0.02540833333,3.0E9,3.134057941486805+0.14835447001614724i,3.134057941486805,10.562735120639395
0.02540833333,3.0E9,3.136126766008166+0.1516310132114528i,3.136126766008166,10.341310460132478
0.02540833333,3.0E9,3.1363362178860177+0.12579090349845817i,3.1363362178860177,12.466466694566908
0.02540833333,3.0E9,3.1368003260124118+0.12363898548044303i,3.1368003260124118,12.685320547654385
0.02540833333,3.0E9,3.1380064436421597+0.12524591471278534i,3.1380064436421597,12.527380437271164
0.02540833333,3.0E9,3.1380375172887645+0.12690619334663825i,3.1380375172887645,12.363610610860276
0.02540833333,3.0E9,3.1389403502357993+0.026183762420040963i,3.1389403502357993,59.94059027653843
0.02540833333,3.0E9,3.1509048419987513+0.15223945080260923i,3.1509048419987513,10.348516187450501
0.02540833333,3.0E9,3.1515735074577518+0.15159083781892183i,3.1515735074577518,10.394999964385603
0.02540833333,3.0E9,3.1541906747378445+0.15178395019441313i,3.1541906747378445,10.390395923606501
0.02540833333,3.0E9,3.154278261607595+0.1516197875714086i,3.154278261607595,10.401934708297953
0.02540833333,3.0E9,3.1611176174612514+0.13826056618121232i,3.1611176174612514,11.431739738856946
0.02540833333,3.0E9,3.163703775359279+0.14377497358121608i,3.163703775359279,11.002275627517871
0.02540833333,3.0E9,3.1637175343460977+0.14019863471640895i,3.1637175343460977,11.28298267934493
0.02540833333,3.0E9,3.1659464034095643+0.14611460051403116i,3.1659464034095643,10.833778391316697
0.02540833333,3.0E9,3.175755596938414+0.038816889589276135i,3.175755596938414,40.9068788166862
0.02540833333,3.0E9,3.1774004792389294+0.03954121844034034i,3.1774004792389294,40.17833294683346
0.02540833333,3.0E9,3.184366409556825+1.8005160845097198E-5i,3.184366409556825,88429.26861228033
0.02540833333,3.0E9,3.1872937016602467+9.770850864308916E-6i,3.1872937016602467,163102.15691157625
0.02540833333,3.0E9,3.1879089591022227+0.05366180353617326i,3.1879089591022227,29.703706817767156
0.02540833333,3.0E9,3.2124108857340468+0.003081530420165459i,3.2124108857340468,521.2362767396531
0.02540833333,3.0E9,3.2133732024231785+0.003136139609823593i,3.2133732024231785,512.313481255372
0.02540833333,3.5E9,3.3044927456454243+0.002536484298310385i,3.3044927456454243,651.3923125498212
0.02540833333,3.5E9,3.3076692575112023+0.0024843492906909746i,3.3076692575112023,665.7013307076553
0.02540833333,3.5E9,3.3149967485820717+0.04819048277537594i,3.3149967485820717,34.394724410977965
0.02540833333,3.5E9,3.359885707128782+0.01748130759119843i,3.359885707128782,96.09938185689361
0.02540833333,3.5E9,3.360801771921414+0.12561408574715696i,3.360801771921414,13.377487691492748
0.02540833333,3.5E9,3.3609902512232455+0.01790196643701733i,3.3609902512232455,93.87209676232709
0.02540833333,3.5E9,3.362035414001258+0.12302796642157458i,3.362035414001258,13.663703919484115
0.02540833333,3.5E9,3.3621514443410794+0.12390645761251198i,3.3621514443410794,13.567297093003052
0.02540833333,3.5E9,3.3623830398300614+0.12566888893133737i,3.3623830398300614,13.37794528312887
0.02540833333,3.5E9,3.384330090175384+0.15671884636257602i,3.384330090175384,10.797457257774811
0.02540833333,3.5E9,3.3847858727038997+0.16218393432176686i,3.3847858727038997,10.435022084211532
0.02540833333,3.5E9,3.3855684862268185+0.1591805028344993i,3.3855684862268185,10.634369241020709
0.02540833333,3.5E9,3.3858279020073927+0.028556851440127567i,3.3858279020073927,59.28223405696766
0.02540833333,3.5E9,3.3860911964301796+0.15785809578588963i,3.3860911964301796,10.725110991529046
0.02540833333,3.5E9,3.3877718918906976+0.028104215685205634i,3.3877718918906976,60.271596436581184
0.02540833333,3.5E9,3.3889888934212253+0.16078393443805067i,3.3889888934212253,10.53895373709426
0.02540833333,3.5E9,3.389206226881726+0.16283862820164638i,3.389206226881726,10.406640808484346
0.02540833333,3.5E9,3.397422517352778+0.13651764340899708i,3.397422517352778,12.443162775577454
0.02540833333,3.5E9,3.400089664403072+4.0901884316086294E-5i,3.400089664403072,41563.97341168279
0.02540833333,3.5E9,3.400125315028945+0.1362849937229173i,3.400125315028945,12.474320254003098
0.02540833333,3.5E9,3.4006029230009553+0.143222260257309i,3.4006029230009553,11.87176810675774
0.02540833333,3.5E9,3.402000817077851+0.14438441024216359i,3.402000817077851,11.78105313230136
0.02540833333,3.5E9,3.408665207941736+2.7446471081298117E-5i,3.408665207941736,62096.60247113485
0.02540833333,3.5E9,3.413392974406927+0.16653498035150308i,3.413392974406927,10.248276269653157
0.02540833333,3.5E9,3.4150102856368525+0.15390865376574128i,3.4150102856368525,11.094276384337409
0.02540833333,3.5E9,3.4179562857851034+0.1776128205032041i,3.4179562857851034,9.621930095196715
0.02540833333,3.5E9,3.4194255206030175+0.16061583286043127i,3.4194255206030175,10.644733647069408
0.02540833333,3.5E9,3.4202721359267523+0.1567169673688911i,3.4202721359267523,10.912258555501147
0.02540833333,3.5E9,3.422317531716333+0.16387317923900657i,3.422317531716333,10.441969660956337
0.02540833333,3.5E9,3.423136544982003+0.16755650474018088i,3.423136544982003,10.214872142057514
0.02540833333,3.5E9,3.424376304940031+0.03180262522620032i,3.424376304940031,53.83795017838477
0.02540833333,3.5E9,3.4247344643247173+0.03234124524290503i,3.4247344643247173,52.946855301992905
0.02540833333,3.5E9,3.4290445125317923+0.1822139807251118i,3.4290445125317923,9.40938916675349
0.02540833333,3.5E9,3.4340010202651285+0.1875709470931127i,3.4340010202651285,9.153872370651424
0.02540833333,3.5E9,3.434762535292869+0.18324408467615175i,3.434762535292869,9.372096625555862
0.02540833333,3.5E9,3.4357898031012786+0.17180563618615333i,3.4357898031012786,9.999060215284677
0.02540833333,3.5E9,3.4392278416732456+0.173834932030562i,3.4392278416732456,9.89222304602332
0.02540833333,3.5E9,3.4403536869800266+0.1669790143806759i,3.4403536869800266,10.301754683785495
0.02540833333,3.5E9,3.441156809030084+0.16599610594969383i,3.441156809030084,10.365173295308953
0.02540833333,3.5E9,3.441438542080231+5.2797455055216236E-5i,3.441438542080231,32590.95100778183
0.02540833333,3.5E9,3.441976894652131+0.17640825045383296i,3.441976894652131,9.75571404907991
0.02540833333,3.5E9,3.442013983926555+0.13289321729145484i,3.442013983926555,12.950299699561414
0.02540833333,3.5E9,3.442188035288083+0.17528731398777217i,3.442188035288083,9.818702668717387
0.02540833333,3.5E9,3.442561659940308+0.13123120468996463i,3.442561659940308,13.116398908603344
0.02540833333,3.5E9,3.4433062622774697+0.1334696559110869i,3.4433062622774697,12.899210081770526
0.02540833333,3.5E9,3.4435029555878827+0.13224809725104225i,3.4435029555878827,13.01910207846391
0.02540833333,3.5E9,3.4439436818246496+0.16841841708382926i,3.4439436818246496,10.224367802098646
0.02540833333,3.5E9,3.4440750533535627+0.18280110570973188i,3.4440750533535627,9.420279598369541
0.02540833333,3.5E9,3.444604424249272+0.16946369550657694i,3.444604424249272,10.163251822026936
0.02540833333,3.5E9,3.4467775887952476+0.1780228411278424i,3.4467775887952476,9.680717280318078
0.02540833333,3.5E9,3.447710897034609+0.16699071497122092i,3.447710897034609,10.323061667317209
0.02540833333,3.5E9,3.447802777312356+0.1873595935864999i,3.447802777312356,9.201030786076563
0.02540833333,3.5E9,3.448213789187634+0.1681046228291787i,3.448213789187634,10.256153968744728
0.02540833333,3.5E9,3.448811401157534+0.17184678504495915i,3.448811401157534,10.034553163899005
0.02540833333,3.5E9,3.4501624142990326+0.17641174880139487i,3.4501624142990326,9.778720628701553
0.02540833333,3.5E9,3.451050171251218+0.1904477885506229i,3.451050171251218,9.060357690459332
0.02540833333,3.5E9,3.4514071985668515+9.138514613685975E-4i,3.4514071985668515,1888.3852269590798
0.02540833333,3.5E9,3.453073605766084+0.049340297796751i,3.453073605766084,34.99242769055059
0.02540833333,3.5E9,3.4531951281361515+0.18519481475796745i,3.4531951281361515,9.323142045443225
0.02540833333,3.5E9,3.453345546777451+9.458285383260707E-5i,3.453345546777451,18255.66372150913
0.02540833333,3.5E9,3.4550909074247027+0.0010747567417083354i,3.4550909074247027,1607.3827561820194
0.02540833333,3.5E9,3.4554890218158665+0.049365319866961146i,3.4554890218158665,34.99915559271531
0.02540833333,3.5E9,3.4559278279284915+0.1762258765682705i,3.4559278279284915,9.8053926450173
0.02540833333,3.5E9,3.4567476025162582+8.95067373662215E-4i,3.4567476025162582,1930.9985506302141
0.02540833333,3.5E9,3.4579981678225793+0.15346073991136427i,3.4579981678225793,11.266719324499045
0.02540833333,3.5E9,3.458507037305638+0.0010976983573615388i,3.458507037305638,1575.3449087865133
0.02540833333,3.5E9,3.4594361282897723+0.18928357334709037i,3.4594361282897723,9.138236528180352
0.02540833333,3.5E9,3.4600663174767843+0.1664508046544656i,3.4600663174767843,10.393660531288866
0.02540833333,3.5E9,3.4601203322440957+0.1838952772363715i,3.4601203322440957,9.407855340941131
0.02540833333,3.5E9,3.4648182860982937+0.19553380049680244i,3.4648182860982937,8.859896031517462
0.02540833333,3.5E9,3.464985007604795+0.18248023560175014i,3.464985007604795,9.494137806701634
0.02540833333,3.5E9,3.465142763203236+0.17325796132150123i,3.465142763203236,9.999952489263226
0.02540833333,3.5E9,3.4654808855491837+0.1504469041903981i,3.4654808855491837,11.517288787688988
0.02540833333,3.5E9,3.4659316469472135+0.14670722004335163i,3.4659316469472135,11.81240993429989
0.02540833333,3.5E9,3.4664836329442497+0.18932672272435574i,3.4664836329442497,9.154765854134514
0.02540833333,3.5E9,3.467512411631254+0.14621463778219135i,3.467512411631254,11.857610374129006
0.02540833333,3.5E9,3.4676739106488492+0.16770545014969807i,3.4676739106488492,10.338584427499276
0.02540833333,3.5E9,3.4681688629419+0.14449394321535114i,3.4681688629419,12.001087331989424
0.02540833333,3.5E9,3.468279481994051+0.1724174901415836i,3.468279481994051,10.057794830286685
0.02540833333,3.5E9,3.468554274827305+0.1456633978184871i,3.468554274827305,11.906059884548045
0.02540833333,3.5E9,3.4685634838767374+0.1773015227211078i,3.4685634838767374,9.781538902327215
0.02540833333,3.5E9,3.4701947342351716+0.177465238180392i,3.4701947342351716,9.777111196018417
0.02540833333,3.5E9,3.47022115331138+0.16743730766292023i,3.47022115331138,10.36274771061634
0.02540833333,3.5E9,3.4711683201774757+0.16257659401804003i,3.4711683201774757,10.67548604134339
0.02540833333,3.5E9,3.471897205234563+0.1262857946776148i,3.471897205234563,13.746190591339666
0.02540833333,3.5E9,3.4719868421879734+0.12403717409197752i,3.4719868421879734,13.995751143174964
0.02540833333,3.5E9,3.473272861647248+0.16844896481695665i,3.473272861647248,10.30957021736953
0.02540833333,3.5E9,3.473998781908522+0.18644252643382958i,3.473998781908522,9.316540728012182
0.02540833333,3.5E9,3.474763111297257+0.16717447311315145i,3.474763111297257,10.39262468303213
0.02540833333,3.5E9,3.475441280402138+0.1428628580371729i,3.475441280402138,12.163557862946533
0.02540833333,3.5E9,3.475738445216998+0.1244004776645533i,3.475738445216998,13.969956186942264
0.02540833333,3.5E9,3.4765481567193506+0.17809738682383083i,3.4765481567193506,9.760244714197462
0.02540833333,3.5E9,3.4771548385127247+0.12235792504864443i,3.4771548385127247,14.208948203111293
0.02540833333,3.5E9,3.4790937674322633+0.14882505595343903i,3.4790937674322633,11.688535055954295
0.02540833333,3.5E9,3.4797137754119523+0.14479222943554257i,3.4797137754119523,12.016231081520239
0.02540833333,3.5E9,3.481077268397539+0.18714298494327528i,3.481077268397539,9.300581770277642
0.02540833333,3.5E9,3.481224420064999+0.17387460939244204i,3.481224420064999,10.010732539469677
0.02540833333,3.5E9,3.4826994447272916+0.15092480833527644i,3.4826994447272916,11.537862738213803
0.02540833333,3.5E9,3.4867252299623526+0.18229458741031146i,3.4867252299623526,9.563435973319322
0.02540833333,3.5E9,3.48787279107972+0.19722886861189676i,3.48787279107972,8.84219641786591
0.02540833333,3.5E9,3.4884107913040108+0.042841413979156036i,3.4884107913040108,40.71306788568246
0.02540833333,3.5E9,3.4887017208431317+0.1846981070527327i,3.4887017208431317,9.444335344073345
0.02540833333,3.5E9,3.489315644639795+0.04385806380410351i,3.489315644639795,39.7796361944428
0.02540833333,3.5E9,3.490411681056899+0.19582209015575963i,3.490411681056899,8.9122010654686
0.02540833333,3.5E9,3.491409127829259+0.17515261955901779i,3.491409127829259,9.966762520079886
0.02540833333,3.5E9,3.4918313870747455+0.19291374745643478i,3.4918313870747455,9.050239895068382
0.02540833333,3.5E9,3.493457939917076+0.15605302242975425i,3.493457939917076,11.193176157448734
0.02540833333,3.5E9,3.493989300782901+0.1557437559908949i,3.493989300782901,11.217108764819974
0.02540833333,3.5E9,3.4950882910161383+0.19287831785674353i,3.4950882910161383,9.060345221415828
0.02540833333,3.5E9,3.497933761243588+0.16032332764634796i,3.497933761243588,10.908998124588479
0.02540833333,3.5E9,3.498662960437862+0.15988695103767026i,3.498662960437862,10.941052217618303
0.02540833333,3.5E9,3.498724017092518+0.18411648350843962i,3.498724017092518,9.501387247959636
0.02540833333,3.5E9,3.4990486132260217+0.19515475653259687i,3.4990486132260217,8.964804843589791
0.02540833333,3.5E9,3.5004408983075317+0.08372750492804669i,3.5004408983075317,20.90376932476205
0.02540833333,3.5E9,3.5015169037571825+0.07735504008053075i,3.5015169037571825,22.632765105621527
0.02540833333,3.5E9,3.501538223292201+0.19399791750526457i,3.501538223292201,9.024679925229556
0.02540833333,3.5E9,3.5021810237104765+9.368665979516603E-4i,3.5021810237104765,1869.0926922613903
0.02540833333,3.5E9,3.503277196830323+0.18179365378764822i,3.503277196830323,9.635312135049759
0.02540833333,3.5E9,3.503431397163081+9.387717448183308E-4i,3.503431397163081,1865.9655110524538
0.02540833333,3.5E9,3.5085832270089945+0.18930868934419823i,3.5085832270089945,9.266830907665684
0.02540833333,3.5E9,3.508634249105933+0.1823001423208652i,3.508634249105933,9.62323507935175
0.02540833333,3.5E9,3.511816663281915+0.18188514390488245i,3.511816663281915,9.653940360072601
0.02540833333,3.5E9,3.511966475768308+0.19665010744491443i,3.511966475768308,8.929480185389878
0.02540833333,3.5E9,3.512929515424618+0.1517780908014045i,3.512929515424618,11.572584346251737
0.02540833333,3.5E9,3.5134635423896587+0.13643796600024719i,3.5134635423896587,12.875681327524676
0.02540833333,3.5E9,3.5143544134183973+0.18858210002604534i,3.5143544134183973,9.3178366688382
0.02540833333,3.5E9,3.5143879067210917+0.17682047380863986i,3.5143879067210917,9.937729016958924
0.02540833333,3.5E9,3.514518467366819+0.18345063149732085i,3.514518467366819,9.578921693213537
0.02540833333,3.5E9,3.515358469525632+0.14434781133869273i,3.515358469525632,12.176694737952474
0.02540833333,3.5E9,3.515968972811441+0.19802951921925713i,3.515968972811441,8.877386024753665
0.02540833333,3.5E9,3.517423677491495+0.18086811304393124i,3.517423677491495,9.723725255642888
0.02540833333,3.5E9,3.518824102405991+0.13401604424501268i,3.518824102405991,13.128368779385692
0.02540833333,3.5E9,3.5192552893968885+0.16225371580304565i,3.5192552893968885,10.84491431206665
0.02540833333,3.5E9,3.5212003445075535+0.14240823332216657i,3.5212003445075535,12.36305044435749
0.02540833333,3.5E9,3.5223161833844103+0.1873499271368702i,3.5223161833844103,9.400367102387902
0.02540833333,3.5E9,3.523008179241949+0.1947428091491706i,3.523008179241949,9.045284379520703
0.02540833333,3.5E9,3.5255739048579304+0.18098649670020697i,3.5255739048579304,9.739881066093641
0.02540833333,3.5E9,3.5282945731978286+0.16822414703314292i,3.5282945731978286,10.486885014500018
0.02540833333,3.5E9,3.532090405872099+0.17598686385101i,3.532090405872099,10.03509673557896
0.02540833333,3.5E9,3.5370755904776496+0.19267263484367714i,3.5370755904776496,9.17897757859443
0.02540833333,3.5E9,3.5373212271923133+0.18663339893733538i,3.5373212271923133,9.476656502355228
0.02540833333,3.5E9,3.5387146731975028+0.17143856357215911i,3.5387146731975028,10.320649565253866
0.02540833333,3.5E9,3.5388848428668576+0.16426683514212653i,3.5388848428668576,10.771756939874544
0.02540833333,3.5E9,3.539252550163889+0.1572690347076074i,3.539252550163889,11.252223162506283
0.02540833333,3.5E9,3.542281211275546+0.15655296914527803i,3.542281211275546,11.313363236146547
0.02540833333,3.5E9,3.543026840756884+0.17404442067976514i,3.543026840756884,10.1785131258988
0.02540833333,3.5E9,3.5434489743158695+0.18672353142888598i,3.5434489743158695,9.48849067709872
0.02540833333,3.5E9,3.5437936222472968+0.16510510300544953i,3.5437936222472968,10.73193244102918
0.02540833333,3.5E9,3.5442590516874692+0.0683569357125558i,3.5442590516874692,25.924648426249302
0.02540833333,3.5E9,3.545642631294698+0.16571522931441307i,3.545642631294698,10.697998747500497
0.02540833333,3.5E9,3.5459048359359713+0.16610552207320364i,3.5459048359359713,10.673651278051043
0.02540833333,3.5E9,3.546596964156273+0.16373087004102072i,3.546596964156273,10.830568979654593
0.02540833333,3.5E9,3.547238398513735+0.18975388331203796i,3.547238398513735,9.346945465881538
0.02540833333,3.5E9,3.547779106379312+0.16566193268590204i,3.547779106379312,10.707888797560885
0.02540833333,3.5E9,3.5478504246194276+0.18478423750040585i,3.5478504246194276,9.599981233820431
0.02540833333,3.5E9,3.5509879077123885+0.13184345874543388i,3.5509879077123885,13.466682160427505
0.02540833333,3.5E9,3.5511220503888934+0.1332853152468845i,3.5511220503888934,13.321505237884411
0.02540833333,3.5E9,3.5514283900809094+0.17365598716250993i,3.5514283900809094,10.225470621860646
0.02540833333,3.5E9,3.551750049404181+0.15866987833372806i,3.551750049404181,11.192263102180732
0.02540833333,3.5E9,3.5529411481964526+0.1778033421747475i,3.5529411481964526,9.99121024593726
0.02540833333,3.5E9,3.554006483194408+0.16219334004826347i,3.554006483194408,10.956080200755625
0.02540833333,3.5E9,3.554059341915315+0.13231089870728016i,3.554059341915315,13.430712725253978
0.02540833333,3.5E9,3.55412569127333+0.18081594101309184i,3.55412569127333,9.828020890635955
0.02540833333,3.5E9,3.554164230758163+0.13071287347747612i,3.554164230758163,13.595310607912698
0.02540833333,3.5E9,3.5546486985060124+0.07378272256561226i,3.5546486985060124,24.088625188268114
0.02540833333,3.5E9,3.554889678589359+0.19114038261366362i,3.554889678589359,9.29915915721108
0.02540833333,3.5E9,3.5561050950213793+0.1901252347567133i,3.5561050950213793,9.35200711144898
0.02540833333,3.5E9,3.557201612826344+0.1717013750661488i,3.557201612826344,10.358687026984828
0.02540833333,3.5E9,3.5581241076770125+0.18213548113957836i,3.5581241076770125,9.767795065010608
0.02540833333,3.5E9,3.5602369185706846+0.1736435824877383i,3.5602369185706846,10.251564922711978
0.02540833333,3.5E9,3.560317886701508+0.1673088906792201i,3.560317886701508,10.639954255412746
0.02540833333,3.5E9,3.5605048560298598+0.17727998545382914i,3.5605048560298598,10.042038436869001
0.02540833333,3.5E9,3.5616519851525936+0.18091784901259125i,3.5616519851525936,9.843285238552431
0.02540833333,3.5E9,3.5622939521226975+0.18877486078385i,3.5622939521226975,9.435297521425738
0.02540833333,3.5E9,3.563568662326351+0.17913236620270187i,3.563568662326351,9.94674702809961
0.02540833333,3.5E9,3.564814645042715+0.1112623429748705i,3.564814645042715,16.01986148111161
0.02540833333,3.5E9,3.5650582336405736+0.17022173112942182i,3.5650582336405736,10.47180700720877
0.02540833333,3.5E9,3.569114414347683+0.1842789392203652i,3.569114414347683,9.683999781656139
0.02540833333,3.5E9,3.5692137838232325+0.182058791144476i,3.5692137838232325,9.802365931867632
0.02540833333,3.5E9,3.5698915162902907+0.1674186919306288i,3.5698915162902907,10.661567938212961
0.02540833333,3.5E9,3.5714242606809634+0.17314206330708465i,3.5714242606809634,10.313566190864572
0.02540833333,3.5E9,3.5715457108459807+0.14358039881593132i,3.5715457108459807,12.437441810649473
0.02540833333,3.5E9,3.571982244470869+0.1785440328056091i,3.571982244470869,10.003084920681406
0.02540833333,3.5E9,3.5724248246052333+0.17648453234146713i,3.5724248246052333,10.121070603777353
0.02540833333,3.5E9,3.5726368460419193+0.17263689900362697i,3.5726368460419193,10.347257355355012
0.02540833333,3.5E9,3.573047480256772+0.14247871052785044i,3.573047480256772,12.53888200917689
0.02540833333,3.5E9,3.5734024755622564+0.14510731259073914i,3.5734024755622564,12.312964838790329
0.02540833333,3.5E9,3.573557118117482+0.14642571246251346i,3.573557118117482,12.202628411428597
0.02540833333,3.5E9,3.5743732052209523+0.11270508832651763i,3.5743732052209523,15.857195350691018
0.02540833333,3.5E9,3.5747097105567414+0.17751015320621003i,3.5747097105567414,10.069028858321337
0.02540833333,3.5E9,3.5793127613826345+0.14611859922496412i,3.5793127613826345,12.247971101447277
0.02540833333,3.5E9,3.5807329496108387+0.16595447195298718i,3.5807329496108387,10.788299066219848
0.02540833333,3.5E9,3.5816392622866435+0.1772465283087994i,3.5816392622866435,10.103552651950118
0.02540833333,3.5E9,3.581996850988747+0.1594250988387752i,3.581996850988747,11.23410578722984
0.02540833333,3.5E9,3.58220841264195+0.1247042759614253i,3.58220841264195,14.362813083290073
0.02540833333,3.5E9,3.583415404677095+0.12203492590713687i,3.583415404677095,14.68192559646373
0.02540833333,3.5E9,3.5873103947376186+0.16174033067129026i,3.5873103947376186,11.089721344851883
0.02540833333,3.5E9,3.5876722500496356+0.15458725716300473i,3.5876722500496356,11.604036179601176
0.02540833333,3.5E9,3.588328441924782+0.1373327998399568i,3.588328441924782,13.06435333040069
0.02540833333,3.5E9,3.589352686813401+0.17529875036541454i,3.589352686813401,10.237815955137464
0.02540833333,3.5E9,3.589842212047561+0.1251355706792932i,3.589842212047561,14.343812045449
0.02540833333,3.5E9,3.5899907823489516+0.12350290171973397i,3.5899907823489516,14.53403414964186
0.02540833333,3.5E9,3.590598992517302+0.15659089355243286i,3.590598992517302,11.464903581110951
0.02540833333,3.5E9,3.590688473419244+0.14224423500033273i,3.590688473419244,12.621560632706291
0.02540833333,3.5E9,3.5918806497573144+0.011738285077740012i,3.5918806497573144,152.99852687036906
0.02540833333,3.5E9,3.5932805725463655+0.14939812210481554i,3.5932805725463655,12.025855887349682
0.02540833333,3.5E9,3.593482325755277+0.16647704025443705i,3.593482325755277,10.792726493284414
0.02540833333,3.5E9,3.593641111836965+0.012079767675139833i,3.593641111836965,148.7462842200467
0.02540833333,3.5E9,3.5973659470266415+0.1655134982664829i,3.5973659470266415,10.867288724798591
0.02540833333,3.5E9,3.5974847638925067+0.14352079219326075i,3.5974847638925067,12.532974173694093
0.02540833333,3.5E9,3.599814216299724+0.15055448553899042i,3.599814216299724,11.955187530322531
0.02540833333,3.5E9,3.6038295924475237+0.16462723880910113i,3.6038295924475237,10.945423183056791
0.02540833333,3.5E9,3.6067770473013474+0.15895032811340307i,3.6067770473013474,11.345610575676488
0.02540833333,3.5E9,3.606933856881333+0.15370518721382503i,3.606933856881333,11.733286046695328
0.02540833333,3.5E9,3.607235569567794+0.1614088679413045i,3.607235569567794,11.174217425524436
0.02540833333,3.5E9,3.609594784359255+0.15446799723264903i,3.609594784359255,11.683956706329056
0.02540833333,3.5E9,3.6109239931908297+0.1606317779703673i,3.6109239931908297,11.239756039608048
0.02540833333,3.5E9,3.6110308122566015+0.15169845213584754i,3.6110308122566015,11.902002826709417
0.02540833333,3.5E9,3.6120546032567+0.15847357169892712i,3.6120546032567,11.396394252156412
0.02540833333,3.5E9,3.61696711543046+0.04281572864053207i,3.61696711543046,42.23876633978863
0.02540833333,3.5E9,3.6186812765844114+3.0355052689033763E-5i,3.6186812765844114,59605.91328328869
0.02540833333,3.5E9,3.6195305813104484+0.04224948803228931i,3.6195305813104484,42.83520049455049
0.02540833333,3.5E9,3.6211269643540778+0.030886368360944712i,3.6211269643540778,58.620147924754576
0.02540833333,3.5E9,3.623798861192444+0.031222069268148633i,3.623798861192444,58.0326503997812
0.02540833333,3.5E9,3.626443363152669+1.309656253457744E-4i,3.626443363152669,13845.01984233711
0.02540833333,3.5E9,3.6317592402185985+0.13468995640892387i,3.6317592402185985,13.481922992062
0.02540833333,3.5E9,3.6348369829236558+0.14467811111448772i,3.6348369829236558,12.561806879159871
0.02540833333,3.5E9,3.637565733188174+0.13499866145631406i,3.637565733188174,13.472599261161193
0.02540833333,3.5E9,3.6420588523674193+9.154839067543975E-5i,3.6420588523674193,19891.44115749321
0.02540833333,3.5E9,3.64911963378788+9.647160205228755E-5i,3.64911963378788,18912.921295792617
0.02540833333,3.5E9,3.661427711639074+0.022449206777625207i,3.661427711639074,81.54915556500563
0.02540833333,3.5E9,3.671539615216798+3.8260450524898006E-4i,3.671539615216798,4798.0872739953
0.02540833333,3.5E9,3.674931388528041+3.7501764845826566E-4i,3.674931388528041,4899.677926673643
0.02540833333,3.5E9,3.676478880808928+0.024659353752473426i,3.676478880808928,74.54532097054982
0.02540833333,3.5E9,3.677771533376268+0.025153065555477888i,3.677771533376268,73.1078191098523
0.02540833333,3.5E9,3.688185809053993+0.024807725900888054i,3.688185809053993,74.3354272735246
0.02540833333,3.5E9,3.6942311319094303+0.025886350005652613i,3.6942311319094303,71.3548092161071
0.02540833333,3.5E9,3.6946106024492753+4.3798887696008804E-4i,3.6946106024492753,4217.699120685602
0.02540833333,3.5E9,3.696855457147541+4.4980068411959386E-4i,3.696855457147541,4109.437343768705
0.02540833333,3.5E9,3.6981704187422793+4.8449140709889754E-4i,3.6981704187422793,3816.5490291011342
0.02540833333,4.0E9,3.8263513068556123+0.007429533470887575i,3.8263513068556123,257.50952747228786
0.02540833333,4.0E9,3.828426422168572+0.007043556456858052i,3.828426422168572,271.76799430925087
0.02540833333,4.0E9,3.8390054786534242+1.3238519817837323E-4i,3.8390054786534242,14499.375804388732
0.02540833333,4.0E9,3.841907003203191+1.7098008453246178E-4i,3.841907003203191,11234.954684075437
0.02540833333,4.0E9,3.844171387296776+1.0517045067201191E-4i,3.844171387296776,18275.910023839955
0.02540833333,4.0E9,3.848158388578167+1.5680559425114817E-4i,3.848158388578167,12270.475447498231
0.02540833333,4.0E9,3.8527784687029056+0.042033444753696615i,3.8527784687029056,45.82991581202816
0.02540833333,4.0E9,3.85575364207035+0.032584027814581196i,3.85575364207035,59.16631399916923
0.02540833333,4.0E9,3.8571713066671074+0.04287502542274999i,3.8571713066671074,44.981562910286314
0.02540833333,4.0E9,3.857492004837673+0.03405292290235273i,3.857492004837673,56.63966079944282
0.02540833333,4.0E9,3.8898903114929144+2.6715796427920007E-4i,3.8898903114929144,7280.131666648888
0.02540833333,4.0E9,3.8900949861459604+0.12712122159689906i,3.8900949861459604,15.300730032635455
0.02540833333,4.0E9,3.890558254095565+0.13865668007413065i,3.890558254095565,14.029465626955504
0.02540833333,4.0E9,3.8913100410520665+0.12554439279026022i,3.8913100410520665,15.49774527785185
0.02540833333,4.0E9,3.8915742566339353+0.13789249185423966i,3.8915742566339353,14.110899746258681
0.02540833333,4.0E9,3.8925884418629204+0.14017083150374773i,3.8925884418629204,13.885158560106154
0.02540833333,4.0E9,3.8928693507030236+5.542393669196921E-4i,3.8928693507030236,3511.9026029660313
0.02540833333,4.0E9,3.8968226742628915+1.9243354818802063E-4i,3.8968226742628915,10125.112567314487
0.02540833333,4.0E9,3.8977423478783266+0.14119332421467112i,3.8977423478783266,13.80285636575911
0.02540833333,4.0E9,3.900391392754471+6.10101910965173E-4i,3.900391392754471,3196.50809369217
0.02540833333,4.0E9,3.902040571527081+0.011985185950711352i,3.902040571527081,162.78598377922893
0.02540833333,4.0E9,3.90344264703307+0.1462418591176057i,3.90344264703307,13.345845951992358
0.02540833333,4.0E9,3.905857816929887+0.05277206636553058i,3.905857816929887,37.006868272653975
0.02540833333,4.0E9,3.906546668425812+0.052807857947867985i,3.906546668425812,36.98830837147723
0.02540833333,4.0E9,3.9078848259484618+0.01251461531462698i,3.9078848259484618,156.13283859316704
0.02540833333,4.0E9,3.91198731061081+0.14546223644777706i,3.91198731061081,13.446745375784412
0.02540833333,4.0E9,3.9157518921971715+0.021555589750111518i,3.9157518921971715,90.82915238208487
0.02540833333,4.0E9,3.9203791481795793+0.14767393490702926i,3.9203791481795793,13.273768152273194
0.02540833333,4.0E9,3.921054699041132+0.13609066761092195i,3.921054699041132,14.406038150430998
0.02540833333,4.0E9,3.921075700893228+0.12225096148595681i,3.921075700893228,16.036993301454114
0.02540833333,4.0E9,3.921276327798779+0.02220710171432562i,3.921276327798779,88.28879108679895
0.02540833333,4.0E9,3.921295078061695+0.12444710165667357i,3.921295078061695,15.754867031294225
0.02540833333,4.0E9,3.9232319772336246+0.1474218815889107i,3.9232319772336246,13.306138596757457
0.02540833333,4.0E9,3.9258643155748216+0.01827055919809968i,3.9258643155748216,107.43689541760578
0.02540833333,4.0E9,3.927781097177099+0.12372683323066731i,3.927781097177099,15.872794100591054
0.02540833333,4.0E9,3.9293997307480635+0.1221571161299906i,3.9293997307480635,16.083384477440863
0.02540833333,4.0E9,3.929647395431827+3.861935673639855E-4i,3.929647395431827,5087.665522569611
0.02540833333,4.0E9,3.9298460801079003+0.15083833809971522i,3.9298460801079003,13.026681842350929
0.02540833333,4.0E9,3.931835677722295+0.01793032108241411i,3.931835677722295,109.64208782570553
0.02540833333,4.0E9,3.933803579778277+5.976710512018939E-4i,3.933803579778277,3290.943715499978
0.02540833333,4.0E9,3.933809203547888+0.15765773200384692i,3.933809203547888,12.475789019506829
0.02540833333,4.0E9,3.934108986371213+0.1624538077011524i,3.934108986371213,12.10839266263411
0.02540833333,4.0E9,3.936869623974335+0.14915894519978i,3.936869623974335,13.196894154424943
0.02540833333,4.0E9,3.939020164901599+0.13505921382091424i,3.939020164901599,14.582567354955357
0.02540833333,4.0E9,3.9407418969527805+0.15347196712562158i,3.9407418969527805,12.83863747483982
0.02540833333,4.0E9,3.9410470186873883+0.14956817329574115i,3.9410470186873883,13.174751458971006
0.02540833333,4.0E9,3.941184536180724+0.05127011177688456i,3.941184536180724,38.435497793839716
0.02540833333,4.0E9,3.942403366823887+0.15021082489564705i,3.942403366823887,13.122900328796922
0.02540833333,4.0E9,3.9424857291700572+0.13664097733239053i,3.9424857291700572,14.426440026038577
0.02540833333,4.0E9,3.9438326291689023+0.1391841916753138i,3.9438326291689023,14.1676744380892
0.02540833333,4.0E9,3.9456114486730476+0.16354729536159662i,3.9456114486730476,12.062600729499856
0.02540833333,4.0E9,3.945650191095332+0.15965416702365098i,3.945650191095332,12.356865669878909
0.02540833333,4.0E9,3.945838801445448+0.14683905031902644i,3.945838801445448,13.435931357743778
0.02540833333,4.0E9,3.9461001248607057+0.06574092743306308i,3.9461001248607057,30.012507268615852
0.02540833333,4.0E9,3.9462165826105244+0.14060821431939197i,3.9462165826105244,14.03266730081175
0.02540833333,4.0E9,3.946394102387753+0.15170803027981242i,3.946394102387753,13.006543210365889
0.02540833333,4.0E9,3.9470859649123327+0.15727827909633463i,3.9470859649123327,12.548096239324632
0.02540833333,4.0E9,3.9492962722918983+0.1550312002341413i,3.9492962722918983,12.737101519975772
0.02540833333,4.0E9,3.9502502946342046+0.15604330823138604i,3.9502502946342046,12.657544688736817
0.02540833333,4.0E9,3.9508003189872296+0.168832568526325i,3.9508003189872296,11.700350096762303
0.02540833333,4.0E9,3.9517453649612206+0.16003484373138374i,3.9517453649612206,12.346515523813583
0.02540833333,4.0E9,3.9523195360756858+0.06943609760526984i,3.9523195360756858,28.46012140935557
0.02540833333,4.0E9,3.952415451493328+0.14518605834415527i,3.952415451493328,13.611552984393146
0.02540833333,4.0E9,3.952477057479954+0.147532313773172i,3.952477057479954,13.39529272060631
0.02540833333,4.0E9,3.9538299939579775+0.15785182753652344i,3.9538299939579775,12.523865119785036
0.02540833333,4.0E9,3.95684049546284+0.15296654056139516i,3.95684049546284,12.933679747678902
0.02540833333,4.0E9,3.958320037629252+0.14601669244665558i,3.958320037629252,13.554340847281377
0.02540833333,4.0E9,3.9588992240260086+0.15782564642659747i,3.9588992240260086,12.542002246343525
0.02540833333,4.0E9,3.9592147795267465+0.16636848350961245i,3.9592147795267465,11.898932706500238
0.02540833333,4.0E9,3.959895851574885+0.12483058112856477i,3.959895851574885,15.861080737485846
0.02540833333,4.0E9,3.959963836206788+0.16990892295941926i,3.959963836206788,11.653195627496792
0.02540833333,4.0E9,3.9636647397812985+0.1408827154372934i,3.9636647397812985,14.067249937220003
0.02540833333,4.0E9,3.9642935924982172+0.15042462561881512i,3.9642935924982172,13.177010001487295
0.02540833333,4.0E9,3.9648429905361633+0.16521552588864433i,3.9648429905361633,11.99900242186826
0.02540833333,4.0E9,3.966384682720052+0.16813456258372247i,3.966384682720052,11.795268687676852
0.02540833333,4.0E9,3.9675085418435914+0.1601038780407208i,3.9675085418435914,12.390419864890767
0.02540833333,4.0E9,3.967671951457147+0.17226497018528572i,3.967671951457147,11.516189121878858
0.02540833333,4.0E9,3.967895623601062+0.13114527987087454i,3.967895623601062,15.12786288422979
0.02540833333,4.0E9,3.9711754664746772+0.1544881584071007i,3.9711754664746772,12.852685627884835
0.02540833333,4.0E9,3.973389703334862+0.15990575641358484i,3.973389703334862,12.424160932199253
0.02540833333,4.0E9,3.9746505162671735+0.17384005836463548i,3.9746505162671735,11.43191780323212
0.02540833333,4.0E9,3.9755135247182793+0.1537932609360589i,3.9755135247182793,12.924862573696055
0.02540833333,4.0E9,3.976445185659337+0.1759351630991258i,3.976445185659337,11.30088242626893
0.02540833333,4.0E9,3.9768610014766965+0.14399552218192685i,3.9768610014766965,13.808974547320473
0.02540833333,4.0E9,3.9773617335797176+0.14980428954401237i,3.9773617335797176,13.275193072529381
0.02540833333,4.0E9,3.9790059375019724+0.16572459708584425i,3.9790059375019724,12.004874374323787
0.02540833333,4.0E9,3.9810800441989396+0.14061074353256267i,3.9810800441989396,14.156386433149752
0.02540833333,4.0E9,3.981642026943618+0.1237075161232927i,3.981642026943618,16.09296731402855
0.02540833333,4.0E9,3.9835812922131373+0.046076194693333364i,3.9835812922131373,43.22819319961671
0.02540833333,4.0E9,3.983815900407759+0.13322640367914387i,3.983815900407759,14.951300156694883
0.02540833333,4.0E9,3.9852157064575175+0.1440092667000913i,3.9852157064575175,13.836664118139668
0.02540833333,4.0E9,3.985402901883709+0.16924587176663475i,3.985402901883709,11.774003289660724
0.02540833333,4.0E9,3.987177980898773+0.1643449266007944i,3.987177980898773,12.13051739219159
0.02540833333,4.0E9,3.987274569880156+0.1330221345311549i,3.987274569880156,14.987259766705604
0.02540833333,4.0E9,3.987445160863303+0.14296242225751285i,3.987445160863303,13.94578063905796
0.02540833333,4.0E9,3.987914138026818+0.10338641099404779i,3.987914138026818,19.286452154028307
0.02540833333,4.0E9,3.989278680763386+0.17470035406697523i,3.989278680763386,11.417488825563593
0.02540833333,4.0E9,3.989727419751659+0.1442835881694927i,3.989727419751659,13.825991820583397
0.02540833333,4.0E9,3.9898218354013077+0.04539245106793187i,3.9898218354013077,43.94807662435278
0.02540833333,4.0E9,3.9909890538223682+0.16152118891902645i,3.9909890538223682,12.35438235853726
0.02540833333,4.0E9,3.991039260728065+0.1296077156566725i,3.991039260728065,15.39661138423358
0.02540833333,4.0E9,3.9914882296974468+0.14904167842938187i,3.9914882296974468,13.390510197416596
0.02540833333,4.0E9,3.992469750131836+0.142897703459717i,3.992469750131836,13.969677795617327
0.02540833333,4.0E9,3.993508681757132+0.1589720938668551i,3.993508681757132,12.560407882347706
0.02540833333,4.0E9,3.9940765157967677+0.15662799366121033i,3.9940765157967677,12.750200083760378
0.02540833333,4.0E9,3.994659857756647+0.12837260126433125i,3.994659857756647,15.558849078438735
0.02540833333,4.0E9,3.9957849371931804+0.1643973510149732i,3.9957849371931804,12.152826406640965
0.02540833333,4.0E9,3.9957866618216857+0.13148345619011936i,3.9957866618216857,15.195016839395945
0.02540833333,4.0E9,3.995812523782064+0.12946408417343044i,3.995812523782064,15.43212756376997
0.02540833333,4.0E9,3.9965785740712976+0.17562402896751417i,3.9965785740712976,11.378222551797167
0.02540833333,4.0E9,3.999262858585388+0.16076228195381634i,3.999262858585388,12.438436460283306
0.02540833333,4.0E9,3.999271548361153+0.060437204948879664i,3.999271548361153,33.08617226544399
0.02540833333,4.0E9,4.000079930684458+0.09364748339255408i,4.000079930684458,21.357113858131207
0.02540833333,4.0E9,4.000219985298376+0.16877952402804394i,4.000219985298376,11.850430341993706
0.02540833333,4.0E9,4.000481873826112+0.12904836827816835i,4.000481873826112,15.499932030147528
0.02540833333,4.0E9,4.001713035779684+0.06189675818201046i,4.001713035779684,32.32570778595908
0.02540833333,4.0E9,4.002912211660761+0.15017240797119386i,4.002912211660761,13.327722002129052
0.02540833333,4.0E9,4.005114247380832+0.17074490292635064i,4.005114247380832,11.728356685143346
0.02540833333,4.0E9,4.0056237702138295+0.16478383479817427i,4.0056237702138295,12.154176940717155
0.02540833333,4.0E9,4.00571184125464+0.17499438252058547i,4.00571184125464,11.445258366460502
0.02540833333,4.0E9,4.0070754560046655+0.1511650172827054i,4.0070754560046655,13.253977434841035
0.02540833333,4.0E9,4.007377491013062+0.15894444499760468i,4.007377491013062,12.606220654875525
0.02540833333,4.0E9,4.008174878081392+0.13463682743662198i,4.008174878081392,14.885135643767947
0.02540833333,4.0E9,4.0090249988616105+0.1296052952547213i,4.0090249988616105,15.46628550547424
0.02540833333,4.0E9,4.0108707877786545+0.07574536334555847i,4.0108707877786545,26.476015234626516
0.02540833333,4.0E9,4.011562075801597+0.16812349293269274i,4.011562075801597,11.930403079977651
0.02540833333,4.0E9,4.012035759522337+0.15627686200300234i,4.012035759522337,12.836307653289259
0.02540833333,4.0E9,4.012392455592157+0.15052300557498868i,4.012392455592157,13.32817013673446
0.02540833333,4.0E9,4.015134032143328+0.15050773765953873i,4.015134032143328,13.33862994215587
0.02540833333,4.0E9,4.016483340658241+0.17608918066626522i,4.016483340658241,11.404685186963649
0.02540833333,4.0E9,4.017277809522582+0.15992588506470465i,4.017277809522582,12.559811089672026
0.02540833333,4.0E9,4.017510994048595+0.12451948207179812i,4.017510994048595,16.13205792059146
0.02540833333,4.0E9,4.018229168870068+0.14338545668229544i,4.018229168870068,14.011983020612089
0.02540833333,4.0E9,4.018303458891856+0.05304339647635544i,4.018303458891856,37.87750903812362
0.02540833333,4.0E9,4.018923871318756+0.17264394017463675i,4.018923871318756,11.639342415532923
0.02540833333,4.0E9,4.0195045397277145+0.16183661726348617i,4.0195045397277145,12.41840260780896
0.02540833333,4.0E9,4.0196005250287286+0.16760454359832652i,4.0196005250287286,11.991323262279575
0.02540833333,4.0E9,4.019705513387192+0.07048131074331945i,4.019705513387192,28.516109242251847
0.02540833333,4.0E9,4.02054772432937+0.14238047471610657i,4.02054772432937,14.119027669861222
0.02540833333,4.0E9,4.021811899453686+0.15316221378652242i,4.021811899453686,13.129256231107005
0.02540833333,4.0E9,4.023816857752071+0.16868898280753844i,4.023816857752071,11.926732827427584
0.02540833333,4.0E9,4.025073536023865+0.15650696285842228i,4.025073536023865,12.859087744437883
0.02540833333,4.0E9,4.02731670687219+0.13352188822302452i,4.02731670687219,15.081110522288583
0.02540833333,4.0E9,4.028137105653072+0.14903902011931752i,4.028137105653072,13.513699641973727
0.02540833333,4.0E9,4.028146485151824+0.16289741002091876i,4.028146485151824,12.36405933229553
0.02540833333,4.0E9,4.029307597844431+0.15434152163725334i,4.029307597844431,13.053219752862272
0.02540833333,4.0E9,4.0297019142936525+0.17441784401837243i,4.0297019142936525,11.551862531534276
0.02540833333,4.0E9,4.029910938815999+0.162252416746778i,4.029910938815999,12.4186468824848
0.02540833333,4.0E9,4.031709401916369+0.06717872486612053i,4.031709401916369,30.00733796265932
0.02540833333,4.0E9,4.032521072815293+0.13817534009552318i,4.032521072815293,14.59204323299489
0.02540833333,4.0E9,4.033627664049739+0.1255220600494644i,4.033627664049739,16.067405452317345
0.02540833333,4.0E9,4.033846374093079+0.12317695975375435i,4.033846374093079,16.374191984268915
0.02540833333,4.0E9,4.034546568853814+0.14679282873750582i,4.034546568853814,13.742314946693918
0.02540833333,4.0E9,4.035103495501406+0.157451862789384i,4.035103495501406,12.813768678300667
0.02540833333,4.0E9,4.035289753066455+0.1523564228110305i,4.035289753066455,13.242926286315717
0.02540833333,4.0E9,4.037083129850082+0.16345398078509282i,4.037083129850082,12.34929583990367
0.02540833333,4.0E9,4.037515627241294+0.14526906275966597i,4.037515627241294,13.896680926209958
0.02540833333,4.0E9,4.038153146995866+0.12281154683222065i,4.038153146995866,16.44044575268073
0.02540833333,4.0E9,4.038790559776381+0.1526198888818083i,4.038790559776381,13.231534203592878
0.02540833333,4.0E9,4.040482322882692+2.773512356334863E-4i,4.040482322882692,7284.0532216378915
0.02540833333,4.0E9,4.040588302120939+0.12218692991430319i,4.040588302120939,16.534453828060162
0.02540833333,4.0E9,4.040633535873235+0.15669715706440038i,4.040633535873235,12.893129689049147
0.02540833333,4.0E9,4.04157198036318+0.16522458581236665i,4.04157198036318,12.230540510940953
0.02540833333,4.0E9,4.04402607952879+0.15532441938319688i,4.04402607952879,13.01799837909543
0.02540833333,4.0E9,4.04493125997796+0.14104311757751203i,4.04493125997796,14.339342923822628
0.02540833333,4.0E9,4.045168896326766+0.15270181122691706i,4.045168896326766,13.245320614814409
0.02540833333,4.0E9,4.047852833871249+0.14598492836921423i,4.047852833871249,13.863940884478572
0.02540833333,4.0E9,4.048429565904605+0.16779044990527378i,4.048429565904605,12.063945141663751
0.02540833333,4.0E9,4.049091668610583+6.334786825823424E-4i,4.049091668610583,3195.9178579653817
0.02540833333,4.0E9,4.049456056294828+0.1499809815965353i,4.049456056294828,13.49989849775851
0.02540833333,4.0E9,4.0506188494831585+0.16487928548045763i,4.0506188494831585,12.283589286791454
0.02540833333,4.0E9,4.050807183727003+0.16011221632775993i,4.050807183727003,12.649900415577104
0.02540833333,4.0E9,4.0519133449843965+0.142801647918687i,4.0519133449843965,14.187207935063906
0.02540833333,4.0E9,4.052117410908588+0.1558011999081728i,4.052117410908588,13.004127738736459
0.02540833333,4.0E9,4.052258700712564+0.01212362451628696i,4.052258700712564,167.12241026884047
0.02540833333,4.0E9,4.053058263898967+0.15093225405524857i,4.053058263898967,13.426746619762763
0.02540833333,4.0E9,4.053848113512203+0.13048024309251458i,4.053848113512203,15.53433691351225
0.02540833333,4.0E9,4.053979988000729+0.1533737223104268i,4.053979988000729,13.21601877730892
0.02540833333,4.0E9,4.054472814056528+0.14812517090561172i,4.054472814056528,13.685968391692581
0.02540833333,4.0E9,4.055427501243638+0.011676762486731383i,4.055427501243638,173.65376344050537
0.02540833333,4.0E9,4.057184472716628+0.1659996888017042i,4.057184472716628,12.220458068337583
0.02540833333,4.0E9,4.057331255903661+0.1581867388909371i,4.057331255903661,12.824498704347825
0.02540833333,4.0E9,4.058370254321884+0.1463026105576945i,4.058370254321884,13.869780719741373
0.02540833333,4.0E9,4.058396242903236+0.13678139190119876i,4.058396242903236,14.835337564903332
0.02540833333,4.0E9,4.0607612074429325+0.003355850282689292i,4.0607612074429325,605.0271712641398
0.02540833333,4.0E9,4.062545792188282+0.16460624495516038i,4.062545792188282,12.340193390885446
0.02540833333,4.0E9,4.0626966696482905+0.14578825239626853i,4.0626966696482905,13.933552953928805
0.02540833333,4.0E9,4.062917450771199+0.14846874869610235i,4.062917450771199,13.682736220426767
0.02540833333,4.0E9,4.0641077125206895+0.001294962932323141i,4.0641077125206895,1569.1984732063918
0.02540833333,4.0E9,4.064290632162395+0.15588974979995873i,4.064290632162395,13.035785346303348
0.02540833333,4.0E9,4.064540933972445+0.16024787798904438i,4.064540933972445,12.68204292305925
0.02540833333,4.0E9,4.066067578725236+0.13794916220918615i,4.066067578725236,14.737558074326866
0.02540833333,4.0E9,4.066454530549242+0.00414549406620454i,4.066454530549242,490.46681355792373
0.02540833333,4.0E9,4.066490939609228+0.14610415082201433i,4.066490939609228,13.916411398068597
0.02540833333,4.0E9,4.069637044293951+0.1584284761713017i,4.069637044293951,12.843767555693814
0.02540833333,4.0E9,4.070803657985412+4.602737704876433E-4i,4.070803657985412,4422.154725080841
0.02540833333,4.0E9,4.071656493252148+0.14352495892742242i,4.071656493252148,14.184489316980402
0.02540833333,4.0E9,4.073045182604267+0.15297375462493532i,4.073045182604267,13.312888843549196
0.02540833333,4.0E9,4.074811577791164+0.01011444175515308i,4.074811577791164,201.43531775815205
0.02540833333,4.0E9,4.0760705351893005+0.14112386969418658i,4.0760705351893005,14.441463885670398
0.02540833333,4.0E9,4.078524569267969+0.1392635047737142i,4.078524569267969,14.64319232772097
0.02540833333,4.0E9,4.081240592014464+0.14439384506144468i,4.081240592014464,14.132321880748282
0.02540833333,4.0E9,4.082155775575339+0.13267611104474236i,4.082155775575339,15.383914042365602
0.02540833333,4.0E9,4.083341943948205+0.04461791707268629i,4.083341943948205,45.758993380351015
0.02540833333,4.0E9,4.083520508709077+0.010966780224418438i,4.083520508709077,186.17681877205774
0.02540833333,4.0E9,4.086923379303961+0.043129421661574074i,4.086923379303961,47.37976098280473
0.02540833333,4.0E9,4.0885079405194675+0.14365888645735778i,4.0885079405194675,14.229916579971048
0.02540833333,4.0E9,4.089608970922484+0.1309756665344733i,4.089608970922484,15.612094517748012
0.02540833333,4.0E9,4.092937586807531+4.6134514364325066E-4i,4.092937586807531,4435.873708873937
0.02540833333,4.0E9,4.095083976042947+0.14943310872116025i,4.095083976042947,13.702063789907186
0.02540833333,4.0E9,4.096135270469902+0.13035503662498787i,4.096135270469902,15.711457633408815
0.02540833333,4.0E9,4.097418910378807+2.795182375897487E-4i,4.097418910378807,7329.4303543667575
0.02540833333,4.0E9,4.097875728625183+0.14282913886869228i,4.097875728625183,14.34537714461928
0.02540833333,4.0E9,4.100289698835357+0.13869649869697975i,4.100289698835357,14.781518413790515
0.02540833333,4.0E9,4.100969718377354+0.1308825810946827i,4.100969718377354,15.666598580488882
0.02540833333,4.0E9,4.101618622671007+0.12805624780445865i,4.101618622671007,16.01491021716551
0.02540833333,4.0E9,4.101874666272969+0.14373978046117972i,4.101874666272969,14.268404519306943
0.02540833333,4.0E9,4.102418180964187+0.13243839129416987i,4.102418180964187,15.488024812427561
0.02540833333,4.0E9,4.102809802416714+0.13634983528587533i,4.102809802416714,15.04515863115872
0.02540833333,4.0E9,4.1054996380115805+0.12932124699025077i,4.1054996380115805,15.873260324813774
0.02540833333,4.0E9,4.106199958177853+2.476287230905887E-4i,4.106199958177853,8291.04133585445
0.02540833333,4.0E9,4.106588619750886+0.13292051879143918i,4.106588619750886,15.447534575885857
0.02540833333,4.0E9,4.108426191185007+0.13399966776702762i,4.108426191185007,15.329986482981187
0.02540833333,4.0E9,4.1127019773907225+0.12515190634242107i,4.1127019773907225,16.430840318717124
0.02540833333,4.0E9,4.114225517650912+0.13318544479826577i,4.114225517650912,15.445477258730014
0.02540833333,4.0E9,4.117701304922165+0.11154829993903938i,4.117701304922165,18.45703299455245
0.02540833333,4.0E9,4.11973554264787+0.005428655283145789i,4.11973554264787,379.4434650730458
0.02540833333,4.0E9,4.123202140766535+0.12361340560909333i,4.123202140766535,16.677811441444593
0.02540833333,4.0E9,4.1243627775599485+3.7723167601808196E-4i,4.1243627775599485,5466.617783924187
0.02540833333,4.0E9,4.125100820302054+0.005739366440969069i,4.125100820302054,359.36900551043635
0.02540833333,4.0E9,4.132266038828817+0.11045085904627876i,4.132266038828817,18.706355362511957
0.02540833333,4.0E9,4.157583743238298+0.043111986052561606i,4.157583743238298,48.218420489483165
0.02540833333,4.0E9,4.157654682305821+0.04148982718083537i,4.157654682305821,50.10450711429198
0.02540833333,4.0E9,4.160931726912643+0.029119761894971563i,4.160931726912643,71.44515367124545
0.02540833333,4.0E9,4.16201925449074+5.634716405398272E-4i,4.16201925449074,3693.193192920382
0.02540833333,4.0E9,4.163689642758692+0.02804711213278247i,4.163689642758692,74.22670867229897
0.02540833333,4.0E9,4.1660492271767176+0.03087643148817678i,4.1660492271767176,67.46325638006425
0.02540833333,4.0E9,4.167854959637066+7.743998754016636E-4i,4.167854959637066,2691.0224885271928
0.02540833333,4.0E9,4.171594171667304+0.01514631437617694i,4.171594171667304,137.70987674165292
0.02540833333,4.0E9,4.171866639036971+0.031046666259163285i,4.171866639036971,67.18703071389612
0.02540833333,4.5E9,4.344518306981609+9.530567571098141E-4i,4.344518306981609,2279.254763460546
0.02540833333,4.5E9,4.347479741754804+0.030268358585094756i,4.347479741754804,71.81558473896999
0.02540833333,4.5E9,4.369687328519337+0.01784747883240191i,4.369687328519337,122.41749575817443
0.02540833333,4.5E9,4.377218737315963+0.01891896808855565i,4.377218737315963,115.68333740051617
0.02540833333,4.5E9,4.389553505895159+6.394169681585865E-4i,4.389553505895159,3432.46560889394
0.02540833333,4.5E9,4.399608092865202+0.11546616879924765i,4.399608092865202,19.051502871436178
0.02540833333,4.5E9,4.403307749793612+0.11543919643432518i,4.403307749793612,19.071978521172007
0.02540833333,4.5E9,4.404815332939771+4.0947978747341577E-4i,4.404815332939771,5378.550379883819
0.02540833333,4.5E9,4.405099532106393+0.12422816114641415i,4.405099532106393,17.729874979452457
0.02540833333,4.5E9,4.40621273979378+0.03057286560242097i,4.40621273979378,72.06083978344616
0.02540833333,4.5E9,4.409407113245177+0.12207916120131729i,4.409407113245177,18.059622419807376
0.02540833333,4.5E9,4.4104227965731555+0.03078116298055514i,4.4104227965731555,71.64158806084222
0.02540833333,4.5E9,4.413438518098647+0.06672830528325158i,4.413438518098647,33.07021285318327
0.02540833333,4.5E9,4.414652424447398+0.11907839529401389i,4.414652424447398,18.53674805386517
0.02540833333,4.5E9,4.420097659084869+0.1312700308772642i,4.420097659084869,16.83589784182196
0.02540833333,4.5E9,4.420180497226904+0.1279443666983083i,4.420180497226904,17.273837884748968
0.02540833333,4.5E9,4.421225898771929+0.09090761203069106i,4.421225898771929,24.31713802623751
0.02540833333,4.5E9,4.423879805274268+0.13150802355423952i,4.423879805274268,16.819809490367984
0.02540833333,4.5E9,4.424345033579102+0.02879710823775102i,4.424345033579102,76.81925902162446
0.02540833333,4.5E9,4.4255494745300705+0.012163071926315137i,4.4255494745300705,181.92564762176872
0.02540833333,4.5E9,4.42602081738622+0.12373159118863565i,4.42602081738622,17.885573016831678
0.02540833333,4.5E9,4.429125493649097+0.12796252269670824i,4.429125493649097,17.306338607229698
0.02540833333,4.5E9,4.429191235344449+0.013037838488737323i,4.429191235344449,169.85910813247864
0.02540833333,4.5E9,4.429193391671791+0.12185778813392607i,4.429193391671791,18.17361639128042
0.02540833333,4.5E9,4.42941589699894+0.02931355397436301i,4.42941589699894,75.55235200878082
0.02540833333,4.5E9,4.430127287817015+0.1239092342465129i,4.430127287817015,17.876501758551097
0.02540833333,4.5E9,4.4317492274901475+0.13945611830686033i,4.4317492274901475,15.889404069524193
0.02540833333,4.5E9,4.432454207526454+0.13838122068338365i,4.432454207526454,16.015374722224458
0.02540833333,4.5E9,4.43367689196281+0.058208124953939976i,4.43367689196281,38.08469088697818
0.02540833333,4.5E9,4.43442565341174+0.12810656415229296i,4.43442565341174,17.30756609840889
0.02540833333,4.5E9,4.4356543835330635+0.10796702924826093i,4.4356543835330635,20.54170803076213
0.02540833333,4.5E9,4.4367274830113725+0.12865310632305624i,4.4367274830113725,17.242986235678075
0.02540833333,4.5E9,4.437823195946543+0.11582903998878316i,4.437823195946543,19.15678139254327
0.02540833333,4.5E9,4.43926820561478+0.12261273903087512i,4.43926820561478,18.10280171824939
0.02540833333,4.5E9,4.439405652315804+0.13898358778072772i,4.439405652315804,15.970970829015386
0.02540833333,4.5E9,4.4406651017717635+0.08914396806181961i,4.4406651017717635,24.90726629250029
0.02540833333,4.5E9,4.441181845119047+0.10066038405371726i,4.441181845119047,22.06022700424537
0.02540833333,4.5E9,4.441950984467456+0.12655400198087957i,4.441950984467456,17.549626700618163
0.02540833333,4.5E9,4.442294571042111+0.1372756536392689i,4.442294571042111,16.180198211678206
0.02540833333,4.5E9,4.444312290220567+6.251083843671598E-4i,4.444312290220567,3554.8333707920506
0.02540833333,4.5E9,4.447473165009142+0.14374047667823306i,4.447473165009142,15.470496786249468
0.02540833333,4.5E9,4.448544969230007+0.10489692095871095i,4.448544969230007,21.204363905881582
0.02540833333,4.5E9,4.44866751847925+0.14554677987382364i,4.44866751847925,15.282603717979391
0.02540833333,4.5E9,4.449892883360498+0.03292750018789647i,4.449892883360498,67.57107065473794
0.02540833333,4.5E9,4.450855422707466+0.11636185317659875i,4.450855422707466,19.12506247194492
0.02540833333,4.5E9,4.450865624949125+0.12663603873005388i,4.450865624949125,17.57345566705895
0.02540833333,4.5E9,4.450970891127007+0.1427912227249888i,4.450970891127007,15.585589947988018
0.02540833333,4.5E9,4.4515975699137345+0.13467534273405468i,4.4515975699137345,16.527144017388423
0.02540833333,4.5E9,4.451744766943971+0.0025348300801047597i,4.451744766943971,878.1150267003279
0.02540833333,4.5E9,4.453505814941336+0.12475832260747553i,4.453505814941336,17.848531953067802
0.02540833333,4.5E9,4.456181543641569+0.1407835154872684i,4.456181543641569,15.826361233480348
0.02540833333,4.5E9,4.4567845389955965+0.11150829943762677i,4.4567845389955965,19.984093387992797
0.02540833333,4.5E9,4.458662427011896+0.13839594463779456i,4.458662427011896,16.108356493685438
0.02540833333,4.5E9,4.4587848839668265+0.14701176801210017i,4.4587848839668265,15.164720975261774
0.02540833333,4.5E9,4.4598773215003+0.12333418942544117i,4.4598773215003,18.080458234155806
0.02540833333,4.5E9,4.460706594487274+0.13100193423357567i,4.460706594487274,17.02534630723032
0.02540833333,4.5E9,4.461825098050726+0.0018718079287853699i,4.461825098050726,1191.8490752803996
0.02540833333,4.5E9,4.462641794069284+0.14755941576830772i,4.462641794069284,15.121508074673992
0.02540833333,4.5E9,4.462974977589718+0.12174807579579228i,4.462974977589718,18.328729010368317
0.02540833333,4.5E9,4.463766380115293+0.13453495752192615i,4.463766380115293,16.58961530272829
0.02540833333,4.5E9,4.4644168621286004+0.021654674820057344i,4.4644168621286004,103.08205732079374
0.02540833333,4.5E9,4.465625944820069+0.14982712002911497i,4.465625944820069,14.902595551300363
0.02540833333,4.5E9,4.467807281289281+0.02358136283930805i,4.467807281289281,94.73174455044305
0.02540833333,4.5E9,4.468101864348404+0.13520449600263432i,4.468101864348404,16.52349587642909
0.02540833333,4.5E9,4.468354309205563+0.08927109707601995i,4.468354309205563,25.02688135108544
0.02540833333,4.5E9,4.469036769683513+0.10772163829357269i,4.469036769683513,20.74344969347798
0.02540833333,4.5E9,4.469634829153753+0.14126759562022484i,4.469634829153753,15.819745531627953
0.02540833333,4.5E9,4.470065549554689+0.12645402835443761i,4.470065549554689,17.674666468614014
0.02540833333,4.5E9,4.4712456916277725+0.12267272766614602i,4.4712456916277725,18.224285775222484
0.02540833333,4.5E9,4.471293809291507+0.14953184294994243i,4.471293809291507,14.950975394546319
0.02540833333,4.5E9,4.471337818869316+0.11747264918801842i,4.471337818869316,19.031399435424362
0.02540833333,4.5E9,4.4721182793803305+9.282275970057129E-4i,4.4721182793803305,2408.955677361102
0.02540833333,4.5E9,4.473362083208623+0.11104347270477051i,4.473362083208623,20.14239096746316
0.02540833333,4.5E9,4.473399215474293+0.14080294732683435i,4.473399215474293,15.885318100233219
0.02540833333,4.5E9,4.474229848865536+0.13312566704789577i,4.474229848865536,16.804534948380027
0.02540833333,4.5E9,4.47482859218482+0.14356917788411483i,4.47482859218482,15.584224476777251
0.02540833333,4.5E9,4.4786623690154+0.12715459558293032i,4.4786623690154,17.611091240876203
0.02540833333,4.5E9,4.4793959016210065+0.137542639709153i,4.4793959016210065,16.283662692140833
0.02540833333,4.5E9,4.479412653957446+0.12114362556383923i,4.479412653957446,18.488024578713485
0.02540833333,4.5E9,4.479662782001549+0.14240621377672738i,4.479662782001549,15.728466698177304
0.02540833333,4.5E9,4.4807578544772415+0.0067614608348381955i,4.4807578544772415,331.34539738737305
0.02540833333,4.5E9,4.4821445298060985+0.06017122792592932i,4.4821445298060985,37.244914922823334
0.02540833333,4.5E9,4.482762094590208+0.11546837610764013i,4.482762094590208,19.411211301747922
0.02540833333,4.5E9,4.483222471318919+0.12528626011778168i,4.483222471318919,17.891915949539232
0.02540833333,4.5E9,4.48336840609997+0.13337653266351743i,4.48336840609997,16.807186079018187
0.02540833333,4.5E9,4.48462412125687+0.1439303349995805i,4.48462412125687,15.579148486210157
0.02540833333,4.5E9,4.486178279348654+0.11186207835276304i,4.486178279348654,20.052274843317548
0.02540833333,4.5E9,4.486679162982873+0.14951702291559785i,4.486679162982873,15.003907499935968
0.02540833333,4.5E9,4.487021606259656+0.15315836179128672i,4.487021606259656,14.648307652879733
0.02540833333,4.5E9,4.487568662823606+0.01282826929529993i,4.487568662823606,174.9093568088635
0.02540833333,4.5E9,4.487881474489132+0.1438058529431285i,4.487881474489132,15.603959722918832
0.02540833333,4.5E9,4.48797679121301+0.1287460692972991i,4.48797679121301,17.429568202386903
0.02540833333,4.5E9,4.488360445826272+0.15241810466843594i,4.488360445826272,14.723842864960387
0.02540833333,4.5E9,4.489931817840988+0.14360681766344346i,4.489931817840988,15.632725141098732
0.02540833333,4.5E9,4.49019561660358+0.1364961217876425i,4.49019561660358,16.44807031070568
0.02540833333,4.5E9,4.490248774529601+0.019537384414643928i,4.490248774529601,114.91427611886489
0.02540833333,4.5E9,4.492624281833283+9.42585415540104E-4i,4.492624281833283,2383.1390809601044
0.02540833333,4.5E9,4.494227937310976+0.1403521091991867i,4.494227937310976,16.010546485385554
0.02540833333,4.5E9,4.4944790570067115+0.12372389451137993i,4.4944790570067115,18.163342961182472
0.02540833333,4.5E9,4.494985936545098+0.14903393674811902i,4.494985936545098,15.080410658889178
0.02540833333,4.5E9,4.495444719930472+0.0012498715449628158i,4.495444719930472,1798.362694969671
0.02540833333,4.5E9,4.497094424272969+0.15173844158781333i,4.497094424272969,14.81857325412965
0.02540833333,4.5E9,4.4974671780867626+0.1419792672999496i,4.4974671780867626,15.838464529420623
0.02540833333,4.5E9,4.49807536657096+7.810172824505896E-4i,4.49807536657096,2879.6260131769413
0.02540833333,4.5E9,4.498755785343169+0.1283025958441128i,4.498755785343169,17.531819039768852
0.02540833333,4.5E9,4.498987965607447+0.11132882773019702i,4.498987965607447,20.20585349425688
0.02540833333,4.5E9,4.499283733405453+0.053835336517647686i,4.499283733405453,41.78745805675933
0.02540833333,4.5E9,4.500725145398196+0.12156549235848574i,4.500725145398196,18.511524356459482
0.02540833333,4.5E9,4.500736067075806+0.0017800495301877426i,4.500736067075806,1264.2165262112428
0.02540833333,4.5E9,4.500993347809135+0.03066067817296518i,4.500993347809135,73.40009445351818
0.02540833333,4.5E9,4.501119713829006+0.15123895902436993i,4.501119713829006,14.880820864099295
0.02540833333,4.5E9,4.502667182958129+0.13600662871521668i,4.502667182958129,16.553116658696954
0.02540833333,4.5E9,4.503398190838181+0.14051993237796712i,4.503398190838181,16.024054789341374
0.02540833333,4.5E9,4.503524813563594+0.15548834807481646i,4.503524813563594,14.481872337458464
0.02540833333,4.5E9,4.504439325084651+0.12349127852177745i,4.504439325084651,18.237884403675935
0.02540833333,4.5E9,4.504715062382057+0.11936927803301853i,4.504715062382057,18.868820925330617
0.02540833333,4.5E9,4.505724140465077+0.10975995488005097i,4.505724140465077,20.525355287313438
0.02540833333,4.5E9,4.505816981277498+0.10215589414858i,4.505816981277498,22.05363194572033
0.02540833333,4.5E9,4.507674536591257+0.13455858532797374i,4.507674536591257,16.74985853040975
0.02540833333,4.5E9,4.507696571437418+0.13907793673249563i,4.507696571437418,16.205649427010055
0.02540833333,4.5E9,4.508587898086451+0.13014497843464742i,4.508587898086451,17.321405529105558
0.02540833333,4.5E9,4.511320200816271+0.1556957258428798i,4.511320200816271,14.487617358773438
0.02540833333,4.5E9,4.512293642585816+0.12007638307026582i,4.512293642585816,18.78926366371866
0.02540833333,4.5E9,4.512535015381035+0.14413985555439654i,4.512535015381035,15.653321553656136
0.02540833333,4.5E9,4.513067447684214+0.14882653650052588i,4.513067447684214,15.162173204468367
0.02540833333,4.5E9,4.513099649891914+0.03750116069867721i,4.513099649891914,60.172799532190275
0.02540833333,4.5E9,4.514552446954858+0.11778865148015576i,4.514552446954858,19.163783565836304
0.02540833333,4.5E9,4.515236535677347+0.13898099286020787i,4.515236535677347,16.244079290104565
0.02540833333,4.5E9,4.517317939771866+0.12579300626382256i,4.517317939771866,17.955362042536006
0.02540833333,4.5E9,4.5173419364188385+0.1340268556769092i,4.5173419364188385,16.85237601674598
0.02540833333,4.5E9,4.518276023650756+0.12909782243479i,4.518276023650756,17.499427714720095
0.02540833333,4.5E9,4.518762091822064+0.15276207288742216i,4.518762091822064,14.790196304655284
0.02540833333,4.5E9,4.518888564436713+0.11097168014159434i,4.518888564436713,20.360548559194722
0.02540833333,4.5E9,4.520156896478584+0.12988826337766352i,4.520156896478584,17.40017449973814
0.02540833333,4.5E9,4.520377041041252+0.1191060133846298i,4.520377041041252,18.97627547336158
0.02540833333,4.5E9,4.520775294983943+0.06042323665748678i,4.520775294983943,37.40924472988979
0.02540833333,4.5E9,4.521823512092927+0.06768319594375705i,4.521823512092927,33.40432916207475
0.02540833333,4.5E9,4.522879529469471+0.1500689026129891i,4.522879529469471,15.06934298418064
0.02540833333,4.5E9,4.523195306547012+0.13637190766818152i,4.523195306547012,16.58404353172501
0.02540833333,4.5E9,4.523638619978834+0.13315548802771315i,4.523638619978834,16.986301830223272
0.02540833333,4.5E9,4.524960096186402+0.1459174055758384i,4.524960096186402,15.505210219196986
0.02540833333,4.5E9,4.525611778662383+0.01583202786797873i,4.525611778662383,142.9258404672126
0.02540833333,4.5E9,4.526097076765814+0.115316544708433i,4.526097076765814,19.62466482242259
0.02540833333,4.5E9,4.527142198640577+0.1259992272488402i,4.527142198640577,17.964960172730937
0.02540833333,4.5E9,4.5281717812545565+0.14293679989062744i,4.5281717812545565,15.83976899132844
0.02540833333,4.5E9,4.528535494945616+0.12353841909873974i,4.528535494945616,18.328450080481133
0.02540833333,4.5E9,4.5288483069552425+0.13991800444341576i,4.5288483069552425,16.183936888503702
0.02540833333,4.5E9,4.52901883333508+4.133044388780218E-4i,4.52901883333508,5479.034831599915
0.02540833333,4.5E9,4.530734698134931+0.15152281432649684i,4.530734698134931,14.950668380446785
0.02540833333,4.5E9,4.530958276612629+0.14978599406040424i,4.530958276612629,15.12477286356102
0.02540833333,4.5E9,4.531145148275071+0.016466150343899633i,4.531145148275071,137.58969320821745
0.02540833333,4.5E9,4.531451942191444+0.14090339233090118i,4.531451942191444,16.0799959008427
0.02540833333,4.5E9,4.532187428814956+0.13082140980631904i,4.532187428814956,17.32204015965297
0.02540833333,4.5E9,4.534311478771619+0.13250139149202844i,4.534311478771619,17.110429663089285
0.02540833333,4.5E9,4.5352372646000125+0.11678646803991309i,4.5352372646000125,19.416792633244306
0.02540833333,4.5E9,4.535563341660234+0.14961390045520997i,4.535563341660234,15.157559985604573
0.02540833333,4.5E9,4.535966880910095+0.0018245468191901194i,4.535966880910095,1243.039321655643
0.02540833333,4.5E9,4.537387511763599+0.12479661895495804i,4.537387511763599,18.179128368057977
0.02540833333,4.5E9,4.5388709938548795+0.13734290979919553i,4.5388709938548795,16.52386351975144
0.02540833333,4.5E9,4.540136900314399+0.1259408594770883i,4.540136900314399,18.024876593526667
0.02540833333,4.5E9,4.540909592315102+0.0016545145994511148i,4.540909592315102,1372.278489963627
0.02540833333,4.5E9,4.54227851658613+0.14158526212259123i,4.54227851658613,16.04078859794464
0.02540833333,4.5E9,4.542703174060451+0.13101543901942383i,4.542703174060451,17.336518535754276
0.02540833333,4.5E9,4.54272662578038+0.13618560046176298i,4.54272662578038,16.67843960880375
0.02540833333,4.5E9,4.543542895722683+0.07636154342001045i,4.543542895722683,29.75020338923672
0.02540833333,4.5E9,4.543885833633852+0.10894334713365107i,4.543885833633852,20.854352070069222
0.02540833333,4.5E9,4.544256858964917+0.14619658895158244i,4.544256858964917,15.541596734756544
0.02540833333,4.5E9,4.54477901735039+0.12778449640087503i,4.54477901735039,17.782982855341398
0.02540833333,4.5E9,4.545670950454641+0.14836335360657216i,4.545670950454641,15.319385953315622
0.02540833333,4.5E9,4.546089326564094+0.13515123074030558i,4.546089326564094,16.818527295912865
0.02540833333,4.5E9,4.5466304370357165+0.1188496621757412i,4.5466304370357165,19.127654020222135
0.02540833333,4.5E9,4.547713344941463+0.13973523336915972i,4.547713344941463,16.27260797184587
0.02540833333,4.5E9,4.548092712236782+0.12443401440448354i,4.548092712236782,18.275118479473036
0.02540833333,4.5E9,4.548498877506659+0.1111115546947102i,4.548498877506659,20.46816323470634
0.02540833333,4.5E9,4.549306826774233+0.14358121564087586i,4.549306826774233,15.842277161634158
0.02540833333,4.5E9,4.55023520144131+0.13094212623853765i,4.55023520144131,17.37498592756976
0.02540833333,4.5E9,4.552038575995221+0.0013567441294755045i,4.552038575995221,1677.5597097129012
0.02540833333,4.5E9,4.55429012472317+0.14495776739982721i,4.55429012472317,15.709024105487842
0.02540833333,4.5E9,4.555227581350316+8.183031065848049E-4i,4.555227581350316,2783.337582794716
0.02540833333,4.5E9,4.555250120313962+0.12793931508172854i,4.555250120313962,17.802385910085718
0.02540833333,4.5E9,4.555985080536626+0.13418466953427938i,4.555985080536626,16.97654842520119
0.02540833333,4.5E9,4.556119937442313+0.1454870135343868i,4.556119937442313,15.658167099448512
0.02540833333,4.5E9,4.556882959623867+0.12319758076877i,4.556882959623867,18.49420634394071
0.02540833333,4.5E9,4.556956503965713+0.11929020075306243i,4.556956503965713,19.1002969028398
0.02540833333,4.5E9,4.558114595246932+0.1404508540506897i,4.558114595246932,16.226724380052104
0.02540833333,4.5E9,4.558589156446417+0.01950186571507446i,4.558589156446417,116.87571904781244
0.02540833333,4.5E9,4.559612707968849+0.12438311143696135i,4.559612707968849,18.328905971610578
0.02540833333,4.5E9,4.561681473438597+0.1277452107288728i,4.561681473438597,17.854608589281433
0.02540833333,4.5E9,4.562225287430025+0.10615332156509036i,4.562225287430025,21.488848488987657
0.02540833333,4.5E9,4.562634113000171+0.10929432074379547i,4.562634113000171,20.87315279490031
0.02540833333,4.5E9,4.562636701491025+0.13769904350162793i,4.562636701491025,16.567423365715257
0.02540833333,4.5E9,4.562936731529844+0.02207415271800927i,4.562936731529844,103.35474230472181
0.02540833333,4.5E9,4.563562908138901+0.11638657188301314i,4.563562908138901,19.605195145390148
0.02540833333,4.5E9,4.564855617654391+0.0014597116583167523i,4.564855617654391,1563.6155235337012
0.02540833333,4.5E9,4.565302742018502+0.1281483984483359i,4.565302742018502,17.812562612161877
0.02540833333,4.5E9,4.566601736355071+0.13589074987531474i,4.566601736355071,16.80247456337209
0.02540833333,4.5E9,4.566713076398792+0.12494464527759074i,4.566713076398792,18.27494514171809
0.02540833333,4.5E9,4.56812840464489+8.257628712378508E-4i,4.56812840464489,2766.004965685299
0.02540833333,4.5E9,4.569634375810595+0.11105547324145938i,4.569634375810595,20.573656761045854
0.02540833333,4.5E9,4.570158583504306+0.12079568102874735i,4.570158583504306,18.91689563974015
0.02540833333,4.5E9,4.570612003440812+0.13208334770555505i,4.570612003440812,17.301999392193572
0.02540833333,4.5E9,4.571011049204231+0.0459935758794568i,4.571011049204231,49.69184241277803
0.02540833333,4.5E9,4.57170019324005+0.13421751947298177i,4.57170019324005,17.030936837423603
0.02540833333,4.5E9,4.571811370174717+0.12700678978729618i,4.571811370174717,17.99829512198257
0.02540833333,4.5E9,4.574759800725004+0.12884754915435584i,4.574759800725004,17.75260697913845
0.02540833333,4.5E9,4.5773375962895635+0.049357836876744235i,4.5773375962895635,46.36890396676046
0.02540833333,4.5E9,4.578224698283078+0.12232310240763601i,4.578224698283078,18.713655099371003
0.02540833333,4.5E9,4.5783109524664996+0.024310313190136743i,4.5783109524664996,94.16396482962683
0.02540833333,4.5E9,4.579739176485711+0.1034664033224679i,4.579739176485711,22.131527865196478
0.02540833333,4.5E9,4.5799246621817336+0.029052429220925578i,4.5799246621817336,78.82171620407827
0.02540833333,4.5E9,4.58110960405179+0.11305417392089305i,4.58110960405179,20.26068319802731
0.02540833333,4.5E9,4.581296061450021+0.12159984516685944i,4.581296061450021,18.837590028028252
0.02540833333,4.5E9,4.5819401990834585+0.13161709933963955i,4.5819401990834585,17.406325705673336
0.02540833333,4.5E9,4.582319422191289+0.10661137501392677i,4.582319422191289,21.49076222679191
0.02540833333,4.5E9,4.582539067230313+0.13057963950467708i,4.582539067230313,17.54691269103318
0.02540833333,4.5E9,4.582813074067157+0.11850587651168236i,4.582813074067157,19.335805147246777
0.02540833333,4.5E9,4.58607493851593+0.1290415386810435i,4.58607493851593,17.7697623005391
0.02540833333,4.5E9,4.586764281762965+0.02167479623737629i,4.586764281762965,105.80870591654032
0.02540833333,4.5E9,4.5870165186126535+0.1185314625798013i,4.5870165186126535,19.349362687246202
0.02540833333,4.5E9,4.588281812758919+0.12247491348261183i,4.588281812758919,18.73151685634925
0.02540833333,4.5E9,4.589218495483762+0.1000426687657931i,4.589218495483762,22.936305838798866
0.02540833333,4.5E9,4.590473736763564+0.10918240680622364i,4.590473736763564,21.02203949813413
0.02540833333,4.5E9,4.592454367615813+0.11669881755870956i,4.592454367615813,19.67652485127115
0.02540833333,4.5E9,4.598252700656716+0.12064086644845763i,4.598252700656716,19.05760807272246
0.02540833333,4.5E9,4.598499877441026+0.11272815146382523i,4.598499877441026,20.396413042028357
0.02540833333,4.5E9,4.59853809539136+0.097809162051853i,4.59853809539136,23.507706225688093
0.02540833333,4.5E9,4.603239748578783+0.11595733038153827i,4.603239748578783,19.84885187263535
0.02540833333,4.5E9,4.603925124683107+0.0970483112751154i,4.603925124683107,23.719759077681243
0.02540833333,4.5E9,4.605038564770597+0.05951485165752637i,4.605038564770597,38.688146206512755
0.02540833333,4.5E9,4.607954183301833+0.11166796452762391i,4.607954183301833,20.632390868743464
0.02540833333,4.5E9,4.61091329849957+0.05281438579660328i,4.61091329849957,43.65205832608696
0.02540833333,4.5E9,4.616806038641755+0.025842932099907658i,4.616806038641755,89.32434641691165
0.02540833333,4.5E9,4.616876284910803+0.10292562009787265i,4.616876284910803,22.428217000395943
0.02540833333,4.5E9,4.620919408200161+0.001587476632953603i,4.620919408200161,1455.429110664338
0.02540833333,4.5E9,4.624434029064739+0.023526954104057956i,4.624434029064739,98.27948846695611
0.02540833333,4.5E9,4.627877407130001+0.0011394869346021928i,4.627877407130001,2030.6847172168946
0.02540833333,4.5E9,4.627997901525192+0.026672228873292615i,4.627997901525192,86.75686466831591
0.02540833333,4.5E9,4.639121713482962+0.020020519710654525i,4.639121713482962,115.85917300174066
0.02540833333,4.5E9,4.648778598179845+0.00248143834755433i,4.648778598179845,936.7104773651973
0.02540833333,4.5E9,4.651911682776051+0.02875110715857832i,4.651911682776051,80.8996964380915
0.02540833333,5.0E9,4.862896083862381+0.024862450869082297i,4.862896083862381,97.79599182455573
0.02540833333,5.0E9,4.865631963069766+0.036174621527071085i,4.865631963069766,67.25200924947613
0.02540833333,5.0E9,4.865756197502516+0.02417972385673662i,4.865756197502516,100.61645505820957
0.02540833333,5.0E9,4.876658929579431+0.03530833218091254i,4.876658929579431,69.05818865349468
0.02540833333,5.0E9,4.879675278562326+0.01225717906793832i,4.879675278562326,199.0537647983916
0.02540833333,5.0E9,4.884222910740181+0.02649479262321763i,4.884222910740181,92.17326174616086
0.02540833333,5.0E9,4.8858797173079385+0.012460943125822103i,4.8858797173079385,196.04774967567297
0.02540833333,5.0E9,4.89183674015155+0.001465642891811185i,4.89183674015155,1668.8365110911864
0.02540833333,5.0E9,4.896058509327438+0.002775523711145008i,4.896058509327438,882.0062479861916
0.02540833333,5.0E9,4.899332008878189+0.0025790055715542103i,4.899332008878189,949.8490547900715
0.02540833333,5.0E9,4.900896233853175+0.003957218572653113i,4.900896233853175,619.234968182131
0.02540833333,5.0E9,4.901759380210776+0.09535869475053751i,4.901759380210776,25.701690826588973
0.02540833333,5.0E9,4.905687160011758+0.0016611345470896i,4.905687160011758,1476.607409257364
0.02540833333,5.0E9,4.908203132955092+0.030434153824876395i,4.908203132955092,80.63643170757723
0.02540833333,5.0E9,4.909385670591578+0.033968240915938294i,4.909385670591578,72.26434955435145
0.02540833333,5.0E9,4.910876977981944+0.09299401376527164i,4.910876977981944,26.40426399046289
0.02540833333,5.0E9,4.91111006210907+0.09097244769756331i,4.91111006210907,26.99229374610206
0.02540833333,5.0E9,4.912430670009501+0.0021173569118399824i,4.912430670009501,1160.038405084148
0.02540833333,5.0E9,4.914790213262892+0.10098692411639412i,4.914790213262892,24.333794975269623
0.02540833333,5.0E9,4.915088416454225+0.10851577694469444i,4.915088416454225,22.646883959367596
0.02540833333,5.0E9,4.916285917583125+0.058124784104429075i,4.916285917583125,42.290788631148715
0.02540833333,5.0E9,4.918113817150476+0.10394834160741452i,4.918113817150476,23.65652852704902
0.02540833333,5.0E9,4.923564426281944+0.10251820003250159i,4.923564426281944,24.013123644001816
0.02540833333,5.0E9,4.92589965808836+0.11117547252482798i,4.92589965808836,22.15371586115047
0.02540833333,5.0E9,4.928215358166895+0.09953371525735995i,4.928215358166895,24.75651263204747
0.02540833333,5.0E9,4.928448878985668+0.07545011970358859i,4.928448878985668,32.6603118613161
0.02540833333,5.0E9,4.93057908517969+0.11358087828332267i,4.93057908517969,21.705145970436018
0.02540833333,5.0E9,4.9312683944800915+0.0060771566619396405i,4.9312683944800915,405.72167781718684
0.02540833333,5.0E9,4.931452150647947+0.12094361098507117i,4.931452150647947,20.38740248650533
0.02540833333,5.0E9,4.933358965357792+0.03790427143048391i,4.933358965357792,65.0765570630414
0.02540833333,5.0E9,4.9339418790066585+0.006210467722001688i,4.9339418790066585,397.2278820101818
0.02540833333,5.0E9,4.934707003681765+0.0588559717006234i,4.934707003681765,41.921888816844536
0.02540833333,5.0E9,4.937557271890401+0.10424653102100402i,4.937557271890401,23.682117877359207
0.02540833333,5.0E9,4.938244099570287+7.83840620253245E-4i,4.938244099570287,3150.0307409271722
0.02540833333,5.0E9,4.9394200743626495+0.11627722421529446i,4.9394200743626495,21.239843433211856
0.02540833333,5.0E9,4.9397304289500354+0.12496512739840482i,4.9397304289500354,19.764435614111537
0.02540833333,5.0E9,4.93976567701651+0.015498243942446654i,4.93976567701651,159.36533504571636
0.02540833333,5.0E9,4.940280844200309+0.1209430493065472i,4.940280844200309,20.423996552619037
0.02540833333,5.0E9,4.941956503736937+0.10559260368060074i,4.941956503736937,23.401054294889327
0.02540833333,5.0E9,4.942655583590608+0.0670169144138572i,4.942655583590608,36.876179892942126
0.02540833333,5.0E9,4.94399770565966+0.09359788247323887i,4.94399770565966,26.41084165057488
0.02540833333,5.0E9,4.944453979813656+0.0012424666552613766i,4.944453979813656,1989.7733105656243
0.02540833333,5.0E9,4.945737806704894+0.0962569630979604i,4.945737806704894,25.69028591558427
0.02540833333,5.0E9,4.946511957660904+0.10473950220064365i,4.946511957660904,23.613402077208388
0.02540833333,5.0E9,4.947013532660318+0.12729118779961235i,4.947013532660318,19.431877485691054
0.02540833333,5.0E9,4.948098300935115+0.09953945832402208i,4.948098300935115,24.854958949183768
0.02540833333,5.0E9,4.948704797616942+0.11135044239838594i,4.948704797616942,22.221307302541415
0.02540833333,5.0E9,4.949042764544269+0.013799144949832089i,4.949042764544269,179.32425460189438
0.02540833333,5.0E9,4.949329856386289+0.10819511387333175i,4.949329856386289,22.872242928551575
0.02540833333,5.0E9,4.9507339984788485+0.11847684823295843i,4.9507339984788485,20.89325497899948
0.02540833333,5.0E9,4.952740743893804+0.11976418360864824i,4.952740743893804,20.677052999742422
0.02540833333,5.0E9,4.952833616193988+0.08573310183326999i,4.952833616193988,28.88518851111933
0.02540833333,5.0E9,4.95307734979675+0.12527708371177815i,4.95307734979675,19.768489188302674
0.02540833333,5.0E9,4.954247954438029+0.13110711245976714i,4.954247954438029,18.893894699871222
0.02540833333,5.0E9,4.954806527393669+0.10464744524086089i,4.954806527393669,23.673805490375234
0.02540833333,5.0E9,4.9557829791072505+0.12068291059728245i,4.9557829791072505,20.532248329859414
0.02540833333,5.0E9,4.956314204457701+0.11692087901694245i,4.956314204457701,21.195163114277925
0.02540833333,5.0E9,4.957360257846215+0.03512559054664511i,4.957360257846215,70.56621939584299
0.02540833333,5.0E9,4.957494806736373+0.10830882269372216i,4.957494806736373,22.88592324909336
0.02540833333,5.0E9,4.957839288507056+0.11263407467065585i,4.957839288507056,22.008611972015892
0.02540833333,5.0E9,4.959885472979291+0.1267200439186469i,4.959885472979291,19.570248397970456
0.02540833333,5.0E9,4.961587440403701+0.12323846282364724i,4.961587440403701,20.130028104552363
0.02540833333,5.0E9,4.963328192641753+0.11454165281373485i,4.963328192641753,21.666040565666577
0.02540833333,5.0E9,4.964047462119556+0.09946948777780511i,4.964047462119556,24.952613977505557
0.02540833333,5.0E9,4.966884592905091+0.1193154601220268i,4.966884592905091,20.814086405170535
0.02540833333,5.0E9,4.967119086753631+0.12560763122745539i,4.967119086753631,19.772361910714526
0.02540833333,5.0E9,4.967179922086379+0.1170888266844366i,4.967179922086379,21.2111610592585
0.02540833333,5.0E9,4.967444642257349+0.09846811898700145i,4.967444642257349,25.22361904218507
0.02540833333,5.0E9,4.96763314895809+0.10438026109655793i,4.96763314895809,23.79584557832603
0.02540833333,5.0E9,4.968800559250585+0.12978472081030218i,4.968800559250585,19.142471194714652
0.02540833333,5.0E9,4.968946838448048+0.1250390277037862i,4.968946838448048,19.86958363999494
0.02540833333,5.0E9,4.970789918318839+0.133678355308061i,4.970789918318839,18.592351420181977
0.02540833333,5.0E9,4.971835056588604+0.12752485611181796i,4.971835056588604,19.493592105013377
0.02540833333,5.0E9,4.97262566231715+0.1151170213254756i,4.97262566231715,21.598133816622212
0.02540833333,5.0E9,4.973117002854405+0.06291136192661724i,4.973117002854405,39.52479210873929
0.02540833333,5.0E9,4.974415281795955+0.12184212460396186i,4.974415281795955,20.413364006762425
0.02540833333,5.0E9,4.97616956592465+0.131364203717505i,4.97616956592465,18.940355991597833
0.02540833333,5.0E9,4.976944022375116+0.12906979855049028i,4.976944022375116,19.280048773099335
0.02540833333,5.0E9,4.977464374850212+0.12475241442979841i,4.977464374850212,19.949370910376917
0.02540833333,5.0E9,4.97814530152214+0.11678064035337449i,4.97814530152214,21.31408633510842
0.02540833333,5.0E9,4.978703175108509+0.10202062448160093i,4.978703175108509,24.400473925771752
0.02540833333,5.0E9,4.978716801313894+0.0012055269868432932i,4.978716801313894,2064.95452016002
0.02540833333,5.0E9,4.978875323421719+0.11000769984508647i,4.978875323421719,22.62966742524842
0.02540833333,5.0E9,4.979566424001136+0.12002744269568902i,4.979566424001136,20.74344963187317
0.02540833333,5.0E9,4.981280892093172+0.10381944455941554i,4.981280892093172,23.990115306590763
0.02540833333,5.0E9,4.981769313817203+0.08944024997864712i,4.981769313817203,27.84970589307692
0.02540833333,5.0E9,4.9818420250918445+0.13443847721363128i,4.9818420250918445,18.5283340318389
0.02540833333,5.0E9,4.981948825798927+0.1303311715656596i,4.981948825798927,19.11265265995506
0.02540833333,5.0E9,4.982618863679238+0.11144736752480056i,4.982618863679238,22.354134396985412
0.02540833333,5.0E9,4.983092459305051+0.11840157847952942i,4.983092459305051,21.043184234940686
0.02540833333,5.0E9,4.983337686173129+0.002533965536308219i,4.983337686173129,983.3081024127589
0.02540833333,5.0E9,4.985222128744514+0.08793452620473041i,4.985222128744514,28.346215894413586
0.02540833333,5.0E9,4.985743322903257+0.1260954519960374i,4.985743322903257,19.76971906591816
0.02540833333,5.0E9,4.986691976606996+0.11902547447098606i,4.986691976606996,20.948002932861925
0.02540833333,5.0E9,4.9872854596887475+0.10806916229646599i,4.9872854596887475,23.074507813834693
0.02540833333,5.0E9,4.987404940458973+0.09952686279975459i,4.987404940458973,25.055571933848142
0.02540833333,5.0E9,4.988717259512427+0.13080259705223654i,4.988717259512427,19.069641474779598
0.02540833333,5.0E9,4.990231374915548+0.1326670377657195i,4.990231374915548,18.807352070858546
0.02540833333,5.0E9,4.991300246696233+0.1252108773063772i,4.991300246696233,19.931576050230333
0.02540833333,5.0E9,4.992031983563884+0.12650345723959022i,4.992031983563884,19.73081247143018
0.02540833333,5.0E9,4.9923102505602115+0.11766230087436245i,4.9923102505602115,21.21457005966127
0.02540833333,5.0E9,4.992389618097905+0.0018161389903992534i,4.992389618097905,1374.4514171243018
0.02540833333,5.0E9,4.9929699348152194+0.10075319597811208i,4.9929699348152194,24.77822110923363
0.02540833333,5.0E9,4.993811295522983+0.11313518406771673i,4.993811295522983,22.0701072644826
0.02540833333,5.0E9,4.9954874115889245+0.12750733743791995i,4.9954874115889245,19.589019392790238
0.02540833333,5.0E9,4.996112154632094+0.11713333905127107i,4.996112154632094,21.32660178177461
0.02540833333,5.0E9,4.996586618430823+0.10675017997747624i,4.996586618430823,23.403176554292827
0.02540833333,5.0E9,4.997120695425777+0.12934421970355692i,4.997120695425777,19.317139594172207
0.02540833333,5.0E9,4.997431526706377+0.13769366542411846i,4.997431526706377,18.146918782768584
0.02540833333,5.0E9,4.997785986257771+0.05939846732279031i,4.997785986257771,42.069991125345034
0.02540833333,5.0E9,4.998185170486593+0.0036878348198547345i,4.998185170486593,677.6584926712463
0.02540833333,5.0E9,4.998922311471721+0.11094048573234665i,4.998922311471721,22.529747722269967
0.02540833333,5.0E9,4.999679897941768+0.12664978575119165i,4.999679897941768,19.738209063234542
0.02540833333,5.0E9,5.000095433302772+0.04888321711486643i,5.000095433302772,51.14327297192287
0.02540833333,5.0E9,5.000242668478737+0.014947895382755297i,5.000242668478737,167.25574204403677
0.02540833333,5.0E9,5.000242453805918+0.11480962569529714i,5.000242453805918,21.776233584614584
0.02540833333,5.0E9,5.00202075865039+0.13411813009158569i,5.00202075865039,18.6478172460153
0.02540833333,5.0E9,5.00309087069231+0.027866896425693875i,5.00309087069231,89.76763673760514
0.02540833333,5.0E9,5.003172826363943+0.09863699395813222i,5.003172826363943,25.361543502063768
0.02540833333,5.0E9,5.003652192970062+0.11976559755086703i,5.003652192970062,20.88935510401851
0.02540833333,5.0E9,5.004177584800804+0.025622070500198907i,5.004177584800804,97.65365341497197
0.02540833333,5.0E9,5.004876818516497+0.13877758577710542i,5.004876818516497,18.032007079857152
0.02540833333,5.0E9,5.005119718622741+0.12807351863326244i,5.005119718622741,19.54002580718839
0.02540833333,5.0E9,5.005607893814308+0.11808985292016379i,5.005607893814308,21.19406439263844
0.02540833333,5.0E9,5.006579874184976+0.001848812261305987i,5.006579874184976,1353.99899139796
0.02540833333,5.0E9,5.007053408649615+0.11082464525829541i,5.007053408649615,22.589981664185967
0.02540833333,5.0E9,5.0085034398302515+0.09762298343459477i,5.0085034398302515,25.652276050269645
0.02540833333,5.0E9,5.008824765028142+0.11275939791550128i,5.008824765028142,22.210231952380653
0.02540833333,5.0E9,5.009419939302175+0.0142801836326451i,5.009419939302175,175.39760230570252
0.02540833333,5.0E9,5.009426137627158+0.0029010411895673185i,5.009426137627158,863.3841800733445
0.02540833333,5.0E9,5.009473836295716+0.1277595179196194i,5.009473836295716,19.6050905555524
0.02540833333,5.0E9,5.009531950428299+0.004411138559827226i,5.009531950428299,567.8275441232694
0.02540833333,5.0E9,5.009885836163766+0.12192998287770299i,5.009885836163766,20.54410948777354
0.02540833333,5.0E9,5.01022379961784+0.028837798560550024i,5.01022379961784,86.86904080243842
0.02540833333,5.0E9,5.011608188693561+0.10262980226877703i,5.011608188693561,24.415949743178242
0.02540833333,5.0E9,5.012182046752146+0.11583214715444465i,5.012182046752146,21.63553974385522
0.02540833333,5.0E9,5.013151730648348+0.11802515626433331i,5.013151730648348,21.23764072559547
0.02540833333,5.0E9,5.013195379842396+0.11140837917994012i,5.013195379842396,22.499184606865985
0.02540833333,5.0E9,5.013354468227825+0.13093568939913663i,5.013354468227825,19.144339069180027
0.02540833333,5.0E9,5.013745570290933+0.13286727664882816i,5.013745570290933,18.86749580764871
0.02540833333,5.0E9,5.0142679675413335+0.03118533156137363i,5.0142679675413335,80.39465537945476
0.02540833333,5.0E9,5.014432494178545+0.12705040369348541i,5.014432494178545,19.734028182531716
0.02540833333,5.0E9,5.0159665689632495+0.0018063207914866659i,5.0159665689632495,1388.4484396691607
0.02540833333,5.0E9,5.016659022066582+0.12859014604965663i,5.016659022066582,19.506389782500673
0.02540833333,5.0E9,5.019045993505218+0.11044777244884106i,5.019045993505218,22.721354547145886
0.02540833333,5.0E9,5.019069042994353+0.13722770277347288i,5.019069042994353,18.28737544080121
0.02540833333,5.0E9,5.0190705992515126+0.11365508681337337i,5.0190705992515126,22.08027260360571
0.02540833333,5.0E9,5.019496605610552+0.10466681804753306i,5.019496605610552,23.97845228910567
0.02540833333,5.0E9,5.020426113114352+0.1340054811271308i,5.020426113114352,18.732167038568676
0.02540833333,5.0E9,5.020618191742388+0.09159322057426326i,5.020618191742388,27.40714956993842
0.02540833333,5.0E9,5.021894153307846+0.12301330477699887i,5.021894153307846,20.411995931706908
0.02540833333,5.0E9,5.022677324474308+0.11114400935531478i,5.022677324474308,22.59535783173602
0.02540833333,5.0E9,5.022969961787401+0.13092807287631827i,5.022969961787401,19.182173278195155
0.02540833333,5.0E9,5.023476846728586+0.11789680292207204i,5.023476846728586,21.30455076906974
0.02540833333,5.0E9,5.026734095682672+0.02237747472385762i,5.026734095682672,112.31683104804152
0.02540833333,5.0E9,5.027458312733214+0.136600709386437i,5.027458312733214,18.402021246137053
0.02540833333,5.0E9,5.027948679462434+0.0025541145827873133i,5.027948679462434,984.2840868116846
0.02540833333,5.0E9,5.028249717063145+0.11896464977874842i,5.028249717063145,21.13337754708954
0.02540833333,5.0E9,5.028768267986601+0.13497383181679054i,5.028768267986601,18.628678612356882
0.02540833333,5.0E9,5.028780632461717+0.062413427774620715i,5.028780632461717,40.28604750424058
0.02540833333,5.0E9,5.0289100613020565+0.10590278538965889i,5.0289100613020565,23.743049074671056
0.02540833333,5.0E9,5.029351869460499+0.12363420386089176i,5.029351869460499,20.339645957195327
0.02540833333,5.0E9,5.029470828772276+0.09654018127453375i,5.029470828772276,26.048588071685106
0.02540833333,5.0E9,5.030188365637998+0.11379312485478547i,5.030188365637998,22.10233866086883
0.02540833333,5.0E9,5.0306907494160376+0.1268649806708183i,5.0306907494160376,19.826947999422217
0.02540833333,5.0E9,5.030866312320524+0.11015023179574683i,5.030866312320524,22.83638549962079
0.02540833333,5.0E9,5.0330071934131295+0.10455373270931637i,5.0330071934131295,24.06899812657123
0.02540833333,5.0E9,5.034283811625083+0.03253868713665388i,5.034283811625083,77.35843475310517
0.02540833333,5.0E9,5.034499553317099+0.12372023822839877i,5.034499553317099,20.346305606132752
0.02540833333,5.0E9,5.034824574092564+0.1307343901017925i,5.034824574092564,19.255930173278607
0.02540833333,5.0E9,5.035714609509981+0.11061018199600234i,5.035714609509981,22.763341125738233
0.02540833333,5.0E9,5.037182619562109+0.12136250675223952i,5.037182619562109,20.752630916916836
0.02540833333,5.0E9,5.037466899632351+0.016041659763902212i,5.037466899632351,157.012022875835
0.02540833333,5.0E9,5.0375836320627645+0.11871235656140043i,5.0375836320627645,21.21760437573836
0.02540833333,5.0E9,5.038316281631188+0.017344858565067137i,5.038316281631188,145.23947435865662
0.02540833333,5.0E9,5.038375197777082+0.12484770209572608i,5.038375197777082,20.178085432096875
0.02540833333,5.0E9,5.04041393962758+0.1174262563666522i,5.04041393962758,21.462039647629453
0.02540833333,5.0E9,5.0408068702408535+0.11108744997652889i,5.0408068702408535,22.688462428950796
0.02540833333,5.0E9,5.040807633990106+0.020805056382166516i,5.040807633990106,121.1438109418184
0.02540833333,5.0E9,5.042152127965031+0.13134734292123762i,5.042152127965031,19.19396318122916
0.02540833333,5.0E9,5.042292618038875+0.10646667580902831i,5.042292618038875,23.680144889107595
0.02540833333,5.0E9,5.043042133363444+0.11293498584506781i,5.043042133363444,22.3271915944712
0.02540833333,5.0E9,5.045376374736915+0.12368830353995944i,5.045376374736915,20.3955274279711
0.02540833333,5.0E9,5.045497567512459+0.0959869969950034i,5.045497567512459,26.282193033787177
0.02540833333,5.0E9,5.045581643906295+0.007830268897193026i,5.045581643906295,322.1844428430179
0.02540833333,5.0E9,5.04573646448382+0.02235855157157645i,5.04573646448382,112.83683668709263
0.02540833333,5.0E9,5.048365134747473+0.1146914847360176i,5.048365134747473,22.008456627652713
0.02540833333,5.0E9,5.049032533906905+0.019709332992220274i,5.049032533906905,128.08735171047832
0.02540833333,5.0E9,5.049351821241438+0.1283348990110317i,5.049351821241438,19.672559296623575
0.02540833333,5.0E9,5.049397099947334+0.12118657181900316i,5.049397099947334,20.83315430148814
0.02540833333,5.0E9,5.0498253466859016+0.09278970986515295i,5.0498253466859016,27.211128012063963
0.02540833333,5.0E9,5.049955621322936+0.013574793958605048i,5.049955621322936,186.00487185007233
0.02540833333,5.0E9,5.051181496685683+0.10191909397147998i,5.051181496685683,24.780349294015284
0.02540833333,5.0E9,5.051660033006562+0.11553090081931539i,5.051660033006562,21.862808985221662
0.02540833333,5.0E9,5.051761297015152+0.1097923229911003i,5.051761297015152,23.00598602611152
0.02540833333,5.0E9,5.052308838484249+0.1269061228129246i,5.052308838484249,19.905693777801332
0.02540833333,5.0E9,5.0533373201837355+0.12111799670088037i,5.0533373201837355,20.861215747580985
0.02540833333,5.0E9,5.053708535361742+0.10188807094888704i,5.053708535361742,24.800295502193656
0.02540833333,5.0E9,5.054256684807683+0.08781652556150299i,5.054256684807683,28.777366517808176
0.02540833333,5.0E9,5.055460652495627+0.010372182304069487i,5.055460652495627,243.70284402502912
0.02540833333,5.0E9,5.055633178275044+0.11109545704278724i,5.055633178275044,22.753554973575202
0.02540833333,5.0E9,5.059151691036623+0.12535812376810648i,5.059151691036623,20.178794716149735
0.02540833333,5.0E9,5.059192254769562+0.10848866113768825i,5.059192254769562,23.316686747330646
0.02540833333,5.0E9,5.060856650146571+0.11470312167764846i,5.060856650146571,22.060675316096262
0.02540833333,5.0E9,5.061507162429218+0.09934748261607065i,5.061507162429218,25.473756501659253
0.02540833333,5.0E9,5.061819701799577+0.11219291200721711i,5.061819701799577,22.55855388384055
0.02540833333,5.0E9,5.063158477825354+0.10742511206187223i,5.063158477825354,23.565991138595194
0.02540833333,5.0E9,5.064392347853955+0.1143320417730627i,5.064392347853955,22.14773859241599
0.02540833333,5.0E9,5.065759251707061+0.0026036441900726694i,5.065759251707061,972.8209543804203
0.02540833333,5.0E9,5.066309939357975+0.10216011185898727i,5.066309939357975,24.795929875013545
0.02540833333,5.0E9,5.068480851885144+0.11566213045491766i,5.068480851885144,21.91071888417582
0.02540833333,5.0E9,5.069985480129241+0.019779881308151528i,5.069985480129241,128.160159334218
0.02540833333,5.0E9,5.071243346601489+0.09747755549935339i,5.071243346601489,26.012364182825287
0.02540833333,5.0E9,5.071422514211532+0.11860164556918067i,5.071422514211532,21.380068083681678
0.02540833333,5.0E9,5.072936898203314+0.10740685949329899i,5.072936898203314,23.615516374537556
0.02540833333,5.0E9,5.073376259043771+0.08524192378010814i,5.073376259043771,29.758691698061384
0.02540833333,5.0E9,5.073574376997469+0.10160666214379435i,5.073574376997469,24.966740713405763
0.02540833333,5.0E9,5.074857049927077+0.11142363097760649i,5.074857049927077,22.77280414128222
0.02540833333,5.0E9,5.0792963310819355+0.11399907054558567i,5.0792963310819355,22.277797120507394
0.02540833333,5.0E9,5.081009532124087+0.10354194929035741i,5.081009532124087,24.535995154368162
0.02540833333,5.0E9,5.082757160455993+0.09038862687932524i,5.082757160455993,28.116132172479002
0.02540833333,5.0E9,5.082943142236524+0.09902941066717952i,5.082943142236524,25.663805873385456
0.02540833333,5.0E9,5.084685496470505+0.023053459264810738i,5.084685496470505,110.28031494240587
0.02540833333,5.0E9,5.087312520082576+0.10092841664480076i,5.087312520082576,25.202577674365234
0.02540833333,5.0E9,5.087363550753698+0.0025433966136944137i,5.087363550753698,1000.1121184485737
0.02540833333,5.0E9,5.09307844068616+0.10030558078983993i,5.09307844068616,25.387811927220522
0.02540833333,5.0E9,5.096283201093185+0.092515829813034i,5.096283201093185,27.54276328382022
0.02540833333,5.0E9,5.101922038662913+0.0018258425630379744i,5.101922038662913,1397.141829735295
0.02540833333,5.0E9,5.105700556767712+0.023244584855331332i,5.105700556767712,109.82559139137902
0.02540833333,5.0E9,5.105943722233816+0.0015083350097032727i,5.105943722233816,1692.5761483313588
0.02540833333,5.0E9,5.111303657797446+0.0017655179668660441i,5.111303657797446,1447.5365738901196
0.02540833333,5.0E9,5.112495076125984+0.08216356319602179i,5.112495076125984,31.111692806754526
0.02540833333,5.0E9,5.115382758373766+0.045363782912901864i,5.115382758373766,56.38179214678
0.02540833333,5.0E9,5.116076283749544+0.025681813065151084i,5.116076283749544,99.60504483797136
0.02540833333,5.0E9,5.117810041879052+0.06273035496469127i,5.117810041879052,40.79213360708455
0.02540833333,5.0E9,5.123013841345593+0.0025065400531628255i,5.123013841345593,1021.929379281457
0.02540833333,5.0E9,5.127761915675422+0.0018019323897299972i,5.127761915675422,1422.8508086376562
0.02540833333,5.0E9,5.1279932001484365+0.030759420505709397i,5.1279932001484365,83.35646634169532
0.02540833333,5.0E9,5.134349755793283+0.03048630158847661i,5.134349755793283,84.20748808924063
0.02540833333,5.0E9,5.1346559113622+0.001876182932068355i,5.1346559113622,1368.378270476434
0.02540833333,5.5E9,5.3775895350805+0.0036743731409594397i,5.3775895350805,731.7696555005192
0.02540833333,5.5E9,5.384269467815464+0.0031006927717036653i,5.384269467815464,868.2365303894804
0.02540833333,5.5E9,5.3878162708472415+0.00345873900981813i,5.3878162708472415,778.870023952826
0.02540833333,5.5E9,5.3888231366957395+0.007609743660848687i,5.3888231366957395,354.073893738409
0.02540833333,5.5E9,5.398771833719379+0.009612140106078568i,5.398771833719379,280.830895832723
0.02540833333,5.5E9,5.402409622589231+0.006643624150438702i,5.402409622589231,406.58603649579504
0.02540833333,5.5E9,5.4043865045528765+0.0701998786054238i,5.4043865045528765,38.49284793588889
0.02540833333,5.5E9,5.404908222068876+0.020961275707918853i,5.404908222068876,128.9260323985668
0.02540833333,5.5E9,5.405043527038003+0.005864835091358777i,5.405043527038003,460.80098100300984
0.02540833333,5.5E9,5.408732337818712+0.005106304229566141i,5.408732337818712,529.6132089527172
0.02540833333,5.5E9,5.411656915407583+0.004384806699975886i,5.411656915407583,617.091845284462
0.02540833333,5.5E9,5.415457014366978+0.08732716585535151i,5.415457014366978,31.00671458488145
0.02540833333,5.5E9,5.41597023075324+0.0691163081689336i,5.41597023075324,39.1801180809279
0.02540833333,5.5E9,5.4175740071381355+0.002699836317423182i,5.4175740071381355,1003.3152699251146
0.02540833333,5.5E9,5.417678058270421+0.05061862473944922i,5.417678058270421,53.51467059957674
0.02540833333,5.5E9,5.419932134175133+0.09402515663682291i,5.419932134175133,28.82171286940741
0.02540833333,5.5E9,5.422662361355752+0.09304483044285242i,5.422662361355752,29.14005181989299
0.02540833333,5.5E9,5.422838398653745+0.003439483037589538i,5.422838398653745,788.3217244260904
0.02540833333,5.5E9,5.4230382261553+0.027528366433346642i,5.4230382261553,98.4990925503315
0.02540833333,5.5E9,5.4237864065942984+0.078388796096888i,5.4237864065942984,34.59541845680687
0.02540833333,5.5E9,5.426572153208037+0.0036155373456323576i,5.426572153208037,750.4516804069865
0.02540833333,5.5E9,5.426957389167126+0.09024687324574437i,5.426957389167126,30.0672876188707
0.02540833333,5.5E9,5.427388163339741+0.0038243784679302664i,5.427388163339741,709.5778057600318
0.02540833333,5.5E9,5.429643570714308+0.08618716615683913i,5.429643570714308,31.49914200006131
0.02540833333,5.5E9,5.430289199558395+0.04709967965964605i,5.430289199558395,57.64677423285051
0.02540833333,5.5E9,5.432052522490043+0.1017215976487121i,5.432052522490043,26.70058595249963
0.02540833333,5.5E9,5.433037881149502+0.09388210470538336i,5.433037881149502,28.935428632534496
0.02540833333,5.5E9,5.434935605912309+0.09892305842565402i,5.434935605912309,27.470519474470933
0.02540833333,5.5E9,5.435565444532575+0.002594457574538502i,5.435565444532575,1047.534077619181
0.02540833333,5.5E9,5.435909728765193+0.06012944869827566i,5.435909728765193,45.20172599654218
0.02540833333,5.5E9,5.437801288334814+0.08581584943079529i,5.437801288334814,31.68296605116072
0.02540833333,5.5E9,5.439827659670135+0.10623055983211481i,5.439827659670135,25.603873632348154
0.02540833333,5.5E9,5.441045582937418+0.003307790359428483i,5.441045582937418,822.4592540195802
0.02540833333,5.5E9,5.441275660179547+0.097570540683861i,5.441275660179547,27.883803974243936
0.02540833333,5.5E9,5.4419782837914354+0.07874595338467602i,5.4419782837914354,34.55401865037579
0.02540833333,5.5E9,5.442320369920935+0.09721217375561417i,5.442320369920935,27.991969316531367
0.02540833333,5.5E9,5.443568945943441+0.10920268858764336i,5.443568945943441,24.924152584277117
0.02540833333,5.5E9,5.443838340798428+0.10134289109694823i,5.443838340798428,26.85851114899938
0.02540833333,5.5E9,5.4477144965013595+0.09798244354952934i,5.4477144965013595,27.799441916079502
0.02540833333,5.5E9,5.447943470669819+0.0875958626905886i,5.447943470669819,31.09703645429793
0.02540833333,5.5E9,5.452264137606316+0.10104724491757795i,5.452264137606316,26.97878671533108
0.02540833333,5.5E9,5.4523564679768795+0.09034921211353977i,5.4523564679768795,30.17379089662137
0.02540833333,5.5E9,5.452892900117564+0.07972848555986627i,5.452892900117564,34.19664165088845
0.02540833333,5.5E9,5.452959486388133+0.09889692859004336i,5.452959486388133,27.568902109145586
0.02540833333,5.5E9,5.453744173084351+0.10679142498035832i,5.453744173084351,25.5345603548573
0.02540833333,5.5E9,5.454725622222396+0.11342332720792461i,5.454725622222396,24.04587202870067
0.02540833333,5.5E9,5.4550001110757+0.07477486639848419i,5.4550001110757,36.476160866709904
0.02540833333,5.5E9,5.455255863948033+0.0392954487310538i,5.455255863948033,69.41332953448294
0.02540833333,5.5E9,5.45561801293272+0.1065053387673633i,5.45561801293272,25.61194619947305
0.02540833333,5.5E9,5.455960820766232+0.11251462074572248i,5.455960820766232,24.245563752538594
0.02540833333,5.5E9,5.457316037889302+0.09554507960076952i,5.457316037889302,28.55885442082644
0.02540833333,5.5E9,5.4575556334458595+0.11249481410114805i,5.4575556334458595,24.256920983658762
0.02540833333,5.5E9,5.458580546240086+0.024243205476349807i,5.458580546240086,112.57959578747011
0.02540833333,5.5E9,5.459704859110616+0.08514376132633872i,5.459704859110616,32.06168469692499
0.02540833333,5.5E9,5.460445892234409+0.11275543673016437i,5.460445892234409,24.21367009247559
0.02540833333,5.5E9,5.461578688173556+0.002792025583439712i,5.461578688173556,978.0674504860759
0.02540833333,5.5E9,5.461879034844362+0.05984922394054936i,5.461879034844362,45.63032463269586
0.02540833333,5.5E9,5.463838983293583+0.05150631679010413i,5.463838983293583,53.04047468157679
0.02540833333,5.5E9,5.464221581557691+0.09244796284242383i,5.464221581557691,29.552958299748443
0.02540833333,5.5E9,5.465515819690716+0.0973874486713782i,5.465515819690716,28.060678733526625
0.02540833333,5.5E9,5.466337029579786+0.11877407149242145i,5.466337029579786,23.01149131664049
0.02540833333,5.5E9,5.466437261146841+0.10139562494358116i,5.466437261146841,26.95598189857053
0.02540833333,5.5E9,5.466478375870443+0.11032706771462611i,5.466478375870443,24.773967481897234
0.02540833333,5.5E9,5.466629451785827+0.1053806887403366i,5.466629451785827,25.93752952808973
0.02540833333,5.5E9,5.466986768438639+0.09790917356106876i,5.466986768438639,27.918664664392878
0.02540833333,5.5E9,5.467394844032619+0.1035988294482591i,5.467394844032619,26.387338897314613
0.02540833333,5.5E9,5.471152427264191+0.1141017215168378i,5.471152427264191,23.974889925113104
0.02540833333,5.5E9,5.471767482232011+0.10927082393742386i,5.471767482232011,25.037641728433968
0.02540833333,5.5E9,5.471937637010545+0.10735821268805218i,5.471937637010545,25.48448553679915
0.02540833333,5.5E9,5.473383995298287+0.08586951529996774i,5.473383995298287,31.870355714587014
0.02540833333,5.5E9,5.473443007420062+0.02796127718312159i,5.473443007420062,97.87541126204393
0.02540833333,5.5E9,5.473608182925766+0.11561511297089018i,5.473608182925766,23.67168115946884
0.02540833333,5.5E9,5.473974460051998+0.09581213643323519i,5.473974460051998,28.56618516103349
0.02540833333,5.5E9,5.474184124768276+0.09219479833981468i,5.474184124768276,29.6881398047607
0.02540833333,5.5E9,5.474752933391228+0.12062349344068136i,5.474752933391228,22.693559841572366
0.02540833333,5.5E9,5.474882449196064+0.10059345342229616i,5.474882449196064,27.212916263110305
0.02540833333,5.5E9,5.475410629373281+0.11154680440786759i,5.475410629373281,24.54310842179129
0.02540833333,5.5E9,5.476759488929919+0.11998832462228842i,5.476759488929919,22.822051671153115
0.02540833333,5.5E9,5.477935774073872+0.004087715084602135i,5.477935774073872,670.0486287202976
0.02540833333,5.5E9,5.478463971169767+0.10863678888231225i,5.478463971169767,25.21458903348416
0.02540833333,5.5E9,5.478973652560292+0.11979659249997682i,5.478973652560292,22.867819268571232
0.02540833333,5.5E9,5.4793249462971945+0.0912550435702116i,5.4793249462971945,30.02203895766815
0.02540833333,5.5E9,5.480453691891754+0.1216663123001163i,5.480453691891754,22.522478031441555
0.02540833333,5.5E9,5.482233431936265+0.11884223603356861i,5.482233431936265,23.065172849775955
0.02540833333,5.5E9,5.482704673638311+0.1108480593119719i,5.482704673638311,24.730720175297485
0.02540833333,5.5E9,5.482728364653775+0.10411302058151518i,5.482728364653775,26.330656502089855
0.02540833333,5.5E9,5.483286048187556+0.10340810157658081i,5.483286048187556,26.5128455342873
0.02540833333,5.5E9,5.483691151057379+0.11544688638703637i,5.483691151057379,23.749844290617208
0.02540833333,5.5E9,5.483807829156649+0.09932370669803244i,5.483807829156649,27.605734881747427
0.02540833333,5.5E9,5.485719539565195+0.12198716597171422i,5.485719539565195,22.484822464181175
0.02540833333,5.5E9,5.485949261941507+0.11349931247413339i,5.485949261941507,24.167323758863127
0.02540833333,5.5E9,5.486416410845873+0.10478823122637833i,5.486416410845873,26.178590604289052
0.02540833333,5.5E9,5.486698511896417+0.047242049174693414i,5.486698511896417,58.07007324774903
0.02540833333,5.5E9,5.486739073577052+0.08891820695662937i,5.486739073577052,30.85273118616335
0.02540833333,5.5E9,5.487401239036542+0.08033815151226706i,5.487401239036542,34.15190128066772
0.02540833333,5.5E9,5.487471412050798+0.022198451491835556i,5.487471412050798,123.600319915762
0.02540833333,5.5E9,5.487958505412866+0.11770851230112056i,5.487958505412866,23.31164670305931
0.02540833333,5.5E9,5.4884288688626475+0.005959775206987864i,5.4884288688626475,460.45603049150577
0.02540833333,5.5E9,5.4897390650840645+0.106588078814802i,5.4897390650840645,25.75212503183657
0.02540833333,5.5E9,5.489746589707043+0.11012299626660758i,5.489746589707043,24.92552316873206
0.02540833333,5.5E9,5.4907034959708065+0.09494025935820209i,5.4907034959708065,28.916623638317734
0.02540833333,5.5E9,5.49113324151739+0.11594866498988463i,5.49113324151739,23.67915681476987
0.02540833333,5.5E9,5.492493131614422+0.07736551877680221i,5.492493131614422,35.49703549109611
0.02540833333,5.5E9,5.492806554838628+0.05478724048203765i,5.492806554838628,50.12851994835805
0.02540833333,5.5E9,5.493559497629379+0.09968565954879466i,5.493559497629379,27.554412151631308
0.02540833333,5.5E9,5.493946796080961+0.10670381891960354i,5.493946796080961,25.743908942098876
0.02540833333,5.5E9,5.494113945250235+0.11436374507709074i,5.494113945250235,24.020348151185253
0.02540833333,5.5E9,5.494349361368864+0.08682416590938492i,5.494349361368864,31.640668838115342
0.02540833333,5.5E9,5.494713538346812+0.09757297212510264i,5.494713538346812,28.156944585544633
0.02540833333,5.5E9,5.495211200259411+0.019029009994330503i,5.495211200259411,144.39035982157378
0.02540833333,5.5E9,5.495969639448549+0.0034146330477500208i,5.495969639448549,804.767241837299
0.02540833333,5.5E9,5.4978397272091195+0.006026560348272597i,5.4978397272091195,456.13413037380224
0.02540833333,5.5E9,5.498240068725149+0.12331734444854558i,5.498240068725149,22.293052503329335
0.02540833333,5.5E9,5.499400688180792+0.11136769238900975i,5.499400688180792,24.690287507131185
0.02540833333,5.5E9,5.500209285450728+0.11810333068444055i,5.500209285450728,23.285580743470728
0.02540833333,5.5E9,5.50097134492073+0.10163770045535457i,5.50097134492073,27.061667669946395
0.02540833333,5.5E9,5.501322074329585+0.11185238540138585i,5.501322074329585,24.59188534329382
0.02540833333,5.5E9,5.501443906836483+0.11750376590292287i,5.501443906836483,23.409649318735735
0.02540833333,5.5E9,5.501630596938517+0.09364569693849185i,5.501630596938517,29.37471115491876
0.02540833333,5.5E9,5.50173870500647+0.10799863684540305i,5.50173870500647,25.47133401730825
0.02540833333,5.5E9,5.502714572012087+0.005157583956655581i,5.502714572012087,533.458555232158
0.02540833333,5.5E9,5.503080300073414+0.015217140917923016i,5.503080300073414,180.81847075464057
0.02540833333,5.5E9,5.504021153383326+0.10095012754631157i,5.504021153383326,27.26109063536506
0.02540833333,5.5E9,5.504244665248831+0.11250262593830683i,5.504244665248831,24.462738622062023
0.02540833333,5.5E9,5.505170180381276+0.09346365006561581i,5.505170180381276,29.450862321963626
0.02540833333,5.5E9,5.5059253004581565+0.10285265292465294i,5.5059253004581565,26.76608305131248
0.02540833333,5.5E9,5.506248854792026+0.08534699795066533i,5.506248854792026,32.25801133611578
0.02540833333,5.5E9,5.506272145979199+0.1123716956634416i,5.506272145979199,24.500262781789537
0.02540833333,5.5E9,5.506274095157094+0.09702959246399062i,5.506274095157094,28.3741998463024
0.02540833333,5.5E9,5.508153805940532+0.06433085260178184i,5.508153805940532,42.81113636124859
0.02540833333,5.5E9,5.508486795353639+0.0445956222148368i,5.508486795353639,61.76039846262069
0.02540833333,5.5E9,5.508541508462062+0.11672408116826401i,5.508541508462062,23.596422663294323
0.02540833333,5.5E9,5.50870565324154+0.11908541947824978i,5.50870565324154,23.12921967011953
0.02540833333,5.5E9,5.50952696851736+0.12143662998433112i,5.50952696851736,22.684782051462765
0.02540833333,5.5E9,5.510406662391429+0.10907487411434968i,5.510406662391429,25.25974339706568
0.02540833333,5.5E9,5.510871192774769+0.10112218857998934i,5.510871192774769,27.24857556072166
0.02540833333,5.5E9,5.51221551408167+0.11229445920297214i,5.51221551408167,24.543577453444723
0.02540833333,5.5E9,5.51224096209819+0.11372699517687553i,5.51224096209819,24.23453179926718
0.02540833333,5.5E9,5.512818613842332+0.1042112617919437i,5.512818613842332,26.450205664185297
0.02540833333,5.5E9,5.514003259383876+0.11489072470888884i,5.514003259383876,23.996729385053964
0.02540833333,5.5E9,5.514392723410481+0.09936086314838787i,5.514392723410481,27.749319745618333
0.02540833333,5.5E9,5.514567530981261+0.007375526444019758i,5.514567530981261,373.8422994505427
0.02540833333,5.5E9,5.5149000344572565+0.09228308517307485i,5.5149000344572565,29.880340606917215
0.02540833333,5.5E9,5.515108825240097+0.05934144073095613i,5.515108825240097,46.46928653320578
0.02540833333,5.5E9,5.516663430200552+0.10644168623860277i,5.516663430200552,25.91401745475095
0.02540833333,5.5E9,5.516819656167552+0.1017419584906967i,5.516819656167552,27.111821602451318
0.02540833333,5.5E9,5.517354437273642+0.07715048840971103i,5.517354437273642,35.757093383346394
0.02540833333,5.5E9,5.518586619153713+0.05972829190062816i,5.518586619153713,46.19742540382002
0.02540833333,5.5E9,5.519400991708848+0.10695158290328875i,5.519400991708848,25.803269301305154
0.02540833333,5.5E9,5.520161980944708+0.11513842389693639i,5.520161980944708,23.97184968367275
0.02540833333,5.5E9,5.520928243337335+0.11843504669962614i,5.520928243337335,23.30783158020557
0.02540833333,5.5E9,5.521468309505701+0.003567595198680693i,5.521468309505701,773.8361560116961
0.02540833333,5.5E9,5.521673215567011+0.10414805379772926i,5.521673215567011,26.508768115297226
0.02540833333,5.5E9,5.521704748618762+0.09121432158574527i,5.521704748618762,30.267751010065506
0.02540833333,5.5E9,5.521888543395198+0.09343593866918673i,5.521888543395198,29.549061218005424
0.02540833333,5.5E9,5.522041373032855+0.0748182998184858i,5.522041373032855,36.903012942219334
0.02540833333,5.5E9,5.523607343357301+0.11533430353822262i,5.523607343357301,23.94607317122584
0.02540833333,5.5E9,5.523823391281752+0.11984800805742915i,5.523823391281752,23.04511973463434
0.02540833333,5.5E9,5.524368678742582+0.09215938828025655i,5.524368678742582,29.971817206202505
0.02540833333,5.5E9,5.52629708006375+0.10275281081015632i,5.52629708006375,26.891220962675202
0.02540833333,5.5E9,5.526913286018392+0.005058308162893016i,5.526913286018392,546.3203415089448
0.02540833333,5.5E9,5.529314432312975+0.11482749049786697i,5.529314432312975,24.0766144428441
0.02540833333,5.5E9,5.530445934999997+0.0948485135601162i,5.530445934999997,29.15409913880585
0.02540833333,5.5E9,5.530557695103928+0.07602145774580671i,5.530557695103928,36.37497792791923
0.02540833333,5.5E9,5.530625325998529+0.10293177116897806i,5.530625325998529,26.8654918845182
0.02540833333,5.5E9,5.531664233656442+0.11648826744098612i,5.531664233656442,23.743439383107088
0.02540833333,5.5E9,5.533033222334574+0.11071496109096261i,5.533033222334574,24.987739542213603
0.02540833333,5.5E9,5.5334252922682525+0.08037631112744872i,5.5334252922682525,34.42199084935719
0.02540833333,5.5E9,5.533616396245076+0.10740770630095567i,5.533616396245076,25.759866711704653
0.02540833333,5.5E9,5.533763105370336+0.11197249327745627i,5.533763105370336,24.710368338669756
0.02540833333,5.5E9,5.5341373930400986+0.058549571488364975i,5.5341373930400986,47.26027238422955
0.02540833333,5.5E9,5.534768761859715+0.09044636744050938i,5.534768761859715,30.59696546409219
0.02540833333,5.5E9,5.53491804066754+0.10202740334335338i,5.53491804066754,27.124663861339535
0.02540833333,5.5E9,5.535249636272711+0.10693659706858799i,5.535249636272711,25.880988305259333
0.02540833333,5.5E9,5.535337082032295+0.11818330953638953i,5.535337082032295,23.418438287717446
0.02540833333,5.5E9,5.535674762022991+0.09416336981466734i,5.535674762022991,29.393992445885928
0.02540833333,5.5E9,5.536858804898224+0.10371234179614088i,5.536858804898224,26.69334579187108
0.02540833333,5.5E9,5.537425777657723+0.10309888212393614i,5.537425777657723,26.854926375443778
0.02540833333,5.5E9,5.5388830185472875+0.11676257340428313i,5.5388830185472875,23.718572043497407
0.02540833333,5.5E9,5.5390735530837345+0.10726830481633837i,5.5390735530837345,25.81878012600075
0.02540833333,5.5E9,5.5400465494784115+0.11221029343174553i,5.5400465494784115,24.68599974229757
0.02540833333,5.5E9,5.541092924658434+0.0025772402802893926i,5.541092924658434,1075.005106632168
0.02540833333,5.5E9,5.541315133355147+0.08123976562595621i,5.541315133355147,34.10469670031083
0.02540833333,5.5E9,5.5422408253280215+0.09782337976883412i,5.5422408253280215,28.327792591223385
0.02540833333,5.5E9,5.5432640660087635+0.10737443396995149i,5.5432640660087635,25.812774331178474
0.02540833333,5.5E9,5.543686463901516+0.0035138417961508668i,5.543686463901516,788.8355232688879
0.02540833333,5.5E9,5.544076175580196+0.1028711511844947i,5.544076175580196,26.94670037101631
0.02540833333,5.5E9,5.54501988133926+0.11162376025706808i,5.54501988133926,24.837990892660986
0.02540833333,5.5E9,5.5471054164223075+0.09142479030219339i,5.5471054164223075,30.336987364625248
0.02540833333,5.5E9,5.548196490435127+0.0037763601108508978i,5.548196490435127,734.595791658359
0.02540833333,5.5E9,5.5497311652398125+0.09410987533074228i,5.5497311652398125,29.48538155924491
0.02540833333,5.5E9,5.54973519098664+0.10250646036955925i,5.54973519098664,27.070172801687693
0.02540833333,5.5E9,5.549960348324193+0.10991414614265761i,5.549960348324193,25.24679735546004
0.02540833333,5.5E9,5.550492739457706+0.11261226246606734i,5.550492739457706,24.64426438963606
0.02540833333,5.5E9,5.552090040229616+0.09933712100422097i,5.552090040229616,27.94569635249294
0.02540833333,5.5E9,5.553592851221649+0.10333667264820064i,5.553592851221649,26.87135510027645
0.02540833333,5.5E9,5.553612481437854+0.09090129682424897i,5.553612481437854,30.54748763472187
0.02540833333,5.5E9,5.554218471674998+0.019018739045056205i,5.554218471674998,146.0196298639152
0.02540833333,5.5E9,5.55451735206554+0.07533668362832961i,5.55451735206554,36.86462613265883
0.02540833333,5.5E9,5.55468332693419+0.1059757283663394i,5.55468332693419,26.20733734300287
0.02540833333,5.5E9,5.555293838215167+0.09102160480447768i,5.555293838215167,30.516347465793544
0.02540833333,5.5E9,5.555922704489891+0.10249949923077316i,5.555922704489891,27.102194382340215
0.02540833333,5.5E9,5.557101104958588+0.09176592811681421i,5.557101104958588,30.278673245066674
0.02540833333,5.5E9,5.558434431011695+0.10842757234276239i,5.558434431011695,25.632015505430267
0.02540833333,5.5E9,5.5588432455383705+0.08775839917592515i,5.5588432455383705,31.67128900331704
0.02540833333,5.5E9,5.55922922919806+0.004879568061656906i,5.55922922919806,569.643578996454
0.02540833333,5.5E9,5.55999522302425+0.0885570716526343i,5.55999522302425,31.392158295575584
0.02540833333,5.5E9,5.56070977864004+0.10185180109415681i,5.56070977864004,27.298043426347693
0.02540833333,5.5E9,5.56153505370082+0.0996841700001978i,5.56153505370082,27.895778505703486
0.02540833333,5.5E9,5.561904499957944+0.10039406533853225i,5.561904499957944,27.700364962824295
0.02540833333,5.5E9,5.564338498635743+0.007893065843424548i,5.564338498635743,352.4827113453772
0.02540833333,5.5E9,5.565062394855449+0.09982227598508951i,5.565062394855449,27.87485228090123
0.02540833333,5.5E9,5.567244602191036+0.017009159520570433i,5.567244602191036,163.6543121210121
0.02540833333,5.5E9,5.567415930661884+0.09908504277657985i,5.567415930661884,28.094128915175787
0.02540833333,5.5E9,5.567557994437805+0.09035917610549495i,5.567557994437805,30.807928062212756
0.02540833333,5.5E9,5.5688536669483915+0.005056534338889684i,5.5688536669483915,550.6591366460691
0.02540833333,5.5E9,5.570454397482626+0.09335532362962509i,5.570454397482626,29.8346906255859
0.02540833333,5.5E9,5.571144255671526+0.0046802523708321985i,5.571144255671526,595.1756245444643
0.02540833333,5.5E9,5.573147407738261+0.07865997971635044i,5.573147407738261,35.4255583832792
0.02540833333,5.5E9,5.573180808648256+0.09277919871096549i,5.573180808648256,30.034646160344376
0.02540833333,5.5E9,5.575664355851138+0.007837974500817668i,5.575664355851138,355.6827312508785
0.02540833333,5.5E9,5.577991555263301+0.004505448219921388i,5.577991555263301,619.0273734142069
0.02540833333,5.5E9,5.578513449627354+0.08746199086905002i,5.578513449627354,31.891072877472137
0.02540833333,5.5E9,5.578634845593251+0.08495254233661625i,5.578634845593251,32.83383105527583
0.02540833333,5.5E9,5.581156492282937+0.029387444226092175i,5.581156492282937,94.95818093850446
0.02540833333,5.5E9,5.5825094789234155+0.006226208791823285i,5.5825094789234155,448.30728181287276
0.02540833333,5.5E9,5.5836736029863845+0.029935680390532925i,5.5836736029863845,93.26117746687672
0.02540833333,5.5E9,5.58411754617575+0.008072151006337052i,5.58411754617575,345.8878272837025
0.02540833333,5.5E9,5.586353451288569+0.011275842562956603i,5.586353451288569,247.71334913990626
0.02540833333,5.5E9,5.588503841187551+0.0047096840544991634i,5.588503841187551,593.2992294726066
0.02540833333,5.5E9,5.588755120518644+0.07891903470236113i,5.588755120518644,35.408156863526855
0.02540833333,5.5E9,5.591328263110857+0.04753416450783248i,5.591328263110857,58.81378500078131
0.02540833333,5.5E9,5.595137376326493+0.021999374807199663i,5.595137376326493,127.1658268783027
0.02540833333,5.5E9,5.595677403775378+0.0032025568731101173i,5.595677403775378,873.6265467693655
0.02540833333,5.5E9,5.595722247168408+0.04844943403268981i,5.595722247168408,57.7480661940536
0.02540833333,5.5E9,5.60057691796503+0.021334478705248437i,5.60057691796503,131.25647444545356
0.02540833333,5.5E9,5.604449039900563+0.004549172356574522i,5.604449039900563,615.9855684299299
0.02540833333,5.5E9,5.611911707286552+0.026469256600471305i,5.611911707286552,106.00810955881978
0.02540833333,5.5E9,5.612449887185583+0.0036504795570466556i,5.612449887185583,768.7277519951676
0.02540833333,5.5E9,5.61830841263834+0.0029608649278646893i,5.61830841263834,948.7613500643782
0.0381125,2.5E9,2.2992968316803823+0.11759415421061302i,2.2992968316803823,9.776407879775661
0.0381125,2.5E9,2.299488751498346+0.11689213244844458i,2.299488751498346,9.835943203930077
0.0381125,2.5E9,2.2995134484925686+4.342388603185945E-4i,2.2995134484925686,2647.7518004784856
0.0381125,2.5E9,2.2999711500142848+4.3490349042470247E-4i,2.2999711500142848,2644.231652139951
0.0381125,2.5E9,2.3123455230125414+0.09044666262755106i,2.3123455230125414,12.782923414955143
0.0381125,2.5E9,2.3126451376991546+0.09034877477634179i,2.3126451376991546,12.79843109895017
0.0381125,2.5E9,2.3185155521974994+0.008106057577504598i,2.3185155521974994,143.01129309960075
0.0381125,2.5E9,2.3189270692116413+0.00811826921833727i,2.3189270692116413,142.82151816139137
0.0381125,2.5E9,2.3293608952680493+0.15093674670219157i,2.3293608952680493,7.716347894605268
0.0381125,2.5E9,2.329809328869603+0.1508949631141922i,2.329809328869603,7.719970503940819
0.0381125,2.5E9,2.330419862511925+0.15232816287961196i,2.330419862511925,7.649340143206818
0.0381125,2.5E9,2.33075626203601+0.1524983071929701i,2.33075626203601,7.641908637997831
0.0381125,2.5E9,2.3333204839272+0.16490316515998382i,2.3333204839272,7.074820188149471
0.0381125,2.5E9,2.3333939506078+0.1647370926570558i,2.3333939506078,7.082175340636191
0.0381125,2.5E9,2.3336624956122862+0.16600394933235033i,2.3336624956122862,7.028936675898438
0.0381125,2.5E9,2.333839014619424+0.16624969215505817i,2.333839014619424,7.019077702840778
0.0381125,2.5E9,2.352301947906696+0.12986431831582998i,2.352301947906696,9.056767780453358
0.0381125,2.5E9,2.352410164976727+0.13012237927144205i,2.352410164976727,9.039222069823506
0.0381125,2.5E9,2.352416734900727+0.1308303524204681i,2.352416734900727,8.990332485463432
0.0381125,2.5E9,2.352714143665169+0.13118227779855537i,2.352714143665169,8.96734750740499
0.0381125,2.5E9,2.3582749195186516+0.14814717378610373i,2.3582749195186516,7.95923020078517
0.0381125,2.5E9,2.3582755947348364+0.1484553588716786i,2.3582755947348364,7.9427095547735505
0.0381125,2.5E9,2.358801216535406+0.14827921562147947i,2.358801216535406,7.953917231922943
0.0381125,2.5E9,2.358968030654553+0.14859300454193972i,2.358968030654553,7.937681985522895
0.0381125,2.5E9,2.3655344727611447+0.19008983429592946i,2.3655344727611447,6.222148810647366
0.0381125,2.5E9,2.3665959769595424+0.18995410506046714i,2.3665959769595424,6.229388873186489
0.0381125,2.5E9,2.3815732682018607+0.03497064094550894i,2.3815732682018607,34.05103829685043
0.0381125,2.5E9,2.381812872466187+0.03502641787003539i,2.381812872466187,34.00023492701767
0.0381125,2.5E9,2.4020350423329253+0.050337076149603796i,2.4020350423329253,23.85950104843179
0.0381125,2.5E9,2.402070541485979+0.0505758938329956i,2.402070541485979,23.747188229809137
0.0381125,2.5E9,2.405129450823754+0.2069981739746647i,2.405129450823754,5.809542675284969
0.0381125,2.5E9,2.405985130463511+0.20704860324872865i,2.405985130463511,5.810194062437572
0.0381125,2.5E9,2.4086837403184926+0.21606554990897123i,2.4086837403184926,5.573965265016276
0.0381125,2.5E9,2.4095614746376124+0.19812764882162415i,2.4095614746376124,6.080830941488029
0.0381125,2.5E9,2.4099320587208233+0.1986828753873778i,2.4099320587208233,6.064770438876799
0.0381125,2.5E9,2.4101095963842862+0.2153151210792655i,2.4101095963842862,5.596703065496814
0.0381125,2.5E9,2.413821546146362+0.16624596718758688i,2.413821546146362,7.259789777103824
0.0381125,2.5E9,2.4159351078558+0.1674030515841262i,2.4159351078558,7.215923141764544
0.0381125,2.5E9,2.41692997584548+0.20072849968039724i,2.41692997584548,6.020395658049928
0.0381125,2.5E9,2.4169537262754694+0.2019928426330904i,2.4169537262754694,5.982770712984473
0.0381125,2.5E9,2.4200151324682935+0.049246387629949796i,2.4200151324682935,24.570483734288473
0.0381125,2.5E9,2.4209302323036335+0.04932133444007437i,2.4209302323036335,24.54242428542839
0.0381125,2.5E9,2.4214127279146274+0.19582826141187082i,2.4214127279146274,6.182490490537146
0.0381125,2.5E9,2.422395457589117+0.19578819315646392i,2.422395457589117,6.186265419113558
0.0381125,2.5E9,2.4226579170999356+0.19821514969114126i,2.4226579170999356,6.111182522816546
0.0381125,2.5E9,2.4237189815947255+0.19816324135748947i,2.4237189815947255,6.115460579347055
0.0381125,2.5E9,2.4299928408221163+0.21946001837112022i,2.4299928408221163,5.536299638672341
0.0381125,2.5E9,2.43022535286978+0.1942716290641994i,2.43022535286978,6.254709873428515
0.0381125,2.5E9,2.4306575934145034+0.19321181263843692i,2.4306575934145034,6.290137130391364
0.0381125,2.5E9,2.4307017664704027+0.21869679908777592i,2.4307017664704027,5.557241296190208
0.0381125,2.5E9,2.430846021969675+0.19288025329149114i,2.430846021969675,6.301438277084923
0.0381125,2.5E9,2.4309595808203515+0.19415769318000062i,2.4309595808203515,6.260271074004382
0.0381125,2.5E9,2.4415347058135697+0.17670234963818546i,2.4415347058135697,6.9086084899630364
0.0381125,2.5E9,2.44171838664373+0.17640172345794944i,2.44171838664373,6.920902865288008
0.0381125,2.5E9,2.4418126542938876+0.07209193375582214i,2.4418126542938876,16.935408214769154
0.0381125,2.5E9,2.4421726373251764+0.07238318956673544i,2.4421726373251764,16.869750089373692
0.0381125,2.5E9,2.4422162190856564+0.1780291170885742i,2.4422162190856564,6.859035923518594
0.0381125,2.5E9,2.44256865346068+0.17857869201213308i,2.44256865346068,6.83891405502826
0.0381125,2.5E9,2.4455446203830347+0.2250005542739649i,2.4455446203830347,5.434530213212928
0.0381125,2.5E9,2.445872856275081+0.16110888019347525i,2.445872856275081,7.59074500840003
0.0381125,2.5E9,2.4463425981753857+0.16259170761041672i,2.4463425981753857,7.522962376522382
0.0381125,2.5E9,2.446675614572168+0.16103955078039886i,2.446675614572168,7.596505338954187
0.0381125,2.5E9,2.4472678099223666+0.16272999989714765i,2.4472678099223666,7.51941194453741
0.0381125,2.5E9,2.4481093492132695+0.2239718267054868i,2.4481093492132695,5.465217177588204
0.0381125,2.5E9,2.448945848623596+0.21886955050009455i,2.448945848623596,5.5945330061399705
0.0381125,2.5E9,2.449068478790318+0.14791119250946208i,2.449068478790318,8.27884772355428
0.0381125,2.5E9,2.4492517106672853+0.22471391352979622i,2.4492517106672853,5.4497108616786285
0.0381125,2.5E9,2.449661779828132+0.14888760124810932i,2.449661779828132,8.226547272213642
0.0381125,2.5E9,2.4504073255899455+0.14983472011593496i,2.4504073255899455,8.177034413966059
0.0381125,2.5E9,2.450672814642129+0.15083184232754612i,2.450672814642129,8.12385759142374
0.0381125,2.5E9,2.456122894931967+0.21316196498981732i,2.456122894931967,5.761165916840031
0.0381125,2.5E9,2.456520929907602+0.2122320030112117i,2.456520929907602,5.787348031997394
0.0381125,2.5E9,2.45666760259743+0.21133690014473272i,2.45666760259743,5.812206957031632
0.0381125,2.5E9,2.457037374964749+0.20916021501712276i,2.457037374964749,5.873577283240996
0.0381125,2.5E9,2.4573993602811908+0.21467300840219516i,2.4573993602811908,5.723587186324776
0.0381125,2.5E9,2.4576924709000396+0.21508736553890043i,2.4576924709000396,5.713242302127562
0.0381125,2.5E9,2.4599797350031847+0.21778335248060898i,2.4599797350031847,5.64776808462028
0.0381125,2.5E9,2.460689268980615+0.21604271245820408i,2.460689268980615,5.694913845929108
0.0381125,2.5E9,2.4611658355283415+0.1770592309613704i,2.4611658355283415,6.95012008739974
0.0381125,2.5E9,2.461401446902091+0.1789969372599458i,2.461401446902091,6.8755406784629916
0.0381125,2.5E9,2.4614741132438764+0.17681787439007998i,2.4614741132438764,6.960478746095516
0.0381125,2.5E9,2.461842717441398+0.1786092840029673i,2.461842717441398,6.891698634771132
0.0381125,2.5E9,2.464312909903452+0.1289752659681752i,2.464312909903452,9.55343216935689
0.0381125,2.5E9,2.4646586020498065+0.12870502091689345i,2.4646586020498065,9.574834705326955
0.0381125,2.5E9,2.4646775044123492+0.13012628045985966i,2.4646775044123492,9.470329497247999
0.0381125,2.5E9,2.464711927769338+0.1298975917297511i,2.464711927769338,9.487134807306953
0.0381125,2.5E9,2.4653682137388606+0.1452886156533462i,2.4653682137388606,8.484381940912519
0.0381125,2.5E9,2.465433300944552+0.14571795018387834i,2.465433300944552,8.459607405379623
0.0381125,2.5E9,2.465447566437875+0.14555899204085276i,2.465447566437875,8.468894747999903
0.0381125,2.5E9,2.465559927863562+0.1717223149182506i,2.465559927863562,7.178915358313525
0.0381125,2.5E9,2.465608897726949+0.14605791566073403i,2.465608897726949,8.440517881461863
0.0381125,2.5E9,2.4660878111934146+0.17104197613093447i,2.4660878111934146,7.209013445055142
0.0381125,2.5E9,2.467616220589568+0.17246783998316956i,2.467616220589568,7.153844510461696
0.0381125,2.5E9,2.4681924916721463+0.17178255015121988i,2.4681924916721463,7.184060573962259
0.0381125,2.5E9,2.48474665724523+0.21269825854889368i,2.48474665724523,5.841013166250379
0.0381125,2.5E9,2.4861740715854594+0.21262487248415138i,2.4861740715854594,5.846385802702302
0.0381125,2.5E9,2.4863907955529965+0.20756850932789664i,2.4863907955529965,5.989325653500833
0.0381125,2.5E9,2.487031391587047+0.2086443966590681i,2.487031391587047,5.959976475311099
0.0381125,2.5E9,2.489120119881504+0.21561870012508505i,2.489120119881504,5.77204138239752
0.0381125,2.5E9,2.4899937460063635+0.215975805525259i,2.4899937460063635,5.764520104348335
0.0381125,2.5E9,2.4907769766135943+0.19956211070305127i,2.4907769766135943,6.240605914215535
0.0381125,2.5E9,2.4913329552324166+0.2052821290519146i,2.4913329552324166,6.068070724759421
0.0381125,2.5E9,2.4921256837771044+0.19979192994075337i,2.4921256837771044,6.2368026689469485
0.0381125,2.5E9,2.492161280779961+0.20348902080139505i,2.492161280779961,6.1235767683316595
0.0381125,2.5E9,2.4933873298857225+0.19766540185201753i,2.4933873298857225,6.307090938839161
0.0381125,2.5E9,2.4935159544726573+0.19673596837389315i,2.4935159544726573,6.337214224431436
0.0381125,2.5E9,2.4940889069366805+0.20253340196320732i,2.4940889069366805,6.157228592323162
0.0381125,2.5E9,2.4956428420068484+0.23387479324657626i,2.4956428420068484,5.335425009602617
0.0381125,2.5E9,2.4963743465940644+0.2312903895497528i,2.4963743465940644,5.396623593945459
0.0381125,2.5E9,2.502106702042136+0.20821964000877757i,2.502106702042136,6.008335001291566
0.0381125,2.5E9,2.5028134269279527+0.2252994266829268i,2.5028134269279527,5.554415880627752
0.0381125,2.5E9,2.5031420773036923+0.0022534655168704866i,2.5031420773036923,555.3983539051322
0.0381125,2.5E9,2.5032897276420654+0.002265810699583315i,2.5032897276420654,552.4048695026515
0.0381125,2.5E9,2.5033492341796753+0.22435064180933353i,2.5033492341796753,5.5790997832472655
0.0381125,2.5E9,2.5037713767914016+0.20803278146164722i,2.5037713767914016,6.017732780381526
0.0381125,2.5E9,2.5040138293447955+0.2254308647638334i,2.5040138293447955,5.553839825722309
0.0381125,2.5E9,2.504390922733329+0.22446228376520072i,2.504390922733329,5.578645286691133
0.0381125,2.5E9,2.5061219644950685+0.2176278649264471i,2.5061219644950685,5.757814986932112
0.0381125,2.5E9,2.5075000781735244+0.21819523151994472i,2.5075000781735244,5.746001094309707
0.0381125,2.5E9,2.5148973998319435+0.21107598678544542i,2.5148973998319435,5.957327117433513
0.0381125,2.5E9,2.5175132745956006+0.060501751764470806i,2.5175132745956006,20.80529241860722
0.0381125,2.5E9,2.517905960320962+0.06082363645038655i,2.517905960320962,20.698416826613137
0.0381125,2.5E9,2.5203445954781665+0.2138206735233783i,2.5203445954781665,5.893594276800839
0.0381125,2.5E9,2.520731544315439+0.2050993639642578i,2.520731544315439,6.145147151101652
0.0381125,2.5E9,2.521126433118391+0.2041742394228873i,2.521126433118391,6.1739581845499485
0.0381125,2.5E9,2.5218931409730656+0.21593968964982843i,2.5218931409730656,5.839346034678969
0.0381125,2.5E9,2.523918418436747+1.0442028734733816E-4i,2.523918418436747,12085.383418077166
0.0381125,2.5E9,2.5242553410254662+1.0540640070271678E-4i,2.5242553410254662,11973.918681393725
0.0381125,2.5E9,2.524530893644862+0.18809478876589023i,2.524530893644862,6.710794355889858
0.0381125,2.5E9,2.525242530373476+0.1880833501191877i,2.525242530373476,6.713094297749479
0.0381125,2.5E9,2.5255986011486105+0.19063531409135384i,2.5255986011486105,6.624162509413982
0.0381125,2.5E9,2.526178547635014+0.19034117038414264i,2.526178547635014,6.635922597661695
0.0381125,2.5E9,2.5335837086215336+0.19922814651657536i,2.5335837086215336,6.358498417317617
0.0381125,2.5E9,2.5358111164421118+0.19917431178036227i,2.5358111164421118,6.365808657188823
0.0381125,2.5E9,2.5374820328120045+0.21189010403091887i,2.5374820328120045,5.987731339359144
0.0381125,2.5E9,2.538774117953208+0.20399578634698728i,2.538774117953208,6.222614112320125
0.0381125,2.5E9,2.540694390681497+0.20375046062129315i,2.540694390681497,6.234818765401062
0.0381125,2.5E9,2.5407645005127435+0.17220606785686113i,2.5407645005127435,7.37710503506951
0.0381125,2.5E9,2.540824330359447+0.17178024324869892i,2.540824330359447,7.395566225508565
0.0381125,2.5E9,2.541168564851385+0.1723514954874107i,2.541168564851385,7.3720525536055
0.0381125,2.5E9,2.541341699528063+0.17269766115085705i,2.541341699528063,7.357776829728222
0.0381125,2.5E9,2.541901742520542+0.2157015958911752i,2.541901742520542,5.892171849769185
0.0381125,2.5E9,2.543802769364244+0.21622783223916475i,2.543802769364244,5.882227886719506
0.0381125,2.5E9,2.544171574940389+0.21507967349946935i,2.544171574940389,5.914486323940476
0.0381125,2.5E9,2.544245466007265+0.2141711125665513i,2.544245466007265,5.939749379638368
0.0381125,2.5E9,2.545180907107639+0.21525095924221127i,2.545180907107639,5.912124424597041
0.0381125,2.5E9,2.546161899202228+0.20301383154742889i,2.546161899202228,6.270907454419881
0.0381125,2.5E9,2.550518599364803+0.1959950964097338i,2.550518599364803,6.506587782259778
0.0381125,2.5E9,2.551205173578937+0.2162330145334381i,2.551205173578937,5.899203641690941
0.0381125,2.5E9,2.5517642161391776+0.21705739118330952i,2.5517642161391776,5.878086441166519
0.0381125,2.5E9,2.5519267874556446+0.2084150146933797i,2.5519267874556446,6.1222239463170185
0.0381125,2.5E9,2.5525292141581293+0.1983335616955237i,2.5525292141581293,6.434940189489216
0.0381125,2.5E9,2.554331639816388+0.18849380438948254i,2.554331639816388,6.77563819163627
0.0381125,2.5E9,2.5545102897369643+0.1880539583746786i,2.5545102897369643,6.791960966456658
0.0381125,2.5E9,2.554732564914941+0.18780736790496794i,2.554732564914941,6.801470553081966
0.0381125,2.5E9,2.554829279370705+0.18884463320852718i,2.554829279370705,6.764368242727861
0.0381125,2.5E9,2.5593703383372968+0.15767451555930115i,2.5593703383372968,8.115992395025692
0.0381125,2.5E9,2.5596259260493874+0.1586182424189606i,2.5596259260493874,8.068510554065437
0.0381125,2.5E9,2.5601537633883527+0.15953299689767542i,2.5601537633883527,8.02390042553528
0.0381125,2.5E9,2.560254766037634+0.16044417816803894i,2.560254766037634,7.978646515164256
0.0381125,2.5E9,2.5672593298983366+0.22014343631210315i,2.5672593298983366,5.830878660081114
0.0381125,2.5E9,2.5681197759326477+0.14641334345978668i,2.5681197759326477,8.770101533259492
0.0381125,2.5E9,2.569345392703565+0.1462178335339256i,2.569345392703565,8.786019224212561
0.0381125,2.5E9,2.5694643235185586+0.14886676103711674i,2.5694643235185586,8.630080703099052
0.0381125,2.5E9,2.570158764918487+0.19905156797420648i,2.570158764918487,6.456012356686217
0.0381125,2.5E9,2.5703875459395173+0.19864661518670007i,2.5703875459395173,6.469749166185672
0.0381125,2.5E9,2.5707034539998936+0.14868069864642752i,2.5707034539998936,8.645047667260414
0.0381125,2.5E9,2.5722525848524507+0.19427650444261008i,2.5722525848524507,6.620081497328727
0.0381125,2.5E9,2.5725379688331778+0.14283160250454782i,2.5725379688331778,9.005492915166542
0.0381125,2.5E9,2.572606100168776+0.14344260067296893i,2.572606100168776,8.9673712275825
0.0381125,2.5E9,2.5727910975625012+0.19513614878835253i,2.5727910975625012,6.592297515190247
0.0381125,2.5E9,2.5729987951425413+0.14308017264408768i,2.5729987951425413,8.991458241886814
0.0381125,2.5E9,2.573164662043755+0.14366375014002702i,2.573164662043755,8.955511252963007
0.0381125,2.5E9,2.5742087505331184+0.2193253676941829i,2.5742087505331184,5.868470158277531
0.0381125,2.5E9,2.5764382174741054+0.12787760303344342i,2.5764382174741054,10.073844662228685
0.0381125,2.5E9,2.576774882404563+0.12780741966464657i,2.576774882404563,10.080693629390819
0.0381125,2.5E9,2.576798484653997+0.1291030494920484i,2.576798484653997,9.979618974115345
0.0381125,2.5E9,2.576800173210215+0.12927605599182915i,2.576800173210215,9.966270062311777
0.0381125,2.5E9,2.5799891604377008+0.17207465297277716i,2.5799891604377008,7.496714698724002
0.0381125,2.5E9,2.5804051660636227+0.17433379002654317i,2.5804051660636227,7.400760247542209
0.0381125,2.5E9,2.5804169420177985+0.17279299322525055i,2.5804169420177985,7.466786973977593
0.0381125,2.5E9,2.581012164356997+0.1752226830575277i,2.581012164356997,7.364948759258583
0.0381125,2.5E9,2.5854625343230406+0.22215958640983782i,2.5854625343230406,5.818930832796485
0.0381125,2.5E9,2.590366024691073+0.023075839955234757i,2.590366024691073,56.1272315485844
0.0381125,2.5E9,2.5904961790528462+0.023174244721119935i,2.5904961790528462,55.891706725008994
0.0381125,2.5E9,2.591465963726085+0.1665678352512151i,2.591465963726085,7.779010755040655
0.0381125,2.5E9,2.591708924692589+0.1668472853815764i,2.591708924692589,7.766709895115772
0.0381125,2.5E9,2.592981629378558+0.21731780043911886i,2.592981629378558,5.9658749171469205
0.0381125,2.5E9,2.5933650903162127+0.21612693763510407i,2.5933650903162127,5.999634100897448
0.0381125,2.5E9,2.593783309981102+0.2160748139077329i,2.593783309981102,6.002049158512027
0.0381125,2.5E9,2.5938876469660794+0.21497144407424865i,2.5938876469660794,6.0330981590052035
0.0381125,2.5E9,2.5938998477714956+0.16859308826062488i,2.5938998477714956,7.692782291767602
0.0381125,2.5E9,2.594129571148238+0.16786539631366007i,2.594129571148238,7.726814543424578
0.0381125,2.5E9,2.5962740415905587+0.21169079482168163i,2.5962740415905587,6.132231785934617
0.0381125,2.5E9,2.5968379300950297+0.2099416541381378i,2.5968379300950297,6.18466578430014
0.0381125,2.5E9,2.6029673366953285+0.17674986622308786i,2.6029673366953285,7.363420952777268
0.0381125,2.5E9,2.603948850944206+0.17819180682325783i,2.603948850944206,7.306589728693224
0.0381125,2.5E9,2.619549051769773+0.19554343319281553i,2.619549051769773,6.698125856230538
0.0381125,2.5E9,2.6199508373851237+0.1946905923846257i,2.6199508373851237,6.728498807505852
0.0381125,2.5E9,2.621219182646524+0.19400542188782213i,2.621219182646524,6.755530740172216
0.0381125,2.5E9,2.621364815331763+0.03641689007643601i,2.621364815331763,35.991058130303514
0.0381125,2.5E9,2.62206214369696+0.19414314181217737i,2.62206214369696,6.752909526501993
0.0381125,2.5E9,2.626628934486483+0.19910856841097915i,2.626628934486483,6.595971623543768
0.0381125,2.5E9,2.628339657061628+0.19897779632705245i,2.628339657061628,6.604605402156337
0.0381125,2.5E9,2.6290562542214833+0.1812691247718721i,2.6290562542214833,7.2518037959585255
0.0381125,2.5E9,2.6297189029484787+0.18380482140276458i,2.6297189029484787,7.15356344539536
0.0381125,2.5E9,2.6302678598250218+0.18148806460177727i,2.6302678598250218,7.246393490382905
0.0381125,2.5E9,2.6311188754491805+0.18412096733804167i,2.6311188754491805,7.145082153024184
0.0381125,2.5E9,2.639741706949997+0.1904820306329853i,2.639741706949997,6.929109528541742
0.0381125,2.5E9,2.6405709511471507+0.16747818538096954i,2.6405709511471507,7.8833280440092395
0.0381125,2.5E9,2.640666814635111+0.18965151830304258i,2.640666814635111,6.961892101532274
0.0381125,2.5E9,2.6406861682949136+0.16782688625860384i,2.6406861682949136,7.8672917884738975
0.0381125,2.5E9,2.6411661827884885+0.16789543329854417i,2.6411661827884885,7.865509296170327
0.0381125,2.5E9,2.6412220394655272+0.1682762949547959i,2.6412220394655272,7.8478731664939465
0.0381125,2.5E9,2.658126816733527+0.03452941090684267i,2.658126816733527,38.490764060599254
0.0381125,2.5E9,2.658650971061774+0.034776847193254724i,2.658650971061774,38.22443932722921
0.0381125,2.5E9,2.668069403383064+0.0495798209231995i,2.668069403383064,26.906807585246998
0.0381125,2.5E9,2.671000720116295+0.15610691370416932i,2.671000720116295,8.55503659875686
0.0381125,2.5E9,2.6720633737733737+0.15783523023526158i,2.6720633737733737,8.464724161362849
0.0381125,2.5E9,2.674579833505451+0.05261676694561464i,2.674579833505451,25.415661097820117
0.0381125,2.5E9,2.6751166295442665+0.15608607887342452i,2.6751166295442665,8.569363292525303
0.0381125,2.5E9,2.6755045833556297+0.0525755865246799i,2.6755045833556297,25.44436268057325
0.0381125,2.5E9,2.6756856487822347+0.15845584303653323i,2.6756856487822347,8.443000893836823
0.0381125,2.5E9,2.680374264127962+0.14044225254324064i,2.680374264127962,9.542620598821227
0.0381125,2.5E9,2.6803892192357983+0.14141092046055037i,2.6803892192357983,9.477306315899241
0.0381125,2.5E9,2.6806029705087666+0.14185704336999502i,2.6806029705087666,9.448254759959829
0.0381125,2.5E9,2.6807069354588102+0.1412490045242997i,2.6807069354588102,9.48929496702271
0.0381125,2.5E9,2.6864613669044584+5.607834753704858E-4i,2.6864613669044584,2395.2750793250702
0.0381125,2.5E9,2.686958268040679+5.64640590999197E-4i,2.686958268040679,2379.3527341753756
0.0381125,2.5E9,2.68752668279888+0.14443618835759886i,2.68752668279888,9.303508744446482
0.0381125,2.5E9,2.6880411660862826+0.14449433429567005i,2.6880411660862826,9.301545210021542
0.0381125,2.5E9,2.6882752508849332+0.12692124020570575i,2.6882752508849332,10.59032848453084
0.0381125,2.5E9,2.6886506979577733+0.12860136819202336i,2.6886506979577733,10.453429600932271
0.0381125,2.5E9,2.6891805566386635+0.1283928463061248i,2.6891805566386635,10.472470367340005
0.0381125,2.5E9,2.6891933631629006+0.12701353947431723i,2.6891933631629006,10.586246845387173
0.0381125,2.5E9,2.7018187344601854+0.029074848094578287i,2.7018187344601854,46.46316165902867
0.0381125,2.5E9,2.702067243625935+0.0287736410972702i,2.702067243625935,46.95386368536939
0.0381125,2.5E9,2.7069875717505423+0.035305913279302645i,2.7069875717505423,38.33617828174774
0.0381125,2.5E9,2.7075714295210673+0.03515963450038836i,2.7075714295210673,38.5039757664597
0.0381125,2.5E9,2.7108994443813526+0.04748834695919034i,2.7108994443813526,28.542785946107948
0.0381125,3.0E9,2.8026831395230114+0.013170397235647793i,2.8026831395230114,106.40085828000312
0.0381125,3.0E9,2.8034660272284357+0.013003601197353883i,2.8034660272284357,107.7957553711704
0.0381125,3.0E9,2.8655774365351374+0.03500103242026533i,2.8655774365351374,40.93561301460339
0.0381125,3.0E9,2.8656629864089167+0.03470476183481092i,2.8656629864089167,41.28630820244512
0.0381125,3.0E9,2.8708790442506955+1.3154026037776325E-4i,2.8708790442506955,10912.54888809698
0.0381125,3.0E9,2.872502262452216+1.336609024796166E-4i,2.872502262452216,10745.484315767935
0.0381125,3.0E9,2.8954000423723643+0.027193938678241544i,2.8954000423723643,53.23612876808162
0.0381125,3.0E9,2.8956139764166844+0.027212878468484927i,2.8956139764166844,53.203007902491414
0.0381125,3.0E9,2.896334370826069+0.13709650629347298i,2.896334370826069,10.563122464354002
0.0381125,3.0E9,2.896537772824231+0.13813193698534093i,2.896537772824231,10.48467804057371
0.0381125,3.0E9,2.897625011226944+0.13877929674015305i,2.897625011226944,10.439687616562814
0.0381125,3.0E9,2.8976311538084754+0.13756157462654667i,2.8976311538084754,10.532124111238872
0.0381125,3.0E9,2.9028592597766214+0.15286918508436095i,2.9028592597766214,9.494586035029482
0.0381125,3.0E9,2.9035904538953843+0.15310028801110373i,2.9035904538953843,9.482642036848418
0.0381125,3.0E9,2.9037829298226274+0.15562971854175633i,2.9037829298226274,9.329140208666269
0.0381125,3.0E9,2.904784880107373+0.15599384861464347i,2.904784880107373,9.310575083262274
0.0381125,3.0E9,2.9057331925336083+0.016132977937831635i,2.9057331925336083,90.05569844981005
0.0381125,3.0E9,2.9061011775489023+0.016083193988188353i,2.9061011775489023,90.34589707999451
0.0381125,3.0E9,2.9120059942866967+0.12592302697759583i,2.9120059942866967,11.562642926320377
0.0381125,3.0E9,2.912457180928903+0.12791449479573547i,2.912457180928903,11.38439074312789
0.0381125,3.0E9,2.9137221450642192+0.12693292264034717i,2.9137221450642192,11.477409030122091
0.0381125,3.0E9,2.913980610126568+0.12515781864442188i,2.913980610126568,11.641224821939801
0.0381125,3.0E9,2.9143591240120013+0.1996870988432985i,2.9143591240120013,7.297314500770532
0.0381125,3.0E9,2.9156599631254916+0.20093119449326652i,2.9156599631254916,7.255369109009103
0.0381125,3.0E9,2.919868049030609+0.1992617013916067i,2.919868049030609,7.326716646096045
0.0381125,3.0E9,2.9222073637432238+0.1798397095191046i,2.9222073637432238,8.124477546024933
0.0381125,3.0E9,2.9227437604090283+0.20182497637714844i,2.9227437604090283,7.2407880651682195
0.0381125,3.0E9,2.9230194589952827+0.19164449033287875i,2.9230194589952827,7.626150519428228
0.0381125,3.0E9,2.9237232338272285+0.17718194274730925i,2.9237232338272285,8.250624156426994
0.0381125,3.0E9,2.9238026793000875+0.18239158361229843i,2.9238026793000875,8.015179816397348
0.0381125,3.0E9,2.9242541394990558+0.14164886089760692i,2.9242541394990558,10.322194336645241
0.0381125,3.0E9,2.924713429477451+0.17692386443971903i,2.924713429477451,8.26545768356182
0.0381125,3.0E9,2.924902883645173+0.1920520749338316i,2.924902883645173,7.614869260467246
0.0381125,3.0E9,2.925008453385911+0.17962397863383395i,2.925008453385911,8.142032248791747
0.0381125,3.0E9,2.925363863129107+0.04573195860889141i,2.925363863129107,31.983802488620555
0.0381125,3.0E9,2.9262472770027634+0.14642549575544295i,2.9262472770027634,9.99227375637548
0.0381125,3.0E9,2.9263351649085605+0.046011666958594134i,2.9263351649085605,31.799925522606774
0.0381125,3.0E9,2.926352006899848+0.14164125159845778i,2.926352006899848,10.330154435502427
0.0381125,3.0E9,2.927067982277866+0.1790188129942921i,2.927067982277866,8.175308319051343
0.0381125,3.0E9,2.9272834348668297+0.1962764971354896i,2.9272834348668297,7.457040138754174
0.0381125,3.0E9,2.9280044745580533+0.20947504967940087i,2.9280044745580533,6.988909846397768
0.0381125,3.0E9,2.928184954295306+0.1458578901993096i,2.928184954295306,10.03780100717913
0.0381125,3.0E9,2.928478363358888+0.19783313440114494i,2.928478363358888,7.401384940453988
0.0381125,3.0E9,2.9304825632030855+0.201549952028473i,2.9304825632030855,7.269866684932516
0.0381125,3.0E9,2.9317348875516847+0.20240220996834993i,2.9317348875516847,7.242349004020575
0.0381125,3.0E9,2.935169596696407+0.1643213738065044i,2.935169596696407,8.931186274503453
0.0381125,3.0E9,2.9353997878274924+0.2098685127817907i,2.9353997878274924,6.99342590491303
0.0381125,3.0E9,2.9371284337814454+0.16749100806077066i,2.9371284337814454,8.768018258973548
0.0381125,3.0E9,2.937177141664169+0.1655001321008273i,2.937177141664169,8.873639870797078
0.0381125,3.0E9,2.9391119844660265+0.1691756750417636i,2.9391119844660265,8.68656792337451
0.0381125,3.0E9,2.9421410383427156+0.21405757841721i,2.9421410383427156,6.872312253781366
0.0381125,3.0E9,2.944932754778939+0.2150824203406068i,2.944932754778939,6.846056386466435
0.0381125,3.0E9,2.945252477138667+0.15730256694713732i,2.945252477138667,9.36174321340999
0.0381125,3.0E9,2.9453044032031626+0.15651756151952884i,2.9453044032031626,9.40886241329435
0.0381125,3.0E9,2.946454984709972+0.15758120774262682i,2.946454984709972,9.34900495724826
0.0381125,3.0E9,2.946459769997823+0.15697699265051246i,2.946459769997823,9.385005153454902
0.0381125,3.0E9,2.948267989008699+0.20664733032915936i,2.948267989008699,7.133573863046123
0.0381125,3.0E9,2.9493982855745204+0.16696072643566723i,2.9493982855745204,8.832610963485994
0.0381125,3.0E9,2.9501383724208323+0.16992525061747157i,2.9501383724208323,8.680694486842503
0.0381125,3.0E9,2.951073922962099+0.1687559206541104i,2.951073922962099,8.74361596180898
0.0381125,3.0E9,2.9518553827353644+0.1713613781764191i,2.9518553827353644,8.612954138640228
0.0381125,3.0E9,2.952419512967892+0.05590821540576975i,2.952419512967892,26.404165215611595
0.0381125,3.0E9,2.952589893732965+0.17938300313016833i,2.952589893732965,8.229848542535642
0.0381125,3.0E9,2.9535985351214262+0.2015267901332134i,2.9535985351214262,7.328054332550617
0.0381125,3.0E9,2.953650466704821+0.055150479544884085i,2.953650466704821,26.778103210335644
0.0381125,3.0E9,2.954675370670107+0.18091776370592677i,2.954675370670107,8.165796741421124
0.0381125,3.0E9,2.955642249657267+0.20281692666606158i,2.955642249657267,7.286478249726506
0.0381125,3.0E9,2.9609038937792245+0.009410953521127119i,2.9609038937792245,157.31157778710434
0.0381125,3.0E9,2.960971569008772+0.18771445261738415i,2.960971569008772,7.886903559429387
0.0381125,3.0E9,2.961055771396814+0.18719557531027073i,2.961055771396814,7.90898974638946
0.0381125,3.0E9,2.961457074962877+0.17951596977296058i,2.961457074962877,8.248450203924264
0.0381125,3.0E9,2.961523541036619+0.18799914963485476i,2.961523541036619,7.876428023181753
0.0381125,3.0E9,2.9617717709443485+0.009524089380146627i,2.9617717709443485,155.48844895966062
0.0381125,3.0E9,2.96184207512585+0.18620320864715637i,2.96184207512585,7.95325197842954
0.0381125,3.0E9,2.9637735560488916+0.181297151552221i,2.9637735560488916,8.173800665575277
0.0381125,3.0E9,2.964544515763417+1.2197334512179858E-5i,2.964544515763417,121524.27699687665
0.0381125,3.0E9,2.9645454256375694+0.15854999921130852i,2.9645454256375694,9.348929171820911
0.0381125,3.0E9,2.965324224957808+0.2046176327634001i,2.965324224957808,7.24601341758904
0.0381125,3.0E9,2.9660709678695816+1.1575602436696227E-5i,2.9660709678695816,128117.34784820939
0.0381125,3.0E9,2.9672640546254168+0.15921204838621628i,2.9672640546254168,9.318591415353925
0.0381125,3.0E9,2.967513844866211+0.16318600102247163i,2.967513844866211,9.092427739734756
0.0381125,3.0E9,2.9675526545688924+0.20829570971897787i,2.9675526545688924,7.12341281194069
0.0381125,3.0E9,2.9681513310170478+0.20584963653583305i,2.9681513310170478,7.209513169337974
0.0381125,3.0E9,2.9682116468137023+0.21066017854524435i,2.9682116468137023,7.045023096703129
0.0381125,3.0E9,2.969534886461938+0.18965073191004536i,2.969534886461938,7.8289570953789935
0.0381125,3.0E9,2.9699893692922257+0.18897221970479386i,2.9699893692922257,7.858269786775656
0.0381125,3.0E9,2.9704856995259625+0.1641203894220137i,2.9704856995259625,9.049715608119092
0.0381125,3.0E9,2.970715303370254+0.20720394249818844i,2.970715303370254,7.168578135032896
0.0381125,3.0E9,2.9712484658649116+0.19297444425482244i,2.9712484658649116,7.6985542757707925
0.0381125,3.0E9,2.972179356395107+0.19424374505291317i,2.972179356395107,7.650643668308256
0.0381125,3.0E9,2.973170379287146+0.19278540152940057i,2.973170379287146,7.711087965428038
0.0381125,3.0E9,2.9732040708664913+0.1804234959835111i,2.9732040708664913,8.239514633776448
0.0381125,3.0E9,2.9740062599740376+0.1929961729796649i,2.9740062599740376,7.704832210034015
0.0381125,3.0E9,2.9745628608823065+0.1945989327742394i,2.9745628608823065,7.642803633289177
0.0381125,3.0E9,2.9763271859955736+0.20883244710854762i,2.9763271859955736,7.126112889077358
0.0381125,3.0E9,2.9778269391248724+0.18073604668533214i,2.9778269391248724,8.238054869899237
0.0381125,3.0E9,2.980441548816193+0.20912832736083642i,2.980441548816193,7.125867610640923
0.0381125,3.0E9,2.9822869790532227+0.1838566165539359i,2.9822869790532227,8.110360766315809
0.0381125,3.0E9,2.983209042005895+0.17968726114822525i,2.983209042005895,8.301114455590222
0.0381125,3.0E9,2.983484433326522+0.18273232415846377i,2.983484433326522,8.163537696645482
0.0381125,3.0E9,2.9839190909928957+0.20397938131337534i,2.9839190909928957,7.3142664512955715
0.0381125,3.0E9,2.983931016788934+0.17841018315483917i,2.983931016788934,8.362558022260508
0.0381125,3.0E9,2.986017041389762+0.1836425659119572i,2.986017041389762,8.129969831779992
0.0381125,3.0E9,2.9885718164593764+0.20193879131942663i,2.9885718164593764,7.3996971976821815
0.0381125,3.0E9,2.989233514209765+0.1829353955430519i,2.989233514209765,8.170189003981683
0.0381125,3.0E9,3.002457687042936+0.18722886945999073i,3.002457687042936,8.018148311482852
0.0381125,3.0E9,3.0035586718890706+0.18876239940523662i,3.0035586718890706,7.955924170684564
0.0381125,3.0E9,3.003905459502266+0.18793339293979958i,3.003905459502266,7.991941752641327
0.0381125,3.0E9,3.00490914672777+0.13571408579248265i,3.00490914672777,11.07073421738444
0.0381125,3.0E9,3.0050185188846257+0.13753245240070539i,3.0050185188846257,10.924761634182907
0.0381125,3.0E9,3.005465308221971+0.18948812115878835i,3.005465308221971,7.93048474448547
0.0381125,3.0E9,3.0066365005647913+0.13609123714777177i,3.0066365005647913,11.046400060644972
0.0381125,3.0E9,3.0066818977701626+0.13697530403678576i,3.0066818977701626,10.97527002737185
0.0381125,3.0E9,3.0085669686222087+0.04843239084031395i,3.0085669686222087,31.059451293058512
0.0381125,3.0E9,3.0091006790549417+0.04838607335077814i,3.0091006790549417,31.094698026436877
0.0381125,3.0E9,3.011254339393769+0.20783540386927007i,3.011254339393769,7.244324795807814
0.0381125,3.0E9,3.0122905213637545+0.20411410720805215i,3.0122905213637545,7.378937601538112
0.0381125,3.0E9,3.01670674042279+0.2137574867465169i,3.01670674042279,7.056376799564767
0.0381125,3.0E9,3.017411613398046+0.006001157539968518i,3.017411613398046,251.40246638266686
0.0381125,3.0E9,3.017535711820594+0.21805167673447967i,3.017535711820594,6.919313249526236
0.0381125,3.0E9,3.018157365206802+0.15124650014298058i,3.018157365206802,9.977610597116604
0.0381125,3.0E9,3.0182942488195277+0.15009475985486628i,3.0182942488195277,10.054628994836525
0.0381125,3.0E9,3.018782392164987+0.006045123073112083i,3.018782392164987,249.68742204704947
0.0381125,3.0E9,3.0193222174210144+0.15484310584905261i,3.0193222174210144,9.74961784983948
0.0381125,3.0E9,3.0198137603575765+0.15315916347204897i,3.0198137603575765,9.858416864847536
0.0381125,3.0E9,3.02408740155125+0.12507950954775757i,3.02408740155125,12.088660294900663
0.0381125,3.0E9,3.0241899507321945+0.12693136426849813i,3.0241899507321945,11.912697732985523
0.0381125,3.0E9,3.02619651912947+0.12483736484449148i,3.02619651912947,12.12055590447287
0.0381125,3.0E9,3.0262783571976333+0.12711101556184268i,3.0262783571976333,11.904075912780641
0.0381125,3.0E9,3.034187125808108+0.20189358559164894i,3.034187125808108,7.514322748086388
0.0381125,3.0E9,3.034681103680427+0.17010519581636402i,3.034681103680427,8.920012963497298
0.0381125,3.0E9,3.0359300334274226+0.1668258263252104i,3.0359300334274226,9.099100841584258
0.0381125,3.0E9,3.0366358886009146+0.20029523643807762i,3.0366358886009146,7.580399670512652
0.0381125,3.0E9,3.040388449475194+0.20635786999717587i,3.040388449475194,7.366785791878943
0.0381125,3.0E9,3.04118267271468+0.20512407664166013i,3.04118267271468,7.41303196218026
0.0381125,3.0E9,3.0429541673170077+0.21366588207295673i,3.0429541673170077,7.120823731413478
0.0381125,3.0E9,3.0431901518828117+0.13926712964017995i,3.0431901518828117,10.925730140864557
0.0381125,3.0E9,3.0439562742639623+0.21309071995525666i,3.0439562742639623,7.142395208254755
0.0381125,3.0E9,3.0449452473329117+0.14167421580001055i,3.0449452473329117,10.74629293036357
0.0381125,3.0E9,3.045401978789038+0.14477180593327146i,3.045401978789038,10.517938762858048
0.0381125,3.0E9,3.046804610130258+0.17402674338629096i,3.046804610130258,8.753840216865978
0.0381125,3.0E9,3.046864675576341+0.2068283339254138i,3.046864675576341,7.365684908227076
0.0381125,3.0E9,3.0471926455856333+0.14736589786123536i,3.0471926455856333,10.338866351749072
0.0381125,3.0E9,3.047208008321086+0.17586357251027113i,3.047208008321086,8.6635565422257
0.0381125,3.0E9,3.047778353074142+0.21701273333649135i,3.047778353074142,7.02211871675838
0.0381125,3.0E9,3.0486691560641144+0.15470793089429233i,3.0486691560641144,9.852982773543737
0.0381125,3.0E9,3.04888333065674+0.15396214534953742i,3.04888333065674,9.90140571156279
0.0381125,3.0E9,3.049354403074653+0.1968199683886121i,3.049354403074653,7.7465574962745665
0.0381125,3.0E9,3.0494597729814283+0.15375043084001241i,3.0494597729814283,9.916914561867454
0.0381125,3.0E9,3.049531911287595+0.17890518142905065i,3.049531911287595,8.522760176448449
0.0381125,3.0E9,3.0495660112057066+0.1947860276803456i,3.0495660112057066,7.827989634375135
0.0381125,3.0E9,3.04959337769656+0.15469415340350745i,3.04959337769656,9.856847562111598
0.0381125,3.0E9,3.049762957051628+0.18123312424234878i,3.049762957051628,8.413922592244838
0.0381125,3.0E9,3.0497663004876276+0.2159633251871992i,3.0497663004876276,7.060843080287033
0.0381125,3.0E9,3.0499889121820227+0.16067647416560585i,3.0499889121820227,9.491087379221625
0.0381125,3.0E9,3.050358927015718+0.20932329756518203i,3.050358927015718,7.286238470578876
0.0381125,3.0E9,3.050508067606051+0.20440668665535777i,3.050508067606051,7.461859779443995
0.0381125,3.0E9,3.0507259458508855+0.20711366965047082i,3.0507259458508855,7.364858995061388
0.0381125,3.0E9,3.051067923150327+0.17984719623605663i,3.051067923150327,8.48238945895403
0.0381125,3.0E9,3.0530011640658294+0.16509199214949755i,3.0530011640658294,9.24636357074549
0.0381125,3.0E9,3.05302698738457+0.209605423122387i,3.05302698738457,7.282795792935976
0.0381125,3.0E9,3.0535408347645463+0.18211906856727528i,3.0535408347645463,8.383363858564211
0.0381125,3.0E9,3.0549018861009603+0.18184555825556503i,3.0549018861009603,8.39971543821712
0.0381125,3.0E9,3.0552497825661753+0.18232674654856626i,3.0552497825661753,8.378501345529001
0.0381125,3.0E9,3.055672759566099+0.18961276211596534i,3.055672759566099,8.05766638665724
0.0381125,3.0E9,3.0562368151488886+0.1939925209368565i,3.0562368151488886,7.877202689024482
0.0381125,3.0E9,3.056431360257646+0.20366715548733375i,3.056431360257646,7.503495968567519
0.0381125,3.0E9,3.0568793809545096+0.16498407910814794i,3.0568793809545096,9.264164752984161
0.0381125,3.0E9,3.0569165181842233+0.18298494446813024i,3.0569165181842233,8.35291812413735
0.0381125,3.0E9,3.0575917162815087+0.18253814841890662i,3.0575917162815087,8.375212915123486
0.0381125,3.0E9,3.0578893583311046+0.200097550680023i,3.0578893583311046,7.64099647381739
0.0381125,3.0E9,3.057914172212456+0.16771177362396658i,3.057914172212456,9.116575736265034
0.0381125,3.0E9,3.0580649780493285+0.19160036456328036i,3.0580649780493285,7.980321397142575
0.0381125,3.0E9,3.0583713348377377+3.1110563725093256E-5i,3.0583713348377377,49153.26128229086
0.0381125,3.0E9,3.0584025341409884+0.19767685978518423i,3.0584025341409884,7.735863817000532
0.0381125,3.0E9,3.058448872056893+0.16513891386632723i,3.058448872056893,9.260230676255308
0.0381125,3.0E9,3.0593779454539103+0.19226603225029615i,3.0593779454539103,7.956106207754743
0.0381125,3.0E9,3.059579008077802+0.19583506570347523i,3.059579008077802,7.8116219817100605
0.0381125,3.0E9,3.059680108964312+0.16773703297355144i,3.059680108964312,9.120466884157771
0.0381125,3.0E9,3.0606031366239765+3.3754152377458154E-5i,3.0606031366239765,45336.69076323661
0.0381125,3.0E9,3.064200812096475+0.1667294174965038i,3.064200812096475,9.189142678318087
0.0381125,3.0E9,3.066030009328069+0.1710209007584613i,3.066030009328069,8.963904399200683
0.0381125,3.0E9,3.0734234656741286+0.20475577138062173i,3.0734234656741286,7.5050960589553375
0.0381125,3.0E9,3.074651290739388+0.2002096696084862i,3.074651290739388,7.6785784042097625
0.0381125,3.0E9,3.0780467591144323+0.2034703075068821i,3.0780467591144323,7.5638720873568275
0.0381125,3.0E9,3.0825192344060364+0.17705235574302366i,3.0825192344060364,8.705106524761662
0.0381125,3.0E9,3.0832028199005705+0.17661549754470265i,3.0832028199005705,8.72857383061809
0.0381125,3.0E9,3.0841872949262776+0.19893095950963602i,3.0841872949262776,7.751903732151059
0.0381125,3.0E9,3.0883441959741367+0.19023253500045276i,3.0883441959741367,8.117287077015469
0.0381125,3.0E9,3.089371833964435+0.03899989537285118i,3.089371833964435,39.60743746142234
0.0381125,3.0E9,3.0894692839450366+0.03919965116651114i,3.0894692839450366,39.40684664286524
0.0381125,3.0E9,3.0895439233344635+0.1901644042303991i,3.0895439233344635,8.12334972950889
0.0381125,3.0E9,3.089547081672661+0.15646456231031644i,3.089547081672661,9.872993079241665
0.0381125,3.0E9,3.090904054541678+0.15709154122360253i,3.090904054541678,9.837907345189633
0.0381125,3.0E9,3.0911858913391788+0.19062877033946296i,3.0911858913391788,8.107868203300416
0.0381125,3.0E9,3.091998315566018+0.19168001878483498i,3.091998315566018,8.06552069216159
0.0381125,3.0E9,3.092581159646684+0.1624215022336263i,3.092581159646684,9.520233211481845
0.0381125,3.0E9,3.092614892176853+0.1777584373508535i,3.092614892176853,8.698925739521313
0.0381125,3.0E9,3.0926588118232314+0.20151070400584564i,3.0926588118232314,7.673683705986944
0.0381125,3.0E9,3.0937131980825443+0.17769052113992992i,3.0937131980825443,8.705341112839298
0.0381125,3.0E9,3.0947081636292304+0.16257905808092954i,3.0947081636292304,9.517548570396837
0.0381125,3.0E9,3.0949990894489847+0.1811401892244386i,3.0949990894489847,8.543104384235184
0.0381125,3.0E9,3.096059516691547+0.17524759764446218i,3.096059516691547,8.83338647235768
0.0381125,3.0E9,3.0966085399803482+0.1750586654334965i,3.0966085399803482,8.84448802437811
0.0381125,3.0E9,3.0966887764632456+0.17986463028919494i,3.0966887764632456,8.608387239570785
0.0381125,3.0E9,3.1046156321829312+0.19101707016591643i,3.1046156321829312,8.126539762876371
0.0381125,3.0E9,3.105594734097316+0.006572430984197731i,3.105594734097316,236.259212273524
0.0381125,3.0E9,3.1061662883466816+0.1913352118456962i,3.1061662883466816,8.11707959654513
0.0381125,3.0E9,3.1063714660755526+0.006607921565019138i,3.1063714660755526,235.04905706810973
0.0381125,3.0E9,3.1141787499172318+0.134783135075459i,3.1141787499172318,11.552553471076862
0.0381125,3.0E9,3.114209838902455+0.13630262433020338i,3.114209838902455,11.42388070004451
0.0381125,3.0E9,3.1152594242893517+0.13586640868914054i,3.1152594242893517,11.46442102336347
0.0381125,3.0E9,3.1154016997507554+0.13452451210129343i,3.1154016997507554,11.579308674262055
0.0381125,3.0E9,3.128513244777043+0.023478890886977122i,3.128513244777043,66.62395723539723
0.0381125,3.0E9,3.128761041304054+0.023487777984310353i,3.128761041304054,66.60402366273304
0.0381125,3.0E9,3.1323868470576364+0.14824990563514975i,3.1323868470576364,10.564549210461532
0.0381125,3.0E9,3.1331851054731614+0.17253719259684933i,3.1331851054731614,9.079738282267542
0.0381125,3.0E9,3.1339552126726233+0.15196562088331964i,3.1339552126726233,10.3113954144895
0.0381125,3.0E9,3.1343802043791196+0.14975748755780555i,3.1343802043791196,10.464853061751809
0.0381125,3.0E9,3.1356174291333705+0.1537012237078443i,3.1356174291333705,10.200365857507942
0.0381125,3.0E9,3.1362448098591877+0.12436525477204874i,3.1362448098591877,12.609007297125174
0.0381125,3.0E9,3.1364279017748964+0.1265728638711787i,3.1364279017748964,12.38981170943181
0.0381125,3.0E9,3.1385244715887852+0.1245827989424008i,3.1385244715887852,12.596138866007658
0.0381125,3.0E9,3.138573064255012+0.12690396892409136i,3.138573064255012,12.365937373213187
0.0381125,3.0E9,3.142690942183287+0.0261880634408611i,3.142690942183287,60.0023546849929
0.0381125,3.0E9,3.150975208519722+0.15178234452444747i,3.150975208519722,10.379913482006454
0.0381125,3.0E9,3.1512777179010354+0.15075149055429188i,3.1512777179010354,10.45189572028188
0.0381125,3.0E9,3.154401694496517+0.15246406184397904i,3.154401694496517,10.344738479171928
0.0381125,3.0E9,3.1546212315249496+0.1533286642853381i,3.1546212315249496,10.287121609741328
0.0381125,3.0E9,3.1614462121914175+0.13875223958611352i,3.1614462121914175,11.392415076044
0.0381125,3.0E9,3.1634380504095243+0.13929835949664499i,3.1634380504095243,11.354900595529683
0.0381125,3.0E9,3.1643153750268342+0.14468604200459592i,3.1643153750268342,10.935109327706678
0.0381125,3.0E9,3.1657619038036113+0.14578899026979517i,3.1657619038036113,10.857342169477596
0.0381125,3.0E9,3.17781391194828+0.03858487167009171i,3.17781391194828,41.179531956451974
0.0381125,3.0E9,3.1782587807004923+0.03962887775111772i,3.1782587807004923,40.10028748052107
0.0381125,3.0E9,3.1822011528108938+4.380729329988938E-6i,3.1822011528108938,363204.49325945106
0.0381125,3.0E9,3.185843067267056+5.4228121230327345E-6i,3.185843067267056,293744.5549455397
0.0381125,3.0E9,3.191474233447892+0.05222839400798113i,3.191474233447892,30.55305733659163
0.0381125,3.0E9,3.210505245256506+0.0030662375712170713i,3.210505245256506,523.525195078438
0.0381125,3.0E9,3.211632547309473+0.003045318813239163i,3.211632547309473,527.306456937658
0.0381125,3.5E9,3.3023500228291542+0.0025892728838780616i,3.3023500228291542,637.6983367398277
0.0381125,3.5E9,3.3048762473816025+0.002535433590229542i,3.3048762473816025,651.7378842256326
0.0381125,3.5E9,3.3175357530992575+0.04764796263060639i,3.3175357530992575,34.81298643153588
0.0381125,3.5E9,3.3599092425127726+0.01743536088889001i,3.3599092425127726,96.35330360880977
0.0381125,3.5E9,3.3608053217344316+0.1256955726102779i,3.3608053217344316,13.368829354692899
0.0381125,3.5E9,3.360839630248416+0.01773018998391392i,3.360839630248416,94.77731579011865
0.0381125,3.5E9,3.3612613339774957+0.12280192688532732i,3.3612613339774957,13.685702737857888
0.0381125,3.5E9,3.362764693900406+0.12435412577580295i,3.362764693900406,13.520921292000827
0.0381125,3.5E9,3.362778645481472+0.12672165952623757i,3.362778645481472,13.268365716064556
0.0381125,3.5E9,3.386458734323131+0.15765402122111816i,3.386458734323131,10.74015971204896
0.0381125,3.5E9,3.3868658743404834+0.15866755933059365i,3.3868658743404834,10.672836617105009
0.0381125,3.5E9,3.3890862361203364+0.1614163270631644i,3.3890862361203364,10.497966029155593
0.0381125,3.5E9,3.389162732251687+0.16303935185518312i,3.389162732251687,10.393695429009227
0.0381125,3.5E9,3.390182587896358+0.027619530273305683i,3.390182587896358,61.372922608553104
0.0381125,3.5E9,3.391420522910565+0.028228565074190023i,3.391420522910565,60.070721164842574
0.0381125,3.5E9,3.3967842945638504+0.13601330047547855i,3.3967842945638504,12.486956359007872
0.0381125,3.5E9,3.399472979703106+0.14430118687175209i,3.399472979703106,11.779088770504686
0.0381125,3.5E9,3.4003528997871477+0.1368197091842602i,3.4003528997871477,12.426400114649294
0.0381125,3.5E9,3.4013927542032745+9.884761662107575E-6i,3.4013927542032745,172052.34028263096
0.0381125,3.5E9,3.4024106158307528+0.1447700806885734i,3.4024106158307528,11.751083509962092
0.0381125,3.5E9,3.4028034411079298+1.1349350629870227E-5i,3.4028034411079298,149911.8122296852
0.0381125,3.5E9,3.413722229713515+0.1673978003669625i,3.413722229713515,10.196436937134465
0.0381125,3.5E9,3.416858018202653+0.17600766418485395i,3.416858018202653,9.706560319481488
0.0381125,3.5E9,3.418171395272991+0.16070880865572187i,3.418171395272991,10.634673431608723
0.0381125,3.5E9,3.4194120646455266+0.15630640532046283i,3.4194120646455266,10.938169992569955
0.0381125,3.5E9,3.4211995472973094+0.15785871681302824i,3.4211995472973094,10.836270610730553
0.0381125,3.5E9,3.4213722101736512+0.1671835820422871i,3.4213722101736512,10.232380980173806
0.0381125,3.5E9,3.423657687214182+0.16451987596407572i,3.423657687214182,10.40499716873652
0.0381125,3.5E9,3.4238638789334948+0.18170901721997587i,3.4238638789334948,9.42128225477271
0.0381125,3.5E9,3.4253836008995315+0.18101299070265034i,3.4253836008995315,9.461706553775473
0.0381125,3.5E9,3.425408358538429+0.03143092250677801i,3.425408358538429,54.491056662427695
0.0381125,3.5E9,3.4279478602945335+0.03193175457836225i,3.4279478602945335,53.67615881993213
0.0381125,3.5E9,3.4344232029708928+0.18221747011414674i,3.4344232029708928,9.423967967559483
0.0381125,3.5E9,3.4354708681015453+0.17334121711603365i,3.4354708681015453,9.90956139935795
0.0381125,3.5E9,3.4369694339902943+0.16563687948790518i,3.4369694339902943,10.375012631897784
0.0381125,3.5E9,3.437654147709081+0.1736342311250169i,3.437654147709081,9.899125666165347
0.0381125,3.5E9,3.4410798474345965+0.1768967688424546i,3.4410798474345965,9.726237143707369
0.0381125,3.5E9,3.441494174069706+0.13300020956945158i,3.441494174069706,12.937927636394388
0.0381125,3.5E9,3.4417551108317816+0.1309023721748641i,3.4417551108317816,13.146267151805931
0.0381125,3.5E9,3.4432777464252915+0.16715567789431615i,3.4432777464252915,10.299613479484368
0.0381125,3.5E9,3.44397014214363+3.3555318105384935E-5i,3.44397014214363,51317.799034528354
0.0381125,3.5E9,3.4446903272690443+0.1863801836809826i,3.4446903272690443,9.241031581890551
0.0381125,3.5E9,3.4447755645801945+0.16620507671785212i,3.4447755645801945,10.363027509767369
0.0381125,3.5E9,3.444912583296863+0.16656049587673916i,3.444912583296863,10.34132543002941
0.0381125,3.5E9,3.4450314934629565+0.13438438092021981i,3.4450314934629565,12.817827004420156
0.0381125,3.5E9,3.4451929252192177+0.18569393763876474i,3.4451929252192177,9.27653581217401
0.0381125,3.5E9,3.4452625932196543+0.17542738493316273i,3.4452625932196543,9.819625922521412
0.0381125,3.5E9,3.4453297971857326+0.13286319151294376i,3.4453297971857326,12.965704639309687
0.0381125,3.5E9,3.4458163407270623+0.1786222852185668i,3.4458163407270623,9.645538731381343
0.0381125,3.5E9,3.4458555942723272+4.7039973560822544E-5i,3.4458555942723272,36626.8870221286
0.0381125,3.5E9,3.44644124649226+0.1696042923981097i,3.44644124649226,10.160241812755773
0.0381125,3.5E9,3.448031428225106+0.1696681302014621i,3.448031428225106,10.161105164920928
0.0381125,3.5E9,3.449473582310795+0.17523572329587228i,3.449473582310795,9.842381214949588
0.0381125,3.5E9,3.450348436463959+0.1830677634910533i,3.450348436463959,9.423691999800338
0.0381125,3.5E9,3.451492698862975+0.18653919085342285i,3.451492698862975,9.251387558486458
0.0381125,3.5E9,3.4517730473097274+8.538912239813781E-4i,3.4517730473097274,2021.201852394846
0.0381125,3.5E9,3.4538113893497093+0.0010690497197570691i,3.4538113893497093,1615.3651815813362
0.0381125,3.5E9,3.454591736601617+9.731760466394907E-4i,3.454591736601617,1774.905860317253
0.0381125,3.5E9,3.4550964776275936+9.813092490673881E-4i,3.4550964776275936,1760.4524164585382
0.0381125,3.5E9,3.4569848653280206+0.04805269504728672i,3.4569848653280206,35.97076981765686
0.0381125,3.5E9,3.4584337816779334+0.1939444328152167i,3.4584337816779334,8.916042939404724
0.0381125,3.5E9,3.4593290382013264+0.0486729866365504i,3.4593290382013264,35.536436915539355
0.0381125,3.5E9,3.4598246329715083+0.18045083843446016i,3.4598246329715083,9.586612794343203
0.0381125,3.5E9,3.4606982581133106+0.15000640247131716i,3.4606982581133106,11.535168503141168
0.0381125,3.5E9,3.4607344433343346+0.16802799613907612i,3.4607344433343346,10.298088779413575
0.0381125,3.5E9,3.4612137550424364+0.19372421650596058i,3.4612137550424364,8.933353344949365
0.0381125,3.5E9,3.461457553269167+0.15255726650893991i,3.461457553269167,11.344780987755588
0.0381125,3.5E9,3.4615615069835433+0.16077969857652374i,3.4615615069835433,10.764920999450684
0.0381125,3.5E9,3.464558749467837+0.18987068239068478i,3.464558749467837,9.123469473657433
0.0381125,3.5E9,3.4650851378705485+0.16979074222897364i,3.4650851378705485,10.203987250369813
0.0381125,3.5E9,3.4652742037487565+0.1752943417136328i,3.4652742037487565,9.884158752282358
0.0381125,3.5E9,3.465621106954614+0.17598852233076812i,3.465621106954614,9.846156615944034
0.0381125,3.5E9,3.46657202351567+0.14664545721064223i,3.46657202351567,11.819568398004547
0.0381125,3.5E9,3.4666514943210545+0.14825956079613606i,3.4666514943210545,11.691156629985787
0.0381125,3.5E9,3.467488563809679+0.1671332906829791i,3.467488563809679,10.373422762275595
0.0381125,3.5E9,3.4681032789489628+0.17493120552722433i,3.4681032789489628,9.91276333029451
0.0381125,3.5E9,3.4684100173589596+0.18351188674885885i,3.4684100173589596,9.45009633655387
0.0381125,3.5E9,3.4690255213072865+0.19184461557173027i,3.4690255213072865,9.041237646855471
0.0381125,3.5E9,3.4691211814282537+0.14368869274496682i,3.4691211814282537,12.071656840756425
0.0381125,3.5E9,3.46939283009103+0.14545538101624608i,3.46939283009103,11.925969344865727
0.0381125,3.5E9,3.469691069529854+0.16381548270073343i,3.469691069529854,10.590241570354081
0.0381125,3.5E9,3.4705172410099348+0.1695114196031931i,3.4705172410099348,10.236824306981852
0.0381125,3.5E9,3.4715745678121053+0.17454486207692924i,3.4715745678121053,9.944648403004946
0.0381125,3.5E9,3.4720155512965367+0.17706403543577404i,3.4720155512965367,9.80440647574626
0.0381125,3.5E9,3.47248649180569+0.1262880921185088i,3.47248649180569,13.748273624036965
0.0381125,3.5E9,3.472754082552793+0.12366893892596073i,3.472754082552793,14.040526718806467
0.0381125,3.5E9,3.4738573537466784+0.17021091599923632i,3.4738573537466784,10.204566885011843
0.0381125,3.5E9,3.475474126754852+0.14333950514972957i,3.475474126754852,12.123224937620797
0.0381125,3.5E9,3.4759021161349013+0.12539804837163745i,3.4759021161349013,13.859474534378327
0.0381125,3.5E9,3.4759999811947924+0.19445277216054652i,3.4759999811947924,8.937902871152934
0.0381125,3.5E9,3.4762431416949697+0.12280715037810336i,3.4762431416949697,14.153260339451652
0.0381125,3.5E9,3.4778808695000683+0.1500002750284994i,3.4778808695000683,11.592914975786831
0.0381125,3.5E9,3.4785343899818906+0.1808098122979876i,3.4785343899818906,9.61931862483496
0.0381125,3.5E9,3.480165039235681+0.17197191771804252i,3.480165039235681,10.118410858631014
0.0381125,3.5E9,3.480808053129939+0.14317111498257323i,3.480808053129939,12.156111424967328
0.0381125,3.5E9,3.4835355293492363+0.15032537691080414i,3.4835355293492363,11.586651571864008
0.0381125,3.5E9,3.4881715658850556+0.19746493156390302i,3.4881715658850556,8.832382383694858
0.0381125,3.5E9,3.4892765388780815+0.1797616832694238i,3.4892765388780815,9.705284450547818
0.0381125,3.5E9,3.4896190618882774+0.04497139845224858i,3.4896190618882774,38.79820488119372
0.0381125,3.5E9,3.489689343618032+0.189651218085405i,3.489689343618032,9.200281914473473
0.0381125,3.5E9,3.4900307958549113+0.18580690049566467i,3.4900307958549113,9.391553237648303
0.0381125,3.5E9,3.4905434863960423+0.1957735167752834i,3.4905434863960423,8.914748899368819
0.0381125,3.5E9,3.491229305241101+0.04410574577933057i,3.491229305241101,39.57794209748074
0.0381125,3.5E9,3.492727994655808+0.17149527989753466i,3.492727994655808,10.183160716559224
0.0381125,3.5E9,3.4927582060029336+0.19549213994126208i,3.4927582060029336,8.933244597589383
0.0381125,3.5E9,3.4938666594939316+0.15752090629634816i,3.4938666594939316,11.090168097816901
0.0381125,3.5E9,3.4952110030141696+0.1541408593435511i,3.4952110030141696,11.337717390117824
0.0381125,3.5E9,3.495973269415543+0.07528017405497343i,3.495973269415543,23.21974751853393
0.0381125,3.5E9,3.4964904076622383+0.19744624480499542i,3.4964904076622383,8.854284392988811
0.0381125,3.5E9,3.4967674090837892+0.1867500931492135i,3.4967674090837892,9.362157068082071
0.0381125,3.5E9,3.497499261608926+0.16093238548319835i,3.497499261608926,10.866362451248422
0.0381125,3.5E9,3.4983507255632578+0.00100372804575169i,3.4983507255632578,1742.6785773149088
0.0381125,3.5E9,3.4989602705468665+0.1574448893752811i,3.4989602705468665,11.111698462967718
0.0381125,3.5E9,3.499254484880735+0.18739930649820086i,3.499254484880735,9.33635921676778
0.0381125,3.5E9,3.5005359410695394+9.51521516788737E-4i,3.5005359410695394,1839.4412944456574
0.0381125,3.5E9,3.500641113721301+0.08026099637265321i,3.500641113721301,21.807859806946347
0.0381125,3.5E9,3.5015690783663804+0.19481811129665938i,3.5015690783663804,8.986764770125413
0.0381125,3.5E9,3.5034292849296698+0.1922941132127487i,3.5034292849296698,9.109559378589962
0.0381125,3.5E9,3.505306973980327+0.18847356907615015i,3.505306973980327,9.299200389642051
0.0381125,3.5E9,3.5072271684046776+0.17554274883218746i,3.5072271684046776,9.989666880964307
0.0381125,3.5E9,3.508304641822362+0.18356516097980444i,3.508304641822362,9.556019843570263
0.0381125,3.5E9,3.511691571064401+0.193523811382651i,3.511691571064401,9.073021934548404
0.0381125,3.5E9,3.513463682980545+0.17705201304448664i,3.513463682980545,9.922122947276913
0.0381125,3.5E9,3.51417690705752+0.1848777209542248i,3.51417690705752,9.50405730046732
0.0381125,3.5E9,3.514257460057856+0.13486224887085574i,3.514257460057856,13.029062949347349
0.0381125,3.5E9,3.514331504365896+0.19241898395831852i,3.514331504365896,9.131977084774453
0.0381125,3.5E9,3.5161076248529066+0.18870630786497028i,3.5161076248529066,9.31634894623892
0.0381125,3.5E9,3.5167229150799737+0.14333238642818003i,3.5167229150799737,12.267719120277498
0.0381125,3.5E9,3.5189983586278895+0.1785008708090553i,3.5189983586278895,9.85709017182389
0.0381125,3.5E9,3.5192651341714116+0.18182456605771796i,3.5192651341714116,9.677639304950311
0.0381125,3.5E9,3.519323940974173+0.19731633094021295i,3.519323940974173,8.917974311108924
0.0381125,3.5E9,3.5195180996213358+0.13637925616682472i,3.5195180996213358,12.903421673293613
0.0381125,3.5E9,3.52075381133034+0.1934847383981483i,3.52075381133034,9.098272660878854
0.0381125,3.5E9,3.5210061763787963+0.14578800267000191i,3.5210061763787963,12.075774795916375
0.0381125,3.5E9,3.52175729980879+0.1903988602265868i,3.52175729980879,9.248367599516284
0.0381125,3.5E9,3.523263218582036+0.1508372942538743i,3.523263218582036,11.679018892542686
0.0381125,3.5E9,3.524510296132326+0.18569416695354768i,3.524510296132326,9.490094260779875
0.0381125,3.5E9,3.526915925422541+0.1747447861640423i,3.526915925422541,10.09161990707876
0.0381125,3.5E9,3.528115334365067+0.16580487627884072i,3.528115334365067,10.639359389019697
0.0381125,3.5E9,3.528744582402845+0.1860257860823939i,3.528744582402845,9.484557643099826
0.0381125,3.5E9,3.537206060166929+0.1757776891861079i,3.537206060166929,10.061589945075017
0.0381125,3.5E9,3.537330070973035+0.1626676901912756i,3.537330070973035,10.87287237807829
0.0381125,3.5E9,3.5389817290320416+0.19063206023297663i,3.5389817290320416,9.28223123829999
0.0381125,3.5E9,3.539634512048765+0.15534946435625516i,3.539634512048765,11.39249023714526
0.0381125,3.5E9,3.542412515701406+0.18061669423999088i,3.542412515701406,9.806437136410256
0.0381125,3.5E9,3.5429977390475353+0.17492926753793384i,3.5429977390475353,10.126943846830056
0.0381125,3.5E9,3.543658405739919+0.1648803816611527i,3.543658405739919,10.746149329707784
0.0381125,3.5E9,3.543733870626738+0.187890155006659i,3.543733870626738,9.430334097337735
0.0381125,3.5E9,3.544125686072548+0.15792343843006834i,3.544125686072548,11.2210249514101
0.0381125,3.5E9,3.544190017020714+0.18483351212184054i,3.544190017020714,9.587520077756292
0.0381125,3.5E9,3.545925144943399+0.16448363178108497i,3.545925144943399,10.77896051584863
0.0381125,3.5E9,3.546972465136841+0.16860187528877196i,3.546972465136841,10.51878117921815
0.0381125,3.5E9,3.5473142689799224+0.1630799036844774i,3.5473142689799224,10.876000625568098
0.0381125,3.5E9,3.5473252502939396+0.1654666265871158i,3.5473252502939396,10.719156253621705
0.0381125,3.5E9,3.5501488008333357+0.18817397454340748i,3.5501488008333357,9.433155699260624
0.0381125,3.5E9,3.550267579085149+0.0706871317626348i,3.550267579085149,25.112545173051
0.0381125,3.5E9,3.5513355162992983+0.13329487209845547i,3.5513355162992983,13.32135085315277
0.0381125,3.5E9,3.55136226815553+0.1308075936155396i,3.55136226815553,13.574755753834298
0.0381125,3.5E9,3.5524942414845277+0.1071377820942206i,3.5524942414845277,16.579091764100287
0.0381125,3.5E9,3.553096852197849+0.19137515879364964i,3.553096852197849,9.283067025509245
0.0381125,3.5E9,3.553260893645012+0.1605590661272813i,3.553260893645012,11.06527640995435
0.0381125,3.5E9,3.5534526856811555+0.17552670930570458i,3.5534526856811555,10.122256321379316
0.0381125,3.5E9,3.553776528166888+0.07968201793140459i,3.553776528166888,22.29973976830135
0.0381125,3.5E9,3.5542471634527666+0.1705379506288562i,3.5542471634527666,10.420692726594085
0.0381125,3.5E9,3.5549304041522025+0.1812432254888834i,3.5549304041522025,9.807071118280899
0.0381125,3.5E9,3.5551390601410198+0.1309541148626059i,3.5551390601410198,13.573987590504471
0.0381125,3.5E9,3.5552242128076714+0.13283413151072257i,3.5552242128076714,13.382193914975417
0.0381125,3.5E9,3.5559914078558594+0.1625359669511256i,3.5559914078558594,10.939090819588081
0.0381125,3.5E9,3.556370072423266+0.1859436635999109i,3.556370072423266,9.563031091168007
0.0381125,3.5E9,3.556904008585378+0.17043122586160606i,3.556904008585378,10.43501268797322
0.0381125,3.5E9,3.5592996044897016+0.17375667887395818i,3.5592996044897016,10.242195084401882
0.0381125,3.5E9,3.559798686841279+0.18135474141884247i,3.559798686841279,9.814462690611025
0.0381125,3.5E9,3.5602418750698717+0.17122536756351167i,3.5602418750698717,10.396362191336195
0.0381125,3.5E9,3.5609472460579052+0.16528466627062063i,3.5609472460579052,10.772164552238516
0.0381125,3.5E9,3.565205639691437+0.18122387452380778i,3.565205639691437,9.836467874499252
0.0381125,3.5E9,3.565549113626996+0.17329814723431988i,3.565549113626996,10.287326121282607
0.0381125,3.5E9,3.567052550006663+0.18727861969413429i,3.567052550006663,9.523384345293703
0.0381125,3.5E9,3.567768658651101+0.1774564734132559i,3.567768658651101,10.052517640037216
0.0381125,3.5E9,3.5700945239609405+0.17388397727664492i,3.5700945239609405,10.26573747586016
0.0381125,3.5E9,3.570879628837334+0.14170043315703487i,3.570879628837334,12.600101316839389
0.0381125,3.5E9,3.5719443876407424+0.17408696053416325i,3.5719443876407424,10.259080796978402
0.0381125,3.5E9,3.5720844821392577+0.1402335719624221i,3.5720844821392577,12.736195877177174
0.0381125,3.5E9,3.573874799231218+0.17815243099451994i,3.573874799231218,10.030384596158422
0.0381125,3.5E9,3.57443308877152+0.14688269632580905i,3.57443308877152,12.167645264500258
0.0381125,3.5E9,3.574591915951863+0.1704762187885024i,3.574591915951863,10.484136559793725
0.0381125,3.5E9,3.5746464251993695+0.14877442672991734i,3.5746464251993695,12.013645435477713
0.0381125,3.5E9,3.5751945267306713+0.1842158022588738i,3.5751945267306713,9.703821504157773
0.0381125,3.5E9,3.5753920604179616+0.17345944914295208i,3.5753920604179616,10.30613229225522
0.0381125,3.5E9,3.5777112803400897+0.1809887397500951i,3.5777112803400897,9.883795216431993
0.0381125,3.5E9,3.579691761037357+0.11931517246718276i,3.579691761037357,15.000991437287405
0.0381125,3.5E9,3.579880123364919+0.17785634105088793i,3.579880123364919,10.063965395365495
0.0381125,3.5E9,3.5805712895642334+0.16116865923968546i,3.5805712895642334,11.108150016434987
0.0381125,3.5E9,3.5824110634609516+0.15381115355514602i,3.5824110634609516,11.64548532618783
0.0381125,3.5E9,3.5835946617151717+0.1489656241016313i,3.5835946617151717,12.02826049072327
0.0381125,3.5E9,3.5842287412824283+0.12480634181250587i,3.5842287412824283,14.35916111805819
0.0381125,3.5E9,3.585362344735442+0.12163990611379466i,3.585362344735442,14.737607333325792
0.0381125,3.5E9,3.5855110062622537+0.15140940253470914i,3.5855110062622537,11.8404502832653
0.0381125,3.5E9,3.586303591263795+0.1628976892198811i,3.586303591263795,11.007840591351062
0.0381125,3.5E9,3.5879501287914617+0.1240938590613694i,3.5879501287914617,14.456598239148468
0.0381125,3.5E9,3.588376503762969+0.12583221558427457i,3.588376503762969,14.258576339537223
0.0381125,3.5E9,3.5884610335989144+0.1604627732098126i,3.5884610335989144,11.181599824735775
0.0381125,3.5E9,3.591857752223366+0.011610834414747905i,3.591857752223366,154.67698633532498
0.0381125,3.5E9,3.5922068839117807+0.1439603051092933i,3.5922068839117807,12.476379795057433
0.0381125,3.5E9,3.592595697233439+0.15859780611638477i,3.592595697233439,11.326120408617328
0.0381125,3.5E9,3.5938335558513375+0.14095462889186933i,3.5938335558513375,12.7481927486336
0.0381125,3.5E9,3.594005202604974+0.011659213403923422i,3.594005202604974,154.12725876496785
0.0381125,3.5E9,3.595141283844976+0.15013989687527898i,3.595141283844976,11.972638048471069
0.0381125,3.5E9,3.596078798710133+0.14318314128913318i,3.596078798710133,12.55761944574356
0.0381125,3.5E9,3.5966170164820297+0.1657608474942889i,3.5966170164820297,10.84881342865343
0.0381125,3.5E9,3.6002475572093737+0.15052892412161373i,3.6002475572093737,11.958657042883999
0.0381125,3.5E9,3.6009137951195864+0.1637459691079963i,3.6009137951195864,10.995427291235044
0.0381125,3.5E9,3.603150028885577+0.15174382586066362i,3.603150028885577,11.872476552008488
0.0381125,3.5E9,3.6076792462469287+0.15581624297440422i,3.6076792462469287,11.57671105842142
0.0381125,3.5E9,3.6079526226254095+0.1359578827935857i,3.6079526226254095,13.26864080438456
0.0381125,3.5E9,3.608308890578072+0.15323357346767763i,3.608308890578072,11.773884824722147
0.0381125,3.5E9,3.6109061540480223+0.16281950361628006i,3.6109061540480223,11.088678179973806
0.0381125,3.5E9,3.611078799382639+0.14852996367063234i,3.611078799382639,12.156061679885232
0.0381125,3.5E9,3.6115781387813164+0.15842364950137205i,3.6115781387813164,11.398481698119314
0.0381125,3.5E9,3.615780888630872+2.2379062881935055E-5i,3.615780888630872,80784.90390117322
0.0381125,3.5E9,3.619477376013167+0.04213314786621472i,3.619477376013167,42.95284780888061
0.0381125,3.5E9,3.6239374449218063+3.816590513299439E-5i,3.6239374449218063,47476.110317490085
0.0381125,3.5E9,3.624416596194879+0.04204775341190724i,3.624416596194879,43.098813873472054
0.0381125,3.5E9,3.627452788507707+0.030432535613866593i,3.627452788507707,59.598267369723494
0.0381125,3.5E9,3.6288494358051+0.0304862286732623i,3.6288494358051,59.516207706395534
0.0381125,3.5E9,3.6337355612085127+0.13527493913110597i,3.6337355612085127,13.430926617112588
0.0381125,3.5E9,3.6345419856216057+0.1446565299597216i,3.6345419856216057,12.562661314472335
0.0381125,3.5E9,3.6358965296462418+0.13505028500202831i,3.6358965296462418,13.461269369374651
0.0381125,3.5E9,3.639753340383931+3.3707390362168264E-5i,3.639753340383931,53990.43505410366
0.0381125,3.5E9,3.6454239611941883+4.585162518406436E-5i,3.6454239611941883,39752.39641517819
0.0381125,3.5E9,3.669193657240271+0.022236280515515655i,3.669193657240271,82.50466292418021
0.0381125,3.5E9,3.670282167130856+2.9265377707650105E-4i,3.670282167130856,6270.6898981376
0.0381125,3.5E9,3.674078961904576+3.024218538334203E-4i,3.674078961904576,6074.4270219445325
0.0381125,3.5E9,3.6789230374457365+0.02436433422187982i,3.6789230374457365,75.49812369061095
0.0381125,3.5E9,3.6812459786811678+0.02478623207607297i,3.6812459786811678,74.25989491631536
0.0381125,3.5E9,3.6903171238068557+0.025664367477092366i,3.6903171238068557,71.89573495432487
0.0381125,3.5E9,3.6911582157919414+3.9177459195560395E-4i,3.6911582157919414,4710.818786597351
0.0381125,3.5E9,3.69152989630074+0.026380762825364418i,3.69152989630074,69.96632206464155
0.0381125,3.5E9,3.693749095067268+4.8142506066932325E-4i,3.693749095067268,3836.265908064553
0.0381125,3.5E9,3.6940683131815524+3.648138346476892E-4i,3.6940683131815524,5062.949869690408
0.0381125,3.5E9,3.6958928660593164+5.476994855974398E-4i,3.6958928660593164,3374.0152795905724
0.0381125,4.0E9,3.8275128470980513+0.006643882439485342i,3.8275128470980513,288.04790587132544
0.0381125,4.0E9,3.8281784719888337+0.007147955705517335i,3.8281784719888337,267.78135103956754
0.0381125,4.0E9,3.835251591422188+3.32782351222227E-5i,3.835251591422188,57624.02328934003
0.0381125,4.0E9,3.839202050104476+4.649768800813185E-5i,3.839202050104476,41283.795115071625
0.0381125,4.0E9,3.842504387724367+1.1492214373129857E-4i,3.842504387724367,16717.858991164456
0.0381125,4.0E9,3.843933672451757+8.385206821762432E-5i,3.843933672451757,22920.923443864594
0.0381125,4.0E9,3.8503217722866827+0.03817871171503257i,3.8503217722866827,50.42498292013673
0.0381125,4.0E9,3.854358435203752+0.04072021044865885i,3.854358435203752,47.32733933268139
0.0381125,4.0E9,3.862974817274519+0.03181655696606389i,3.862974817274519,60.7069900963017
0.0381125,4.0E9,3.8648356540448243+0.03221585464736357i,3.8648356540448243,59.98344132647601
0.0381125,4.0E9,3.885812386993794+3.107872296477588E-4i,3.885812386993794,6251.563797196414
0.0381125,4.0E9,3.88876024562884+0.129230905853391i,3.88876024562884,15.04578266301303
0.0381125,4.0E9,3.8887754425047043+1.314280954643553E-4i,3.8887754425047043,14794.307977929198
0.0381125,4.0E9,3.890221347917653+0.12617049803615513i,3.890221347917653,15.416525291050528
0.0381125,4.0E9,3.8931358901896864+0.1401196528752818i,3.8931358901896864,13.892183609871283
0.0381125,4.0E9,3.894955777832927+2.7610722657009086E-4i,3.894955777832927,7053.339070870311
0.0381125,4.0E9,3.8955641767154225+1.552723642820774E-4i,3.8955641767154225,12544.29336066043
0.0381125,4.0E9,3.8964092752170227+0.1387428832696641i,3.8964092752170227,14.041834735565734
0.0381125,4.0E9,3.90121295155899+0.012424844358963624i,3.90121295155899,156.9924273837904
0.0381125,4.0E9,3.9050549753523978+0.01277209771812436i,3.9050549753523978,152.87445576817402
0.0381125,4.0E9,3.9142043761690557+0.05425067431020177i,3.9142043761690557,36.075167967386854
0.0381125,4.0E9,3.915784197358327+0.14987165400066077i,3.915784197358327,13.063791894033088
0.0381125,4.0E9,3.9164947583209675+0.13822678138498035i,3.9164947583209675,14.166917290119768
0.0381125,4.0E9,3.92011749829847+0.1247649641226596i,3.92011749829847,15.710009319781884
0.0381125,4.0E9,3.920627770414245+0.1212704465940507i,3.920627770414245,16.164811297918416
0.0381125,4.0E9,3.9212725367916246+0.055903178740523835i,3.9212725367916246,35.071999706781625
0.0381125,4.0E9,3.924972165813803+0.1425649858096617i,3.924972165813803,13.765554506679598
0.0381125,4.0E9,3.9250077802316294+2.2955980150352387E-4i,3.9250077802316294,8548.987572136793
0.0381125,4.0E9,3.927103056729474+0.12538483060068012i,3.927103056729474,15.660200033432803
0.0381125,4.0E9,3.9274261319901904+0.1551721268790149i,3.9274261319901904,12.655063157870929
0.0381125,4.0E9,3.9282586975895644+0.022557488382222986i,3.9282586975895644,87.07216492872786
0.0381125,4.0E9,3.9285830603725103+0.1357013374522561i,3.9285830603725103,14.47510810921339
0.0381125,4.0E9,3.929169354866676+0.1605388835320452i,3.929169354866676,12.237438271714323
0.0381125,4.0E9,3.929338965676032+0.1226789346118612i,3.929338965676032,16.01472566626008
0.0381125,4.0E9,3.9297910273042636+3.639449783579239E-4i,3.9297910273042636,5398.8806838811315
0.0381125,4.0E9,3.9317687234412353+0.022392091378484462i,3.9317687234412353,87.79369146419016
0.0381125,4.0E9,3.9322603703844607+0.13938191997649713i,3.9322603703844607,14.10606329374544
0.0381125,4.0E9,3.9323196360891033+0.14783954524494078i,3.9323196360891033,13.299282102004678
0.0381125,4.0E9,3.9331136826406086+0.017488982916978618i,3.9331136826406086,112.44546642052785
0.0381125,4.0E9,3.9345065100572127+0.15950742405012064i,3.9345065100572127,12.333302144045994
0.0381125,4.0E9,3.9352910248572983+0.017375927125538194i,3.9352910248572983,113.23974244440232
0.0381125,4.0E9,3.9371162966121616+0.15535583672251516i,3.9371162966121616,12.671285416988681
0.0381125,4.0E9,3.9377247637297472+0.13812178611448642i,3.9377247637297472,14.254538963411049
0.0381125,4.0E9,3.940715261698783+0.16475370674685016i,3.940715261698783,11.959413052095483
0.0381125,4.0E9,3.942909565502993+0.14922887063068088i,3.942909565502993,13.210947549355595
0.0381125,4.0E9,3.9437350683007484+0.14369081090411623i,3.9437350683007484,13.722989812244753
0.0381125,4.0E9,3.944609950863664+0.15302024999537853i,3.944609950863664,12.889176272365253
0.0381125,4.0E9,3.944936295588837+0.15233199136066974i,3.944936295588837,12.948482654075551
0.0381125,4.0E9,3.9450498037986166+0.15612620875628777i,3.9450498037986166,12.634168968891123
0.0381125,4.0E9,3.9454723277941306+0.15048843083838834i,3.9454723277941306,13.108889187738388
0.0381125,4.0E9,3.945577343133121+0.13848303699249392i,3.945577343133121,14.24570629306382
0.0381125,4.0E9,3.9478471031315254+0.06241909909313787i,3.9478471031315254,31.623711015444126
0.0381125,4.0E9,3.9484457288065613+0.1634602960355731i,3.9484457288065613,12.07769049906553
0.0381125,4.0E9,3.9486358418447116+0.14824883466766312i,3.9486358418447116,13.317594875860468
0.0381125,4.0E9,3.949266845659829+0.14206647034126707i,3.949266845659829,13.899362869271826
0.0381125,4.0E9,3.9496167857161555+0.15938083010848436i,3.9496167857161555,12.390501364021643
0.0381125,4.0E9,3.9501869540534793+0.15491040149049884i,3.9501869540534793,12.749908708666528
0.0381125,4.0E9,3.9505692233871437+0.05993029428845358i,3.9505692233871437,32.95970151900519
0.0381125,4.0E9,3.9516918412663338+0.124147916032946i,3.9516918412663338,15.915256443844155
0.0381125,4.0E9,3.9536622531837518+0.15746111042275499i,3.9536622531837518,12.554408649122548
0.0381125,4.0E9,3.9540007310996232+0.1673363815044959i,3.9540007310996232,11.814528005057257
0.0381125,4.0E9,3.9550753305208164+0.14495579474505674i,3.9550753305208164,13.642349853887756
0.0381125,4.0E9,3.9558405615410024+0.05159207575204489i,3.9558405615410024,38.337675930631754
0.0381125,4.0E9,3.956127510642306+0.1673622124981914i,3.956127510642306,11.819058351314096
0.0381125,4.0E9,3.9565834489230496+0.16374507021986126i,3.9565834489230496,12.081534557377902
0.0381125,4.0E9,3.9568825221380055+0.1572872102771108i,3.9568825221380055,12.57852598175883
0.0381125,4.0E9,3.9576815140938573+0.1533969911816069i,3.9576815140938573,12.90012758271234
0.0381125,4.0E9,3.9612401135284223+0.15237925511656658i,3.9612401135284223,12.997963897704336
0.0381125,4.0E9,3.9612893427341764+0.1586854490909129i,3.9612893427341764,12.48157712451853
0.0381125,4.0E9,3.9620941905308187+0.1359692445594767i,3.9620941905308187,14.569817620769706
0.0381125,4.0E9,3.963607880320627+0.14594222815234778i,3.963607880320627,13.579372915230032
0.0381125,4.0E9,3.9647834512944207+0.1728139423593285i,3.9647834512944207,11.471248781103919
0.0381125,4.0E9,3.9653777650087902+0.1705981966604801i,3.9653777650087902,11.621980309969446
0.0381125,4.0E9,3.966752001203662+0.12329884006278578i,3.966752001203662,16.085925865903228
0.0381125,4.0E9,3.966969499926811+0.15757619334171996i,3.966969499926811,12.587464564916969
0.0381125,4.0E9,3.968386524715376+0.16214479554647074i,3.968386524715376,12.237168980172523
0.0381125,4.0E9,3.9698606542204242+0.14863863669671182i,3.9698606542204242,13.354067093338209
0.0381125,4.0E9,3.9722133355844416+0.1710894380334202i,3.9722133355844416,11.608587243148577
0.0381125,4.0E9,3.9723028878881177+0.16698836301930414i,3.9723028878881177,11.893951219310152
0.0381125,4.0E9,3.9724387343855168+0.17396218561911023i,3.9724387343855168,11.417535139168582
0.0381125,4.0E9,3.9729635991935996+0.16053647602413498i,3.9729635991935996,12.374021461005242
0.0381125,4.0E9,3.9748185102873634+0.10786632480115028i,3.9748185102873634,18.424742465337875
0.0381125,4.0E9,3.9765248713899224+0.14465345763406534i,3.9765248713899224,13.745004566186969
0.0381125,4.0E9,3.9769275671569124+0.16126274113574252i,3.9769275671569124,12.330584049198766
0.0381125,4.0E9,3.979247001486774+0.1567478427789815i,3.979247001486774,12.69314757683018
0.0381125,4.0E9,3.983328241495333+0.09671789637722479i,3.983328241495333,20.59250868091322
0.0381125,4.0E9,3.984338788500267+0.16361749574719975i,3.984338788500267,12.175772432846495
0.0381125,4.0E9,3.9845045572084548+0.1670049359956304i,3.9845045572084548,11.929301770196505
0.0381125,4.0E9,3.984865459409223+0.14669289340178i,3.984865459409223,13.582339835969417
0.0381125,4.0E9,3.984935241896367+0.14334350075358282i,3.984935241896367,13.899950890507203
0.0381125,4.0E9,3.985293505542131+0.1324547449745336i,3.985293505542131,15.043981649386598
0.0381125,4.0E9,3.9861793357203372+0.1444365374113256i,3.9861793357203372,13.79906845997186
0.0381125,4.0E9,3.987912831301506+0.15245077112468688i,3.987912831301506,13.07934621084947
0.0381125,4.0E9,3.9881371211647623+0.13253366430110144i,3.9881371211647623,15.045751365117948
0.0381125,4.0E9,3.9910916313985862+0.1756057186110001i,3.9910916313985862,11.36378605140875
0.0381125,4.0E9,3.9915564258070413+0.15818955046051997i,3.9915564258070413,12.616371985971446
0.0381125,4.0E9,3.9917588318696606+0.14571803196953953i,3.9917588318696606,13.69685953727431
0.0381125,4.0E9,3.9922239834283033+0.13223400556626955i,3.9922239834283033,15.095300056639314
0.0381125,4.0E9,3.9948418216614194+0.17447562497694416i,3.9948418216614194,11.448137303389263
0.0381125,4.0E9,3.995264208669618+0.16631327233857274i,3.995264208669618,12.011260894849833
0.0381125,4.0E9,3.996096333372191+0.12914538812337392i,3.996096333372191,15.471308698823524
0.0381125,4.0E9,3.9962766805653893+0.17206144996252287i,3.9962766805653893,11.612934452882467
0.0381125,4.0E9,3.997186937959791+0.1368778280554017i,3.997186937959791,14.60129443441314
0.0381125,4.0E9,3.9974128648641507+0.13263885032271533i,3.9974128648641507,15.068785861526596
0.0381125,4.0E9,3.9987946850739498+0.151692618493771i,3.9987946850739498,13.180584278852546
0.0381125,4.0E9,3.9988083622893464+0.16242718587541813i,3.9988083622893464,12.309541474653258
0.0381125,4.0E9,3.998815499841798+0.04491618070474966i,3.998815499841798,44.514197746770385
0.0381125,4.0E9,3.9991140276010797+0.1669102278133206i,3.9991140276010797,11.979835148490292
0.0381125,4.0E9,3.999115443447877+0.1292367464211248i,3.999115443447877,15.472052470342092
0.0381125,4.0E9,4.000436573712883+0.15784005649494565i,4.000436573712883,12.672437727621393
0.0381125,4.0E9,4.000625727635821+0.04729874758462841i,4.000625727635821,42.29103234158341
0.0381125,4.0E9,4.001361941816537+0.11581456622759645i,4.001361941816537,17.27486477803293
0.0381125,4.0E9,4.002718389952017+0.17295896734939525i,4.002718389952017,11.571294773823743
0.0381125,4.0E9,4.003295446394614+0.1505842036399868i,4.003295446394614,13.292547789294018
0.0381125,4.0E9,4.003970247349638+0.14877691856041272i,4.003970247349638,13.45628840176501
0.0381125,4.0E9,4.004025409738468+0.12844597063273058i,4.004025409738468,15.586418904440755
0.0381125,4.0E9,4.004373906196867+0.05217786698760908i,4.004373906196867,38.372341927543765
0.0381125,4.0E9,4.004477753568764+0.15384697623876392i,4.004477753568764,13.014483129502613
0.0381125,4.0E9,4.004485654244939+0.16453244631299074i,4.004485654244939,12.169288623555714
0.0381125,4.0E9,4.007169243906752+0.1626153657992334i,4.007169243906752,12.32100430427357
0.0381125,4.0E9,4.009446650300612+0.1706850431783659i,4.009446650300612,11.745161074572712
0.0381125,4.0E9,4.010091769996652+0.13400133617694335i,4.010091769996652,14.962879790621969
0.0381125,4.0E9,4.010869474854607+0.13092190796286793i,4.010869474854607,15.317793397848163
0.0381125,4.0E9,4.0121448023571435+0.16645602024678405i,4.0121448023571435,12.051666249165471
0.0381125,4.0E9,4.0141971311394515+0.0553358676247445i,4.0141971311394515,36.271204405444486
0.0381125,4.0E9,4.0144771948857185+0.1744613292400761i,4.0144771948857185,11.505349673684417
0.0381125,4.0E9,4.015170767414409+0.13633229360174284i,4.015170767414409,14.72567746547132
0.0381125,4.0E9,4.016729725504987+0.14942852656694877i,4.016729725504987,13.440304263809237
0.0381125,4.0E9,4.016996627323122+0.15492141873458032i,4.016996627323122,12.964626389735223
0.0381125,4.0E9,4.018545956592464+0.15999993536102966i,4.018545956592464,12.557961187686956
0.0381125,4.0E9,4.01928318989913+0.14892040055528294i,4.01928318989913,13.494736701326131
0.0381125,4.0E9,4.020680185530136+0.16526165378767374i,4.020680185530136,12.164588981712173
0.0381125,4.0E9,4.021247480261624+0.14182171328894808i,4.021247480261624,14.177122060529333
0.0381125,4.0E9,4.021261979686863+0.12245324775084086i,4.021261979686863,16.41958075243966
0.0381125,4.0E9,4.022699287678439+0.160611224371544i,4.022699287678439,12.523095143004069
0.0381125,4.0E9,4.022903378130165+0.1537865146489137i,4.022903378130165,13.079506312091915
0.0381125,4.0E9,4.0231347002268265+0.17175616358884624i,4.0231347002268265,11.711762233632255
0.0381125,4.0E9,4.023191389010323+0.08510413197527704i,4.023191389010323,23.63687458899804
0.0381125,4.0E9,4.025311430996299+0.16673322163143323i,4.025311430996299,12.071113937612033
0.0381125,4.0E9,4.026629894243497+0.049032034392230285i,4.026629894243497,41.06121583730946
0.0381125,4.0E9,4.026652729983734+0.1698143343958203i,4.026652729983734,11.85604485130804
0.0381125,4.0E9,4.029133016818661+0.13630598207672304i,4.029133016818661,14.779736572936205
0.0381125,4.0E9,4.0299548855396266+0.15412180557061506i,4.0299548855396266,13.073928347190282
0.0381125,4.0E9,4.030448222310355+0.12770661974837091i,4.030448222310355,15.780106897558728
0.0381125,4.0E9,4.031601498120621+0.14488514327447927i,4.031601498120621,13.913094907470633
0.0381125,4.0E9,4.031869343218773+0.16404954711783656i,4.031869343218773,12.288572001733984
0.0381125,4.0E9,4.032154814684638+0.12613418080687247i,4.032154814684638,15.983592983643277
0.0381125,4.0E9,4.032587536147869+0.15594311988200826i,4.032587536147869,12.92967441974695
0.0381125,4.0E9,4.035163707462854+0.15957899368784995i,4.035163707462854,12.643154384580145
0.0381125,4.0E9,4.035960918973922+0.14803871605124855i,4.035960918973922,13.631437189636053
0.0381125,4.0E9,4.038244724066322+0.12135933324421758i,4.038244724066322,16.63755319065554
0.0381125,4.0E9,4.039695760354895+0.14018805631412679i,4.039695760354895,14.408131001199328
0.0381125,4.0E9,4.039750435796489+5.599591860143026E-5i,4.039750435796489,36071.82931090718
0.0381125,4.0E9,4.040372401955321+0.1562161569678915i,4.040372401955321,12.931992696458966
0.0381125,4.0E9,4.040480728746956+0.11827763365296477i,4.040480728746956,17.080493597809127
0.0381125,4.0E9,4.04099166198861+0.16920556068735895i,4.04099166198861,11.941072283833357
0.0381125,4.0E9,4.040997580330177+0.16059940179143625i,4.040997580330177,12.580985779691918
0.0381125,4.0E9,4.041409044541197+0.15250512555516105i,4.041409044541197,13.250076119833171
0.0381125,4.0E9,4.0416283615312185+0.07164126548173293i,4.0416283615312185,28.207404868928176
0.0381125,4.0E9,4.043441263361838+0.141001551170345i,4.043441263361838,14.33828645784516
0.0381125,4.0E9,4.044774915514575+0.16861177837457927i,4.044774915514575,11.994342727733143
0.0381125,4.0E9,4.044880941833217+0.1311662538656692i,4.044880941833217,15.418908532585236
0.0381125,4.0E9,4.045616944804724+0.14935632414624556i,4.045616944804724,13.543507340349946
0.0381125,4.0E9,4.045723927627375+7.349841720801504E-5i,4.045723927627375,27522.52416658972
0.0381125,4.0E9,4.04578831382256+0.011843827711902365i,4.04578831382256,170.7973305689332
0.0381125,4.0E9,4.046213167636865+0.14663461332182695i,4.046213167636865,13.796923782096462
0.0381125,4.0E9,4.046493011606847+0.1396305559748384i,4.046493011606847,14.489998207613063
0.0381125,4.0E9,4.046998651473435+0.13502902421911536i,4.046998651473435,14.985662063684389
0.0381125,4.0E9,4.04786828527121+0.15064770144562997i,4.04786828527121,13.434882332845019
0.0381125,4.0E9,4.048881503591234+0.1639565333623463i,4.048881503591234,12.347423492551977
0.0381125,4.0E9,4.0492174275473145+0.13864743613570843i,4.0492174275473145,14.602568718198045
0.0381125,4.0E9,4.051294090441376+0.15333077438152568i,4.051294090441376,13.21096207458241
0.0381125,4.0E9,4.05145388987811+0.06814677773657658i,4.05145388987811,29.725938807694817
0.0381125,4.0E9,4.051727277974321+0.14852751575537945i,4.051727277974321,13.639652078499044
0.0381125,4.0E9,4.051994837507634+0.1646729683854346i,4.051994837507634,12.303157212856904
0.0381125,4.0E9,4.052348360053706+1.159591126716223E-4i,4.052348360053706,17473.177686040555
0.0381125,4.0E9,4.052579021024951+0.16090667887706117i,4.052579021024951,12.592948438520928
0.0381125,4.0E9,4.053523973054977+0.011497404684410555i,4.053523973054977,176.2799555342777
0.0381125,4.0E9,4.053548065103996+0.15648832429025403i,4.053548065103996,12.951599052161514
0.0381125,4.0E9,4.055236041839658+0.16213685879514092i,4.055236041839658,12.505595803368275
0.0381125,4.0E9,4.055576348469294+0.13896947562772438i,4.055576348469294,14.591608445488754
0.0381125,4.0E9,4.056431523790908+0.14704710813850522i,4.056431523790908,13.792965992809979
0.0381125,4.0E9,4.058753134991215+0.15395766680864556i,4.058753134991215,13.181393363267354
0.0381125,4.0E9,4.060360181473585+0.1460149093202371i,4.060360181473585,13.903923237621168
0.0381125,4.0E9,4.060792587718507+0.15166268450497458i,4.060792587718507,13.387579815604909
0.0381125,4.0E9,4.062701008251311+0.003922879826887569i,4.062701008251311,517.8212419872517
0.0381125,4.0E9,4.062809376153184+0.13022704328309548i,4.062809376153184,15.598946554139301
0.0381125,4.0E9,4.062818260240609+1.2261809515476852E-4i,4.062818260240609,16566.960427465954
0.0381125,4.0E9,4.062954475521767+0.15937326628797382i,4.062954475521767,12.746662505430356
0.0381125,4.0E9,4.06349064593486+0.142752621885209i,4.06349064593486,14.232630519397453
0.0381125,4.0E9,4.065655647194466+0.14149574772538628i,4.065655647194466,14.366706111497624
0.0381125,4.0E9,4.066811406921751+0.14605707704083604i,4.066811406921751,13.92199367985679
0.0381125,4.0E9,4.067275148212975+0.16034992294352296i,4.067275148212975,12.682497981759287
0.0381125,4.0E9,4.067460173631062+0.003922333479672518i,4.067460173631062,518.5000452805278
0.0381125,4.0E9,4.069142058916664+0.1547507570522154i,4.069142058916664,13.147405985043648
0.0381125,4.0E9,4.070495756856214+0.15843545821334454i,4.070495756856214,12.845911523716504
0.0381125,4.0E9,4.070602040034009+0.008979293343713678i,4.070602040034009,226.6660573509273
0.0381125,4.0E9,4.070806589536564+0.14448472916911162i,4.070806589536564,14.087324705339288
0.0381125,4.0E9,4.071695087323795+0.13132416187533003i,4.071695087323795,15.502459826049293
0.0381125,4.0E9,4.074829759729552+0.1386549824385376i,4.074829759729552,14.694133914501865
0.0381125,4.0E9,4.07513606850474+0.15905336798994885i,4.07513606850474,12.810593450502296
0.0381125,4.0E9,4.075173308600341+0.14707051035200716i,4.075173308600341,13.854488227607913
0.0381125,4.0E9,4.078094554820766+0.00993406597581622i,4.078094554820766,205.2580768412752
0.0381125,4.0E9,4.0788423379671315+0.13377788978833735i,4.0788423379671315,15.244829860975733
0.0381125,4.0E9,4.080256461750401+0.14144212861205485i,4.080256461750401,14.423766461199339
0.0381125,4.0E9,4.081200981268231+0.15000204631682904i,4.081200981268231,13.603817686086968
0.0381125,4.0E9,4.0814934621227605+4.176042341418605E-4i,4.0814934621227605,4886.79607201525
0.0381125,4.0E9,4.08974294160216+0.14197618364509168i,4.08974294160216,14.40291898472772
0.0381125,4.0E9,4.091324347190399+0.044164260212259804i,4.091324347190399,46.319403150046035
0.0381125,4.0E9,4.091458662148246+0.12566511368675126i,4.091458662148246,16.27921442201983
0.0381125,4.0E9,4.092110234961219+0.13462407210884733i,4.092110234961219,15.198285755509733
0.0381125,4.0E9,4.09328705048291+4.4379115963364926E-4i,4.09328705048291,4611.726666504499
0.0381125,4.0E9,4.0944995657992465+0.13273882033395604i,4.0944995657992465,15.423142813451042
0.0381125,4.0E9,4.095248242582061+0.1440195803956497i,4.095248242582061,14.217678704977548
0.0381125,4.0E9,4.096277839793016+0.04274828309589749i,4.096277839793016,47.911606538721216
0.0381125,4.0E9,4.099001146427716+0.13521962642776228i,4.099001146427716,15.156827654073965
0.0381125,4.0E9,4.100672010064126+0.13335802168180597i,4.100672010064126,15.374673223064095
0.0381125,4.0E9,4.100715204281149+0.139805684341862i,4.100715204281149,14.665767073725748
0.0381125,4.0E9,4.102169198397384+0.1318530126026336i,4.102169198397384,15.555841756760318
0.0381125,4.0E9,4.103224589340711+0.13729074174735606i,4.103224589340711,14.94355896514679
0.0381125,4.0E9,4.104315817612859+0.12860990973706735i,4.104315817612859,15.956452446019922
0.0381125,4.0E9,4.106057708604835+0.13147582578621694i,4.106057708604835,15.615257345032347
0.0381125,4.0E9,4.106112757990722+0.139931508209384i,4.106112757990722,14.671866295640198
0.0381125,4.0E9,4.1071173961567045+0.1288797318874292i,4.1071173961567045,15.93391503849531
0.0381125,4.0E9,4.1085527347551345+0.11871305948321183i,4.1085527347551345,17.30455247569522
0.0381125,4.0E9,4.108791261908778+0.1315829624741106i,4.108791261908778,15.612930369755118
0.0381125,4.0E9,4.1120027206695+2.475064378757851E-4i,4.1120027206695,8306.860128489207
0.0381125,4.0E9,4.112086371080444+0.13309576348912974i,4.112086371080444,15.447848463697678
0.0381125,4.0E9,4.113632366978417+0.005409005170216995i,4.113632366978417,380.2577588230877
0.0381125,4.0E9,4.11475477427895+1.8324673367408923E-4i,4.11475477427895,11227.36185190942
0.0381125,4.0E9,4.117639732768862+0.11534297057664636i,4.117639732768862,17.849547797248107
0.0381125,4.0E9,4.118749372457029+0.12375187519123426i,4.118749372457029,16.64115944139153
0.0381125,4.0E9,4.123384696409828+0.005634902493771481i,4.123384696409828,365.8789749217131
0.0381125,4.0E9,4.1310797129104+0.11150390120775089i,4.1310797129104,18.524372995764022
0.0381125,4.0E9,4.159008159639003+1.9055917859090156E-4i,4.159008159639003,10912.641916261859
0.0381125,4.0E9,4.15954390931671+3.8598282268106514E-4i,4.15954390931671,5388.250026807167
0.0381125,4.0E9,4.160728507744859+0.04063731933969989i,4.160728507744859,51.19344207923813
0.0381125,4.0E9,4.161332196232861+0.025211302066853156i,4.161332196232861,82.52910113881067
0.0381125,4.0E9,4.162177331423698+0.02751734688607016i,4.162177331423698,75.6282454964922
0.0381125,4.0E9,4.168010778975367+0.0440043412756171i,4.168010778975367,47.35908615094836
0.0381125,4.5E9,4.351863517897741+0.03081332113560535i,4.351863517897741,70.61659304340752
0.0381125,4.5E9,4.352798848156756+0.04804088517532218i,4.352798848156756,45.3030666719763
0.0381125,4.5E9,4.363207705710302+0.053821477038052866i,4.363207705710302,40.53407622597784
0.0381125,4.5E9,4.371343349304676+0.01822322020410067i,4.371343349304676,119.93882805413878
0.0381125,4.5E9,4.371616024032219+0.019471823554471475i,4.371616024032219,112.25492085532812
0.0381125,4.5E9,4.385193750170333+8.644701666558647E-4i,4.385193750170333,2536.3476492972063
0.0381125,4.5E9,4.39249882318321+5.713615401027262E-4i,4.39249882318321,3843.887376803027
0.0381125,4.5E9,4.396691680207852+0.08929252551640827i,4.396691680207852,24.619595284041566
0.0381125,4.5E9,4.401904825246313+0.12054697933961121i,4.401904825246313,18.258046984508166
0.0381125,4.5E9,4.413058085880331+0.11370431063189522i,4.413058085880331,19.405852167588897
0.0381125,4.5E9,4.414328162393046+9.771769171914313E-5i,4.414328162393046,22587.149188299278
0.0381125,4.5E9,4.416387535481034+0.03461105361123889i,4.416387535481034,63.80024695415434
0.0381125,4.5E9,4.418812036548261+0.07239526214166993i,4.418812036548261,30.518654852724406
0.0381125,4.5E9,4.419195233889605+0.13115168041853664i,4.419195233889605,16.847650063601495
0.0381125,4.5E9,4.419765101833969+0.11486842973173812i,4.419765101833969,19.23838043296934
0.0381125,4.5E9,4.4227168073038365+0.12526233132634182i,4.4227168073038365,17.653818033218133
0.0381125,4.5E9,4.424409941676231+0.12680893461222373i,4.424409941676231,17.445182215298495
0.0381125,4.5E9,4.427632178634545+0.03494561865983316i,4.427632178634545,63.35031898753749
0.0381125,4.5E9,4.427995009783633+0.13517621134037194i,4.427995009783633,16.378603031838193
0.0381125,4.5E9,4.430500595328305+0.1254927542014473i,4.430500595328305,17.65241596425656
0.0381125,4.5E9,4.430792414964072+0.09271888262156697i,4.430792414964072,23.893689665396398
0.0381125,4.5E9,4.432029498151882+0.13536838003682097i,4.432029498151882,16.370253884054552
0.0381125,4.5E9,4.432049418210666+0.035467978698200994i,4.432049418210666,62.47958836226926
0.0381125,4.5E9,4.432272759312419+0.10991697753567126i,4.432272759312419,20.16191155672024
0.0381125,4.5E9,4.43486199652231+0.13188541995830436i,4.43486199652231,16.81331415528871
0.0381125,4.5E9,4.435206743564577+0.011898753830549636i,4.435206743564577,186.37274149572445
0.0381125,4.5E9,4.437132031999081+0.12768088050770632i,4.437132031999081,17.375867139838817
0.0381125,4.5E9,4.437527474005804+0.11880854645368501i,4.437527474005804,18.675118947506352
0.0381125,4.5E9,4.43793716030565+0.10538099644811708i,4.43793716030565,21.056629325433498
0.0381125,4.5E9,4.439386167637256+0.1396148732759054i,4.439386167637256,15.898686377289433
0.0381125,4.5E9,4.440174786606352+0.12968896276818123i,4.440174786606352,17.118553082050457
0.0381125,4.5E9,4.441101046463837+3.1507144352882987E-4i,4.441101046463837,7047.768272368779
0.0381125,4.5E9,4.442022300659827+0.09206298390866195i,4.442022300659827,24.12490944822553
0.0381125,4.5E9,4.442836258304412+0.011635216927674514i,4.442836258304412,190.92193492916616
0.0381125,4.5E9,4.443328942256765+0.001210258565565682i,4.443328942256765,1835.6940692999465
0.0381125,4.5E9,4.443515976889234+0.11769901274373921i,4.443515976889234,18.87660683511383
0.0381125,4.5E9,4.444039667090541+0.1466116054297964i,4.444039667090541,15.155824991011807
0.0381125,4.5E9,4.44453382607629+0.12487795029960042i,4.44453382607629,17.79551079839637
0.0381125,4.5E9,4.444711174055248+0.13656465078809327i,4.444711174055248,16.273285760280988
0.0381125,4.5E9,4.444771164479208+0.12750546289349818i,4.444771164479208,17.429728356783443
0.0381125,4.5E9,4.448363074130347+0.03784778824793511i,4.448363074130347,58.76648649836281
0.0381125,4.5E9,4.449856011239338+0.14535191465365427i,4.449856011239338,15.3071805825279
0.0381125,4.5E9,4.449973533470136+0.0639469020814395i,4.449973533470136,34.79428548237472
0.0381125,4.5E9,4.450701898496947+0.13901253366121946i,4.450701898496947,16.00827558953616
0.0381125,4.5E9,4.4507107309168115+0.1306880385435685i,4.4507107309168115,17.027995754305557
0.0381125,4.5E9,4.450770318559462+0.08869916110196918i,4.450770318559462,25.089134233427668
0.0381125,4.5E9,4.451378907458627+0.1253538250096239i,4.451378907458627,17.75525759631538
0.0381125,4.5E9,4.451946711388829+0.11412368961176128i,4.451946711388829,19.50491929648419
0.0381125,4.5E9,4.452144720436478+0.14191158035860701i,4.452144720436478,15.686333381624038
0.0381125,4.5E9,4.4538660428144095+0.11151256058090075i,4.4538660428144095,19.970243798604166
0.0381125,4.5E9,4.455050648972389+0.13102933334963204i,4.455050648972389,17.000203447134837
0.0381125,4.5E9,4.455055458612021+0.1321479512663383i,4.455055458612021,16.856316787057313
0.0381125,4.5E9,4.457374891349115+0.13550231190195583i,4.457374891349115,16.447597198837084
0.0381125,4.5E9,4.457712661979062+0.0016071424468421646i,4.457712661979062,1386.8442933412384
0.0381125,4.5E9,4.459362573388787+0.13833439610856918i,4.459362573388787,16.118054145727207
0.0381125,4.5E9,4.459488519828896+0.11282627143590966i,4.459488519828896,19.762633574052312
0.0381125,4.5E9,4.459727422570087+0.0405252233294897i,4.459727422570087,55.024094331453085
0.0381125,4.5E9,4.461452357349315+0.12791449783837558i,4.461452357349315,17.439197404294685
0.0381125,4.5E9,4.462038219304165+0.1451195277850571i,4.462038219304165,15.373665720278135
0.0381125,4.5E9,4.462047405847986+0.1500274618414352i,4.462047405847986,14.870768828189425
0.0381125,4.5E9,4.46433241370719+0.12061188954049715i,4.46433241370719,18.507016309566346
0.0381125,4.5E9,4.46517764706837+0.09200757133938346i,4.46517764706837,24.26527285780594
0.0381125,4.5E9,4.46541624464604+0.14166942888876397i,4.46541624464604,15.759985339364201
0.0381125,4.5E9,4.4659181279787346+0.15353726314194538i,4.4659181279787346,14.54343407127815
0.0381125,4.5E9,4.466868699639206+0.11823785986672943i,4.466868699639206,18.889333351745332
0.0381125,4.5E9,4.467772987000432+0.13967210866649715i,4.467772987000432,15.993790849354117
0.0381125,4.5E9,4.469179506541702+0.1485840163500627i,4.469179506541702,15.039233749114553
0.0381125,4.5E9,4.469913453577565+0.12698523062906766i,4.469913453577565,17.6001312571321
0.0381125,4.5E9,4.470288883435295+0.1372123296963695i,4.470288883435295,16.289676348063544
0.0381125,4.5E9,4.4704629482905+0.1449818698068862i,4.4704629482905,15.417317193677711
0.0381125,4.5E9,4.471607066549048+0.146263996123245i,4.471607066549048,15.28608264873736
0.0381125,4.5E9,4.473143268798661+0.13859741580782822i,4.473143268798661,16.137181356255883
0.0381125,4.5E9,4.474508547381677+8.83394198247006E-4i,4.474508547381677,2532.5661840777448
0.0381125,4.5E9,4.474950621529423+0.12999807591643678i,4.474950621529423,17.2116032871361
0.0381125,4.5E9,4.475025530574061+0.11541859560627729i,4.475025530574061,19.386068194069573
0.0381125,4.5E9,4.475582087135314+0.002709131183451989i,4.475582087135314,826.0179710885216
0.0381125,4.5E9,4.4761782715933744+0.14054416783605064i,4.4761782715933744,15.92445400087673
0.0381125,4.5E9,4.4774719579659505+0.1541750604341284i,4.4774719579659505,14.520740077410114
0.0381125,4.5E9,4.4788488887626166+0.12597314355377434i,4.4788488887626166,17.776998979352783
0.0381125,4.5E9,4.480554792841656+0.13298169824946882i,4.480554792841656,16.846509150591153
0.0381125,4.5E9,4.481443146277014+0.14914637157491914i,4.481443146277014,15.023641202112307
0.0381125,4.5E9,4.481577651576294+0.127012891385618i,4.481577651576294,17.6422156943502
0.0381125,4.5E9,4.481640416250396+0.12351985471568715i,4.481640416250396,18.14137664979468
0.0381125,4.5E9,4.482708132135381+0.11708664424733796i,4.482708132135381,19.142696252639837
0.0381125,4.5E9,4.482870965974513+0.11862938026094305i,4.482870965974513,18.89443810679011
0.0381125,4.5E9,4.4839976976023+0.13889342245721958i,4.4839976976023,16.141864813589034
0.0381125,4.5E9,4.484977608035426+0.018316061137240543i,4.484977608035426,122.43291760247757
0.0381125,4.5E9,4.485457281537312+0.14375440956786903i,4.485457281537312,15.60111197639349
0.0381125,4.5E9,4.485580511605254+0.1291346730345106i,4.485580511605254,17.367839350189488
0.0381125,4.5E9,4.486951333985104+0.15100726982858914i,4.486951333985104,14.85673947710702
0.0381125,4.5E9,4.487643091493037+0.1542109262489642i,4.487643091493037,14.550340889101495
0.0381125,4.5E9,4.488736992450905+0.1397168532017213i,4.488736992450905,16.063691994158095
0.0381125,4.5E9,4.488808322987175+0.15289239632492593i,4.488808322987175,14.679632312935919
0.0381125,4.5E9,4.48934977349135+0.023921814301944833i,4.48934977349135,93.83380618263487
0.0381125,4.5E9,4.490228807521964+0.1376036452353172i,4.490228807521964,16.31580616866357
0.0381125,4.5E9,4.490463830587204+0.0025976290027938374i,4.490463830587204,864.3389463540713
0.0381125,4.5E9,4.492090497659374+0.020305219021236873i,4.492090497659374,110.61418478079887
0.0381125,4.5E9,4.492304572279417+0.12903734569456995i,4.492304572279417,17.406993874907556
0.0381125,4.5E9,4.492810332431497+0.06043733956984097i,4.492810332431497,37.16916036020775
0.0381125,4.5E9,4.493191939754393+7.798260012005667E-4i,4.493191939754393,2880.8938999449765
0.0381125,4.5E9,4.493675766229578+0.1432990245972692i,4.493675766229578,15.679366202452197
0.0381125,4.5E9,4.493717052431444+0.02507504350985168i,4.493717052431444,89.60536899299731
0.0381125,4.5E9,4.494109614386977+0.12945015667832407i,4.494109614386977,17.358455677865926
0.0381125,4.5E9,4.495199718131413+0.11673200569774977i,4.495199718131413,19.2543582681629
0.0381125,4.5E9,4.495917864194519+0.15540714712519518i,4.495917864194519,14.46496492395112
0.0381125,4.5E9,4.496387061918492+0.13280962414266506i,4.496387061918492,16.92794137075654
0.0381125,4.5E9,4.496987694094587+0.059000337931818726i,4.496987694094587,38.10984692402391
0.0381125,4.5E9,4.497827248322362+0.14917550016487383i,4.497827248322362,15.075623153102256
0.0381125,4.5E9,4.498154428975841+0.12242658676433046i,4.498154428975841,18.370823478215268
0.0381125,4.5E9,4.498565300938203+0.13773741370579493i,4.498565300938203,16.330222776460257
0.0381125,4.5E9,4.499754161607437+0.14348794402917286i,4.499754161607437,15.67990325616688
0.0381125,4.5E9,4.5005177264154055+0.14135372663200874i,4.5005177264154055,15.91934586249631
0.0381125,4.5E9,4.500773636295229+0.14893819042751144i,4.500773636295229,15.109535114453287
0.0381125,4.5E9,4.50232347683367+0.12510144130496878i,4.50232347683367,17.994690668103622
0.0381125,4.5E9,4.50245264652839+0.15320674948196464i,4.50245264652839,14.694041423607173
0.0381125,4.5E9,4.504502992078546+0.12649368046280648i,4.504502992078546,17.805249146035507
0.0381125,4.5E9,4.504859374159015+0.1564538561755605i,4.504859374159015,14.396766830419338
0.0381125,4.5E9,4.505311532883819+0.11099696912957736i,4.505311532883819,20.294750245046508
0.0381125,4.5E9,4.505323296139149+0.14257145524379441i,4.505323296139149,15.800229044569734
0.0381125,4.5E9,4.507396902289269+0.13649848626629424i,4.507396902289269,16.510794462203084
0.0381125,4.5E9,4.509170591443217+0.1539118939841734i,4.509170591443217,14.648544939310836
0.0381125,4.5E9,4.509707173387472+0.15267667423290224i,4.509707173387472,14.768815197363065
0.0381125,4.5E9,4.509903131999064+0.12128269356891624i,4.509903131999064,18.59252544319693
0.0381125,4.5E9,4.510286851207561+0.14043342971074563i,4.510286851207561,16.05845153998416
0.0381125,4.5E9,4.5126971042370645+0.13262515888341142i,4.5126971042370645,17.01297529906864
0.0381125,4.5E9,4.514155324581474+0.13936037360410097i,4.514155324581474,16.195978841895972
0.0381125,4.5E9,4.514293478716376+9.540358213865088E-5i,4.514293478716376,23658.930710566576
0.0381125,4.5E9,4.514542843888826+0.12234009685293315i,4.514542843888826,18.45078988827279
0.0381125,4.5E9,4.516066687777028+0.1546326956880097i,4.516066687777028,14.602560822223337
0.0381125,4.5E9,4.516179828190557+0.13987303094306022i,4.516179828190557,16.143854886611457
0.0381125,4.5E9,4.51807116149083+0.0994892937342739i,4.51807116149083,22.70631839822963
0.0381125,4.5E9,4.518416602701949+0.1480875897757814i,4.518416602701949,15.255892170111144
0.0381125,4.5E9,4.519249132122803+0.11827063441390122i,4.519249132122803,19.10554193996791
0.0381125,4.5E9,4.51972636730806+0.03773343431594816i,4.51972636730806,59.89020677873711
0.0381125,4.5E9,4.51986304016227+0.12608138130229135i,4.51986304016227,17.924387381692366
0.0381125,4.5E9,4.520054811582568+0.13580112395617577i,4.520054811582568,16.642184835823706
0.0381125,4.5E9,4.520750098899201+0.042676722027074i,4.520750098899201,52.96505781338184
0.0381125,4.5E9,4.521253446206714+0.14328155974735673i,4.521253446206714,15.777513359635668
0.0381125,4.5E9,4.523235814209999+0.14647023349956204i,4.523235814209999,15.440802223557332
0.0381125,4.5E9,4.523786885021885+0.1391221588356347i,4.523786885021885,16.25832621806313
0.0381125,4.5E9,4.5243007170275735+0.15141533867353296i,4.5243007170275735,14.940034334244139
0.0381125,4.5E9,4.524341526623848+0.11953897816077055i,4.524341526623848,18.92412665824767
0.0381125,4.5E9,4.525433089439139+0.1272788472673302i,4.525433089439139,17.777632287689347
0.0381125,4.5E9,4.526978719953744+0.01578499233678851i,4.526978719953744,143.39502431696357
0.0381125,4.5E9,4.528639983943915+0.13054109375592335i,4.528639983943915,17.345648996978877
0.0381125,4.5E9,4.528667113731284+0.13674214655804626i,4.528667113731284,16.55914883495299
0.0381125,4.5E9,4.529305056764105+0.017275675111458215i,4.529305056764105,131.08908993547846
0.0381125,4.5E9,4.5297187828358165+0.14278282427667208i,4.5297187828358165,15.862267768490572
0.0381125,4.5E9,4.531452173198998+0.12350725881319208i,4.531452173198998,18.344881979985228
0.0381125,4.5E9,4.532220230788437+0.14564805855641366i,4.532220230788437,15.558807565680592
0.0381125,4.5E9,4.533872682298749+0.14525067413739023i,4.533872682298749,15.607062442995039
0.0381125,4.5E9,4.534632667305912+0.13624435618734476i,4.534632667305912,16.6415431589346
0.0381125,4.5E9,4.536314182119224+0.1282282293562655i,4.536314182119224,17.688438048675163
0.0381125,4.5E9,4.536476316254514+0.1324979906958673i,4.536476316254514,17.119038154576373
0.0381125,4.5E9,4.5369638278746995+0.10987817166673072i,4.5369638278746995,20.645428291415666
0.0381125,4.5E9,4.537947466911031+0.10353014224977769i,4.537947466911031,21.916068925911166
0.0381125,4.5E9,4.538072561648063+0.13023981254716516i,4.538072561648063,17.421986690915432
0.0381125,4.5E9,4.538361427504731+0.1398706344044043i,4.538361427504731,16.223424762566978
0.0381125,4.5E9,4.538521505671519+0.06349185359456197i,4.538521505671519,35.74097501273959
0.0381125,4.5E9,4.539060364265255+0.0010400203843803331i,4.539060364265255,2182.1977878682283
0.0381125,4.5E9,4.539177075286558+0.15093553524562076i,4.539177075286558,15.036807163733355
0.0381125,4.5E9,4.539822563737482+0.0010128737003920762i,4.539822563737482,2241.0605399173405
0.0381125,4.5E9,4.541679276197456+0.11949510060504945i,4.541679276197456,19.003621291589344
0.0381125,4.5E9,4.5422193002354465+0.14852882359096328i,4.5422193002354465,15.29069977940565
0.0381125,4.5E9,4.5426376024911095+0.12827122866481597i,4.5426376024911095,17.707157130152005
0.0381125,4.5E9,4.54357843247888+0.11124920864508017i,4.54357843247888,20.42072248340354
0.0381125,4.5E9,4.544567146497509+0.14257953471924073i,4.544567146497509,15.936954610794617
0.0381125,4.5E9,4.546531712645654+0.0013968767240059247i,4.546531712645654,1627.3918931110957
0.0381125,4.5E9,4.546599670026543+0.13166466727628331i,4.546599670026543,17.265830553029165
0.0381125,4.5E9,4.546635284723411+0.06302786644396267i,4.546635284723411,36.068453060883556
0.0381125,4.5E9,4.546798895642983+0.12333300641600971i,4.546798895642983,18.43301735589885
0.0381125,4.5E9,4.546886881614747+2.0453488375932966E-4i,4.546886881614747,11115.18680345241
0.0381125,4.5E9,4.546977677367328+0.1467345545708509i,4.546977677367328,15.493888575413283
0.0381125,4.5E9,4.548422502336246+0.12566021489973128i,4.548422502336246,18.098100922259253
0.0381125,4.5E9,4.548624299576892+0.14268179700862832i,4.548624299576892,15.939749831233993
0.0381125,4.5E9,4.549450298219859+0.1400089055095672i,4.549450298219859,16.24700329476178
0.0381125,4.5E9,4.550933699253043+0.11127199514828993i,4.550933699253043,20.449591531041143
0.0381125,4.5E9,4.551002977949162+0.13092551054381488i,4.551002977949162,17.38012309077896
0.0381125,4.5E9,4.552354874167099+0.0015331829414686237i,4.552354874167099,1484.609158841291
0.0381125,4.5E9,4.5540407498796505+0.11931460201478342i,4.5540407498796505,19.08417189924244
0.0381125,4.5E9,4.554183622524054+0.12832278114367687i,4.554183622524054,17.745031637932442
0.0381125,4.5E9,4.554464123457071+0.13535455078524314i,4.554464123457071,16.824200209874345
0.0381125,4.5E9,4.555033732814739+0.1470641354601639i,4.555033732814739,15.486555299706593
0.0381125,4.5E9,4.555191181135416+0.13266774417209634i,4.555191181135416,17.167666524978483
0.0381125,4.5E9,4.555818814000677+2.3510904295256834E-4i,4.555818814000677,9688.735823997598
0.0381125,4.5E9,4.556102374314531+0.11089158563842193i,4.556102374314531,20.54304818568634
0.0381125,4.5E9,4.5565317344577565+0.14259558021339874i,4.5565317344577565,15.97711418418006
0.0381125,4.5E9,4.557268807282088+0.12173752119336577i,4.557268807282088,18.717601453554327
0.0381125,4.5E9,4.55810330538114+0.12863820989356167i,4.55810330538114,17.716755033953845
0.0381125,4.5E9,4.559037694893818+3.2365047655624713E-4i,4.559037694893818,7043.149979885021
0.0381125,4.5E9,4.5592396232413535+0.13150896728331318i,4.5592396232413535,17.334329808169144
0.0381125,4.5E9,4.5593828515894+0.13436067022972534i,4.5593828515894,16.96695485291165
0.0381125,4.5E9,4.5613438367604795+0.13976650289720413i,4.5613438367604795,16.31772900590948
0.0381125,4.5E9,4.56149944063998+0.11988192142978937i,4.56149944063998,19.024968011175435
0.0381125,4.5E9,4.563937815969981+0.12566319900232872i,4.563937815969981,18.159404870336797
0.0381125,4.5E9,4.564200031421035+0.019568138939356064i,4.564200031421035,116.62325286952483
0.0381125,4.5E9,4.5664860650173225+0.12469095985646673i,4.5664860650173225,18.311215465314646
0.0381125,4.5E9,4.5666148835644975+0.06752861274193651i,4.5666148835644975,33.81244407475104
0.0381125,4.5E9,4.566650120109483+0.12172893881568476i,4.566650120109483,18.75745473729978
0.0381125,4.5E9,4.566746897821157+0.1388991542174576i,4.566746897821157,16.439073814198874
0.0381125,4.5E9,4.566756248029101+0.10077621232967272i,4.566756248029101,22.657907766416702
0.0381125,4.5E9,4.567967376419572+0.11672692776302994i,4.567967376419572,19.56689627646634
0.0381125,4.5E9,4.568042526847457+0.13966165726743374i,4.568042526847457,16.353960765696254
0.0381125,4.5E9,4.568230336745045+0.12879722001287414i,4.568230336745045,17.734196189515657
0.0381125,4.5E9,4.571940408784873+0.13557383738928228i,4.571940408784873,16.861440587748334
0.0381125,4.5E9,4.572323661011287+0.023147520117727294i,4.572323661011287,98.76487065907372
0.0381125,4.5E9,4.572892875763581+0.12587131717805514i,4.572892875763581,18.16495202514984
0.0381125,4.5E9,4.5735956796717385+0.1155001536509587i,4.5735956796717385,19.79908915746181
0.0381125,4.5E9,4.575688857104209+0.11636361773526965i,4.575688857104209,19.661166205377114
0.0381125,4.5E9,4.576532300609408+0.1281004144228316i,4.576532300609408,17.86306594412439
0.0381125,4.5E9,4.576662458980184+0.1360312861454476i,4.576662458980184,16.82209508071076
0.0381125,4.5E9,4.581113485543465+0.10965062159907939i,4.581113485543465,20.889591954588276
0.0381125,4.5E9,4.581221416515506+0.032188019635169096i,4.581221416515506,71.16345566519409
0.0381125,4.5E9,4.5815904277952315+0.12477574524550729i,4.5815904277952315,18.359298991885595
0.0381125,4.5E9,4.582650895771649+0.02166683923555379i,4.582650895771649,105.75263992017432
0.0381125,4.5E9,4.582771768312979+0.13052860643337458i,4.582771768312979,17.554664427725093
0.0381125,4.5E9,4.585027341108915+0.10628926412020062i,4.585027341108915,21.568628680709413
0.0381125,4.5E9,4.589035521736719+0.12192620992897624i,4.589035521736719,18.81890499347883
0.0381125,4.5E9,4.589044883496915+0.11439642896363024i,4.589044883496915,20.05764045727292
0.0381125,4.5E9,4.591236180963487+0.06214888243022498i,4.591236180963487,36.937399366095626
0.0381125,4.5E9,4.591434193970536+0.11792030481112499i,4.591434193970536,19.468378246327962
0.0381125,4.5E9,4.591696885275591+0.10197694893731409i,4.591696885275591,22.513405887923444
0.0381125,4.5E9,4.592460688885028+0.09841988672800346i,4.592460688885028,23.33095902445462
0.0381125,4.5E9,4.595569145839478+0.12256128794512852i,4.595569145839478,18.748045255109197
0.0381125,4.5E9,4.597236100723428+0.12146816531436715i,4.597236100723428,18.92362533354108
0.0381125,4.5E9,4.597721500570688+0.11775332019471368i,4.597721500570688,19.522683067314027
0.0381125,4.5E9,4.598045574567127+0.05497594835348631i,4.598045574567127,41.818701743919455
0.0381125,4.5E9,4.6032869599214985+0.09761323370407418i,4.6032869599214985,23.579215569668023
0.0381125,4.5E9,4.6118330155658125+0.0010613011129609472i,4.6118330155658125,2172.725986642546
0.0381125,4.5E9,4.613809433623515+0.02155697775673497i,4.613809433623515,107.0142922094457
0.0381125,4.5E9,4.61607707094077+0.10612782224416793i,4.61607707094077,21.747723515519695
0.0381125,4.5E9,4.6174743342851325+0.0010559511466925052i,4.6174743342851325,2186.405284348704
0.0381125,4.5E9,4.621154518864254+0.08647761588213215i,4.621154518864254,26.718790011295102
0.0381125,4.5E9,4.6237354320923245+0.023933496298614257i,4.6237354320923245,96.5954863928518
0.0381125,4.5E9,4.633068493383565+0.031191159071828706i,4.633068493383565,74.26893759725765
0.0381125,4.5E9,4.634588154668113+0.033971129527185444i,4.634588154668113,68.21363050291393
0.0381125,4.5E9,4.6354182281008764+0.05968697870872631i,4.6354182281008764,38.83106775031966
0.0381125,4.5E9,4.63895943684645+0.023763363103969228i,4.63895943684645,97.60738445459342
0.0381125,4.5E9,4.652332154630453+0.0016543634132544774i,4.652332154630453,1406.0792560318855
0.0381125,4.5E9,4.657159169015965+0.002449845917000873i,4.657159169015965,950.5004246792197
0.0381125,5.0E9,4.869763772614832+0.040789640405995864i,4.869763772614832,59.693634512882376
0.0381125,5.0E9,4.873276407864442+7.145355663621205E-4i,4.873276407864442,3410.1006564834224
0.0381125,5.0E9,4.874372330528094+0.020468176991592042i,4.874372330528094,119.07197041852817
0.0381125,5.0E9,4.879220044802811+0.019972122281152797i,4.879220044802811,122.15076535474678
0.0381125,5.0E9,4.879440986880987+0.029194773960939918i,4.879440986880987,83.56702801345982
0.0381125,5.0E9,4.879924066497096+0.0019937742461590374i,4.879924066497096,1223.7905259078761
0.0381125,5.0E9,4.884735763683559+0.04262227263173013i,4.884735763683559,57.30261975809239
0.0381125,5.0E9,4.88644068120231+0.029310740829215087i,4.88644068120231,83.35580307700404
0.0381125,5.0E9,4.889803229391305+0.055903792590464664i,4.889803229391305,43.73409211439925
0.0381125,5.0E9,4.89045025195458+8.833988757240433E-4i,4.89045025195458,2767.974007181249
0.0381125,5.0E9,4.89178807695762+0.002114361410580674i,4.89178807695762,1156.8003588407748
0.0381125,5.0E9,4.89227999327878+0.08505811675759245i,4.89227999327878,28.758454688229897
0.0381125,5.0E9,4.8983497356327+0.0012018473772808134i,4.8983497356327,2037.8418375864178
0.0381125,5.0E9,4.907249490919374+0.09727788426766679i,4.907249490919374,25.22284241614846
0.0381125,5.0E9,4.907514531977108+4.7158874813291933E-4i,4.907514531977108,5203.171779868148
0.0381125,5.0E9,4.908054751897906+0.03414428382985945i,4.908054751897906,71.87227555210532
0.0381125,5.0E9,4.910296189735035+0.10114822430947899i,4.910296189735035,24.272775045023067
0.0381125,5.0E9,4.916427783919771+0.03624420577487509i,4.916427783919771,67.8236379968891
0.0381125,5.0E9,4.918161308154816+0.09818433671370178i,4.918161308154816,25.04554938582418
0.0381125,5.0E9,4.919794626408402+0.07515957053830172i,4.919794626408402,32.728996395084835
0.0381125,5.0E9,4.920651976083735+0.09223596750950543i,4.920651976083735,26.67425793292966
0.0381125,5.0E9,4.925502641052577+0.1049694043663536i,4.925502641052577,23.4616108893125
0.0381125,5.0E9,4.926268125025038+0.10553103489572198i,4.926268125025038,23.340376268899544
0.0381125,5.0E9,4.9267042660323135+0.11605379480427719i,4.9267042660323135,21.22595075129219
0.0381125,5.0E9,4.927096765456105+0.0629657921452444i,4.927096765456105,39.125186848207015
0.0381125,5.0E9,4.92795503612276+0.014260318095078014i,4.92795503612276,172.78559297438312
0.0381125,5.0E9,4.9291058394477085+0.0991270855282266i,4.9291058394477085,24.862558064637827
0.0381125,5.0E9,4.9313853594506005+0.11079600901175021i,4.9313853594506005,22.254345636798227
0.0381125,5.0E9,4.932192732370097+6.488900781374214E-4i,4.932192732370097,3800.4840099632106
0.0381125,5.0E9,4.933772092274502+0.1147128882130563i,4.933772092274502,21.50487259596762
0.0381125,5.0E9,4.934224893260807+0.10331761830857863i,4.934224893260807,23.878913267840545
0.0381125,5.0E9,4.935251434538141+0.04096557314873518i,4.935251434538141,60.23657250710915
0.0381125,5.0E9,4.937041971661501+0.1171109910426053i,4.937041971661501,21.078474051446594
0.0381125,5.0E9,4.937560032652221+0.015566846229726835i,4.937560032652221,158.59217595479726
0.0381125,5.0E9,4.937992561519995+0.1219749352842814i,4.937992561519995,20.241833086491262
0.0381125,5.0E9,4.93971602044619+0.09147867848235021i,4.93971602044619,26.99927514475001
0.0381125,5.0E9,4.939800218976463+0.10556968325626474i,4.939800218976463,23.395922326419047
0.0381125,5.0E9,4.941623398195304+0.11644373839050197i,4.941623398195304,21.21893141915126
0.0381125,5.0E9,4.9419166962324335+0.006853324181194372i,4.9419166962324335,360.54887858603934
0.0381125,5.0E9,4.942502933696339+0.11458955103345149i,4.942502933696339,21.566115274565924
0.0381125,5.0E9,4.944827119004605+0.1115383906569773i,4.944827119004605,22.166480482096155
0.0381125,5.0E9,4.94573513222356+0.06804047842135028i,4.94573513222356,36.344064937318606
0.0381125,5.0E9,4.945921068415589+0.08535047879058585i,4.945921068415589,28.974184670661295
0.0381125,5.0E9,4.947098942689239+0.12362854098592757i,4.947098942689239,20.007916065483453
0.0381125,5.0E9,4.947120294773385+0.09694165910932022i,4.947120294773385,25.515966717644908
0.0381125,5.0E9,4.947821738414074+0.006397715339289642i,4.947821738414074,386.6866120182401
0.0381125,5.0E9,4.948426045802655+0.10664814853855435i,4.948426045802655,23.199774743458168
0.0381125,5.0E9,4.950311375357424+0.0989461811041629i,4.950311375357424,25.015171480676546
0.0381125,5.0E9,4.950381926429197+0.12333358967616294i,4.950381926429197,20.069074205281048
0.0381125,5.0E9,4.95066693574631+0.11689984460581822i,4.95066693574631,21.17482256901097
0.0381125,5.0E9,4.951257232112268+6.065812632769258E-4i,4.951257232112268,4081.281051580919
0.0381125,5.0E9,4.952674063422207+0.04186938830530324i,4.952674063422207,59.144332696101195
0.0381125,5.0E9,4.953083327242294+0.1138515706268512i,4.953083327242294,21.752371530631034
0.0381125,5.0E9,4.953538351062164+0.1188641459984848i,4.953538351062164,20.836974469682847
0.0381125,5.0E9,4.956513635006546+0.1028776210034436i,4.956513635006546,24.089367476920167
0.0381125,5.0E9,4.956833973179156+0.10481590878729703i,4.956833973179156,23.645427638461168
0.0381125,5.0E9,4.958124697863552+0.1233226169383471i,4.958124697863552,20.102252210323577
0.0381125,5.0E9,4.958651844495999+0.0618126846304666i,4.958651844495999,40.11030967300803
0.0381125,5.0E9,4.959538599431781+0.1185766247732921i,4.959538599431781,20.91280051575922
0.0381125,5.0E9,4.960954620552478+0.1298700146059921i,4.960954620552478,19.099692240750638
0.0381125,5.0E9,4.962915629846254+0.11092713358979218i,4.962915629846254,22.370160794919137
0.0381125,5.0E9,4.963044455452025+0.10465736792626026i,4.963044455452025,23.710917605671582
0.0381125,5.0E9,4.964011258760255+0.12296011802063664i,4.964011258760255,20.18545256246068
0.0381125,5.0E9,4.964821621210032+0.07928087531163082i,4.964821621210032,31.311596912210632
0.0381125,5.0E9,4.965488696015875+0.11776808092198089i,4.965488696015875,21.08164053087278
0.0381125,5.0E9,4.965710944133723+0.1251757741002713i,4.965710944133723,19.83495200978733
0.0381125,5.0E9,4.96591631898102+0.13121560224838996i,4.96591631898102,18.922735688018967
0.0381125,5.0E9,4.968133734131545+0.11214160562389344i,4.968133734131545,22.151161946057467
0.0381125,5.0E9,4.968285064188656+0.10253377930744204i,4.968285064188656,24.22755260630509
0.0381125,5.0E9,4.969198722153154+0.11429853050271245i,4.969198722153154,21.73780669050346
0.0381125,5.0E9,4.969644947510096+0.0964963451751608i,4.969644947510096,25.75043095409035
0.0381125,5.0E9,4.970964278460907+0.09338806153956147i,4.970964278460907,26.614559701269123
0.0381125,5.0E9,4.971279976778796+0.13070193712160516i,4.971279976778796,19.01762164455724
0.0381125,5.0E9,4.972082900532131+0.11953519170653153i,4.972082900532131,20.797569441888676
0.0381125,5.0E9,4.972450995795595+0.0011398588614540618i,4.972450995795595,2181.1696008804474
0.0381125,5.0E9,4.974541153065759+0.12773909666798716i,4.974541153065759,19.471490259537877
0.0381125,5.0E9,4.975764275126396+0.11495524296256646i,4.975764275126396,21.642180673510836
0.0381125,5.0E9,4.976668489894134+0.09101414098410274i,4.976668489894134,27.340083837979634
0.0381125,5.0E9,4.9767517053365085+0.11006523720768029i,4.9767517053365085,22.608190522253437
0.0381125,5.0E9,4.976873873810636+0.11955888468049279i,4.976873873810636,20.81348402969278
0.0381125,5.0E9,4.9774423510172925+0.13545826841538047i,4.9774423510172925,18.372604379357817
0.0381125,5.0E9,4.977892300619262+0.0011617002147136146i,4.977892300619262,2142.50296142298
0.0381125,5.0E9,4.978931884619829+0.11749172053805833i,4.978931884619829,21.188437201441083
0.0381125,5.0E9,4.979622854061767+0.0025323421341648792i,4.979622854061767,983.2049917109556
0.0381125,5.0E9,4.980078067857456+0.1340635280640143i,4.980078067857456,18.57357530334241
0.0381125,5.0E9,4.980231783515355+0.10303914127092116i,4.980231783515355,24.166698800511227
0.0381125,5.0E9,4.980950793603075+0.1363078964988283i,4.980950793603075,18.270954660524346
0.0381125,5.0E9,4.981133764508558+0.12764606270195755i,4.981133764508558,19.51150571772461
0.0381125,5.0E9,4.982385052802512+0.12641599687619173i,4.982385052802512,19.70630765061371
0.0381125,5.0E9,4.983652734124114+0.0010099077988671371i,4.983652734124114,2467.3800616821254
0.0381125,5.0E9,4.984180519364169+0.056411832160371336i,4.984180519364169,44.17672967255172
0.0381125,5.0E9,4.9844278950246474+0.11534849999137452i,4.9844278950246474,21.6059502091374
0.0381125,5.0E9,4.984928154356202+0.13283821267337384i,4.984928154356202,18.763155774360182
0.0381125,5.0E9,4.985082062012437+0.12147708016905803i,4.985082062012437,20.518611638816004
0.0381125,5.0E9,4.986674584864293+0.10038418506934588i,4.986674584864293,24.837949231841016
0.0381125,5.0E9,4.987040995729898+0.12391820380326203i,4.987040995729898,20.12230988938293
0.0381125,5.0E9,4.988343546226435+0.12221367377466717i,4.988343546226435,20.408287355078407
0.0381125,5.0E9,4.988564244744502+0.10534724818215595i,4.988564244744502,23.676765795148132
0.0381125,5.0E9,4.988954832377004+0.11593001032545434i,4.988954832377004,21.517098197314645
0.0381125,5.0E9,4.989231748121879+0.10840932893672355i,4.989231748121879,23.011081228230818
0.0381125,5.0E9,4.990895273430443+0.1348483649859785i,4.990895273430443,18.505583193201474
0.0381125,5.0E9,4.991687671000966+0.12237439467625646i,4.991687671000966,20.395147547845117
0.0381125,5.0E9,4.991936056511624+0.11169633615327977i,4.991936056511624,22.346015224981237
0.0381125,5.0E9,4.99236561456153+0.12661646569064222i,4.99236561456153,19.71451970061781
0.0381125,5.0E9,4.994284574210761+0.126258868473353i,4.994284574210761,19.777955539276864
0.0381125,5.0E9,4.994298330115936+0.061217927546717066i,4.994298330115936,40.79114182936568
0.0381125,5.0E9,4.995845673264341+0.10746279860301998i,4.995845673264341,23.244535496044424
0.0381125,5.0E9,4.996374720298139+0.13201943422818932i,4.996374720298139,18.92287582319942
0.0381125,5.0E9,4.996439038215286+4.801866719071755E-4i,4.996439038215286,5202.600707731787
0.0381125,5.0E9,4.997379428658065+0.1345577259595213i,4.997379428658065,18.56964879951009
0.0381125,5.0E9,4.998487926361976+0.10088994929876079i,4.998487926361976,24.771981555666077
0.0381125,5.0E9,4.998838849262463+0.12157939349927882i,4.998838849262463,20.557919830765215
0.0381125,5.0E9,5.001141847074139+0.13364868309046077i,5.001141847074139,18.710030399959468
0.0381125,5.0E9,5.001187418078055+0.12882444906660673i,5.001187418078055,19.410862822678425
0.0381125,5.0E9,5.002357976454547+0.12274824132709071i,5.002357976454547,20.376495509718232
0.0381125,5.0E9,5.0044604529031504+0.11405448537137927i,5.0044604529031504,21.938902431622235
0.0381125,5.0E9,5.005079701048402+0.015767762995526804i,5.005079701048402,158.71242174518687
0.0381125,5.0E9,5.005216660869665+0.12520891768343256i,5.005216660869665,19.98746077146207
0.0381125,5.0E9,5.005264843498003+0.11847367561262495i,5.005264843498003,21.123953560214456
0.0381125,5.0E9,5.005655412734392+7.266538602406762E-4i,5.005655412734392,3444.3190125464007
0.0381125,5.0E9,5.0065150285529505+0.10598130833635157i,5.0065150285529505,23.619801959152248
0.0381125,5.0E9,5.006550352418353+0.1158508792637613i,5.006550352418353,21.60773566948847
0.0381125,5.0E9,5.00755919982241+0.13736556490731627i,5.00755919982241,18.22712702124847
0.0381125,5.0E9,5.007642765743781+0.13150610712578623i,5.007642765743781,19.039582553203964
0.0381125,5.0E9,5.008876977451765+8.535587431285595E-4i,5.008876977451765,2934.113801642208
0.0381125,5.0E9,5.008961561224096+0.12306112292367231i,5.008961561224096,20.351518994064698
0.0381125,5.0E9,5.010369454759304+0.11300972809592019i,5.010369454759304,22.167867931274955
0.0381125,5.0E9,5.0109635946559195+0.014679744593892458i,5.0109635946559195,170.67611642033413
0.0381125,5.0E9,5.011427042349011+0.10181152475592496i,5.011427042349011,24.61129550099076
0.0381125,5.0E9,5.011489028459146+0.135159018103729i,5.011489028459146,18.539232893113482
0.0381125,5.0E9,5.012108780333749+0.0019306577324310706i,5.012108780333749,1298.031415962719
0.0381125,5.0E9,5.012665979888893+0.12864954771299664i,5.012665979888893,19.481863982419952
0.0381125,5.0E9,5.012906291448571+0.11764001657209137i,5.012906291448571,21.30612710504251
0.0381125,5.0E9,5.012947980039051+0.03058676177644476i,5.012947980039051,81.94636648165195
0.0381125,5.0E9,5.012989746834159+0.10625846995530769i,5.012989746834159,23.588659562586507
0.0381125,5.0E9,5.013722044147079+0.09740923787949478i,5.013722044147079,25.735351971183512
0.0381125,5.0E9,5.013926791460942+0.03438070483638323i,5.013926791460942,72.91774289273697
0.0381125,5.0E9,5.014217946095858+0.12099119916840179i,5.014217946095858,20.721416022651415
0.0381125,5.0E9,5.0168238449542315+0.09462824679763591i,5.0168238449542315,26.508067171966065
0.0381125,5.0E9,5.01760660977407+0.12981518260140457i,5.01760660977407,19.325962145662693
0.0381125,5.0E9,5.018616547285138+0.13138017757194825i,5.018616547285138,19.099595692572315
0.0381125,5.0E9,5.01914041632961+0.11489149398567984i,5.01914041632961,21.842959135665865
0.0381125,5.0E9,5.020445568999888+0.1035138519597638i,5.020445568999888,24.250114713880766
0.0381125,5.0E9,5.020919403284218+0.018210956237465353i,5.020919403284218,137.85435915096798
0.0381125,5.0E9,5.02105012737598+0.029350536223724775i,5.02105012737598,85.53591813626456
0.0381125,5.0E9,5.021139798787123+0.1279054303951093i,5.021139798787123,19.628329240112997
0.0381125,5.0E9,5.0222149260380045+0.08197602166442852i,5.0222149260380045,30.632219178655692
0.0381125,5.0E9,5.022455931987115+0.13144327867973976i,5.022455931987115,19.105031396182223
0.0381125,5.0E9,5.023147239300315+0.11720078910373476i,5.023147239300315,21.429664756157543
0.0381125,5.0E9,5.023272992976314+0.12173962006707494i,5.023272992976314,20.631216814249292
0.0381125,5.0E9,5.023561650007404+0.11150990037790125i,5.023561650007404,22.525182216927895
0.0381125,5.0E9,5.023641821382544+0.005505541743389535i,5.023641821382544,456.23501333128524
0.0381125,5.0E9,5.02394903257627+0.1063212370564715i,5.02394903257627,23.626272472299434
0.0381125,5.0E9,5.026435067878267+0.13336572374363848i,5.026435067878267,18.84455363336199
0.0381125,5.0E9,5.026754655611511+0.12463586966766733i,5.026754655611511,20.165762348411395
0.0381125,5.0E9,5.026789690967357+0.09755432969094846i,5.026789690967357,25.764052230650332
0.0381125,5.0E9,5.027955124309682+0.10811837847498312i,5.027955124309682,23.252083481223643
0.0381125,5.0E9,5.028377693049385+0.11425905573264171i,5.028377693049385,22.004285178128203
0.0381125,5.0E9,5.028814123047663+0.12201137358807032i,5.028814123047663,20.60797274533493
0.0381125,5.0E9,5.029703972499104+0.1331970996419426i,5.029703972499104,18.880681283675994
0.0381125,5.0E9,5.029709631711784+0.023075188257802866i,5.029709631711784,108.98523503943656
0.0381125,5.0E9,5.029894686869553+0.11684070528770853i,5.029894686869553,21.524582013108965
0.0381125,5.0E9,5.031834904864244+0.10553032002736883i,5.031834904864244,23.840707123598506
0.0381125,5.0E9,5.032159182578759+0.04722902622682414i,5.032159182578759,53.27400948741877
0.0381125,5.0E9,5.032185534710614+0.003947351408139558i,5.032185534710614,637.4129149401413
0.0381125,5.0E9,5.032332654318715+0.010952299680114186i,5.032332654318715,229.73863030135098
0.0381125,5.0E9,5.0325404873043285+0.12375901603443241i,5.0325404873043285,20.332015591915205
0.0381125,5.0E9,5.033310367099287+0.13350454427166847i,5.033310367099287,18.850708021058075
0.0381125,5.0E9,5.034672564979031+0.0818872557371453i,5.034672564979031,30.74149035559405
0.0381125,5.0E9,5.034695522212911+0.12374219276195081i,5.034695522212911,20.343487576215868
0.0381125,5.0E9,5.035598734440758+0.09982620453449417i,5.035598734440758,25.221828065699654
0.0381125,5.0E9,5.035763243294356+0.09233320732628103i,5.035763243294356,27.269513261351936
0.0381125,5.0E9,5.036059195602743+0.008470113743531245i,5.036059195602743,297.2840358518714
0.0381125,5.0E9,5.037065102716344+0.11527112031734056i,5.037065102716344,21.848773087523313
0.0381125,5.0E9,5.037255844807617+0.10829865742654675i,5.037255844807617,23.256317134975202
0.0381125,5.0E9,5.0378104984640375+0.13024227289004378i,5.0378104984640375,19.340151191607266
0.0381125,5.0E9,5.0378324773786+0.12353444660691265i,5.0378324773786,20.39039561738198
0.0381125,5.0E9,5.03840202285917+0.10272081815141904i,5.03840202285917,24.52473662851938
0.0381125,5.0E9,5.040345331253295+0.1143228302022836i,5.040345331253295,22.04435160647647
0.0381125,5.0E9,5.042121483081225+0.13111698013158374i,5.042121483081225,19.22756868721791
0.0381125,5.0E9,5.0434183514296675+0.10785188635786078i,5.0434183514296675,23.38122457448366
0.0381125,5.0E9,5.043574738453374+0.11143277948240254i,5.043574738453374,22.630570474327325
0.0381125,5.0E9,5.044474837189072+0.12767788654328846i,5.044474837189072,19.75469274187418
0.0381125,5.0E9,5.046833578720398+0.12098496086246242i,5.046833578720398,20.857276568687396
0.0381125,5.0E9,5.048641468429701+0.11842950058961012i,5.048641468429701,21.31496562636278
0.0381125,5.0E9,5.0493863785717785+0.019186570308715345i,5.0493863785717785,131.5864768253588
0.0381125,5.0E9,5.050077010337125+0.09625577412994121i,5.050077010337125,26.232592569042847
0.0381125,5.0E9,5.050585150851628+0.10155074025876883i,5.050585150851628,24.867298544460944
0.0381125,5.0E9,5.053115913286457+0.12583406164388758i,5.053115913286457,20.078490065698016
0.0381125,5.0E9,5.054003976339436+0.10727006949699953i,5.054003976339436,23.557381849560574
0.0381125,5.0E9,5.05473047685972+0.11483866294217208i,5.05473047685972,22.007964684354906
0.0381125,5.0E9,5.054751520581057+0.1153400725881128i,5.054751520581057,21.912382258644474
0.0381125,5.0E9,5.054888319335527+0.09998065837750736i,5.054888319335527,25.279331029454017
0.0381125,5.0E9,5.055555477729828+0.08729063306377448i,5.055555477729828,28.958178559870472
0.0381125,5.0E9,5.05579884029753+0.12285058070747175i,5.05579884029753,20.57702459028766
0.0381125,5.0E9,5.057025474503095+0.022884619587929648i,5.057025474503095,110.48961192193887
0.0381125,5.0E9,5.058073249073343+0.0022024548176520003i,5.058073249073343,1148.2808202316878
0.0381125,5.0E9,5.059592161713007+0.09731227606910813i,5.059592161713007,25.996679792587752
0.0381125,5.0E9,5.0611053174880105+0.11233535577898617i,5.0611053174880105,22.526769432437042
0.0381125,5.0E9,5.061555185797998+0.024420731429327148i,5.061555185797998,103.63234206243953
0.0381125,5.0E9,5.062125781871898+0.10811947889693369i,5.062125781871898,23.409869495844667
0.0381125,5.0E9,5.062213223089805+0.09146907064221632i,5.062213223089805,27.67172109406679
0.0381125,5.0E9,5.062474501145761+0.1018569776572741i,5.062474501145761,24.850896902615023
0.0381125,5.0E9,5.064365760781103+0.027229238018743874i,5.064365760781103,92.9949959909809
0.0381125,5.0E9,5.0657719305048134+0.10410942080819394i,5.0657719305048134,24.329075559058875
0.0381125,5.0E9,5.066545738304622+0.11547737358524944i,5.066545738304622,21.937395963393296
0.0381125,5.0E9,5.06659647311879+0.0014658998748220341i,5.06659647311879,1728.1522974868576
0.0381125,5.0E9,5.068072976560007+0.11820198930974242i,5.068072976560007,21.43818816483441
0.0381125,5.0E9,5.072264730667973+0.11680556994063371i,5.072264730667973,21.712426613071386
0.0381125,5.0E9,5.072341216758513+0.04757952905448526i,5.072341216758513,53.30381907469038
0.0381125,5.0E9,5.072638749114339+0.0014950402897354047i,5.072638749114339,1696.4889789064164
0.0381125,5.0E9,5.073700308880469+0.11513222429355684i,5.073700308880469,22.034232118819624
0.0381125,5.0E9,5.073734532885762+0.09077662112089453i,5.073734532885762,27.94626232082742
0.0381125,5.0E9,5.073827521451194+0.08411927319005172i,5.073827521451194,30.158531624422338
0.0381125,5.0E9,5.073957141678317+0.025401598790832654i,5.073957141678317,99.87475952713437
0.0381125,5.0E9,5.074235404212015+0.10966372565569917i,5.074235404212015,23.13543231306545
0.0381125,5.0E9,5.076631575476835+0.10608437654248767i,5.076631575476835,23.92732907961995
0.0381125,5.0E9,5.078558050302657+0.02477158405592836i,5.078558050302657,102.50773706753026
0.0381125,5.0E9,5.078928174542239+0.10030650178355748i,5.078928174542239,25.31704368228097
0.0381125,5.0E9,5.079359094152699+0.1078413563346028i,5.079359094152699,23.550144706974983
0.0381125,5.0E9,5.0794664984745515+0.09307602255209035i,5.0794664984745515,27.286654281084093
0.0381125,5.0E9,5.083270962990155+0.09488923496045888i,5.083270962990155,26.785287947091128
0.0381125,5.0E9,5.0845415877313265+0.10828055637854563i,5.0845415877313265,23.478553111400352
0.0381125,5.0E9,5.085689553449401+0.0977480375361681i,5.085689553449401,26.014279578593207
0.0381125,5.0E9,5.086877318689507+0.0016036482084148232i,5.086877318689507,1586.0328007093874
0.0381125,5.0E9,5.087116456433298+0.1006518978411287i,5.087116456433298,25.27084220738153
0.0381125,5.0E9,5.0880011180557+0.09008361057213528i,5.0880011180557,28.24043733227942
0.0381125,5.0E9,5.090352833670528+0.03113579917136651i,5.090352833670528,81.7443741471679
0.0381125,5.0E9,5.091222815730635+0.07623859137140693i,5.091222815730635,33.390063510801454
0.0381125,5.0E9,5.094113161775392+6.544744205094349E-4i,5.094113161775392,3891.7587931169232
0.0381125,5.0E9,5.096927822935835+0.09728156797452622i,5.096927822935835,26.196780793410408
0.0381125,5.0E9,5.0981244116415345+0.09083170522319299i,5.0981244116415345,28.063573171473266
0.0381125,5.0E9,5.102453185482962+0.0010208494505538257i,5.102453185482962,2499.121287039341
0.0381125,5.0E9,5.105445036928669+0.025431100215609983i,5.105445036928669,100.37798195209169
0.0381125,5.0E9,5.105521493836594+0.07246934563562797i,5.105521493836594,35.22538701747691
0.0381125,5.0E9,5.110467899957113+0.0017424052836178515i,5.110467899957113,1466.4980495657042
0.0381125,5.0E9,5.1214382136199355+0.03232596715384351i,5.1214382136199355,79.21554503298138
0.0381125,5.0E9,5.121855646651206+0.03724724837570954i,5.121855646651206,68.75481908069455
0.0381125,5.0E9,5.126458809817686+0.047421091591009004i,5.126458809817686,54.05251796006377
0.0381125,5.0E9,5.127896234135411+0.0011889293556857233i,5.127896234135411,2156.5184716874373
0.0381125,5.5E9,5.383879863705231+0.01260184405512608i,5.383879863705231,213.61476305188918
0.0381125,5.5E9,5.384623405696332+0.0036338153308303877i,5.384623405696332,740.9049326215837
0.0381125,5.5E9,5.387135943263278+0.00281387280083672i,5.387135943263278,957.2458182298404
0.0381125,5.5E9,5.390153161628391+0.010822618104391783i,5.390153161628391,249.02260754452223
0.0381125,5.5E9,5.39499975084703+0.005444223001948255i,5.39499975084703,495.4793134774596
0.0381125,5.5E9,5.398115980646988+0.005121646706571971i,5.398115980646988,526.9902718709843
0.0381125,5.5E9,5.398819682665178+0.0702353122912425i,5.398819682665178,38.4337985163223
0.0381125,5.5E9,5.406808516958764+0.023546051766079896i,5.406808516958764,114.81348488216045
0.0381125,5.5E9,5.410034689935527+0.001966397801942069i,5.410034689935527,1375.6206105886677
0.0381125,5.5E9,5.411669748125383+0.07377698895802155i,5.411669748125383,36.67586482286892
0.0381125,5.5E9,5.416129472954285+0.001240214805432944i,5.416129472954285,2183.544918681881
0.0381125,5.5E9,5.416223182668607+0.08178268317091758i,5.416223182668607,33.11350870788408
0.0381125,5.5E9,5.4172464098856965+0.053651412981252485i,5.4172464098856965,50.48558937095147
0.0381125,5.5E9,5.417294999657947+0.03089300791033861i,5.417294999657947,87.67833510062648
0.0381125,5.5E9,5.4182445313876375+0.0021598718076840016i,5.4182445313876375,1254.297711584453
0.0381125,5.5E9,5.419451682543713+0.0018925584462338083i,5.419451682543713,1431.7792122426717
0.0381125,5.5E9,5.419921487356494+0.09413169627011686i,5.419921487356494,28.78903547963104
0.0381125,5.5E9,5.4232467503994055+0.001243398311234654i,5.4232467503994055,2180.816356833515
0.0381125,5.5E9,5.426384860357139+0.0912007980363444i,5.426384860357139,29.749656676220486
0.0381125,5.5E9,5.429316401007472+0.07404663267409688i,5.429316401007472,36.66146727362773
0.0381125,5.5E9,5.430892461270885+0.09904451206411768i,5.430892461270885,27.416422919803622
0.0381125,5.5E9,5.432281918419946+0.0871693479721812i,5.432281918419946,31.15935844876101
0.0381125,5.5E9,5.433385736887601+0.09922522109485897i,5.433385736887601,27.379055833462463
0.0381125,5.5E9,5.43387629091412+0.001961638446460217i,5.43387629091412,1385.0351222264144
0.0381125,5.5E9,5.435047178105269+0.09398900273675136i,5.435047178105269,28.913208034178183
0.0381125,5.5E9,5.4363559853697705+0.10381787930625205i,5.4363559853697705,26.182176045674563
0.0381125,5.5E9,5.438588559125297+0.05588819085963078i,5.438588559125297,48.65597253617404
0.0381125,5.5E9,5.438687855763489+0.07577472148580242i,5.438687855763489,35.88721772327802
0.0381125,5.5E9,5.43976824636954+0.0035208346637386812i,5.43976824636954,772.5111750338758
0.0381125,5.5E9,5.440710406349087+0.08759395916126514i,5.440710406349087,31.056424772012242
0.0381125,5.5E9,5.442720673367387+0.10106157036207615i,5.442720673367387,26.92774639196481
0.0381125,5.5E9,5.444019781278344+0.10246576266698294i,5.444019781278344,26.565067392176577
0.0381125,5.5E9,5.444046192644269+0.09425624927926571i,5.444046192644269,28.87896682857843
0.0381125,5.5E9,5.446965633739707+0.09952229401649171i,5.446965633739707,27.365555062653087
0.0381125,5.5E9,5.447699868016946+0.10761246553998198i,5.447699868016946,25.311658090358154
0.0381125,5.5E9,5.447996175399591+0.053477631769060396i,5.447996175399591,50.93714881510087
0.0381125,5.5E9,5.4493580408349125+0.10255579363450142i,5.4493580408349125,26.56777275916697
0.0381125,5.5E9,5.449395487442213+0.06480862365929885i,5.449395487442213,42.042209660938575
0.0381125,5.5E9,5.449593495756606+0.09499553516049747i,5.449593495756606,28.683419102536625
0.0381125,5.5E9,5.45559545584466+0.09564666044383544i,5.45559545584466,28.519529226262087
0.0381125,5.5E9,5.456177567097703+0.10923564634643032i,5.456177567097703,24.974345598660907
0.0381125,5.5E9,5.456593855523197+0.10657119060882951i,5.456593855523197,25.600698576933762
0.0381125,5.5E9,5.456825497877009+0.11444861258508364i,5.456825497877009,23.839631493218334
0.0381125,5.5E9,5.457182949831032+0.10117584416758062i,5.457182949831032,26.968803644435795
0.0381125,5.5E9,5.458712413124455+0.10712938162874545i,5.458712413124455,25.477195565458896
0.0381125,5.5E9,5.459254365252122+0.07263463732133034i,5.459254365252122,37.580241098339755
0.0381125,5.5E9,5.460228902414435+0.09920884042175125i,5.460228902414435,27.5188626295913
0.0381125,5.5E9,5.4608678146400385+0.04463455164128419i,5.4608678146400385,61.173100365469736
0.0381125,5.5E9,5.463484132000059+0.09779524175736588i,5.463484132000059,27.933281997273415
0.0381125,5.5E9,5.463827105192706+0.10287374132621081i,5.463827105192706,26.555985204557725
0.0381125,5.5E9,5.46403341474496+0.10597464586222977i,5.46403341474496,25.779908818229824
0.0381125,5.5E9,5.4649211383762974+0.048273874158243905i,5.4649211383762974,56.60329975238825
0.0381125,5.5E9,5.465086243176126+0.0015357797075945718i,5.465086243176126,1779.254607985368
0.0381125,5.5E9,5.465436256858487+0.09167449726279535i,5.465436256858487,29.808924074004974
0.0381125,5.5E9,5.467133575542814+0.11404796871708221i,5.467133575542814,23.968570580617193
0.0381125,5.5E9,5.467820268942751+0.1085512429004855i,5.467820268942751,25.18543373084813
0.0381125,5.5E9,5.468613758488721+0.09450776292854074i,5.468613758488721,28.932087635084812
0.0381125,5.5E9,5.4688754518528215+0.087274274323256i,5.4688754518528215,31.33154354052033
0.0381125,5.5E9,5.470637205812713+0.10321355977203203i,5.470637205812713,26.50154310100203
0.0381125,5.5E9,5.471877223363418+0.11558155743060582i,5.471877223363418,23.67106545803679
0.0381125,5.5E9,5.472025025534211+0.09848231131393552i,5.472025025534211,27.78176584468476
0.0381125,5.5E9,5.472346981534502+0.11805951125418486i,5.472346981534502,23.176222412747464
0.0381125,5.5E9,5.472398165064501+0.10673718093370346i,5.472398165064501,25.634919890115487
0.0381125,5.5E9,5.472590856540509+0.08349022990294294i,5.472590856540509,32.77383990259922
0.0381125,5.5E9,5.472786353332812+0.025737713958918267i,5.472786353332812,106.31842365775572
0.0381125,5.5E9,5.4743274636508215+0.005835332682219612i,5.4743274636508215,469.06729759652086
0.0381125,5.5E9,5.4744092306385275+0.11249169603371793i,5.4744092306385275,24.33250374764393
0.0381125,5.5E9,5.474586963869262+0.10272690290744577i,5.474586963869262,26.64631566280997
0.0381125,5.5E9,5.476044464999041+0.09331380480127334i,5.476044464999041,29.34209186229815
0.0381125,5.5E9,5.476441667143735+0.05226965240099573i,5.476441667143735,52.38643663755654
0.0381125,5.5E9,5.476776578591903+0.11620870162310133i,5.476776578591903,23.564399662405165
0.0381125,5.5E9,5.477180083540778+0.10348803686156932i,5.477180083540778,26.462865900467907
0.0381125,5.5E9,5.477859420383476+0.08471752572175184i,5.477859420383476,32.330142870172345
0.0381125,5.5E9,5.478118735613066+0.11294705053189841i,5.478118735613066,24.25082686894042
0.0381125,5.5E9,5.47917629006317+0.09064191702124816i,5.47917629006317,30.224296165198876
0.0381125,5.5E9,5.479628604681849+0.09790657407710614i,5.479628604681849,27.98396663520459
0.0381125,5.5E9,5.48006645214297+0.1011334812380866i,5.48006645214297,27.093235519312827
0.0381125,5.5E9,5.4815555561551355+0.0778585821089561i,5.4815555561551355,35.20199962339534
0.0381125,5.5E9,5.481600455879507+0.007515105894299364i,5.481600455879507,364.70547008776106
0.0381125,5.5E9,5.482101949935112+0.11665902544317724i,5.482101949935112,23.496261558456773
0.0381125,5.5E9,5.482217901109206+0.07370010118184653i,5.482217901109206,37.192743382959975
0.0381125,5.5E9,5.482675969265768+0.0015727356125450718i,5.482675969265768,1743.038030528683
0.0381125,5.5E9,5.4831371845463295+0.10897182575928635i,5.4831371845463295,25.158508386646304
0.0381125,5.5E9,5.483347808475713+0.10501416996713947i,5.483347808475713,26.107656758090528
0.0381125,5.5E9,5.48395710169449+0.10205056741761671i,5.48395710169449,26.86882219504352
0.0381125,5.5E9,5.484252035712073+0.09362044315734226i,5.484252035712073,29.289820955531155
0.0381125,5.5E9,5.485101251036828+0.12146148315951152i,5.485101251036828,22.579591111337816
0.0381125,5.5E9,5.486214628168865+0.0023789139362753375i,5.486214628168865,1153.092288146965
0.0381125,5.5E9,5.487774983153395+0.042226832237794824i,5.487774983153395,64.97971422826268
0.0381125,5.5E9,5.487784517255309+0.12175281906783932i,5.487784517255309,22.536580915623716
0.0381125,5.5E9,5.487985837060691+0.11651489478040733i,5.487985837060691,23.5505762907127
0.0381125,5.5E9,5.489562362473335+0.10215272782758558i,5.489562362473335,26.869387040445336
0.0381125,5.5E9,5.489793296143987+0.0020254486699700985i,5.489793296143987,1355.2042511709349
0.0381125,5.5E9,5.4903393236934654+0.11962382840339456i,5.4903393236934654,22.94835149891285
0.0381125,5.5E9,5.490377983343348+0.10985805604452217i,5.490377983343348,24.988508722192673
0.0381125,5.5E9,5.490623821955716+0.10401921479834439i,5.490623821955716,26.3923537233003
0.0381125,5.5E9,5.490995802169795+0.12079629686828117i,5.490995802169795,22.728328369855962
0.0381125,5.5E9,5.491079236395071+0.09359743285148107i,5.491079236395071,29.33349275245737
0.0381125,5.5E9,5.491178631498304+0.10088411357697764i,5.491178631498304,27.21527917925535
0.0381125,5.5E9,5.4915653634366315+0.11625208325449868i,5.4915653634366315,23.619212704405967
0.0381125,5.5E9,5.492354900132851+0.0031341782116840653i,5.492354900132851,876.2033504759903
0.0381125,5.5E9,5.493283492814427+0.036005774864572945i,5.493283492814427,76.2833672303414
0.0381125,5.5E9,5.4936294718213565+0.11411336819047414i,5.4936294718213565,24.07092858152945
0.0381125,5.5E9,5.493807968139971+0.020690002534952748i,5.493807968139971,132.76479688339774
0.0381125,5.5E9,5.494779170757223+0.08706982132634249i,5.494779170757223,31.55386727028236
0.0381125,5.5E9,5.4953798019258615+0.09704070701166079i,5.4953798019258615,28.314817416084548
0.0381125,5.5E9,5.495508556595137+0.10347584547846028i,5.495508556595137,26.554547736162696
0.0381125,5.5E9,5.495706907646947+0.11674741003791005i,5.495706907646947,23.536740154931014
0.0381125,5.5E9,5.496132073501634+0.10512454367484612i,5.496132073501634,26.14105080209129
0.0381125,5.5E9,5.497390801792241+0.05166396517076711i,5.497390801792241,53.203337990236335
0.0381125,5.5E9,5.497439792561743+0.02274602554768244i,5.497439792561743,120.843964169421
0.0381125,5.5E9,5.4979391556278845+0.11590508004607691i,5.4979391556278845,23.717420985526402
0.0381125,5.5E9,5.498105064398292+0.12246309122332555i,5.498105064398292,22.44800865908188
0.0381125,5.5E9,5.498798575975312+0.03221201770036872i,5.498798575975312,85.35321548504503
0.0381125,5.5E9,5.4992699779280905+0.08145037869454204i,5.4992699779280905,33.75840644370506
0.0381125,5.5E9,5.499348306908022+0.10554883837029601i,5.499348306908022,26.051202418802138
0.0381125,5.5E9,5.500814061328645+0.10798129261448662i,5.500814061328645,25.47114378861706
0.0381125,5.5E9,5.501188093332383+0.11023880132852701i,5.501188093332383,24.95123326376742
0.0381125,5.5E9,5.501447749935997+0.11997082976727122i,5.501447749935997,22.928272483436743
0.0381125,5.5E9,5.5023567390830745+0.08987396297707707i,5.5023567390830745,30.611517267167166
0.0381125,5.5E9,5.503789954780848+0.10452381741818197i,5.503789954780848,26.327922624377198
0.0381125,5.5E9,5.503933751488252+0.0972167557878603i,5.503933751488252,28.307536632360762
0.0381125,5.5E9,5.505021721683959+0.12160701545524676i,5.505021721683959,22.634474257407838
0.0381125,5.5E9,5.505090184840416+0.11395999985304536i,5.505090184840416,24.153607370741422
0.0381125,5.5E9,5.505255077512334+0.07995830979801012i,5.505255077512334,34.425784458298665
0.0381125,5.5E9,5.50594721313971+0.1223961151119856i,5.50594721313971,22.492328323092917
0.0381125,5.5E9,5.506312562729515+0.1089393268511603i,5.506312562729515,25.27238198494003
0.0381125,5.5E9,5.508101859960964+0.10097342339029557i,5.508101859960964,27.275007992302758
0.0381125,5.5E9,5.508404140375906+0.11372289636843547i,5.508404140375906,24.21853609201955
0.0381125,5.5E9,5.509103173250983+0.10925960978856994i,5.509103173250983,25.21106923185859
0.0381125,5.5E9,5.509921299732083+0.0846812757551002i,5.509921299732083,32.53329174956501
0.0381125,5.5E9,5.510967969317744+0.09754914429174326i,5.510967969317744,28.247136401504054
0.0381125,5.5E9,5.5110769460887665+0.10569151246520637i,5.5110769460887665,26.071520870244957
0.0381125,5.5E9,5.511197118608273+0.08152268777752883i,5.511197118608273,33.80161565359598
0.0381125,5.5E9,5.513281158752302+0.1154756032979714i,5.513281158752302,23.872060423559425
0.0381125,5.5E9,5.513402908057133+0.10362627300891726i,5.513402908057133,26.60234102785253
0.0381125,5.5E9,5.514268278051838+0.07007346234958406i,5.514268278051838,39.34633806548714
0.0381125,5.5E9,5.51522366699886+0.11013239237465952i,5.51522366699886,25.03906229620716
0.0381125,5.5E9,5.515523798259209+0.08455165791731173i,5.515523798259209,32.61629596697666
0.0381125,5.5E9,5.515764507987634+0.10266637398676098i,5.515764507987634,26.862566066173244
0.0381125,5.5E9,5.516470043680105+0.11966219349317399i,5.516470043680105,23.0501793534095
0.0381125,5.5E9,5.5164873855549965+0.0029323526468634986i,5.5164873855549965,940.6248241417245
0.0381125,5.5E9,5.516561340921267+0.09434163636658371i,5.516561340921267,29.237151025691034
0.0381125,5.5E9,5.518923580546663+0.10400024039948716i,5.518923580546663,26.533225112496364
0.0381125,5.5E9,5.519108740174363+0.05694373821149731i,5.519108740174363,48.461068007825475
0.0381125,5.5E9,5.5196497954153205+0.10644260750553951i,5.5196497954153205,25.92782122106538
0.0381125,5.5E9,5.519901796366121+0.11520000913678766i,5.519901796366121,23.957905202124724
0.0381125,5.5E9,5.5214245998605005+0.09965580695504157i,5.5214245998605005,27.70247298459697
0.0381125,5.5E9,5.52243211035198+0.031694672318756396i,5.52243211035198,87.11924917242153
0.0381125,5.5E9,5.523789572077375+0.09459401870793083i,5.523789572077375,29.19735120426941
0.0381125,5.5E9,5.5243656728047625+0.1106411899504745i,5.5243656728047625,24.965230739463273
0.0381125,5.5E9,5.525319013579815+0.11381378100238097i,5.525319013579815,24.273506094416746
0.0381125,5.5E9,5.52591864506799+0.1028726754158737i,5.52591864506799,26.858048664180636
0.0381125,5.5E9,5.525930545024559+0.11642067115681304i,5.525930545024559,23.732600448512258
0.0381125,5.5E9,5.526006684816154+0.09999958474455521i,5.526006684816154,27.630148159775406
0.0381125,5.5E9,5.526293442773194+0.10780692933054907i,5.526293442773194,25.630511308920184
0.0381125,5.5E9,5.526983711389572+0.09366654113525182i,5.526983711389572,29.50351130938402
0.0381125,5.5E9,5.527424898015439+0.0018436208736101062i,5.527424898015439,1499.0676708904502
0.0381125,5.5E9,5.528327839370383+0.1013404762361268i,5.528327839370383,27.276010754524123
0.0381125,5.5E9,5.529349297149597+0.06481790332798792i,5.529349297149597,42.652947821918076
0.0381125,5.5E9,5.530542328971502+0.11269566864976065i,5.530542328971502,24.53751060371054
0.0381125,5.5E9,5.5305556540684835+0.11607719819627624i,5.5305556540684835,23.82274787816986
0.0381125,5.5E9,5.530917667613438+0.1029032387270548i,5.530917667613438,26.874361468271637
0.0381125,5.5E9,5.531007877144796+0.11706976528333972i,5.531007877144796,23.62269995057348
0.0381125,5.5E9,5.533890685110481+0.09684461282964052i,5.533890685110481,28.570978412837245
0.0381125,5.5E9,5.534273100411859+0.10772854739431868i,5.534273100411859,25.686195694047395
0.0381125,5.5E9,5.535383936736447+0.09943982487809153i,5.535383936736447,27.83283228587019
0.0381125,5.5E9,5.535436856164338+0.0666028987301302i,5.535436856164338,41.55552507251599
0.0381125,5.5E9,5.535703018396817+0.0826013998913943i,5.535703018396817,33.50853027718206
0.0381125,5.5E9,5.536395488941663+0.0018528649479254392i,5.536395488941663,1494.0094514552964
0.0381125,5.5E9,5.537313519007382+0.11305279407111588i,5.537313519007382,24.489945447629246
0.0381125,5.5E9,5.538241857065893+0.10556477961523114i,5.538241857065893,26.231484957634596
0.0381125,5.5E9,5.538448230486549+0.09458970161580353i,5.538448230486549,29.276169265139192
0.0381125,5.5E9,5.538665554892419+0.09318926451921748i,5.538665554892419,29.717294065295665
0.0381125,5.5E9,5.539753248588409+0.11137514563482222i,5.539753248588409,24.869791267219526
0.0381125,5.5E9,5.540402874402711+0.0037036974638362556i,5.540402874402711,747.9556481732734
0.0381125,5.5E9,5.541744280467275+0.10563787199336505i,5.541744280467275,26.22991251099484
0.0381125,5.5E9,5.542452749122778+0.09880895444713325i,5.542452749122778,28.04630805039139
0.0381125,5.5E9,5.542967925734672+0.08176622565718566i,5.542967925734672,33.89521701157031
0.0381125,5.5E9,5.543221168081208+0.11040094108202891i,5.543221168081208,25.10495433169606
0.0381125,5.5E9,5.5436974928463565+0.10057558209889836i,5.5436974928463565,27.55985785593121
0.0381125,5.5E9,5.543789019505019+0.1104482825145969i,5.543789019505019,25.096764265086463
0.0381125,5.5E9,5.544808230743468+0.09517979492496743i,5.544808230743468,29.128074057706133
0.0381125,5.5E9,5.546032566698627+0.08748048870941488i,5.546032566698627,31.698683035030573
0.0381125,5.5E9,5.54615492552304+0.10747051502512517i,5.54615492552304,25.803146678074555
0.0381125,5.5E9,5.548076805510483+0.096666308138428i,5.548076805510483,28.69705542889634
0.0381125,5.5E9,5.5489996753764705+0.11073073058079906i,5.5489996753764705,25.056276817967095
0.0381125,5.5E9,5.549318763039524+0.10581742856397972i,5.549318763039524,26.221194553429708
0.0381125,5.5E9,5.549970942542604+0.1029984374415191i,5.549970942542604,26.942015240249596
0.0381125,5.5E9,5.551453077675721+0.02026404342542509i,5.551453077675721,136.9779209688815
0.0381125,5.5E9,5.552086553363203+0.07537352447921171i,5.552086553363203,36.83048253166461
0.0381125,5.5E9,5.552257280449119+0.08730180257022516i,5.552257280449119,31.799213286477734
0.0381125,5.5E9,5.552276165064031+0.0021302781717219225i,5.552276165064031,1303.1810208560878
0.0381125,5.5E9,5.5545979433135555+0.10820226624721777i,5.5545979433135555,25.6676599112192
0.0381125,5.5E9,5.554781455050647+0.10422689401671092i,5.554781455050647,26.647543839117166
0.0381125,5.5E9,5.557339728597785+0.09036981388330197i,5.557339728597785,30.747765707331173
0.0381125,5.5E9,5.557833626604498+0.10177418664005972i,5.557833626604498,27.304731239271124
0.0381125,5.5E9,5.559032921144509+0.0873764468924208i,5.559032921144509,31.810820414733012
0.0381125,5.5E9,5.559115602824495+0.09910079511374548i,5.559115602824495,28.047785067939554
0.0381125,5.5E9,5.559967453157678+0.06738411918288066i,5.559967453157678,41.25577005813427
0.0381125,5.5E9,5.560141357468047+0.0018309558513546359i,5.560141357468047,1518.3712248862707
0.0381125,5.5E9,5.560432684936584+0.004394312397665814i,5.560432684936584,632.6851827705962
0.0381125,5.5E9,5.560791031972127+0.09752740905743668i,5.560791031972127,28.508862717234795
0.0381125,5.5E9,5.560900153778418+0.00173850152735971i,5.560900153778418,1599.337149339134
0.0381125,5.5E9,5.56278259301876+0.10358415106710443i,5.56278259301876,26.85151413470121
0.0381125,5.5E9,5.56358245650019+0.08668723892833663i,5.56358245650019,32.08997382590269
0.0381125,5.5E9,5.564760954788076+0.10531776792390773i,5.564760954788076,26.4189085302711
0.0381125,5.5E9,5.564991606583775+0.09875695965057031i,5.564991606583775,28.17518697555225
0.0381125,5.5E9,5.565398418398325+0.019131410485556374i,5.565398418398325,145.45185841368126
0.0381125,5.5E9,5.566095834892101+0.09577900284346094i,5.566095834892101,29.0569731864363
0.0381125,5.5E9,5.566837186371765+0.004335488146598746i,5.566837186371765,642.0081197476032
0.0381125,5.5E9,5.567105385845787+0.1012007456648079i,5.567105385845787,27.50525872746471
0.0381125,5.5E9,5.57018304571742+0.09361605489470035i,5.57018304571742,29.750148369223528
0.0381125,5.5E9,5.571854814913933+0.0048556856970751626i,5.571854814913933,573.7454154281605
0.0381125,5.5E9,5.571892649865108+0.0802877156365974i,5.571892649865108,34.69953407993889
0.0381125,5.5E9,5.5744800518414985+0.0035291020633636517i,5.5744800518414985,789.7873101647223
0.0381125,5.5E9,5.57501894296487+0.08770209033653117i,5.57501894296487,31.7838430165824
0.0381125,5.5E9,5.576465303607707+0.004761439436678119i,5.576465303607707,585.5860793535788
0.0381125,5.5E9,5.57755511459705+0.004340820277446521i,5.57755511459705,642.4540476342914
0.0381125,5.5E9,5.5779913826801195+0.09576981793876847i,5.5779913826801195,29.121864814687612
0.0381125,5.5E9,5.5799072439656365+0.07775321320905615i,5.5799072439656365,35.88216495286736
0.0381125,5.5E9,5.580493167029563+0.0013348915070726462i,5.580493167029563,2090.2422172373094
0.0381125,5.5E9,5.582467467763204+0.008834863635411328i,5.582467467763204,315.93399163445594
0.0381125,5.5E9,5.582484019615666+0.09198917775959875i,5.582484019615666,30.343156421099515
0.0381125,5.5E9,5.58547259998947+0.0026526748875041395i,5.58547259998947,1052.8000672643216
0.0381125,5.5E9,5.585612488169862+0.08805604647269936i,5.585612488169862,31.716234784067943
0.0381125,5.5E9,5.587580309919194+0.021308877292514947i,5.587580309919194,131.1092140898928
0.0381125,5.5E9,5.588817104024134+0.039468053281353006i,5.588817104024134,70.80178320657906
0.0381125,5.5E9,5.589270469360349+0.03417347543636794i,5.589270469360349,81.77790520264381
0.0381125,5.5E9,5.591488739070846+0.08094611390853976i,5.591488739070846,34.538339576058064
0.0381125,5.5E9,5.593951011327661+0.009922872328851189i,5.593951011327661,281.8715602670309
0.0381125,5.5E9,5.59455295197004+0.05765349946850233i,5.59455295197004,48.518762985293684
0.0381125,5.5E9,5.597961215689737+0.022961284676371978i,5.597961215689737,121.90000025238676
0.0381125,5.5E9,5.599867105987132+0.03977187158632564i,5.599867105987132,70.39984394287943
0.0381125,5.5E9,5.601920870963174+0.0031162531382712285i,5.601920870963174,898.8231415100787
0.0381125,5.5E9,5.604925620729612+0.02474533126192984i,5.604925620729612,113.25218404638353
0.0381125,5.5E9,5.606516499863194+0.002090071778922708i,5.606516499863194,1341.2258268835576
0.0381125,5.5E9,5.609675598071098+0.0017715961269868343i,5.609675598071098,1583.2264229466748
0.0381125,5.5E9,5.611422806914275+0.02829557202179807i,5.611422806914275,99.15726041147714
0.0381125,5.5E9,5.623060084839279+0.0020754689887134475i,5.623060084839279,1354.6480615749724
0.05081666666,2.5E9,2.299252179544721+4.3152082201241844E-4i,2.299252179544721,2664.126575424618
0.05081666666,2.5E9,2.2993956125085924+4.3126680009659377E-4i,2.2993956125085924,2665.862074235231
0.05081666666,2.5E9,2.300377098505056+0.11774543698441858i,2.300377098505056,9.768434163650298
0.05081666666,2.5E9,2.30073314125939+0.1172118355159069i,2.30073314125939,9.814423309441118
0.05081666666,2.5E9,2.311230616534696+0.09009825509776061i,2.311230616534696,12.826167465878823
0.05081666666,2.5E9,2.311600264837726+0.09002313655679958i,2.311600264837726,12.838923154933815
0.05081666666,2.5E9,2.317898871230335+0.008078366542320258i,2.317898871230335,143.46333872618456
0.05081666666,2.5E9,2.3179853539960598+0.00809563202218532i,2.3179853539960598,143.16271710743757
0.05081666666,2.5E9,2.3294857840942553+0.1507455169372558i,2.3294857840942553,7.72655078380821
0.05081666666,2.5E9,2.3295232519402727+0.151018683668846i,2.3295232519402727,7.712698837477801
0.05081666666,2.5E9,2.3303768021786557+0.15231930388950427i,2.3303768021786557,7.649643684917186
0.05081666666,2.5E9,2.330497781887866+0.15250075130181937i,2.330497781887866,7.640938690444544
0.05081666666,2.5E9,2.333092117168136+0.1648699847576451i,2.333092117168136,7.075551443149961
0.05081666666,2.5E9,2.333314523145051+0.16467686202215936i,2.333314523145051,7.084524487815034
0.05081666666,2.5E9,2.333589340846402+0.16605523884835363i,2.333589340846402,7.026545374390453
0.05081666666,2.5E9,2.333753748569734+0.1661964871696611i,2.333753748569734,7.0210682196529515
0.05081666666,2.5E9,2.3520405343865494+0.1299924133664455i,2.3520405343865494,9.046837709506184
0.05081666666,2.5E9,2.3523217459070844+0.13079441541277617i,2.3523217459070844,8.992439541410674
0.05081666666,2.5E9,2.35257649672694+0.12991855364733448i,2.35257649672694,9.054043593777365
0.05081666666,2.5E9,2.352677463712621+0.13110034468710735i,2.352677463712621,8.972811892019335
0.05081666666,2.5E9,2.3583366923305795+0.14850120746929343i,2.3583366923305795,7.940463018855346
0.05081666666,2.5E9,2.358341542966092+0.14822544239073374i,2.358341542966092,7.955252164973545
0.05081666666,2.5E9,2.358581405478411+0.14811917725728943i,2.358581405478411,7.961769195427857
0.05081666666,2.5E9,2.3586676224309886+0.14841842274352177i,2.3586676224309886,7.9460069000562825
0.05081666666,2.5E9,2.365824245741748+0.18971137876767338i,2.365824245741748,6.235325105720232
0.05081666666,2.5E9,2.366919557886397+0.18881434078451556i,2.366919557886397,6.267849009910865
0.05081666666,2.5E9,2.379249516474512+0.03493232940024777i,2.379249516474512,34.0551225372568
0.05081666666,2.5E9,2.379510417478804+0.034884746763289176i,2.379510417478804,34.105313041613826
0.05081666666,2.5E9,2.404942737834752+0.050569349956370906i,2.404942737834752,23.77865979995427
0.05081666666,2.5E9,2.4050765360592545+0.20620915525016453i,2.4050765360592545,5.831643442652955
0.05081666666,2.5E9,2.4053401218517525+0.20700123312114835i,2.4053401218517525,5.8099656837406775
0.05081666666,2.5E9,2.4056112202319393+0.050697355499570836i,2.4056112202319393,23.725214032636313
0.05081666666,2.5E9,2.409165744564546+0.2157515732323945i,2.409165744564546,5.583193921764683
0.05081666666,2.5E9,2.4097180931604125+0.19848418663311662i,2.4097180931604125,6.070302460957755
0.05081666666,2.5E9,2.409934903721799+0.1983019627956183i,2.409934903721799,6.076427257065579
0.05081666666,2.5E9,2.409952441230581+0.21560004945425015i,2.409952441230581,5.588942227357808
0.05081666666,2.5E9,2.4143433939268966+0.16535713152521894i,2.4143433939268966,7.3003908922993155
0.05081666666,2.5E9,2.416497513816771+0.20136767980479117i,2.416497513816771,6.000211941060651
0.05081666666,2.5E9,2.416815802534029+0.16693740567531604i,2.416815802534029,7.238688635291845
0.05081666666,2.5E9,2.416963165401199+0.20132236509823778i,2.416963165401199,6.002718983114001
0.05081666666,2.5E9,2.419351831772135+0.04951951600859767i,2.419351831772135,24.42826613402363
0.05081666666,2.5E9,2.4204574167818653+0.04972488988002377i,2.4204574167818653,24.33848946294246
0.05081666666,2.5E9,2.4213988128686155+0.19577561649898903i,2.4213988128686155,6.184117450809098
0.05081666666,2.5E9,2.4221195089888923+0.1957994238922701i,2.4221195089888923,6.185205913377853
0.05081666666,2.5E9,2.4229537110833292+0.1982474859504885i,2.4229537110833292,6.110931746414308
0.05081666666,2.5E9,2.4234847589482813+0.19812682334247073i,2.4234847589482813,6.11599357942358
0.05081666666,2.5E9,2.429630290256827+0.21965233139864127i,2.429630290256827,5.5306271387744905
0.05081666666,2.5E9,2.4302576342382465+0.19343356847461132i,2.4302576342382465,6.281892159160638
0.05081666666,2.5E9,2.4303911601186945+0.21986324753259484i,2.4303911601186945,5.5270519002008
0.05081666666,2.5E9,2.430458649604949+0.1930756834615761i,2.430458649604949,6.2940568331294635
0.05081666666,2.5E9,2.430550163992767+0.19432653984028495i,2.430550163992767,6.253778217814232
0.05081666666,2.5E9,2.430926973536396+0.19372812199121792i,2.430926973536396,6.274068391698429
0.05081666666,2.5E9,2.4413610363440936+0.1768171898424331i,2.4413610363440936,6.903630349853598
0.05081666666,2.5E9,2.4416702376529242+0.1763180514607692i,2.4416702376529242,6.924050650015821
0.05081666666,2.5E9,2.4419930669811674+0.17783413284844068i,2.4419930669811674,6.865929020112125
0.05081666666,2.5E9,2.4425437060003983+0.17843249766241648i,2.4425437060003983,6.84444744651152
0.05081666666,2.5E9,2.443352962190269+0.07236315260576294i,2.443352962190269,16.882576796382438
0.05081666666,2.5E9,2.4438301373500666+0.07290359332596448i,2.4438301373500666,16.76069742147882
0.05081666666,2.5E9,2.445867148948566+0.2248809310866734i,2.445867148948566,5.438138167450673
0.05081666666,2.5E9,2.4459373088850085+0.16119329444820246i,2.4459373088850085,7.586969784499879
0.05081666666,2.5E9,2.4462771159098087+0.16081490601661289i,2.4462771159098087,7.605878013749228
0.05081666666,2.5E9,2.4465968483096487+0.16280150065521048i,2.4465968483096487,7.5140488216112304
0.05081666666,2.5E9,2.4468127857699167+0.16249185587913287i,2.4468127857699167,7.529032062966717
0.05081666666,2.5E9,2.447844699522627+0.2190510655275169i,2.447844699522627,5.587383685232821
0.05081666666,2.5E9,2.4481393646649936+0.22461181095495708i,2.4481393646649936,5.449712003693197
0.05081666666,2.5E9,2.4488756869899473+0.14850538586916526i,2.4488756869899473,8.245073647185537
0.05081666666,2.5E9,2.448932749646548+0.22451889020876298i,2.448932749646548,5.453734310216553
0.05081666666,2.5E9,2.4496057241464366+0.14814320604484277i,2.4496057241464366,8.267695122667131
0.05081666666,2.5E9,2.4499671399595213+0.15058341826381097i,2.4499671399595213,8.134916739860962
0.05081666666,2.5E9,2.450652814099868+0.15000899678041416i,2.450652814099868,8.16835278782371
0.05081666666,2.5E9,2.4561872356544425+0.21181668541914797i,2.4561872356544425,5.797907824858273
0.05081666666,2.5E9,2.4563264891466767+0.2110372298423946i,2.4563264891466767,5.819652037181054
0.05081666666,2.5E9,2.456616176125979+0.2128985076520343i,2.456616176125979,5.769453725202064
0.05081666666,2.5E9,2.4570394005870853+0.2149625794989712i,2.4570394005870853,5.7150398137059115
0.05081666666,2.5E9,2.457611624992487+0.2146995137189972i,2.457611624992487,5.723374921587052
0.05081666666,2.5E9,2.4576252306997888+0.20952625026640265i,2.4576252306997888,5.864719164245614
0.05081666666,2.5E9,2.459477031762997+0.2177079587359403i,2.459477031762997,5.64856940932076
0.05081666666,2.5E9,2.460678724135639+0.17655899094742475i,2.460678724135639,6.9684322246392245
0.05081666666,2.5E9,2.4609325123471044+0.17870778468509116i,2.4609325123471044,6.885353418385275
0.05081666666,2.5E9,2.4616371349238477+0.17722587046580887i,2.4616371349238477,6.944914781498441
0.05081666666,2.5E9,2.461863139920628+0.17897589332710234i,2.461863139920628,6.8776389215201315
0.05081666666,2.5E9,2.4618828250411737+0.21586906708749765i,2.4618828250411737,5.702259379393402
0.05081666666,2.5E9,2.4642508204039895+0.1286080166916636i,2.4642508204039895,9.580471279298262
0.05081666666,2.5E9,2.4644464041943523+0.12982373922869328i,2.4644464041943523,9.491509098551937
0.05081666666,2.5E9,2.4646252608783477+0.1290095247475857i,2.4646252608783477,9.552105806530657
0.05081666666,2.5E9,2.4647988302989403+0.13006991113700123i,2.4647988302989403,9.474900108537764
0.05081666666,2.5E9,2.4652036982283767+0.145443516755645i,2.4652036982283767,8.474780290035499
0.05081666666,2.5E9,2.4652526074867898+0.14517990625480665i,2.4652526074867898,8.4903368209923
0.05081666666,2.5E9,2.465462904016931+0.1456265230328578i,2.465462904016931,8.46502015110478
0.05081666666,2.5E9,2.465536882251764+0.17141408826067453i,2.465536882251764,7.191756836527778
0.05081666666,2.5E9,2.4655798562193367+0.14614506445918837i,2.4655798562193367,8.435385297968308
0.05081666666,2.5E9,2.4661910771948907+0.1711648274851074i,2.4661910771948907,7.204140924949863
0.05081666666,2.5E9,2.4671027352849237+0.17245454151528475i,2.4671027352849237,7.152907408548191
0.05081666666,2.5E9,2.4681370914204006+0.17179600725992933i,2.4681370914204006,7.183336594330975
0.05081666666,2.5E9,2.4846674943811937+0.21290497299345093i,2.4846674943811937,5.835156077959775
0.05081666666,2.5E9,2.4854759254864534+0.20903993556820408i,2.4854759254864534,5.944978692063148
0.05081666666,2.5E9,2.48640460893904+0.21137468162435646i,2.48640460893904,5.8815100035437125
0.05081666666,2.5E9,2.487249233932804+0.20837515449568125i,2.487249233932804,5.968200095526155
0.05081666666,2.5E9,2.4881898893121948+0.21563810810282688i,2.4881898893121948,5.769364958733786
0.05081666666,2.5E9,2.488365078087019+0.21505658431096167i,2.488365078087019,5.785372919549769
0.05081666666,2.5E9,2.4905261407851946+0.20528502170072335i,2.4905261407851946,6.0660201123100705
0.05081666666,2.5E9,2.490937399427812+0.1997116764931386i,2.490937399427812,6.23633390687948
0.05081666666,2.5E9,2.491986469914825+0.199509012210667i,2.491986469914825,6.245298000080991
0.05081666666,2.5E9,2.4923815492928036+0.20388038660226i,2.4923815492928036,6.112362230691335
0.05081666666,2.5E9,2.49255390946001+0.20313866755414678i,2.49255390946001,6.135104506372766
0.05081666666,2.5E9,2.4932633295059445+0.19639074354480549i,2.4932633295059445,6.347710906591481
0.05081666666,2.5E9,2.4934100633367593+0.19720614947991985i,2.4934100633367593,6.321836489157368
0.05081666666,2.5E9,2.49613053354768+0.23415829129833945i,2.49613053354768,5.330006722604961
0.05081666666,2.5E9,2.4975349720639364+0.23216603143602313i,2.4975349720639364,5.378769143392474
0.05081666666,2.5E9,2.5024042551600614+0.002246095077152759i,2.5024042551600614,557.0566180867576
0.05081666666,2.5E9,2.503030740093069+0.002265737277869651i,2.503030740093069,552.3656172631214
0.05081666666,2.5E9,2.503225393845927+0.20770563370209477i,2.503225393845927,6.025896720346592
0.05081666666,2.5E9,2.503279201094694+0.2257048015320859i,2.503279201094694,5.545471749166202
0.05081666666,2.5E9,2.5032849776580437+0.2249817097591765i,2.5032849776580437,5.5633077469666175
0.05081666666,2.5E9,2.5034862426536955+0.20683280186355973i,2.5034862426536955,6.051956508100577
0.05081666666,2.5E9,2.5036631082141+0.22470880544864544i,2.5036631082141,5.570905651016607
0.05081666666,2.5E9,2.503717850095695+0.22368420070174477i,2.503717850095695,5.596546028376169
0.05081666666,2.5E9,2.5064033542472983+0.21780321490833912i,2.5064033542472983,5.753825432058244
0.05081666666,2.5E9,2.507107648225212+0.2175414039299742i,2.507107648225212,5.762368916751685
0.05081666666,2.5E9,2.515339530734982+0.21051986907599288i,2.515339530734982,5.974114324161493
0.05081666666,2.5E9,2.5169550535048653+0.06096656674845602i,2.5169550535048653,20.642092771023613
0.05081666666,2.5E9,2.5181020570598545+0.06098287268285571i,2.5181020570598545,20.645977684220966
0.05081666666,2.5E9,2.520092211777074+0.2149797947963442i,2.520092211777074,5.861230387172947
0.05081666666,2.5E9,2.520382703274226+0.20436000527118164i,2.520382703274226,6.166526321844943
0.05081666666,2.5E9,2.5213067853579156+0.20466388810811306i,2.5213067853579156,6.159627887128879
0.05081666666,2.5E9,2.5228237030482648+0.2157003251090086i,2.5228237030482648,5.847983079703992
0.05081666666,2.5E9,2.523259150782531+1.0404280840088153E-4i,2.523259150782531,12126.06228899696
0.05081666666,2.5E9,2.5236239552360376+1.0422108232641716E-4i,2.5236239552360376,12107.070368604149
0.05081666666,2.5E9,2.524305555397872+0.18830454733776544i,2.524305555397872,6.702720648774289
0.05081666666,2.5E9,2.5251758026938544+0.18770707090452474i,2.5251758026938544,6.726373680345423
0.05081666666,2.5E9,2.5255143325354767+0.19062313961916436i,2.5255143325354767,6.624364538274486
0.05081666666,2.5E9,2.526281794843028+0.19023750016755508i,2.526281794843028,6.639810217801327
0.05081666666,2.5E9,2.534085960968684+0.1990357771484751i,2.534085960968684,6.3659056609664875
0.05081666666,2.5E9,2.535344120958336+0.19939109735148094i,2.535344120958336,6.357716454333725
0.05081666666,2.5E9,2.538999126909094+0.20398463020714183i,2.538999126909094,6.223505967902574
0.05081666666,2.5E9,2.540135985896237+0.20379277395651563i,2.540135985896237,6.232154203951903
0.05081666666,2.5E9,2.54026834346931+0.21338215438385358i,2.54026834346931,5.952391733049091
0.05081666666,2.5E9,2.5408383684247005+0.17220659760768564i,2.5408383684247005,7.37729681592438
0.05081666666,2.5E9,2.5408596862205144+0.17169667006963762i,2.5408596862205144,7.399268970067909
0.05081666666,2.5E9,2.5409414195987527+0.17267605503361658i,2.5409414195987527,7.357538423911996
0.05081666666,2.5E9,2.540954011786825+0.17207652720222646i,2.540954011786825,7.383209241550605
0.05081666666,2.5E9,2.5427537081190206+0.21647173047119317i,2.5427537081190206,5.873177302607178
0.05081666666,2.5E9,2.5437246184479823+0.21556191161405772i,2.5437246184479823,5.900218177231305
0.05081666666,2.5E9,2.5437469451024297+0.21497635373860574i,2.5437469451024297,5.916341264666309
0.05081666666,2.5E9,2.5440352967737394+0.21456821249201075i,2.5440352967737394,5.9282669767975635
0.05081666666,2.5E9,2.545079641789394+0.21445706622773006i,2.545079641789394,5.933774266702867
0.05081666666,2.5E9,2.545520889443905+0.20440342369338121i,2.545520889443905,6.226708054710367
0.05081666666,2.5E9,2.5470277881885037+0.20719656302810419i,2.5470277881885037,6.146404532402944
0.05081666666,2.5E9,2.550129792580714+0.19627440102604368i,2.550129792580714,6.496338236799247
0.05081666666,2.5E9,2.5513298173956094+0.2175876715618803i,2.5513298173956094,5.86276280977167
0.05081666666,2.5E9,2.55150398791353+0.21637705879307412i,2.55150398791353,5.89596698038489
0.05081666666,2.5E9,2.552866608478557+0.19568282657053965i,2.552866608478557,6.522970495722837
0.05081666666,2.5E9,2.554418739926533+0.18700436489633604i,2.554418739926533,6.829837210865503
0.05081666666,2.5E9,2.5545897713881383+0.18953751598637505i,2.5545897713881383,6.739008259377463
0.05081666666,2.5E9,2.5546557640742837+0.1884487166777108i,2.5546557640742837,6.778119291847748
0.05081666666,2.5E9,2.55475726971614+0.18807529198805692i,2.55475726971614,6.791847144595611
0.05081666666,2.5E9,2.5592948771668977+0.15834834786165583i,2.5592948771668977,8.08121749209179
0.05081666666,2.5E9,2.5593673964911337+0.15779724467496567i,2.5593673964911337,8.109670741599375
0.05081666666,2.5E9,2.5598824537153804+0.16027588464360748i,2.5598824537153804,7.98586281213666
0.05081666666,2.5E9,2.5602905377777083+0.1596639752433841i,2.5602905377777083,8.017746438653191
0.05081666666,2.5E9,2.5647356129491365+0.22104193286439774i,2.5647356129491365,5.8014684809205885
0.05081666666,2.5E9,2.5678336493161606+0.14621333285126584i,2.5678336493161606,8.781120022509391
0.05081666666,2.5E9,2.569220395679512+0.14863751621524288i,2.569220395679512,8.642570399114476
0.05081666666,2.5E9,2.5693750680824214+0.14623141140546153i,2.5693750680824214,8.78530489238805
0.05081666666,2.5E9,2.5694962394597627+0.19860916326310846i,2.5694962394597627,6.468725302608043
0.05081666666,2.5E9,2.5703851114402596+0.14876554316093474i,2.5703851114402596,8.639047244494025
0.05081666666,2.5E9,2.5709054621268614+0.19845878479783277i,2.5709054621268614,6.477177275739664
0.05081666666,2.5E9,2.571743388655632+0.19514178258647052i,2.571743388655632,6.589422712473301
0.05081666666,2.5E9,2.5722355960312377+0.14328487276090782i,2.5722355960312377,8.975949611664158
0.05081666666,2.5E9,2.572281407918311+0.142661907724857i,2.572281407918311,9.01530565846388
0.05081666666,2.5E9,2.573077938707638+0.14313682330068697i,2.573077938707638,8.988176065995203
0.05081666666,2.5E9,2.573311400566596+0.1436046906813743i,2.573311400566596,8.959705244852275
0.05081666666,2.5E9,2.573613660548574+0.1946940598317268i,2.573613660548574,6.6093789989610805
0.05081666666,2.5E9,2.5754217211064923+0.21796043154149364i,2.5754217211064923,5.908002895048874
0.05081666666,2.5E9,2.576362422307965+0.12772341200613965i,2.576362422307965,10.085709353677927
0.05081666666,2.5E9,2.576559640865099+0.12905133496747054i,2.576559640865099,9.982692707187267
0.05081666666,2.5E9,2.5767995153403467+0.1278810302153766i,2.5767995153403467,10.074987318293077
0.05081666666,2.5E9,2.576913415946817+0.12919596839000055i,2.576913415946817,9.972886337164773
0.05081666666,2.5E9,2.5797968696228954+0.17222034418423554i,2.5797968696228954,7.489814521747544
0.05081666666,2.5E9,2.580211946444066+0.17462500751944815i,2.580211946444066,7.387864954441607
0.05081666666,2.5E9,2.5802727541293753+0.17262910879921117i,2.5802727541293753,7.473457900806719
0.05081666666,2.5E9,2.58070296072892+0.1749534159786821i,2.58070296072892,7.3754003209728
0.05081666666,2.5E9,2.5851492691856057+0.22217454618119015i,2.5851492691856057,5.817834026489554
0.05081666666,2.5E9,2.5880707810474655+0.02297594306932546i,2.5880707810474655,56.32131776350732
0.05081666666,2.5E9,2.5891474120871916+0.022862392192001528i,2.5891474120871916,56.624595325440445
0.05081666666,2.5E9,2.5913630088893806+0.1668888689420872i,2.5913630088893806,7.763738304765609
0.05081666666,2.5E9,2.591971067283459+0.16648191348790267i,2.591971067283459,7.7845425157003705
0.05081666666,2.5E9,2.592579066371489+0.21715928616998714i,2.592579066371489,5.969302791735278
0.05081666666,2.5E9,2.592962402739273+0.21584303653945636i,2.592962402739273,6.0065926710248
0.05081666666,2.5E9,2.5931051219375085+0.16848334958598446i,2.5931051219375085,7.695434380636329
0.05081666666,2.5E9,2.593785518598776+0.2161421300537458i,2.593785518598776,6.000184966146597
0.05081666666,2.5E9,2.5939155427482827+0.21483405358456434i,2.5939155427482827,6.037021364788542
0.05081666666,2.5E9,2.594216489332839+0.16791195905521739i,2.594216489332839,7.72493068370353
0.05081666666,2.5E9,2.5959678130121153+0.2105888966399367i,2.5959678130121153,6.16359137265124
0.05081666666,2.5E9,2.596635124430512+0.2110666045067127i,2.596635124430512,6.151222100007606
0.05081666666,2.5E9,2.603492552254325+0.17848231923505992i,2.603492552254325,7.2934186518092705
0.05081666666,2.5E9,2.6041229302765236+0.1769148372928279i,2.6041229302765236,7.35982060669734
0.05081666666,2.5E9,2.6191135079492254+0.1953121522911439i,2.6191135079492254,6.704942516953627
0.05081666666,2.5E9,2.6203646172529824+0.19541692326457616i,2.6203646172529824,6.704548852468767
0.05081666666,2.5E9,2.6214086159602252+0.19397915924724032i,2.6214086159602252,6.756933647235403
0.05081666666,2.5E9,2.62153983608132+0.03682305231808073i,2.62153983608132,35.596449384969915
0.05081666666,2.5E9,2.6217778092078223+0.19380550826603207i,2.6217778092078223,6.763940387104406
0.05081666666,2.5E9,2.626498204245338+0.1989323368155874i,2.626498204245338,6.601486330199129
0.05081666666,2.5E9,2.6279109024550205+0.198773240448278i,2.6279109024550205,6.610323644491823
0.05081666666,2.5E9,2.6294157837883794+0.18151471685516754i,2.6294157837883794,7.242982357971605
0.05081666666,2.5E9,2.629618755055984+0.18118596017834526i,2.629618755055984,7.256684658313462
0.05081666666,2.5E9,2.630303465322298+0.18389539462298674i,2.630303465322298,7.1516295193656605
0.05081666666,2.5E9,2.6304747210541293+0.1841073954558434i,2.6304747210541293,7.143859470015224
0.05081666666,2.5E9,2.6384374447389796+0.18851858887518877i,2.6384374447389796,6.997817723125945
0.05081666666,2.5E9,2.6394659146396737+0.19032872588888747i,2.6394659146396737,6.933966226886252
0.05081666666,2.5E9,2.6403597365178606+0.16783236314432134i,2.6403597365178606,7.866062561031149
0.05081666666,2.5E9,2.640423311802009+0.16733608746960932i,2.640423311802009,7.889581236568436
0.05081666666,2.5E9,2.6409790399980704+0.16770066778383744i,2.6409790399980704,7.874086236204604
0.05081666666,2.5E9,2.641230942659184+0.16818145196172668i,2.641230942659184,7.852325306539311
0.05081666666,2.5E9,2.6586515317336197+0.034638044732077995i,2.6586515317336197,38.37762137409947
0.05081666666,2.5E9,2.6603942417029587+0.034841445253028853i,2.6603942417029587,38.17858619788
0.05081666666,2.5E9,2.6707711142568558+0.156107980881759i,2.6707711142568558,8.554242708064299
0.05081666666,2.5E9,2.671521626272501+0.04922782358836554i,2.671521626272501,27.134265051115175
0.05081666666,2.5E9,2.671933725123313+0.15794914016785097i,2.671933725123313,8.458209149742364
0.05081666666,2.5E9,2.6749621855504526+0.15587659249717675i,2.6749621855504526,8.580384465354866
0.05081666666,2.5E9,2.675488583588001+0.15832030948652628i,2.675488583588001,8.449606346353486
0.05081666666,2.5E9,2.6785139964159757+0.0532433425945972i,2.6785139964159757,25.153510898166026
0.05081666666,2.5E9,2.67994694414895+0.14086622211006095i,2.67994694414895,9.512383110746969
0.05081666666,2.5E9,2.6800272416110724+0.14145945189518877i,2.6800272416110724,9.47277543389882
0.05081666666,2.5E9,2.6801610246526826+0.053306092197940066i,2.6801610246526826,25.139350064346427
0.05081666666,2.5E9,2.6807108742069667+0.14071741737167412i,2.6807108742069667,9.525156602066033
0.05081666666,2.5E9,2.680781736591121+0.14151760578168268i,2.680781736591121,9.471548510814715
0.05081666666,2.5E9,2.6859986431041007+5.617654199010179E-4i,2.6859986431041007,2390.676381947263
0.05081666666,2.5E9,2.6865073948262634+5.593881499989746E-4i,2.6865073948262634,2401.290941568201
0.05081666666,2.5E9,2.6872490418501207+0.14455422891107764i,2.6872490418501207,9.294951320667273
0.05081666666,2.5E9,2.688056454781413+0.14428988345513455i,2.688056454781413,9.31477796784428
0.05081666666,2.5E9,2.688121616060628+0.12670050973997202i,2.688121616060628,10.608172064885418
0.05081666666,2.5E9,2.6883568790507772+0.12834687269237927i,2.6883568790507772,10.473012792038215
0.05081666666,2.5E9,2.689230540235924+0.12712943043718272i,2.689230540235924,10.57674265898929
0.05081666666,2.5E9,2.6892736242065944+0.1284735419574217i,2.6892736242065944,10.466254698176941
0.05081666666,2.5E9,2.7030993211889016+0.02911471170444255i,2.7030993211889016,46.42153679262504
0.05081666666,2.5E9,2.7035386135352057+0.02907293521052884i,2.7035386135352057,46.495797448000914
0.05081666666,2.5E9,2.70655302084472+0.03539757982361343i,2.70655302084472,38.23076371790821
0.05081666666,2.5E9,2.707266504391534+0.035536239248279956i,2.707266504391534,38.091629300961735
0.05081666666,2.5E9,2.716638318700071+0.048149602734925454i,2.716638318700071,28.21039182457833
0.05081666666,3.0E9,2.801504394781271+0.012902566348824774i,2.801504394781271,108.56384377501941
0.05081666666,3.0E9,2.801907635356822+0.012965314161532219i,2.801907635356822,108.05398158688728
0.05081666666,3.0E9,2.8651718760574982+0.03485203358527909i,2.8651718760574982,41.10480194859703
0.05081666666,3.0E9,2.8670529379860263+0.03506344602302049i,2.8670529379860263,40.883787293805874
0.05081666666,3.0E9,2.8702594527617613+1.2946876153844915E-4i,2.8702594527617613,11084.756734578645
0.05081666666,3.0E9,2.871861413906797+1.3426181363798725E-4i,2.871861413906797,10695.004544070338
0.05081666666,3.0E9,2.896086920121468+0.13698407394112694i,2.896086920121468,10.570889143529739
0.05081666666,3.0E9,2.896290640447793+0.13800447035032037i,2.896290640447793,10.493466744575894
0.05081666666,3.0E9,2.897383660509729+0.02702871664430246i,2.897383660509729,53.59824698004087
0.05081666666,3.0E9,2.897519653854537+0.13856307557856315i,2.897519653854537,10.45559807963301
0.05081666666,3.0E9,2.897572940935499+0.13753862218678153i,2.897572940935499,10.533670087957216
0.05081666666,3.0E9,2.897845786748796+0.02713389194610394i,2.897845786748796,53.39900727298517
0.05081666666,3.0E9,2.9024735498672265+0.1528682482074966i,2.9024735498672265,9.49338264780642
0.05081666666,3.0E9,2.9035241602705617+0.15557531304348227i,2.9035241602705617,9.331571004003207
0.05081666666,3.0E9,2.903625491832198+0.15295857815820615i,2.903625491832198,9.491541850071847
0.05081666666,3.0E9,2.9046638357193486+0.15613817751676923i,2.9046638357193486,9.301581080025697
0.05081666666,3.0E9,2.906155064994513+0.016250482438730462i,2.906155064994513,89.41750117116987
0.05081666666,3.0E9,2.906557487968093+0.016416782734467904i,2.906557487968093,88.52396766711243
0.05081666666,3.0E9,2.912319630527189+0.12528183013093114i,2.912319630527189,11.623072665379906
0.05081666666,3.0E9,2.9125286031164594+0.1271741002729158i,2.9125286031164594,11.450950299102447
0.05081666666,3.0E9,2.913391796711803+0.12747835811251937i,2.913391796711803,11.427005492729533
0.05081666666,3.0E9,2.9134983322329844+0.12570019058529033i,2.9134983322329844,11.589076829028798
0.05081666666,3.0E9,2.914130220772178+0.20078427075216296i,2.914130220772178,7.25686880216135
0.05081666666,3.0E9,2.915758094591971+0.20091494617929523i,2.915758094591971,7.256200073811251
0.05081666666,3.0E9,2.9199540800839126+0.18562092052553014i,2.9199540800839126,7.865369032264616
0.05081666666,3.0E9,2.920333082150813+0.19947814915965098i,2.920333082150813,7.319932269407475
0.05081666666,3.0E9,2.922689609691062+0.2028979193810289i,2.922689609691062,7.20236466348983
0.05081666666,3.0E9,2.9231801070551695+0.1820985351676007i,2.9231801070551695,8.026369087386449
0.05081666666,3.0E9,2.923564081490312+0.1771414107827722i,2.923564081490312,8.252062768867376
0.05081666666,3.0E9,2.924431301603347+0.17628780784748857i,2.924431301603347,8.294479741143963
0.05081666666,3.0E9,2.924766805917535+0.19279672787392643i,2.924766805917535,7.585104887853951
0.05081666666,3.0E9,2.9248298323010347+0.1916103968447723i,2.9248298323010347,7.632231550228723
0.05081666666,3.0E9,2.924848035821563+0.14207002084645645i,2.924848035821563,10.293684826662414
0.05081666666,3.0E9,2.9250030132818914+0.17970718664194263i,2.9250030132818914,8.138247189606863
0.05081666666,3.0E9,2.9255151049808723+0.14101016756818313i,2.9255151049808723,10.373419007414084
0.05081666666,3.0E9,2.9259753204707493+0.19664064254502941i,2.9259753204707493,7.439904799438194
0.05081666666,3.0E9,2.9262631354205997+0.1791548545575523i,2.9262631354205997,8.166854151531117
0.05081666666,3.0E9,2.9264799367225987+0.14659689855946692i,2.9264799367225987,9.981384208941757
0.05081666666,3.0E9,2.927125372731012+0.14545319084385924i,2.927125372731012,10.062087176462208
0.05081666666,3.0E9,2.9274724689953295+0.2098083974211492i,2.9274724689953295,6.97653789118603
0.05081666666,3.0E9,2.928180295471631+0.19635081240271315i,2.928180295471631,7.4565016045514705
0.05081666666,3.0E9,2.9299268147086015+0.04439252876239357i,2.9299268147086015,33.00022432142503
0.05081666666,3.0E9,2.9303600048705745+0.04519473051108626i,2.9303600048705745,32.419266269900184
0.05081666666,3.0E9,2.9311052845730927+0.20107901843162043i,2.9311052845730927,7.28844139839944
0.05081666666,3.0E9,2.931772090884432+0.20234117086091472i,2.931772090884432,7.244625694341943
0.05081666666,3.0E9,2.935544193780304+0.1648209364465355i,2.935544193780304,8.905252746008193
0.05081666666,3.0E9,2.9362622839407653+0.1649350788387489i,2.9362622839407653,8.901266803320365
0.05081666666,3.0E9,2.936404067401866+0.2131725652681212i,2.936404067401866,6.8873873702006545
0.05081666666,3.0E9,2.9374075827155655+0.16807631877440055i,2.9374075827155655,8.738314844515019
0.05081666666,3.0E9,2.938362788979979+0.16803482812219853i,2.938362788979979,8.743314769373699
0.05081666666,3.0E9,2.94356451550737+0.21434720805682658i,2.94356451550737,6.866346760922094
0.05081666666,3.0E9,2.945620021112594+0.15631386950938528i,2.945620021112594,9.422132630833936
0.05081666666,3.0E9,2.9456389338822455+0.1566272345098167i,2.9456389338822455,9.403342091498226
0.05081666666,3.0E9,2.9458808447693987+0.15772117128533683i,2.9458808447693987,9.338888434451015
0.05081666666,3.0E9,2.9459160851820685+0.15725057843922952i,2.9459160851820685,9.366948326745062
0.05081666666,3.0E9,2.9463838847597676+0.21315781987832652i,2.9463838847597676,6.91127326795143
0.05081666666,3.0E9,2.9492955556906435+0.16708089874767731i,2.9492955556906435,8.825950715481303
0.05081666666,3.0E9,2.9497844393055557+0.16998281469191667i,2.9497844393055557,8.676713715594888
0.05081666666,3.0E9,2.9502899612986577+0.16850835683930868i,2.9502899612986577,8.754135452498907
0.05081666666,3.0E9,2.9511392176755744+0.17141181320899385i,2.9511392176755744,8.608330903300692
0.05081666666,3.0E9,2.9514587225110094+0.21400664367202038i,2.9514587225110094,6.8957175157475925
0.05081666666,3.0E9,2.952537220531147+0.2020999685042683i,2.952537220531147,7.30464542469434
0.05081666666,3.0E9,2.953043038739337+0.18038865955176914i,2.953043038739337,8.185223633450896
0.05081666666,3.0E9,2.9548171812249473+0.2026056837455358i,2.9548171812249473,7.292039212819105
0.05081666666,3.0E9,2.954902474562501+0.055003667679983805i,2.954902474562501,26.860958543295553
0.05081666666,3.0E9,2.9551947833025296+0.17912505340831103i,2.9551947833025296,8.248971115632378
0.05081666666,3.0E9,2.957710938865801+0.055940008873715516i,2.957710938865801,26.436453965737016
0.05081666666,3.0E9,2.9600443911629783+0.18696809077973991i,2.9600443911629783,7.915907946693682
0.05081666666,3.0E9,2.960526839241717+0.1858436897287598i,2.960526839241717,7.965099174372363
0.05081666666,3.0E9,2.96097993701263+0.18114085953951062i,2.96097993701263,8.17314200821372
0.05081666666,3.0E9,2.9614020156899192+0.18806243747338605i,2.9614020156899192,7.873454304528533
0.05081666666,3.0E9,2.9615717335227183+0.009509994640537985i,2.9615717335227183,155.70838078596333
0.05081666666,3.0E9,2.9617732807712276+0.18739460664056398i,2.9617732807712276,7.902504063129514
0.05081666666,3.0E9,2.963008164534667+0.009441971767876249i,2.963008164534667,156.90621818079885
0.05081666666,3.0E9,2.9633898244890977+1.977383787233046E-5i,2.9633898244890977,74932.08560781645
0.05081666666,3.0E9,2.9640685932604245+0.1584692364244257i,2.9640685932604245,9.352189295977313
0.05081666666,3.0E9,2.9646173831565408+4.757468649120735E-5i,2.9646173831565408,31157.508349576357
0.05081666666,3.0E9,2.9646713379399214+0.17992701817737472i,2.9646713379399214,8.238538514036021
0.05081666666,3.0E9,2.9648139545872594+0.20432010732619943i,2.9648139545872594,7.255316163900353
0.05081666666,3.0E9,2.965616813379782+0.20893015783393867i,2.965616813379782,7.097148741295897
0.05081666666,3.0E9,2.966983808637029+0.16228972259458962i,2.966983808637029,9.141009551321833
0.05081666666,3.0E9,2.9674386623236853+0.15923182606659925i,2.9674386623236853,9.31798226405613
0.05081666666,3.0E9,2.968185279612625+0.19005604225865377i,2.968185279612625,7.808710642235516
0.05081666666,3.0E9,2.968387730859234+0.20638094581267127i,2.968387730859234,7.191525649740922
0.05081666666,3.0E9,2.9691199673170727+0.21105880270137736i,2.9691199673170727,7.0338690670912625
0.05081666666,3.0E9,2.970239534718574+0.19062802411523544i,2.970239534718574,7.790668629401131
0.05081666666,3.0E9,2.9702801444988767+0.16365672771876977i,2.9702801444988767,9.074726673024564
0.05081666666,3.0E9,2.9711047787169216+0.19241613165272825i,2.9711047787169216,7.720518942972925
0.05081666666,3.0E9,2.97198249744732+0.21053909942712862i,2.97198249744732,7.058029851780516
0.05081666666,3.0E9,2.972665507533127+0.1943788507899857i,2.972665507533127,7.646576506270499
0.05081666666,3.0E9,2.972678972313067+0.19227166733396475i,2.972678972313067,7.730413465312329
0.05081666666,3.0E9,2.973163884907727+0.1837022526432127i,2.973163884907727,8.092344655898748
0.05081666666,3.0E9,2.9733147741059436+0.19719402419220505i,2.9733147741059436,7.539059021402831
0.05081666666,3.0E9,2.9738153756555117+0.19347950707241093i,2.9738153756555117,7.68509135839007
0.05081666666,3.0E9,2.974901734325836+0.20632604663014073i,2.974901734325836,7.209224872268875
0.05081666666,3.0E9,2.976030654023723+0.18055585726986018i,2.976030654023723,8.241301885808456
0.05081666666,3.0E9,2.977066072585341+0.22127736648806326i,2.977066072585341,6.727000867361502
0.05081666666,3.0E9,2.9812184566261806+0.20982616624512498i,2.9812184566261806,7.104019746382429
0.05081666666,3.0E9,2.981465460940688+0.20391218607380351i,2.981465460940688,7.310660334595164
0.05081666666,3.0E9,2.9824991190523322+0.1835688637377258i,2.9824991190523322,8.123651959064203
0.05081666666,3.0E9,2.9828607861637737+0.18305619624356093i,2.9828607861637737,8.147390930692675
0.05081666666,3.0E9,2.98316622456165+0.17955245172380185i,2.98316622456165,8.307227765261963
0.05081666666,3.0E9,2.984176657205836+0.1789641184973434i,2.984176657205836,8.337360254843862
0.05081666666,3.0E9,2.9867067173712876+0.18478109358937014i,2.9867067173712876,8.081743265381082
0.05081666666,3.0E9,2.987056277377899+0.20380949075610033i,2.987056277377899,7.328059812858571
0.05081666666,3.0E9,2.9897818254937008+0.18338192724606017i,2.9897818254937008,8.151789738478534
0.05081666666,3.0E9,3.0016312670535186+0.18685401978903757i,3.0016312670535186,8.032022191554745
0.05081666666,3.0E9,3.002960689784281+0.18796408174202406i,3.002960689784281,7.9881237467107375
0.05081666666,3.0E9,3.0044132749660233+0.13487203645273338i,3.0044132749660233,11.138014053858141
0.05081666666,3.0E9,3.0044598509741793+0.18988701731474772i,3.0044598509741793,7.911177639896594
0.05081666666,3.0E9,3.0048056043451528+0.1362209752041906i,3.0048056043451528,11.029159055134686
0.05081666666,3.0E9,3.0051712197460305+0.18866831871930848i,3.0051712197460305,7.964164943391947
0.05081666666,3.0E9,3.0064924154464037+0.1377870615385008i,3.0064924154464037,10.9099228253965
0.05081666666,3.0E9,3.0068306346445066+0.13674053319811286i,3.0068306346445066,10.994657415472195
0.05081666666,3.0E9,3.0091353252329562+0.20473104461699812i,3.0091353252329562,7.348996169248086
0.05081666666,3.0E9,3.0096233124025122+0.04861564250034729i,3.0096233124025122,30.953240126169398
0.05081666666,3.0E9,3.013298829616491+0.20720815675305443i,3.013298829616491,7.2711877679788115
0.05081666666,3.0E9,3.0133069378088786+0.21987522391797298i,3.0133069378088786,6.852311242973486
0.05081666666,3.0E9,3.013792157775055+0.04948817250951499i,3.013792157775055,30.449620636078233
0.05081666666,3.0E9,3.015608747269081+0.21786710101905643i,3.015608747269081,6.920752911210103
0.05081666666,3.0E9,3.0166329710648143+0.005933769071065884i,3.0166329710648143,254.19197603884302
0.05081666666,3.0E9,3.0173192941530744+0.005934174355877231i,3.0173192941530744,254.23244357192746
0.05081666666,3.0E9,3.0174888774941144+0.15102219697902985i,3.0174888774941144,9.990216464382078
0.05081666666,3.0E9,3.0183911605770906+0.14998157077845228i,3.0183911605770906,10.062540167137454
0.05081666666,3.0E9,3.0186935984748535+0.1546096820045065i,3.0186935984748535,9.76230453144217
0.05081666666,3.0E9,3.0197875454124166+0.1533977376679781i,3.0197875454124166,9.842998962437761
0.05081666666,3.0E9,3.020037795446636+0.22046539017693934i,3.020037795446636,6.849233326425609
0.05081666666,3.0E9,3.023364701320425+0.12493112587012467i,3.023364701320425,12.100125890418374
0.05081666666,3.0E9,3.0237223756907836+0.1269601162726389i,3.0237223756907836,11.90815850072762
0.05081666666,3.0E9,3.02651376293832+0.1267403074401127i,3.02651376293832,11.939823344552037
0.05081666666,3.0E9,3.0267175463282725+0.12488129508536165i,3.0267175463282725,12.118378273781445
0.05081666666,3.0E9,3.034747617108898+0.1994642598244103i,3.034747617108898,7.6072465808671845
0.05081666666,3.0E9,3.035925777324759+0.1723041346656424i,3.035925777324759,8.80978794622659
0.05081666666,3.0E9,3.0366301514040033+0.20167022394770345i,3.0366301514040033,7.528702284258516
0.05081666666,3.0E9,3.0373562273923826+0.16978668369923305i,3.0373562273923826,8.94462439932238
0.05081666666,3.0E9,3.0407826273712333+0.21097381602826643i,3.0407826273712333,7.206540329544561
0.05081666666,3.0E9,3.0424088477916396+0.13939464458066142i,3.0424088477916396,10.912933050419788
0.05081666666,3.0E9,3.0430815594574017+0.20845198340480595i,3.0430815594574017,7.299238677781854
0.05081666666,3.0E9,3.04343483745242+0.21381239668584037i,3.04343483745242,7.11706824446716
0.05081666666,3.0E9,3.044365815231156+0.21389990659539015i,3.044365815231156,7.116332736390186
0.05081666666,3.0E9,3.044550332791552+0.14503323243239905i,3.044550332791552,10.496043843643344
0.05081666666,3.0E9,3.0452169379935006+0.14124546258737403i,3.0452169379935006,10.779875268947977
0.05081666666,3.0E9,3.0465541095524595+0.17574575846673626i,3.0465541095524595,8.667503944708534
0.05081666666,3.0E9,3.04689635864134+0.14659920162656975i,3.04689635864134,10.39192684828755
0.05081666666,3.0E9,3.0473785015807806+0.20798260975474733i,3.0473785015807806,7.326041598319789
0.05081666666,3.0E9,3.047896026221907+0.17397141432711036i,3.047896026221907,8.759761015942223
0.05081666666,3.0E9,3.048320944348654+0.15412814931295502i,3.048320944348654,9.88891697570144
0.05081666666,3.0E9,3.048770853051935+0.15350779398241102i,3.048770853051935,9.930345469628937
0.05081666666,3.0E9,3.049240356880743+0.21077616294613463i,3.049240356880743,7.233361482294367
0.05081666666,3.0E9,3.0492725367261184+0.20614678891571878i,3.0492725367261184,7.395876871923495
0.05081666666,3.0E9,3.0493983952020827+0.1545427985215368i,3.0493983952020827,9.86587024557189
0.05081666666,3.0E9,3.0494078275189356+0.15513093849737336i,3.0494078275189356,9.828496678535105
0.05081666666,3.0E9,3.049522324913694+0.19522049267123406i,3.049522324913694,7.810456482274424
0.05081666666,3.0E9,3.0497180345384582+0.16048248723151945i,3.0497180345384582,9.501716003873975
0.05081666666,3.0E9,3.0500083282805113+0.1984139543042452i,3.0500083282805113,7.685972337418544
0.05081666666,3.0E9,3.0501105890029385+0.18047076192630343i,3.0501105890029385,8.450428635771132
0.05081666666,3.0E9,3.050758514800535+0.18772551997244624i,3.050758514800535,8.125582806344912
0.05081666666,3.0E9,3.0508215715742+0.17876409292541462i,3.0508215715742,8.533093871505525
0.05081666666,3.0E9,3.051387257498261+0.2083893419705848i,3.051387257498261,7.321361132588488
0.05081666666,3.0E9,3.0526717304610775+0.16432797285925232i,3.0526717304610775,9.288350842968486
0.05081666666,3.0E9,3.054492015533436+0.20493209916747693i,3.054492015533436,7.452448952463053
0.05081666666,3.0E9,3.05450964278228+0.19947912175061272i,3.05450964278228,7.656213883378244
0.05081666666,3.0E9,3.054713258073326+0.18942260588854165i,3.054713258073326,8.063222559272447
0.05081666666,3.0E9,3.0550816749089047+0.1820031368610905i,3.0550816749089047,8.392936868007451
0.05081666666,3.0E9,3.0555754747176307+0.1645023732095962i,3.0555754747176307,9.287329462488826
0.05081666666,3.0E9,3.055813985262234+0.18147926215200083i,3.055813985262234,8.419182304980911
0.05081666666,3.0E9,3.0559757826833946+0.1933783068144166i,3.0559757826833946,7.901547575385968
0.05081666666,3.0E9,3.0560396897138897+0.1820283390524592i,3.0560396897138897,8.394406347994975
0.05081666666,3.0E9,3.0564803001697953+0.18261843043396256i,3.0564803001697953,8.368488035152241
0.05081666666,3.0E9,3.0570949534527316+0.16729584922101737i,3.0570949534527316,9.136792597328437
0.05081666666,3.0E9,3.0572883439700558+0.19989957733085867i,3.0572883439700558,7.647060551083266
0.05081666666,3.0E9,3.0574471460316808+0.19493590685878595i,3.0574471460316808,7.84218565809565
0.05081666666,3.0E9,3.0576030343593152+3.308497408670971E-5i,3.0576030343593152,46208.33352243065
0.05081666666,3.0E9,3.058014074110748+0.1922694993400833i,3.058014074110748,7.952415969788791
0.05081666666,3.0E9,3.058321350878612+0.1828056833886782i,3.058321350878612,8.364951499828544
0.05081666666,3.0E9,3.0591310361543216+0.1653682437637965i,3.0591310361543216,9.249451304942886
0.05081666666,3.0E9,3.059369633557012+3.487451435672675E-5i,3.059369633557012,43862.54102728325
0.05081666666,3.0E9,3.0597623801109908+0.16774043121979315i,3.0597623801109908,9.120527346509954
0.05081666666,3.0E9,3.0599262463097436+0.19827398129514728i,3.0599262463097436,7.716408946655459
0.05081666666,3.0E9,3.060045721715654+0.19492427691869574i,3.060045721715654,7.849319156361473
0.05081666666,3.0E9,3.0605737241605913+0.21167490932193267i,3.0605737241605913,7.229420184859554
0.05081666666,3.0E9,3.063723432935556+0.16728235191248833i,3.063723432935556,9.157342056436129
0.05081666666,3.0E9,3.065949802770589+0.17158204471056576i,3.065949802770589,8.934355013493414
0.05081666666,3.0E9,3.073415703198452+0.2045376618288358i,3.073415703198452,7.513080172419279
0.05081666666,3.0E9,3.074694474931556+0.20026860426086984i,3.074694474931556,7.6764265828867995
0.05081666666,3.0E9,3.082349703725919+0.17645896596665514i,3.082349703725919,8.733899370997051
0.05081666666,3.0E9,3.0847384402503937+0.17771551956862872i,3.0847384402503937,8.678866223214554
0.05081666666,3.0E9,3.0860398199467403+0.20082861820357534i,3.0860398199467403,7.683267075060222
0.05081666666,3.0E9,3.089209375323053+0.18961543482418375i,3.089209375323053,8.145986053792104
0.05081666666,3.0E9,3.0897511710206693+0.1551925043787465i,3.0897511710206693,9.954576038930808
0.05081666666,3.0E9,3.089981139426265+0.18893730904552591i,3.089981139426265,8.177265662976362
0.05081666666,3.0E9,3.090140334276093+0.19056172016529244i,3.090140334276093,8.10797764523672
0.05081666666,3.0E9,3.090298171785229+0.15845657845807704i,3.090298171785229,9.751246056984725
0.05081666666,3.0E9,3.0908318141189874+0.03881285988618801i,3.0908318141189874,39.817109885516246
0.05081666666,3.0E9,3.0917612743774807+0.17891802787589148i,3.0917612743774807,8.640161394250656
0.05081666666,3.0E9,3.0919857186879875+0.19023620724212573i,3.0919857186879875,8.12670144004874
0.05081666666,3.0E9,3.091998535987771+0.16077503151408148i,3.091998535987771,9.6159164357463
0.05081666666,3.0E9,3.092095898221732+0.20070787493240932i,3.092095898221732,7.702976027380668
0.05081666666,3.0E9,3.0933923201973634+0.16426503101435672i,3.0933923201973634,9.415857718150011
0.05081666666,3.0E9,3.094841283815518+0.18053554438882005i,3.094841283815518,8.571279673187643
0.05081666666,3.0E9,3.0950505934185046+0.1787451657204713i,3.0950505934185046,8.657718324697703
0.05081666666,3.0E9,3.0955641915791956+0.03845032150708952i,3.0955641915791956,40.25407422156966
0.05081666666,3.0E9,3.096056214997974+0.17485401830621344i,3.096056214997974,8.853260122326727
0.05081666666,3.0E9,3.0968902691879587+0.17576861507135216i,3.0968902691879587,8.80956554141021
0.05081666666,3.0E9,3.0970873125446903+0.18021297094952782i,3.0970873125446903,8.592853489475212
0.05081666666,3.0E9,3.102976207628177+0.19126229408471315i,3.102976207628177,8.111834646963448
0.05081666666,3.0E9,3.106207308267501+0.19486093514662567i,3.106207308267501,7.970318180835461
0.05081666666,3.0E9,3.1070489801443477+0.006757778897134552i,3.1070489801443477,229.8868479894929
0.05081666666,3.0E9,3.1072785707876447+0.006821779526898342i,3.1072785707876447,227.74692135209116
0.05081666666,3.0E9,3.113532988547588+0.13437383358496224i,3.113532988547588,11.585339591353382
0.05081666666,3.0E9,3.1140856082095896+0.1357821841235294i,3.1140856082095896,11.467209885858495
0.05081666666,3.0E9,3.1151760514266944+0.13602454999560948i,3.1151760514266944,11.45078609533075
0.05081666666,3.0E9,3.115455228634888+0.13481270541309487i,3.115455228634888,11.554753756659915
0.05081666666,3.0E9,3.1287219351461335+0.023185547899217528i,3.1287219351461335,67.4713823616763
0.05081666666,3.0E9,3.1318172207531285+0.023255777703679113i,3.1318172207531285,67.3341752027856
0.05081666666,3.0E9,3.132011689366444+0.14815876394655625i,3.132011689366444,10.569782056551922
0.05081666666,3.0E9,3.1322252641717516+0.17487656506846014i,3.1322252641717516,8.955531757344268
0.05081666666,3.0E9,3.1337220590268617+0.1522349651012937i,3.1337220590268617,10.29238603937589
0.05081666666,3.0E9,3.1339415165021367+0.14939529354609354i,3.1339415165021367,10.488755844022656
0.05081666666,3.0E9,3.134993211288036+0.15339591759212734i,3.134993211288036,10.2186331308498
0.05081666666,3.0E9,3.136384505302674+0.126094881501736i,3.136384505302674,12.436605149827173
0.05081666666,3.0E9,3.1365901545964983+0.12398172567013169i,3.1365901545964983,12.649405134679986
0.05081666666,3.0E9,3.1379836948012954+0.12463422791312331i,3.1379836948012954,12.58877174971805
0.05081666666,3.0E9,3.1380688319404886+0.12705734046823228i,3.1380688319404886,12.349026118349649
0.05081666666,3.0E9,3.148466417524736+0.026368149397963305i,3.148466417524736,59.70207408199693
0.05081666666,3.0E9,3.151167556350875+0.15181519985125058i,3.151167556350875,10.37830058992251
0.05081666666,3.0E9,3.151587512905765+0.15107633731466144i,3.151587512905765,10.43044717963226
0.05081666666,3.0E9,3.153990523896036+0.1528805953542656i,3.153990523896036,10.315208796078368
0.05081666666,3.0E9,3.1540213451410652+0.15214922597473593i,3.1540213451410652,10.36489448084601
0.05081666666,3.0E9,3.1616043585748264+0.13799228537172237i,3.1616043585748264,11.455728666490756
0.05081666666,3.0E9,3.1628131361181198+0.13967629561189i,3.1628131361181198,11.321939496829284
0.05081666666,3.0E9,3.1636630288428895+0.14395906507820536i,3.1636630288428895,10.98806465269915
0.05081666666,3.0E9,3.165138082631838+0.1462430981650882i,3.165138082631838,10.821495586269771
0.05081666666,3.0E9,3.178086326145563+0.03788392544653535i,3.178086326145563,41.94505042291245
0.05081666666,3.0E9,3.1820306327433947+1.023529468728595E-5i,3.1820306327433947,155444.0165116125
0.05081666666,3.0E9,3.1825886416117086+7.331217446979424E-6i,3.1825886416117086,217057.30764560698
0.05081666666,3.0E9,3.1835898136087284+0.03820336103297902i,3.1835898136087284,41.666357717328815
0.05081666666,3.0E9,3.194105797824021+0.050634009829770135i,3.194105797824021,31.541110496309685
0.05081666666,3.0E9,3.2112782848086328+0.0030454932145252364i,3.2112782848086328,527.2180987783354
0.05081666666,3.0E9,3.212235840464493+0.003083561425282086i,3.212235840464493,520.8645779077735
0.05081666666,3.5E9,3.3041749969693957+0.00269305411768838i,3.3041749969693957,613.4624208379406
0.05081666666,3.5E9,3.3057238345506375+0.002717585353715424i,3.3057238345506375,608.2097531971025
0.05081666666,3.5E9,3.307413051806893+0.04738580228312294i,3.307413051806893,34.898776558066956
0.05081666666,3.5E9,3.329034291353312+0.05048581946644445i,3.329034291353312,32.96999361935648
0.05081666666,3.5E9,3.3605430032390617+0.017499878261615438i,3.3605430032390617,96.01618231282613
0.05081666666,3.5E9,3.3608230744757925+0.12527837768473868i,3.3608230744757925,13.413420322752176
0.05081666666,3.5E9,3.361207927122152+0.12246779281230277i,3.361207927122152,13.722823976560205
0.05081666666,3.5E9,3.3625710748289457+0.12680326995174912i,3.3625710748289457,13.25900773737327
0.05081666666,3.5E9,3.3626632015482794+0.12446588339296485i,3.3626632015482794,13.50837317777936
0.05081666666,3.5E9,3.3634476119948973+0.017320652156281265i,3.3634476119948973,97.09356153703361
0.05081666666,3.5E9,3.385282964203325+0.1591820017196342i,3.385282964203325,10.633372264553477
0.05081666666,3.5E9,3.385851496636632+0.1566163231061455i,3.385851496636632,10.809382539078948
0.05081666666,3.5E9,3.3872106565125906+0.16269197768268356i,3.3872106565125906,10.409888381586484
0.05081666666,3.5E9,3.387564282833878+0.15983853222725472i,3.387564282833878,10.59683242716943
0.05081666666,3.5E9,3.3963385116993656+0.028785650452328553i,3.3963385116993656,58.99360372842689
0.05081666666,3.5E9,3.397693428049324+0.13441052889450283i,3.397693428049324,12.639238369176166
0.05081666666,3.5E9,3.3994516280595586+0.14216750976092846i,3.3994516280595586,11.95579648886071
0.05081666666,3.5E9,3.399464812136154+1.0265341849453746E-5i,3.399464812136154,165579.71775275323
0.05081666666,3.5E9,3.3996204037249647+0.1382486819028761i,3.3996204037249647,12.295308558939107
0.05081666666,3.5E9,3.4006508950236483+0.029055490792339198i,3.4006508950236483,58.51993551456835
0.05081666666,3.5E9,3.4006680559711615+7.559208681407243E-6i,3.4006680559711615,224935.4528560312
0.05081666666,3.5E9,3.4012169021432244+0.14620199933492528i,3.4012169021432244,11.631909678442849
0.05081666666,3.5E9,3.4116989308154904+0.16054314312549334i,3.4116989308154904,10.625489399284511
0.05081666666,3.5E9,3.4134186191569467+0.1681058473443455i,3.4134186191569467,10.152587411682806
0.05081666666,3.5E9,3.417787952052916+0.17743107002950173i,3.417787952052916,9.631311898994454
0.05081666666,3.5E9,3.4182740624597403+0.1585375760039402i,3.4182740624597403,10.7806431403202
0.05081666666,3.5E9,3.4200381571359366+0.15726249380863502i,3.4200381571359366,10.8736612090662
0.05081666666,3.5E9,3.4211537486382193+0.16507725860561362i,3.4211537486382193,10.362280599812067
0.05081666666,3.5E9,3.4226968555553565+0.16303759743695945i,3.4226968555553565,10.496648961227443
0.05081666666,3.5E9,3.4290737105359117+0.18241558406135094i,3.4290737105359117,9.399070063505725
0.05081666666,3.5E9,3.4298523416737883+0.030135585644158126i,3.4298523416737883,56.907013226382674
0.05081666666,3.5E9,3.4336021082040844+0.1811578164562549i,3.4336021082040844,9.476825718511611
0.05081666666,3.5E9,3.434234186083382+0.1714761861443752i,3.434234186083382,10.013735036047255
0.05081666666,3.5E9,3.4380275474995488+0.17359765977315894i,3.4380275474995488,9.902286563056318
0.05081666666,3.5E9,3.438603948831037+0.16544726466183618i,3.438603948831037,10.391842850528015
0.05081666666,3.5E9,3.4389487957636864+0.17489182712098372i,3.4389487957636864,9.831645230010514
0.05081666666,3.5E9,3.4409301463439146+4.95886126192918E-5i,3.4409301463439146,34694.76120214407
0.05081666666,3.5E9,3.441663873251466+0.03272339710157969i,3.441663873251466,52.58720331767332
0.05081666666,3.5E9,3.4418367086144346+0.16604948324925667i,3.4418367086144346,10.363888647120623
0.05081666666,3.5E9,3.4424651391008747+0.1334596891002158i,3.4424651391008747,12.897022173174342
0.05081666666,3.5E9,3.442711706508922+0.13163177855549593i,3.442711706508922,13.077053825028566
0.05081666666,3.5E9,3.4429774563070303+0.18823999860277218i,3.4429774563070303,9.145180306690477
0.05081666666,3.5E9,3.4434989115640495+0.17409252566077033i,3.4434989115640495,9.889852819626249
0.05081666666,3.5E9,3.4436940714425774+0.1333828111514567i,3.4436940714425774,12.909062426088207
0.05081666666,3.5E9,3.4438506559105067+5.190339498542176E-5i,3.4438506559105067,33175.58183696644
0.05081666666,3.5E9,3.4440221036044627+0.1318622329316748i,3.4440221036044627,13.05916799311674
0.05081666666,3.5E9,3.4444891990489963+0.1771279412019i,3.4444891990489963,9.723167264510744
0.05081666666,3.5E9,3.445043964467559+0.1655468649177626i,3.445043964467559,10.405041394709967
0.05081666666,3.5E9,3.4455617271133123+0.17005234024125515i,3.4455617271133123,10.130885944365883
0.05081666666,3.5E9,3.445693344353851+0.1653181990565929i,3.445693344353851,10.42139753522931
0.05081666666,3.5E9,3.4464176428963835+0.17044285959190605i,3.4464176428963835,10.110184877055554
0.05081666666,3.5E9,3.4480279431766694+0.18625283127964287i,3.4480279431766694,9.256310144353584
0.05081666666,3.5E9,3.450306828610249+0.17585896561154254i,3.450306828610249,9.809868995339377
0.05081666666,3.5E9,3.4509541940575077+8.832764926648914E-4i,3.4509541940575077,1953.4960019403427
0.05081666666,3.5E9,3.451579234816577+0.1798286184183731i,3.451579234816577,9.596857455653812
0.05081666666,3.5E9,3.4527492957462034+0.17575882430514758i,3.4527492957462034,9.822406668332158
0.05081666666,3.5E9,3.4531763797021897+9.543353467002472E-4i,3.4531763797021897,1809.2049045663284
0.05081666666,3.5E9,3.454575016029225+0.18499295710276953i,3.454575016029225,9.337044691139504
0.05081666666,3.5E9,3.454614820903512+0.001089449708662535i,3.454614820903512,1585.486137375068
0.05081666666,3.5E9,3.454620997867196+0.16039984578991984i,3.454620997867196,10.768779049799742
0.05081666666,3.5E9,3.455174569313444+0.1902232538388113i,3.455174569313444,9.081893248028551
0.05081666666,3.5E9,3.4554308887241416+0.0010703074996840298i,3.4554308887241416,1614.2234309972766
0.05081666666,3.5E9,3.455689703168801+0.18055689159251706i,3.455689703168801,9.569531444326264
0.05081666666,3.5E9,3.457696212573315+0.15457990096643648i,3.457696212573315,11.184171392774003
0.05081666666,3.5E9,3.4585310792433934+0.1923881034808159i,3.4585310792433934,8.988422404164567
0.05081666666,3.5E9,3.4585507733351917+0.1900721028848032i,3.4585507733351917,9.09799681500686
0.05081666666,3.5E9,3.4593700436791837+0.1701943928332507i,3.4593700436791837,10.162996518541386
0.05081666666,3.5E9,3.4611755651692353+0.14778777232396323i,3.4611755651692353,11.709952422796004
0.05081666666,3.5E9,3.4638593200368804+0.1585459925378048i,3.4638593200368804,10.92383120062443
0.05081666666,3.5E9,3.4655730315341184+0.1481824531425615i,3.4655730315341184,11.69360122618568
0.05081666666,3.5E9,3.4657317905539484+0.14673390352069215i,3.4657317905539484,11.809580837823269
0.05081666666,3.5E9,3.467576147611636+0.1691609205524234i,3.467576147611636,10.24934168094996
0.05081666666,3.5E9,3.4677107719793256+0.1670727114337267i,3.4677107719793256,10.37784908804474
0.05081666666,3.5E9,3.468053155116735+0.17467522382769102i,3.468053155116735,9.927146733007218
0.05081666666,3.5E9,3.468780699803608+0.048597032413540596i,3.468780699803608,35.68922347238945
0.05081666666,3.5E9,3.469784014677942+0.1448855265224166i,3.469784014677942,11.974225783488107
0.05081666666,3.5E9,3.4702511276113532+0.17673427207161993i,3.4702511276113532,9.817708492343424
0.05081666666,3.5E9,3.470424552777501+0.17088108483872452i,3.470424552777501,10.154501757912074
0.05081666666,3.5E9,3.47049990339245+0.1434496232938711i,3.47049990339245,12.096580749754844
0.05081666666,3.5E9,3.4716017865658446+0.16756982308379692i,3.4716017865658446,10.358672351255617
0.05081666666,3.5E9,3.4721393766422106+0.17487522271978392i,3.4721393766422106,9.927476639174573
0.05081666666,3.5E9,3.4731027214387415+0.12566624388089787i,3.4731027214387415,13.81875758429777
0.05081666666,3.5E9,3.473434814153074+0.12304109985633964i,3.473434814153074,14.11493727790384
0.05081666666,3.5E9,3.4734985855005758+0.1833702981290827i,3.4734985855005758,9.471268305010394
0.05081666666,3.5E9,3.47511251133688+0.12599267624630792i,3.47511251133688,13.790930611487486
0.05081666666,3.5E9,3.475416171175014+0.12333354614949932i,3.475416171175014,14.089500706329616
0.05081666666,3.5E9,3.475499506886591+0.1718823543332003i,3.475499506886591,10.11011142001583
0.05081666666,3.5E9,3.475544353671695+0.19246945296454315i,3.475544353671695,9.028820678136292
0.05081666666,3.5E9,3.4763681880898725+0.1440393016215959i,3.4763681880898725,12.067429336829896
0.05081666666,3.5E9,3.477392838714028+0.150959570116805i,3.477392838714028,11.517629640914436
0.05081666666,3.5E9,3.4780688242845166+0.04949521890432523i,3.4780688242845166,35.13540197698347
0.05081666666,3.5E9,3.4781082617893797+0.1856052355818914i,3.4781082617893797,9.36963941476423
0.05081666666,3.5E9,3.478512331105051+0.18989612773430625i,3.478512331105051,9.158987001493843
0.05081666666,3.5E9,3.4791948086301114+0.14353397074453245i,3.4791948086301114,12.119760885116609
0.05081666666,3.5E9,3.4796145879489218+0.17704261036250815i,3.4796145879489218,9.82705400926971
0.05081666666,3.5E9,3.4825027423340034+0.15007552818601955i,3.4825027423340034,11.602500369072228
0.05081666666,3.5E9,3.4876157410621027+0.18834509910776218i,3.4876157410621027,9.258578422225506
0.05081666666,3.5E9,3.4891703720826555+0.19600259830030348i,3.4891703720826555,8.90082683173607
0.05081666666,3.5E9,3.4898101735397833+0.19719676097383027i,3.4898101735397833,8.848548415059698
0.05081666666,3.5E9,3.4904635304955414+0.1923483287614949i,3.4904635304955414,9.07328790681512
0.05081666666,3.5E9,3.4908197127000586+0.18203875522185492i,3.4908197127000586,9.588122343634229
0.05081666666,3.5E9,3.491905347881449+0.1714481197133999i,3.491905347881449,10.183562682748196
0.05081666666,3.5E9,3.4937868019198777+0.19618080731873516i,3.4937868019198777,8.904507147438531
0.05081666666,3.5E9,3.494227095248283+0.044445009657021646i,3.494227095248283,39.30955491080929
0.05081666666,3.5E9,3.4945628671387787+0.15521085327310566i,3.4945628671387787,11.257469414815413
0.05081666666,3.5E9,3.494832594858014+0.15719318112088926i,3.494832594858014,11.116361950110027
0.05081666666,3.5E9,3.497408406447553+0.15859417204523232i,3.497408406447553,11.026282874537356
0.05081666666,3.5E9,3.4975091353418137+0.19724402060305074i,3.4975091353418137,8.865944642196466
0.05081666666,3.5E9,3.498020659303412+0.1613733028289136i,3.498020659303412,10.838287988106616
0.05081666666,3.5E9,3.4984847801179004+0.1900376750880301i,3.4984847801179004,9.204713692948824
0.05081666666,3.5E9,3.499947564793203+0.0449387469925751i,3.499947564793203,38.94131233088758
0.05081666666,3.5E9,3.500070199423153+0.0010879176384950369i,3.500070199423153,1608.6099147472921
0.05081666666,3.5E9,3.500202565885119+0.0778144092765747i,3.500202565885119,22.490709615518615
0.05081666666,3.5E9,3.50143035615071+0.0010276946074877196i,3.50143035615071,1703.5364059709489
0.05081666666,3.5E9,3.50289782833491+0.08355928481781404i,3.50289782833491,20.960554150100418
0.05081666666,3.5E9,3.503395401260621+0.19423577738178704i,3.503395401260621,9.018409091478542
0.05081666666,3.5E9,3.5050926736880195+0.18115002427931837i,3.5050926736880195,9.674557559770061
0.05081666666,3.5E9,3.5061161773893748+0.1937457030180815i,3.5061161773893748,9.048242419761339
0.05081666666,3.5E9,3.508839448379723+0.1785771020031655i,3.508839448379723,9.82443832109428
0.05081666666,3.5E9,3.5101810044317503+0.18317261814427704i,3.5101810044317503,9.581620440853596
0.05081666666,3.5E9,3.5123485883708554+0.19537469970046187i,3.5123485883708554,8.988749806796381
0.05081666666,3.5E9,3.5131337518176506+0.1794231899549207i,3.5131337518176506,9.79007717090614
0.05081666666,3.5E9,3.5133446734579783+0.17311049534901513i,3.5133446734579783,10.147694010044225
0.05081666666,3.5E9,3.5140603337851015+0.13467622639040738i,3.5140603337851015,13.04632758122557
0.05081666666,3.5E9,3.515881827222068+0.14343832651604885i,3.515881827222068,12.255726599085381
0.05081666666,3.5E9,3.5169499777349364+0.18902340670453457i,3.5169499777349364,9.30294834658317
0.05081666666,3.5E9,3.516998371118457+0.17487625426334058i,3.516998371118457,10.055677330045969
0.05081666666,3.5E9,3.5174442378798254+0.19526680600277535i,3.5174442378798254,9.006764410920491
0.05081666666,3.5E9,3.5176332674793214+0.1787891247718555i,3.5176332674793214,9.837380411051315
0.05081666666,3.5E9,3.5184686143106503+0.1971286441857354i,3.5184686143106503,8.924295677181076
0.05081666666,3.5E9,3.518949125885045+0.18546230866027813i,3.518949125885045,9.486965710997659
0.05081666666,3.5E9,3.5191004510279145+0.13532934008465786i,3.5191004510279145,13.001986298117147
0.05081666666,3.5E9,3.520058053742095+0.1449165517679509i,3.520058053742095,12.145120798135686
0.05081666666,3.5E9,3.5210135673150527+0.19369498014055717i,3.5210135673150527,9.089067679399813
0.05081666666,3.5E9,3.523602578698113+0.1820669229857499i,3.523602578698113,9.676668669173642
0.05081666666,3.5E9,3.527623547757882+0.19531680494845913i,3.527623547757882,9.03051723759449
0.05081666666,3.5E9,3.5285047605219098+0.16106174718455002i,3.5285047605219098,10.953888251562393
0.05081666666,3.5E9,3.5297381903739393+0.17002342577546908i,3.5297381903739393,10.380152541554097
0.05081666666,3.5E9,3.533537695197639+0.18077323709124i,3.533537695197639,9.773398297376808
0.05081666666,3.5E9,3.5377479168373833+0.18774433847171915i,3.5377479168373833,9.421716643056834
0.05081666666,3.5E9,3.5384059984143725+0.1855076273340097i,3.5384059984143725,9.537090332257367
0.05081666666,3.5E9,3.538425692010889+0.19072920286740297i,3.538425692010889,9.276045930079311
0.05081666666,3.5E9,3.540563849470728+0.16168384711444886i,3.540563849470728,10.949033909876352
0.05081666666,3.5E9,3.5406708802693156+0.1661998029565519i,3.5406708802693156,10.65185041523461
0.05081666666,3.5E9,3.5419383716749766+0.15512304316792064i,3.5419383716749766,11.416544890241838
0.05081666666,3.5E9,3.542450087903872+0.15908564195289718i,3.542450087903872,11.133783176211267
0.05081666666,3.5E9,3.5431806096228082+0.1781140572318095i,3.5431806096228082,9.946381169150161
0.05081666666,3.5E9,3.5432571044089234+0.19222773952545072i,3.5432571044089234,9.216300189442222
0.05081666666,3.5E9,3.5439511389187697+0.18911787517007173i,3.5439511389187697,9.369688443600932
0.05081666666,3.5E9,3.5442095449585866+0.1662360515648075i,3.5442095449585866,10.660171219168028
0.05081666666,3.5E9,3.5444301708123698+0.16403801915010785i,3.5444301708123698,10.803684990760996
0.05081666666,3.5E9,3.5457882283980022+0.16623289829122062i,3.5457882283980022,10.665121840642504
0.05081666666,3.5E9,3.5479634175953265+0.18314104380386673i,3.5479634175953265,9.686423490615754
0.05081666666,3.5E9,3.5483419851762656+0.1711459832826764i,3.5483419851762656,10.366419115181866
0.05081666666,3.5E9,3.548935878609609+0.1653475327779934i,3.548935878609609,10.731747305158299
0.05081666666,3.5E9,3.549540641994155+0.11991088365940833i,3.549540641994155,14.800744243017071
0.05081666666,3.5E9,3.550634406067681+0.07337806362129598i,3.550634406067681,24.194113545926324
0.05081666666,3.5E9,3.5511421829172525+0.19130967401455348i,3.5511421829172525,9.281135941528778
0.05081666666,3.5E9,3.551807970448959+0.1295248406578182i,3.551807970448959,13.71091426328101
0.05081666666,3.5E9,3.552345978667533+0.13184123637738676i,3.552345978667533,13.472059562985208
0.05081666666,3.5E9,3.5538799831753893+0.13389946799504895i,3.5538799831753893,13.270702402293328
0.05081666666,3.5E9,3.5540399963405633+0.18331650851267786i,3.5540399963405633,9.6937259638424
0.05081666666,3.5E9,3.5540529951625515+0.15512445743517989i,3.5540529951625515,11.455488882685195
0.05081666666,3.5E9,3.5544883091937174+0.13248714603695713i,3.5544883091937174,13.414464782123833
0.05081666666,3.5E9,3.554504163456168+0.16395698328332078i,3.554504163456168,10.839746170841401
0.05081666666,3.5E9,3.555258227444231+0.1606097890657504i,3.555258227444231,11.067999802891155
0.05081666666,3.5E9,3.5553906511848736+0.17451274436864211i,3.5553906511848736,10.186621796728033
0.05081666666,3.5E9,3.5556835181288093+0.17674495487995756i,3.5556835181288093,10.058797775992458
0.05081666666,3.5E9,3.555890445867947+0.1886474138965727i,3.555890445867947,9.424699688217007
0.05081666666,3.5E9,3.5574973544625257+0.17087444915900205i,3.5574973544625257,10.409681997430184
0.05081666666,3.5E9,3.557605180960359+0.17579317579687045i,3.557605180960359,10.118723792416104
0.05081666666,3.5E9,3.5584124600194516+0.08171064493733558i,3.5584124600194516,21.774472975635064
0.05081666666,3.5E9,3.5592830036263243+0.16866356717741335i,3.5592830036263243,10.551428097931772
0.05081666666,3.5E9,3.5601151064413634+0.16680952181211608i,3.5601151064413634,10.671198705464956
0.05081666666,3.5E9,3.5616088871297+0.18291457675436426i,3.5616088871297,9.735716393758436
0.05081666666,3.5E9,3.5633307690343408+0.17678092799898226i,3.5633307690343408,10.078380087061356
0.05081666666,3.5E9,3.5659887994504027+0.18193196659062214i,3.5659887994504027,9.800335988986706
0.05081666666,3.5E9,3.5676449136123005+0.17340573655048216i,3.5676449136123005,10.28698641862313
0.05081666666,3.5E9,3.5677815709766687+0.18211451660178202i,3.5677815709766687,9.795434316689056
0.05081666666,3.5E9,3.5699190736433923+0.17750076109197546i,3.5699190736433923,10.056066947773731
0.05081666666,3.5E9,3.570749883853923+0.14281495447981227i,3.570749883853923,12.501316465281894
0.05081666666,3.5E9,3.5709510553330377+0.14895252593686598i,3.5709510553330377,11.986876465749218
0.05081666666,3.5E9,3.571757492632509+0.14165587118743123i,3.571757492632509,12.607163623689683
0.05081666666,3.5E9,3.5736102896052304+0.14524885846543667i,3.5736102896052304,12.301681153850874
0.05081666666,3.5E9,3.5738520619925445+0.14692354365721869i,3.5738520619925445,12.16228513494935
0.05081666666,3.5E9,3.573976774173635+0.17247109274796352i,3.573976774173635,10.361089262060801
0.05081666666,3.5E9,3.5748398294998123+0.17474063744935125i,3.5748398294998123,10.22898817836802
0.05081666666,3.5E9,3.575307334470961+0.11031403355005494i,3.575307334470961,16.205133741432213
0.05081666666,3.5E9,3.575465273063536+0.182408556632885i,3.575465273063536,9.800706005967442
0.05081666666,3.5E9,3.5764097542348785+0.17692848913081127i,3.5764097542348785,10.106935778982082
0.05081666666,3.5E9,3.5822223267095055+0.1701637912946071i,3.5822223267095055,10.525806634466528
0.05081666666,3.5E9,3.5827041932565207+0.13448440764712968i,3.5827041932565207,13.320147130576986
0.05081666666,3.5E9,3.582749509377759+0.1482107246499266i,3.582749509377759,12.086674287033562
0.05081666666,3.5E9,3.5837531916473897+0.12380700275272141i,3.5837531916473897,14.473144135494449
0.05081666666,3.5E9,3.584878640713398+0.17567088220656543i,3.584878640713398,10.203394540075404
0.05081666666,3.5E9,3.584978611434235+0.12026735530903881i,3.584978611434235,14.904204895095095
0.05081666666,3.5E9,3.5851239532357226+0.15814958511883004i,3.5851239532357226,11.33459803432915
0.05081666666,3.5E9,3.585625907475133+0.14926770461675706i,3.585625907475133,12.010722335019427
0.05081666666,3.5E9,3.586792919854694+0.15170497916696724i,3.586792919854694,11.821605788914328
0.05081666666,3.5E9,3.5883536568292893+0.16401887077017072i,3.5883536568292893,10.938843926859558
0.05081666666,3.5E9,3.588440838755174+0.16150700320238418i,3.588440838755174,11.109242223566318
0.05081666666,3.5E9,3.5885015440428725+0.12466156662219657i,3.5885015440428725,14.392974680473506
0.05081666666,3.5E9,3.589307910984823+0.12687303140757722i,3.589307910984823,14.145275284919455
0.05081666666,3.5E9,3.591441053681662+0.14187350260073572i,3.591441053681662,12.65719457067608
0.05081666666,3.5E9,3.5917012026889648+0.1758116517474967i,3.5917012026889648,10.21462789009974
0.05081666666,3.5E9,3.5934108406144567+0.011700469174609308i,3.5934108406144567,153.55840808556488
0.05081666666,3.5E9,3.593999630259494+0.14432219560415915i,3.593999630259494,12.45130596584383
0.05081666666,3.5E9,3.5941562149533337+0.14991293658452295i,3.5941562149533337,11.987478521998334
0.05081666666,3.5E9,3.5955757855716435+0.15148801452951158i,3.5955757855716435,11.867525614942906
0.05081666666,3.5E9,3.596330360401042+0.15842240106445504i,3.596330360401042,11.350447715212493
0.05081666666,3.5E9,3.596363813354512+0.16062834576505364i,3.596363813354512,11.194673630689094
0.05081666666,3.5E9,3.5969723269695253+0.1721488170449246i,3.5969723269695253,10.447275760340675
0.05081666666,3.5E9,3.597043840958683+0.011565262605089012i,3.597043840958683,155.51068591282532
0.05081666666,3.5E9,3.6009092837248815+0.14041447269394647i,3.6009092837248815,12.822429250486099
0.05081666666,3.5E9,3.6056941277794246+0.14681263888273544i,3.6056941277794246,12.279917298739596
0.05081666666,3.5E9,3.607192818198103+0.15512308554756005i,3.607192818198103,11.626872961768653
0.05081666666,3.5E9,3.6090959801355234+0.16096036736051716i,3.6090959801355234,11.211132402711012
0.05081666666,3.5E9,3.6092635522256398+0.15281627001961537i,3.6092635522256398,11.809159953198563
0.05081666666,3.5E9,3.6129147499396557+0.1575778203414578i,3.6129147499396557,11.46390634833879
0.05081666666,3.5E9,3.6157386979434363+1.6589151499747473E-5i,3.6157386979434363,108979.01251906937
0.05081666666,3.5E9,3.6192343471756327+3.8803320574136235E-5i,3.6192343471756327,46635.62671474021
0.05081666666,3.5E9,3.6195317691965547+0.1541834229078791i,3.6195317691965547,11.737746188703888
0.05081666666,3.5E9,3.6214184283099202+0.042224387464743884i,3.6214184283099202,42.883019100439256
0.05081666666,3.5E9,3.6241819580951447+0.04342785938854878i,3.6241819580951447,41.726463255644404
0.05081666666,3.5E9,3.6327994231145095+0.03236997319391153i,3.6327994231145095,56.1137230690973
0.05081666666,3.5E9,3.6335794954231706+0.13354643372755187i,3.6335794954231706,13.604180186630957
0.05081666666,3.5E9,3.633936340903672+0.14422355534232031i,3.633936340903672,12.59827610087125
0.05081666666,3.5E9,3.6340387764048327+0.1353820149940467i,3.6340387764048327,13.42142372664728
0.05081666666,3.5E9,3.6366923503341844+5.549854073109684E-5i,3.6366923503341844,32763.855611580788
0.05081666666,3.5E9,3.6395330704323854+0.03142852920522905i,3.6395330704323854,57.901740273401714
0.05081666666,3.5E9,3.64069093698066+3.932554307454367E-5i,3.64069093698066,46289.13744534354
0.05081666666,3.5E9,3.6691751707915166+3.1384228249340594E-4i,3.6691751707915166,5845.571765602694
0.05081666666,3.5E9,3.67272630253742+3.481955996242599E-4i,3.67272630253742,5273.9412940609855
0.05081666666,3.5E9,3.6767394966257902+0.022567047117264327i,3.6767394966257902,81.46257411349572
0.05081666666,3.5E9,3.6840084853037+0.024211503455921015i,3.6840084853037,76.07971334805237
0.05081666666,3.5E9,3.6921336511749376+4.3022956808636654E-4i,3.6921336511749376,4290.887848082259
0.05081666666,3.5E9,3.695131021374988+4.481294321914543E-4i,3.695131021374988,4122.839023655466
0.05081666666,3.5E9,3.6954185154963213+5.950261637842056E-4i,3.6954185154963213,3105.25716381483
0.05081666666,3.5E9,3.6964230002162077+0.025726336354834158i,3.6964230002162077,71.84122428535427
0.05081666666,3.5E9,3.6964426238084127+5.098455376675201E-4i,3.6964426238084127,3625.0612692612535
0.05081666666,4.0E9,3.8290703388441343+0.0069278451069444205i,3.8290703388441343,276.3536337587789
0.05081666666,4.0E9,3.8321570411289+4.3136653459936296E-5i,3.8321570411289,44418.80319584902
0.05081666666,4.0E9,3.8327015960030257+0.007051502417825848i,3.8327015960030257,271.76489270670504
0.05081666666,4.0E9,3.836170581004225+9.832799434907752E-5i,3.836170581004225,19507.011235199745
0.05081666666,4.0E9,3.837122753269621+9.680622638798877E-5i,3.837122753269621,19818.57415808593
0.05081666666,4.0E9,3.8394605224020046+4.0948313172376014E-5i,3.8394605224020046,46881.791030553715
0.05081666666,4.0E9,3.857149496995974+0.03862807966509083i,3.857149496995974,49.92675704355266
0.05081666666,4.0E9,3.8575818862545628+0.040808447392906115i,3.8575818862545628,47.26450199285381
0.05081666666,4.0E9,3.8742137612117697+0.03199945718023151i,3.8742137612117697,60.535616891732225
0.05081666666,4.0E9,3.884842062005751+0.12771952742627027i,3.884842062005751,15.208489023921523
0.05081666666,4.0E9,3.885027979280851+0.03502459465769532i,3.885027979280851,55.46142670957742
0.05081666666,4.0E9,3.8859264409893193+0.12483679153789602i,3.8859264409893193,15.56402721151997
0.05081666666,4.0E9,3.888080510683633+3.24835496718141E-4i,3.888080510683633,5984.691559212988
0.05081666666,4.0E9,3.8906162509618087+2.279513708966495E-4i,3.8906162509618087,8533.873333724694
0.05081666666,4.0E9,3.8909219415068756+1.608531238875405E-4i,3.8909219415068756,12094.642141445729
0.05081666666,4.0E9,3.8916172196870265+0.13869169662477898i,3.8916172196870265,14.02974119718044
0.05081666666,4.0E9,3.893810720670475+3.6989036493117794E-4i,3.893810720670475,5263.46600214223
0.05081666666,4.0E9,3.89425589531593+0.1382084791161372i,3.89425589531593,14.08833929806712
0.05081666666,4.0E9,3.909663238851931+0.1486894782023816i,3.909663238851931,13.147074312583435
0.05081666666,4.0E9,3.9121465668440663+0.013424810568414765i,3.9121465668440663,145.70583871210715
0.05081666666,4.0E9,3.9125399227665785+0.1528879781428295i,3.9125399227665785,12.795446608337784
0.05081666666,4.0E9,3.9126112310351435+0.13827051396052087i,3.9126112310351435,14.148393315990262
0.05081666666,4.0E9,3.913659227537036+0.1534317823971094i,3.913659227537036,12.753743606418428
0.05081666666,4.0E9,3.913990666620391+0.05247395303635512i,3.913990666620391,37.29460465755926
0.05081666666,4.0E9,3.9172649646277855+0.013123815158998757i,3.9172649646277855,149.2426141776993
0.05081666666,4.0E9,3.920911413517466+0.12474805946471293i,3.920911413517466,15.71532026366535
0.05081666666,4.0E9,3.9217021436573956+0.1362245512407714i,3.9217021436573956,14.394256057140337
0.05081666666,4.0E9,3.92236539786382+0.12088416919065889i,3.92236539786382,16.223652046933676
0.05081666666,4.0E9,3.9255501311055574+0.125926431737486i,3.9255501311055574,15.586680559999515
0.05081666666,4.0E9,3.925887446896435+0.12291847618385297i,3.925887446896435,15.969476553811013
0.05081666666,4.0E9,3.9266057811180075+3.808871564791853E-4i,3.9266057811180075,5154.552620537874
0.05081666666,4.0E9,3.9278888836547914+0.1514142175178888i,3.9278888836547914,12.970673917034022
0.05081666666,4.0E9,3.9281778955712854+0.1569461944065081i,3.9281778955712854,12.514409509659304
0.05081666666,4.0E9,3.929853790954969+0.1613698306105206i,3.929853790954969,12.17654432704957
0.05081666666,4.0E9,3.93017290833361+0.13605251818437653i,3.93017290833361,14.443587523339675
0.05081666666,4.0E9,3.9307927654211996+3.016953271147202E-4i,3.9307927654211996,6514.5072066802495
0.05081666666,4.0E9,3.9377939352201765+0.018562132557463418i,3.9377939352201765,106.07062316330885
0.05081666666,4.0E9,3.9379407334482335+0.15269157971228167i,3.9379407334482335,12.895081512905085
0.05081666666,4.0E9,3.9385678209231787+0.1467739427394046i,3.9385678209231787,13.417122097469507
0.05081666666,4.0E9,3.9398916191872253+0.05768117582289536i,3.9398916191872253,34.15231713795409
0.05081666666,4.0E9,3.9399922448679687+0.15190340112549183i,3.9399922448679687,12.968742686719127
0.05081666666,4.0E9,3.9411870211397506+0.1390255754052483i,3.9411870211397506,14.174323715803766
0.05081666666,4.0E9,3.941344031931234+0.14106030499144515i,3.941344031931234,13.970422196982575
0.05081666666,4.0E9,3.9418995558142336+0.15864007317863096i,3.9418995558142336,12.42403472474322
0.05081666666,4.0E9,3.9422371437889887+0.15542649407189701i,3.9422371437889887,12.681998546417038
0.05081666666,4.0E9,3.9430411275636295+0.1524042575272066i,3.9430411275636295,12.936125248534259
0.05081666666,4.0E9,3.9430568406530484+0.16614823029103826i,3.9430568406530484,11.866081371273353
0.05081666666,4.0E9,3.944244064480979+0.15642962663300417i,3.944244064480979,12.607087766483252
0.05081666666,4.0E9,3.9457010053132273+0.14160391057734528i,3.9457010053132273,13.93217528112704
0.05081666666,4.0E9,3.9457367840525515+0.022142550289614444i,3.9457367840525515,89.09851693784402
0.05081666666,4.0E9,3.946426913215407+0.15471328920164548i,3.946426913215407,12.754001073792162
0.05081666666,4.0E9,3.9470808414944902+0.14665914663285062i,3.9470808414944902,13.456647376299308
0.05081666666,4.0E9,3.9485757721260275+0.14647792738084764i,3.9485757721260275,13.478398563967916
0.05081666666,4.0E9,3.9498164037600314+0.01987670742424616i,3.9498164037600314,99.35791475558814
0.05081666666,4.0E9,3.951564686583814+0.16435978504639723i,3.951564686583814,12.02108132919596
0.05081666666,4.0E9,3.9518812987515943+0.1588590150298515i,3.9518812987515943,12.4383287218827
0.05081666666,4.0E9,3.952309179401233+0.1524405863699229i,3.952309179401233,12.963441277411139
0.05081666666,4.0E9,3.952433845120535+0.16309286278589225i,3.952433845120535,12.117126947208218
0.05081666666,4.0E9,3.9524566963978285+0.12437564301241584i,3.9524566963978285,15.889191005039763
0.05081666666,4.0E9,3.953910743124034+0.05670140310505963i,3.953910743124034,34.86607496994386
0.05081666666,4.0E9,3.9553373515966204+0.14292861780005348i,3.9553373515966204,13.836757860241269
0.05081666666,4.0E9,3.955645673831599+0.15503105786131877i,3.955645673831599,12.757591054335949
0.05081666666,4.0E9,3.956111283246937+0.1534673736250644i,3.956111283246937,12.889095544542576
0.05081666666,4.0E9,3.956202811342757+0.16857324896323297i,3.956202811342757,11.734373145426037
0.05081666666,4.0E9,3.957635376489032+0.16526870348666117i,3.957635376489032,11.973335825220085
0.05081666666,4.0E9,3.9577431875415368+0.06608733892335268i,3.9577431875415368,29.94327848585098
0.05081666666,4.0E9,3.9579721465107345+0.1628120206281765i,3.9579721465107345,12.155036622110938
0.05081666666,4.0E9,3.9579760880083583+0.15786089587516178i,3.9579760880083583,12.53627779718915
0.05081666666,4.0E9,3.9588724514065188+0.14871265540661022i,3.9588724514065188,13.310475966494472
0.05081666666,4.0E9,3.9607687068202457+0.02516280286972349i,3.9607687068202457,78.70285212912313
0.05081666666,4.0E9,3.962450236372456+0.16777308378351594i,3.962450236372456,11.80895691672854
0.05081666666,4.0E9,3.963263800373585+0.14205605236026564i,3.963263800373585,13.949647813394204
0.05081666666,4.0E9,3.9657080969664364+0.1598662836741801i,3.9657080969664364,12.403203495518973
0.05081666666,4.0E9,3.96587161602806+0.15646414427713565i,3.96587161602806,12.673419953019867
0.05081666666,4.0E9,3.966573935594577+0.12201754480581119i,3.966573935594577,16.25411305360762
0.05081666666,4.0E9,3.967463840057285+0.171348479589356i,3.967463840057285,11.577178418990009
0.05081666666,4.0E9,3.9681373577164645+0.15778082357767614i,3.9681373577164645,12.574840426545668
0.05081666666,4.0E9,3.9698315912249997+0.1323838326374565i,3.9698315912249997,14.99364201857146
0.05081666666,4.0E9,3.9708135475565376+0.05080053497105146i,3.9708135475565376,39.08239893358696
0.05081666666,4.0E9,3.9744082167942008+0.1466833299992444i,3.9744082167942008,13.547579731161932
0.05081666666,4.0E9,3.974900596640214+0.17216225428298948i,3.974900596640214,11.544053640545744
0.05081666666,4.0E9,3.9758949951895555+0.1675046504918504i,3.9758949951895555,11.868013764140223
0.05081666666,4.0E9,3.978009190143895+0.16929279240101147i,3.978009190143895,11.748902991454607
0.05081666666,4.0E9,3.9782547034728886+0.1497333066575377i,3.9782547034728886,13.284468206435017
0.05081666666,4.0E9,3.979168374809943+0.11943533983091424i,3.979168374809943,16.658253664465185
0.05081666666,4.0E9,3.98243660244001+0.14921175186850297i,3.98243660244001,13.344916042369249
0.05081666666,4.0E9,3.982463804174555+0.13806015923447237i,3.982463804174555,14.422929200780501
0.05081666666,4.0E9,3.982586487411637+0.16391631655241912i,3.982586487411637,12.148230789880024
0.05081666666,4.0E9,3.9830238537883984+0.14604476341490422i,3.9830238537883984,13.636311774058179
0.05081666666,4.0E9,3.985002755794206+0.1324660419741823i,3.985002755794206,15.04160121493962
0.05081666666,4.0E9,3.985067098758455+0.14533830984692703i,3.985067098758455,13.709623783830983
0.05081666666,4.0E9,3.9856486858691227+0.17024229877574013i,3.9856486858691227,11.705811994231265
0.05081666666,4.0E9,3.9859492905871536+0.17354435926903497i,3.9859492905871536,11.483949427615755
0.05081666666,4.0E9,3.986006467734871+0.14650315679067794i,3.986006467734871,13.6038245013042
0.05081666666,4.0E9,3.986783198070739+0.1343473308088092i,3.986783198070739,14.83759734588387
0.05081666666,4.0E9,3.987206404318175+0.1600647994964004i,3.987206404318175,12.454975787502365
0.05081666666,4.0E9,3.9881971596865893+0.15756435347577627i,3.9881971596865893,12.655772297824107
0.05081666666,4.0E9,3.9896639313613305+0.11353940726439198i,3.9896639313613305,17.56951188793356
0.05081666666,4.0E9,3.9907390843548165+0.14166081779939851i,3.9907390843548165,14.085543011639174
0.05081666666,4.0E9,3.99192100279086+0.1309190589348708i,3.99192100279086,15.245759613872373
0.05081666666,4.0E9,3.9919484474073865+0.1680135035544593i,3.9919484474073865,11.879844068942504
0.05081666666,4.0E9,3.992190982786315+0.16644760713388917i,3.992190982786315,11.992335160381808
0.05081666666,4.0E9,3.992769997637719+0.15498716608740884i,3.992769997637719,12.880969755217983
0.05081666666,4.0E9,3.9945428909865943+0.1342178589554962i,3.9945428909865943,14.880817359451028
0.05081666666,4.0E9,3.9950579319963215+0.12991920689468217i,3.9950579319963215,15.375162870394053
0.05081666666,4.0E9,3.9953858917700416+0.1608565846783979i,3.9953858917700416,12.419093379851546
0.05081666666,4.0E9,3.995913333194867+0.13068010964579163i,3.995913333194867,15.288911770987138
0.05081666666,4.0E9,3.997598112389458+0.14072105393436077i,3.997598112389458,14.20398014590672
0.05081666666,4.0E9,3.997668470180075+0.16030069772878433i,3.997668470180075,12.469279693790861
0.05081666666,4.0E9,4.000778322504215+0.1643918294461823i,4.000778322504215,12.168422043791319
0.05081666666,4.0E9,4.001298639552373+0.17368421695131273i,4.001298639552373,11.518889596842353
0.05081666666,4.0E9,4.002031332966833+0.16087172363113747i,4.002031332966833,12.438579144409136
0.05081666666,4.0E9,4.004690529688246+0.0439624339239816i,4.004690529688246,45.54673356590113
0.05081666666,4.0E9,4.004893296211667+0.16045247137441077i,4.004893296211667,12.479998786888034
0.05081666666,4.0E9,4.007832392415977+0.164321158911049i,4.007832392415977,12.195119663760137
0.05081666666,4.0E9,4.008587911293983+0.13421300719344378i,4.008587911293983,14.933678915026203
0.05081666666,4.0E9,4.009305079822147+0.14981598580803823i,4.009305079822147,13.3807652708014
0.05081666666,4.0E9,4.009583905750013+0.1603499946129553i,4.009583905750013,12.502600687415502
0.05081666666,4.0E9,4.009951563714777+0.15366014640567202i,4.009951563714777,13.048118388252291
0.05081666666,4.0E9,4.010208927109201+0.13582334548523015i,4.010208927109201,14.762590748971368
0.05081666666,4.0E9,4.01045779535227+0.13135325707572346i,4.01045779535227,15.265924441600612
0.05081666666,4.0E9,4.012359482795269+0.12654264762642187i,4.012359482795269,15.853783519057236
0.05081666666,4.0E9,4.013000080945935+0.16735491445675613i,4.013000080945935,11.989489803667759
0.05081666666,4.0E9,4.013016600977658+0.13947812434085943i,4.013016600977658,14.385827956685766
0.05081666666,4.0E9,4.013240211959209+0.16416884694420625i,4.013240211959209,12.222904304502828
0.05081666666,4.0E9,4.013625525282052+0.0540988263652567i,4.013625525282052,37.095310517306146
0.05081666666,4.0E9,4.0155105777521225+0.17376291168688807i,4.0155105777521225,11.554567481545972
0.05081666666,4.0E9,4.0161708296473835+0.055127858472779984i,4.0161708296473835,36.42596448427626
0.05081666666,4.0E9,4.017924966016557+0.17392455258027223i,4.017924966016557,11.55076987811179
0.05081666666,4.0E9,4.0186904811398705+0.15383324084832112i,4.0186904811398705,13.061840402563844
0.05081666666,4.0E9,4.018813655986327+0.13352189031721953i,4.018813655986327,15.04926887433395
0.05081666666,4.0E9,4.019328389029022+0.1611471054898637i,4.019328389029022,12.470991572609542
0.05081666666,4.0E9,4.021934173742466+0.04829408650243466i,4.021934173742466,41.64002743420466
0.05081666666,4.0E9,4.022382422993024+0.1598604145264026i,4.022382422993024,12.580920783014376
0.05081666666,4.0E9,4.023621860220637+0.1739361382047015i,4.023621860220637,11.566376894850132
0.05081666666,4.0E9,4.023719865609345+0.09329004800193866i,4.023719865609345,21.56564366611607
0.05081666666,4.0E9,4.02377630800306+0.15362848412038438i,4.02377630800306,13.095801638093363
0.05081666666,4.0E9,4.024488458573439+0.09041399215843152i,4.024488458573439,22.255894040832573
0.05081666666,4.0E9,4.0245973611280155+0.13839365377878027i,4.0245973611280155,14.540397089165886
0.05081666666,4.0E9,4.025342713831625+0.15089371445214625i,4.025342713831625,13.338337943520518
0.05081666666,4.0E9,4.025716511136232+0.17453775466494725i,4.025716511136232,11.53250916646725
0.05081666666,4.0E9,4.02707023176585+1.325889964205189E-4i,4.02707023176585,15186.291247705069
0.05081666666,4.0E9,4.027182220472249+0.16402463567948306i,4.027182220472249,12.276150481265745
0.05081666666,4.0E9,4.0275532662330225+0.1551630273640464i,4.0275532662330225,12.978456706646684
0.05081666666,4.0E9,4.029631788329284+0.13860802017446258i,4.029631788329284,14.536070074651104
0.05081666666,4.0E9,4.031167311019762+0.1209888785673279i,4.031167311019762,16.659247357088685
0.05081666666,4.0E9,4.03162986061079+0.1636279270198455i,4.03162986061079,12.319504176453377
0.05081666666,4.0E9,4.032179432364775+0.16529072689002472i,4.032179432364775,12.19723425575944
0.05081666666,4.0E9,4.03269761370681+0.14176879397193407i,4.03269761370681,14.222797206362502
0.05081666666,4.0E9,4.033278487912299+0.15785578556586496i,4.033278487912299,12.775200077254766
0.05081666666,4.0E9,4.033588427493793+0.12801871544561344i,4.033588427493793,15.753901347367426
0.05081666666,4.0E9,4.034550916249249+0.12311496025471733i,4.034550916249249,16.385299186638285
0.05081666666,4.0E9,4.034586738944259+0.14655351283637033i,4.034586738944259,13.764892634982239
0.05081666666,4.0E9,4.035509835905678+0.17168169572246703i,4.035509835905678,11.752883203196292
0.05081666666,4.0E9,4.036734614368018+0.14825046665629066i,4.036734614368018,13.614576417243029
0.05081666666,4.0E9,4.038631384879738+0.15828660099934724i,4.038631384879738,12.757338142905706
0.05081666666,4.0E9,4.038654087006251+0.12171546234159977i,4.038654087006251,16.59055476317213
0.05081666666,4.0E9,4.039089199166884+0.1716572247394152i,4.039089199166884,11.764984565311586
0.05081666666,4.0E9,4.039935140528862+0.05122548110936238i,4.039935140528862,39.43286673973758
0.05081666666,4.0E9,4.041047203984543+1.6092612228733424E-4i,4.041047203984543,12555.597396329595
0.05081666666,4.0E9,4.041543524374351+0.15411595020884755i,4.041543524374351,13.112022210866309
0.05081666666,4.0E9,4.0417229574142715+0.14924001804037273i,4.0417229574142715,13.541016044104522
0.05081666666,4.0E9,4.042437646029442+0.14053422238707522i,4.042437646029442,14.382395893917225
0.05081666666,4.0E9,4.042935858812971+0.15248106778233766i,4.042935858812971,13.257173226856414
0.05081666666,4.0E9,4.044998821316322+0.16695562408092424i,4.044998821316322,12.113993893837597
0.05081666666,4.0E9,4.045324854031455+0.1599131726128822i,4.045324854031455,12.648504147386213
0.05081666666,4.0E9,4.046946576944241+0.14405585614770652i,4.046946576944241,14.046449360568644
0.05081666666,4.0E9,4.047236811068838+0.1492679822198692i,4.047236811068838,13.556948887763909
0.05081666666,4.0E9,4.047682105536635+0.1349950991984586i,4.047682105536635,14.991959447305822
0.05081666666,4.0E9,4.0506044733167315+0.1615737867963364i,4.0506044733167315,12.53484415272916
0.05081666666,4.0E9,4.051079259933198+0.012868387769764485i,4.051079259933198,157.40430473550066
0.05081666666,4.0E9,4.051429715894942+0.13451586729589293i,4.051429715894942,15.059300428041924
0.05081666666,4.0E9,4.051575919961168+2.0164700449213944E-4i,4.051575919961168,10046.20904279068
0.05081666666,4.0E9,4.051826305443466+0.14195328859896542i,4.051826305443466,14.27168875562421
0.05081666666,4.0E9,4.051867695424452+0.15247196672342112i,4.051867695424452,13.287254642600633
0.05081666666,4.0E9,4.051978252477783+0.14715552989042016i,4.051978252477783,13.767672392247514
0.05081666666,4.0E9,4.054633516602142+0.15402297902304213i,4.054633516602142,13.16243050978634
0.05081666666,4.0E9,4.0550005628066+0.011760370486432107i,4.0550005628066,172.40105519995467
0.05081666666,4.0E9,4.055042257827363+0.1383120818326298i,4.055042257827363,14.659031243323822
0.05081666666,4.0E9,4.055206652753553+0.16670009577543i,4.055206652753553,12.16318033259118
0.05081666666,4.0E9,4.055323250484913+0.16292506207520682i,4.055323250484913,12.445363527352718
0.05081666666,4.0E9,4.056285624709686+0.1473140882178854i,4.056285624709686,13.767473545063194
0.05081666666,4.0E9,4.0589416451243885+0.13973350447036328i,4.0589416451243885,14.523866915487215
0.05081666666,4.0E9,4.058941292546749+0.1451159036416759i,4.058941292546749,13.985170441997857
0.05081666666,4.0E9,4.059249486413858+0.13150576299124592i,4.059249486413858,15.43373230983069
0.05081666666,4.0E9,4.06186711872627+0.1533806607985258i,4.06186711872627,13.241131892311259
0.05081666666,4.0E9,4.063163680445589+4.2502286315903995E-4i,4.063163680445589,4779.935425409324
0.05081666666,4.0E9,4.063657028256931+0.15354794077823564i,4.063657028256931,13.232535088588198
0.05081666666,4.0E9,4.063900401689985+0.14499087072507755i,4.063900401689985,14.01433201058463
0.05081666666,4.0E9,4.065829338624662+0.1517573503075723i,4.065829338624662,13.395823432552996
0.05081666666,4.0E9,4.066568057361927+0.14201983685666297i,4.066568057361927,14.316901594057637
0.05081666666,4.0E9,4.0665824275777505+0.15973496733959724i,4.0665824275777505,12.729155348096633
0.05081666666,4.0E9,4.066705903423987+0.0041630810198157705i,4.066705903423987,488.425025127658
0.05081666666,4.0E9,4.067199658968401+0.13471837948448845i,4.067199658968401,15.09519218733143
0.05081666666,4.0E9,4.067973453655892+0.1492544463691536i,4.067973453655892,13.62764578414804
0.05081666666,4.0E9,4.0695587207505755+0.0038832187698827547i,4.0695587207505755,523.9929761764938
0.05081666666,4.0E9,4.0696344362259005+0.15819261340720744i,4.0696344362259005,12.862909173104548
0.05081666666,4.0E9,4.073532933016186+0.1603090208668593i,4.073532933016186,12.7052517412584
0.05081666666,4.0E9,4.073578223774627+0.13977422677037765i,4.073578223774627,14.571993413588105
0.05081666666,4.0E9,4.074819968132592+0.1479921229204136i,4.074819968132592,13.767016405068823
0.05081666666,4.0E9,4.075730800588898+0.15186370209586758i,4.075730800588898,13.419042023669343
0.05081666666,4.0E9,4.076312524999367+0.1373550734955881i,4.076312524999367,14.83859467750312
0.05081666666,4.0E9,4.076752117004327+0.009868473432047758i,4.076752117004327,206.5543442496952
0.05081666666,4.0E9,4.078257036995965+0.0715709703002634i,4.078257036995965,28.491000051322185
0.05081666666,4.0E9,4.079617892349906+0.15539272041984176i,4.079617892349906,13.126798608479055
0.05081666666,4.0E9,4.080919651484573+0.00928395394451127i,4.080919651484573,219.7834928886758
0.05081666666,4.0E9,4.083609719845973+0.07673212176604619i,4.083609719845973,26.609519102682775
0.05081666666,4.0E9,4.083933706327877+0.15499520547961373i,4.083933706327877,13.174387213109732
0.05081666666,4.0E9,4.086787691379709+3.37411896145104E-4i,4.086787691379709,6056.081214193744
0.05081666666,4.0E9,4.087091228584033+0.1441130084611472i,4.087091228584033,14.180160667750929
0.05081666666,4.0E9,4.087947519447942+0.1515542528619245i,4.087947519447942,13.486746304547193
0.05081666666,4.0E9,4.088227242519961+3.034851082902496E-4i,4.088227242519961,6735.465976488754
0.05081666666,4.0E9,4.092530674177354+0.13978436885379755i,4.092530674177354,14.638727876855063
0.05081666666,4.0E9,4.096385352500101+0.1300282628917915i,4.096385352500101,15.751903706923626
0.05081666666,4.0E9,4.096898092876523+0.13362580732964555i,4.096898092876523,15.32974121821304
0.05081666666,4.0E9,4.0980213627534265+0.13652711984662674i,4.0980213627534265,15.008085453487576
0.05081666666,4.0E9,4.0990255947885395+0.14234721037305495i,4.0990255947885395,14.397983578484121
0.05081666666,4.0E9,4.101404978583668+0.1258980005525668i,4.101404978583668,16.288602521813633
0.05081666666,4.0E9,4.103247937053368+0.11286597695197743i,4.103247937053368,18.1775236783678
0.05081666666,4.0E9,4.104948747022269+0.13772734198862868i,4.104948747022269,14.90244670285291
0.05081666666,4.0E9,4.1055903076791695+0.13122605458393816i,4.1055903076791695,15.643197994088313
0.05081666666,4.0E9,4.105947172788344+0.04574545482506168i,4.105947172788344,44.87819815640895
0.05081666666,4.0E9,4.106037272569007+0.13542175007470283i,4.106037272569007,15.160183908064951
0.05081666666,4.0E9,4.107358156601009+0.1301258407827587i,4.107358156601009,15.782254054589062
0.05081666666,4.0E9,4.107738878925869+0.1313427520406819i,4.107738878925869,15.637478334752512
0.05081666666,4.0E9,4.1079856463259015+1.2254683405482481E-4i,4.1079856463259015,16760.880352437656
0.05081666666,4.0E9,4.108353176658081+0.1268696239730674i,4.108353176658081,16.19124045614822
0.05081666666,4.0E9,4.108513892784808+0.04190873794236703i,4.108513892784808,49.01738986312166
0.05081666666,4.0E9,4.110730573814071+0.1279539437534731i,4.110730573814071,16.06332111862903
0.05081666666,4.0E9,4.111478641975653+0.1298107662078426i,4.111478641975653,15.836431607655266
0.05081666666,4.0E9,4.114848159678312+1.3526021702136044E-4i,4.114848159678312,15210.858929157606
0.05081666666,4.0E9,4.121083413696389+0.1273436473456139i,4.121083413696389,16.180954054628508
0.05081666666,4.0E9,4.126983557078053+0.10570834656148072i,4.126983557078053,19.52061351502537
0.05081666666,4.0E9,4.127738010476282+0.006188084911259493i,4.127738010476282,333.5230583993507
0.05081666666,4.0E9,4.134297894056244+0.006468084281579648i,4.134297894056244,319.59214769589846
0.05081666666,4.0E9,4.156468739770105+3.9845735558688525E-4i,4.156468739770105,5215.700854170541
0.05081666666,4.0E9,4.162372304184737+0.025738308505048366i,4.162372304184737,80.85947651471193
0.05081666666,4.0E9,4.165021990154178+0.046179268208866746i,4.165021990154178,45.09623205066797
0.05081666666,4.0E9,4.166009438757015+3.0260146703040474E-4i,4.166009438757015,6883.657041785628
0.05081666666,4.0E9,4.167519725033197+0.02601197875366209i,4.167519725033197,80.10770277225589
0.05081666666,4.5E9,4.346279491551638+0.003143755950915787i,4.346279491551638,691.2558670919655
0.05081666666,4.5E9,4.347123406826098+0.003167859944729061i,4.347123406826098,686.1293558856964
0.05081666666,4.5E9,4.350350760444189+0.026720900592631353i,4.350350760444189,81.40352053934622
0.05081666666,4.5E9,4.366442246509647+0.028206412168397137i,4.366442246509647,77.4015890507668
0.05081666666,4.5E9,4.3748644632986515+0.023031365707264353i,4.3748644632986515,94.97622761291073
0.05081666666,4.5E9,4.38272031615256+0.01905412192242267i,4.38272031615256,115.00714475315247
0.05081666666,4.5E9,4.388653543707297+7.307083793032338E-4i,4.388653543707297,3003.013013133976
0.05081666666,4.5E9,4.393124281839027+0.05425293571667573i,4.393124281839027,40.48743375640696
0.05081666666,4.5E9,4.393963438107183+8.95401726513347E-4i,4.393963438107183,2453.626851501099
0.05081666666,4.5E9,4.399552880396965+0.10852573136766783i,4.399552880396965,20.269630183334048
0.05081666666,4.5E9,4.4027297047440515+0.12097255583031i,4.4027297047440515,18.197225290171705
0.05081666666,4.5E9,4.4034837227493915+0.05469468761282785i,4.4034837227493915,40.25513185047078
0.05081666666,4.5E9,4.409327104940835+1.6895243581128468E-4i,4.409327104940835,13049.019044229512
0.05081666666,4.5E9,4.41161549482329+0.09745816027935683i,4.41161549482329,22.633381761864324
0.05081666666,4.5E9,4.412036669236766+0.11774926438416913i,4.412036669236766,18.734879968515305
0.05081666666,4.5E9,4.414447188442802+0.035188024768016975i,4.414447188442802,62.726555661276734
0.05081666666,4.5E9,4.416940193770055+0.12022721039299127i,4.416940193770055,18.36913698376696
0.05081666666,4.5E9,4.42007596162947+0.12984327934060802i,4.42007596162947,17.02081148934409
0.05081666666,4.5E9,4.422001697011348+0.032581987432678934i,4.422001697011348,67.85960657170024
0.05081666666,4.5E9,4.423637539111588+0.13187134667776776i,4.423637539111588,16.77255010491741
0.05081666666,4.5E9,4.424237500811102+0.11851864634728944i,4.424237500811102,18.664731825602246
0.05081666666,4.5E9,4.427048908086559+0.060685117347287515i,4.427048908086559,36.47557343221021
0.05081666666,4.5E9,4.4281003161166375+0.11185397336244063i,4.4281003161166375,19.794112730212348
0.05081666666,4.5E9,4.429289018375853+0.1364738192641431i,4.429289018375853,16.2276143595096
0.05081666666,4.5E9,4.429628103233172+0.12475333241224708i,4.429628103233172,17.753546208270723
0.05081666666,4.5E9,4.431541024738304+0.03607879364756513i,4.431541024738304,61.41476164679606
0.05081666666,4.5E9,4.4323073743608346+0.12915034797198038i,4.4323073743608346,17.159486768562324
0.05081666666,4.5E9,4.4354466728545745+0.13901354911942754i,4.4354466728545745,15.953289089267297
0.05081666666,4.5E9,4.435472402568159+0.12362940959087632i,4.435472402568159,17.93858118891919
0.05081666666,4.5E9,4.435642193616126+0.13543912916508946i,4.435642193616126,16.375039550828156
0.05081666666,4.5E9,4.435921383628649+0.015127606828363744i,4.435921383628649,146.61675947683437
0.05081666666,4.5E9,4.43748253109785+0.13991384772759627i,4.43748253109785,15.857910432630508
0.05081666666,4.5E9,4.438370450240984+0.12558718791807313i,4.438370450240984,17.67047468702125
0.05081666666,4.5E9,4.439261202543333+0.1287583988335043i,4.439261202543333,17.238724785183454
0.05081666666,4.5E9,4.439777137079196+0.14348102447960862i,4.439777137079196,15.471652621598661
0.05081666666,4.5E9,4.441902271840877+0.13945039670206866i,4.441902271840877,15.926459791042616
0.05081666666,4.5E9,4.443255683633422+0.10675113406738658i,4.443255683633422,20.811280940718714
0.05081666666,4.5E9,4.44370592401877+0.09485909156979531i,4.44370592401877,23.422667508623487
0.05081666666,4.5E9,4.444592604361768+0.032522496048040285i,4.444592604361768,68.3310499568742
0.05081666666,4.5E9,4.446270034461759+0.1292899843387867i,4.446270034461759,17.194951554835512
0.05081666666,4.5E9,4.447523987866738+0.13090427912003252i,4.447523987866738,16.987695198980415
0.05081666666,4.5E9,4.447553802292538+0.1197714493896579i,4.447553802292538,18.56683635773292
0.05081666666,4.5E9,4.4481996117953555+0.06152868911374873i,4.4481996117953555,36.14736211567844
0.05081666666,4.5E9,4.448241357234642+4.2408448621964243E-4i,4.448241357234642,5244.522614923955
0.05081666666,4.5E9,4.449854952858018+0.14064966287876443i,4.449854952858018,15.818932167273134
0.05081666666,4.5E9,4.451115175391782+0.10682023218377974i,4.451115175391782,20.83460728550854
0.05081666666,4.5E9,4.451230942645241+0.13912114238170734i,4.451230942645241,15.997679671262247
0.05081666666,4.5E9,4.452719685010452+0.001623060176948733i,4.452719685010452,1371.7050508199052
0.05081666666,4.5E9,4.452821023829581+0.12492872926311009i,4.452821023829581,17.821445275616217
0.05081666666,4.5E9,4.453502342649821+0.1333458853883937i,4.453502342649821,16.699061728369795
0.05081666666,4.5E9,4.4538164396192155+0.14540495385685018i,4.4538164396192155,15.315215615019401
0.05081666666,4.5E9,4.454707266874476+0.03483971833625936i,4.454707266874476,63.9314477786442
0.05081666666,4.5E9,4.45514986026724+0.09605045598062721i,4.45514986026724,23.191716347321748
0.05081666666,4.5E9,4.4556078785709206+0.12766017179904332i,4.4556078785709206,17.451049202662556
0.05081666666,4.5E9,4.457719772337263+0.12880460462709561i,4.457719772337263,17.304194152231137
0.05081666666,4.5E9,4.458759057395996+0.13637544839649296i,4.458759057395996,16.34736717577186
0.05081666666,4.5E9,4.459412134435927+0.002612915212569333i,4.459412134435927,853.3403826086831
0.05081666666,4.5E9,4.460001377097693+0.013746328961182485i,4.460001377097693,162.22517988955633
0.05081666666,4.5E9,4.461690130238602+0.13866778609903208i,4.461690130238602,16.08769511562046
0.05081666666,4.5E9,4.462951568229274+0.1322195807545348i,4.462951568229274,16.8770447718887
0.05081666666,4.5E9,4.4632596577864625+0.11848772077784278i,4.4632596577864625,18.83427087839254
0.05081666666,4.5E9,4.464751494548518+0.1458343913981105i,4.464751494548518,15.307608348569437
0.05081666666,4.5E9,4.465110945622559+0.13761234725749136i,4.465110945622559,16.223511314968455
0.05081666666,4.5E9,4.466415793397155+0.08577424048881419i,4.466415793397155,26.035880748950618
0.05081666666,4.5E9,4.468114399411992+0.14758190913651842i,4.468114399411992,15.137744272161536
0.05081666666,4.5E9,4.469964215978185+0.12160516281901891i,4.469964215978185,18.37900674756174
0.05081666666,4.5E9,4.470025863977391+0.10983604060627987i,4.470025863977391,20.34862982725643
0.05081666666,4.5E9,4.470448591130234+0.12573885928092476i,4.470448591130234,17.77671841742414
0.05081666666,4.5E9,4.470522280046355+0.11313167987562775i,4.470522280046355,19.75804781189964
0.05081666666,4.5E9,4.470655865737118+0.13174116589192644i,4.470655865737118,16.967573633759287
0.05081666666,4.5E9,4.471510974437571+0.13722325285527437i,4.471510974437571,16.292832597233183
0.05081666666,4.5E9,4.472286556494642+0.14634024596626113i,4.472286556494642,15.280439522855971
0.05081666666,4.5E9,4.472785748463901+0.1010647689550538i,4.472785748463901,22.128313331686677
0.05081666666,4.5E9,4.473153353355334+0.12423926250707401i,4.473153353355334,18.00217283606557
0.05081666666,4.5E9,4.474159687482305+0.14499530079194503i,4.474159687482305,15.428636869764194
0.05081666666,4.5E9,4.474892038810545+0.14864538892949314i,4.474892038810545,15.052239665951282
0.05081666666,4.5E9,4.4758568745359755+0.12885674727005747i,4.4758568745359755,17.36756890640539
0.05081666666,4.5E9,4.478263922289724+0.14089316561017468i,4.478263922289724,15.892410050180331
0.05081666666,4.5E9,4.4794701799698995+0.14864468225007194i,4.4794701799698995,15.067710839577417
0.05081666666,4.5E9,4.480447240277506+0.0019254720590170234i,4.480447240277506,1163.4672181544997
0.05081666666,4.5E9,4.480823917212745+0.1365967983083755i,4.480823917212745,16.401643276795603
0.05081666666,4.5E9,4.4811913758865805+0.12258873363684103i,4.4811913758865805,18.277337741173422
0.05081666666,4.5E9,4.481636087452357+0.1281352989230669i,4.481636087452357,17.487905850764644
0.05081666666,4.5E9,4.48228988600113+0.14552917918674718i,4.48228988600113,15.399969652303641
0.05081666666,4.5E9,4.482816607634529+7.585977612471021E-4i,4.482816607634529,2954.672974690152
0.05081666666,4.5E9,4.483132258947068+0.14445985061186428i,4.483132258947068,15.516879741875057
0.05081666666,4.5E9,4.483588509740447+0.12631854862856645i,4.483588509740447,17.74715019456177
0.05081666666,4.5E9,4.485605530641946+5.244375113619894E-4i,4.485605530641946,4276.587232473715
0.05081666666,4.5E9,4.486522026348054+0.10301413743170194i,4.486522026348054,21.7762442039696
0.05081666666,4.5E9,4.488246994237107+0.0018569178281886845i,4.488246994237107,1208.5206265198958
0.05081666666,4.5E9,4.488425616853962+0.15378423147773285i,4.488425616853962,14.593256973501418
0.05081666666,4.5E9,4.489501193000777+0.1449433408001326i,4.489501193000777,15.487090225109082
0.05081666666,4.5E9,4.490644331796817+0.13736145891816104i,4.490644331796817,16.346085602047626
0.05081666666,4.5E9,4.4909073483309605+0.12956888523503127i,4.4909073483309605,17.33019212206961
0.05081666666,4.5E9,4.491098490558529+0.13447377266672847i,4.491098490558529,16.698789665435324
0.05081666666,4.5E9,4.491156924111011+0.15004318471867445i,4.491156924111011,14.966214335332081
0.05081666666,4.5E9,4.492063458309618+0.1478634236592967i,4.492063458309618,15.189907507688043
0.05081666666,4.5E9,4.493204910216911+0.13001162940777355i,4.493204910216911,17.28001152929269
0.05081666666,4.5E9,4.4936872387381355+0.14256847943696288i,4.4936872387381355,15.759750179299044
0.05081666666,4.5E9,4.495039133393349+0.138097622958515i,4.495039133393349,16.274860627918535
0.05081666666,4.5E9,4.496009969810628+0.14948570619899998i,4.496009969810628,15.038260460252305
0.05081666666,4.5E9,4.497352593423368+0.14000313754739532i,4.497352593423368,16.061613590269992
0.05081666666,4.5E9,4.497633979779242+0.01993054935480524i,4.497633979779242,112.83266456212523
0.05081666666,4.5E9,4.498630798918713+0.13117240211710685i,4.498630798918713,17.14777928249903
0.05081666666,4.5E9,4.498633758444383+3.7179115778462267E-4i,4.498633758444383,6049.947213981923
0.05081666666,4.5E9,4.499652115015072+0.15533190837498717i,4.499652115015072,14.483991608963082
0.05081666666,4.5E9,4.5001067913644786+0.14565405865928013i,4.5001067913644786,15.447927894310554
0.05081666666,4.5E9,4.501842869964013+0.12523580942629492i,4.501842869964013,17.973464980132075
0.05081666666,4.5E9,4.502998875909955+0.11942306184689168i,4.502998875909955,18.85313777033744
0.05081666666,4.5E9,4.504162388700473+0.13173639727354347i,4.504162388700473,17.095360439180013
0.05081666666,4.5E9,4.504585928126991+0.14462914541288627i,4.504585928126991,15.572884411600892
0.05081666666,4.5E9,4.504932167750156+0.12034732759159789i,4.504932167750156,18.71637807794857
0.05081666666,4.5E9,4.506351560346974+0.1365105943537591i,4.506351560346974,16.50550120919198
0.05081666666,4.5E9,4.506383668908747+0.10925906734511001i,4.506383668908747,20.62246996249156
0.05081666666,4.5E9,4.507447190042802+0.03182073759202982i,4.507447190042802,70.82562396623686
0.05081666666,4.5E9,4.508091608115031+0.021805327265109992i,4.508091608115031,103.37133566732301
0.05081666666,4.5E9,4.509146883083341+0.12001108989466347i,4.509146883083341,18.78637585510274
0.05081666666,4.5E9,4.51138904441414+0.061095836842810315i,4.51138904441414,36.92059293680855
0.05081666666,4.5E9,4.512582664966616+0.14944555027543985i,4.512582664966616,15.097748499870264
0.05081666666,4.5E9,4.512624996533364+0.14163297453671533i,4.512624996533364,15.93070049998689
0.05081666666,4.5E9,4.513540834061059+0.14937438477019735i,4.513540834061059,15.10814869967446
0.05081666666,4.5E9,4.513997134313745+0.1546776105435416i,4.513997134313745,14.591630677676713
0.05081666666,4.5E9,4.514305741441653+0.13444220633856002i,4.514305741441653,16.78901984869793
0.05081666666,4.5E9,4.514488489267091+0.13853954340557498i,4.514488489267091,16.293140493652814
0.05081666666,4.5E9,4.515027961832922+0.14723096964714952i,4.515027961832922,15.33314618742761
0.05081666666,4.5E9,4.515218367544266+0.12923696015912708i,4.515218367544266,17.46875801622369
0.05081666666,4.5E9,4.516504210763913+0.13075206301567235i,4.516504210763913,17.271254107182042
0.05081666666,4.5E9,4.518298670291604+0.15235169314254834i,4.518298670291604,14.82851479065626
0.05081666666,4.5E9,4.5195471995475955+0.03963666451479756i,4.5195471995475955,57.01220391363042
0.05081666666,4.5E9,4.519905750719218+0.1113973565781624i,4.519905750719218,20.28731151958623
0.05081666666,4.5E9,4.520656204387804+0.11909107261032828i,4.520656204387804,18.979828232715686
0.05081666666,4.5E9,4.521659366308579+0.13971902987808568i,4.521659366308579,16.18125809438425
0.05081666666,4.5E9,4.521918078824578+0.05055386161555668i,4.521918078824578,44.723765250734786
0.05081666666,4.5E9,4.5235014294107625+0.13429305089764537i,4.5235014294107625,16.841904324812965
0.05081666666,4.5E9,4.524432321876963+0.15105131252241283i,4.524432321876963,14.976474703606542
0.05081666666,4.5E9,4.525476664208481+0.12717848861198838i,4.525476664208481,17.791832225712934
0.05081666666,4.5E9,4.525554374494197+0.13899588310657207i,4.525554374494197,16.279454734009377
0.05081666666,4.5E9,4.527636705875948+0.12545437767204498i,4.527636705875948,18.044953033491645
0.05081666666,4.5E9,4.528492523249583+0.11765060175336865i,4.528492523249583,19.24551364702187
0.05081666666,4.5E9,4.529504383634016+0.016461169972813768i,4.529504383634016,137.58148391380018
0.05081666666,4.5E9,4.5299322687769+0.13397161846450567i,4.5299322687769,16.906313145634858
0.05081666666,4.5E9,4.530337320411058+0.13077115278301277i,4.530337320411058,17.3216234008742
0.05081666666,4.5E9,4.531807972349148+0.10594858495276341i,4.531807972349148,21.386826328872765
0.05081666666,4.5E9,4.532269756827904+0.11259474827785824i,4.532269756827904,20.126470488851275
0.05081666666,4.5E9,4.532417891151545+4.8532052574297945E-4i,4.532417891151545,4669.509788621494
0.05081666666,4.5E9,4.533115373492696+0.14385638874621798i,4.533115373492696,15.75569709833924
0.05081666666,4.5E9,4.53436338894058+0.13755268591647024i,4.53436338894058,16.482278621931457
0.05081666666,4.5E9,4.534389067031409+0.12446327642547007i,4.534389067031409,18.21577093764942
0.05081666666,4.5E9,4.534804025973049+0.14721699527768262i,4.534804025973049,15.401768041181121
0.05081666666,4.5E9,4.534808440592918+0.0012033183437000364i,4.534808440592918,1884.292907331992
0.05081666666,4.5E9,4.535570713175522+0.1480547124026861i,4.535570713175522,15.317211588778969
0.05081666666,4.5E9,4.535787945321996+0.13038641633377462i,4.535787945321996,17.39363682529201
0.05081666666,4.5E9,4.5363519243803+0.15108649310149186i,4.5363519243803,15.012433710182883
0.05081666666,4.5E9,4.538091423944545+0.12154637966154344i,4.538091423944545,18.668147239684387
0.05081666666,4.5E9,4.538657547620236+0.027992214415629983i,4.538657547620236,81.06999825433586
0.05081666666,4.5E9,4.540047630553587+0.12806643243278779i,4.540047630553587,17.725361534281465
0.05081666666,4.5E9,4.540439972060463+0.11521271051090012i,4.540439972060463,19.704596619271875
0.05081666666,4.5E9,4.541248099597897+0.12902574233173947i,4.541248099597897,17.598225042262676
0.05081666666,4.5E9,4.541299266190758+0.14145364041479289i,4.541299266190758,16.05225306635459
0.05081666666,4.5E9,4.54187073362133+0.1267187972060321i,4.54187073362133,17.92106157003962
0.05081666666,4.5E9,4.542064317260467+0.13602782009687672i,4.542064317260467,16.69535067909522
0.05081666666,4.5E9,4.544100333454106+0.13539397569135855i,4.544100333454106,16.78102851419604
0.05081666666,4.5E9,4.54441693865696+0.1119756374574538i,4.54441693865696,20.291989587394195
0.05081666666,4.5E9,4.545162649088885+0.13728992785559244i,4.545162649088885,16.553154044445584
0.05081666666,4.5E9,4.545402903489322+0.1437453422973269i,4.545402903489322,15.810609341649078
0.05081666666,4.5E9,4.548273768326017+0.11564787684403981i,4.548273768326017,19.664320229846155
0.05081666666,4.5E9,4.548558868499071+0.13709397974858703i,4.548558868499071,16.5891998935349
0.05081666666,4.5E9,4.548706993230247+0.0013354636078604335i,4.548706993230247,1703.0441587688786
0.05081666666,4.5E9,4.549105701577497+0.11024738417993649i,4.549105701577497,20.63135436462071
0.05081666666,4.5E9,4.5494334782414985+0.1285800270514588i,4.5494334782414985,17.69105817819115
0.05081666666,4.5E9,4.54962939842008+0.12432825464599927i,4.54962939842008,18.2968441541075
0.05081666666,4.5E9,4.552416436001458+0.06314712393051523i,4.552416436001458,36.04611067489605
0.05081666666,4.5E9,4.553003985905277+0.01728236502776687i,4.553003985905277,131.72398507351716
0.05081666666,4.5E9,4.553556941969042+0.12809089387611214i,4.553556941969042,17.77470983367945
0.05081666666,4.5E9,4.554636037212701+7.702504096694828E-4i,4.554636037212701,2956.594362064093
0.05081666666,4.5E9,4.555141265669338+0.14523434972926588i,4.555141265669338,15.682038285573158
0.05081666666,4.5E9,4.555421391488725+0.1362099397564057i,4.555421391488725,16.72205934322973
0.05081666666,4.5E9,4.556397406994997+0.04636885418141357i,4.556397406994997,49.13208971229418
0.05081666666,4.5E9,4.557030831854218+0.10947371223909497i,4.557030831854218,20.813356643563342
0.05081666666,4.5E9,4.557523702373875+3.951224575209276E-4i,4.557523702373875,5767.229393855051
0.05081666666,4.5E9,4.557698151012577+0.11906251453554172i,4.557698151012577,19.139937405118573
0.05081666666,4.5E9,4.558016729252038+0.12461252313947846i,4.558016729252038,18.288758683387954
0.05081666666,4.5E9,4.5587537078717935+0.14022471222676805i,4.5587537078717935,16.255172271273715
0.05081666666,4.5E9,4.55945835657644+0.0018942963192880953i,4.55945835657644,1203.4702042524034
0.05081666666,4.5E9,4.560007947870237+0.05349725823064061i,4.560007947870237,42.61908085280609
0.05081666666,4.5E9,4.560221386067779+0.11200832973293504i,4.560221386067779,20.356617212937902
0.05081666666,4.5E9,4.561053379700347+0.1310714229427942i,4.561053379700347,17.399114457203257
0.05081666666,4.5E9,4.562003659790754+0.1258173550050699i,4.562003659790754,18.129468941732743
0.05081666666,4.5E9,4.562969300192255+0.13195357248894043i,4.562969300192255,17.290055942118187
0.05081666666,4.5E9,4.563261065320988+0.002024393867591294i,4.563261065320988,1127.0684866158335
0.05081666666,4.5E9,4.564402045733304+0.13164054882682077i,4.564402045733304,17.336611273696473
0.05081666666,4.5E9,4.564473656754793+0.13606165243200613i,4.564473656754793,16.773549252004674
0.05081666666,4.5E9,4.56483412363842+0.08232157930780377i,4.56483412363842,27.725622868399526
0.05081666666,4.5E9,4.565748247987428+0.13839664345145544i,4.565748247987428,16.49515528022516
0.05081666666,4.5E9,4.566792244218714+0.09995346618100716i,4.566792244218714,22.844591682036548
0.05081666666,4.5E9,4.568220568788177+0.11706289124332354i,4.568220568788177,19.511821894492616
0.05081666666,4.5E9,4.568226710474047+0.12027589335021945i,4.568226710474047,18.990616420417183
0.05081666666,4.5E9,4.568511077612378+0.11366955821174245i,4.568511077612378,20.095578576553468
0.05081666666,4.5E9,4.568959205162252+0.13077168041394963i,4.568959205162252,17.469222658527805
0.05081666666,4.5E9,4.569465226760176+0.12506144397221036i,4.569465226760176,18.268880806204134
0.05081666666,4.5E9,4.571562982592715+0.12890484409352237i,4.571562982592715,17.73231648019363
0.05081666666,4.5E9,4.575291560581842+0.10272576568039446i,4.575291560581842,22.269444916169906
0.05081666666,4.5E9,4.575426002478011+0.13368862899609765i,4.575426002478011,17.11224820254371
0.05081666666,4.5E9,4.5769666590223945+0.1294900274660099i,4.5769666590223945,17.673046907893397
0.05081666666,4.5E9,4.578739738858496+0.11148938885759356i,4.578739738858496,20.534419399800296
0.05081666666,4.5E9,4.579649085339258+0.11941667443892173i,4.579649085339258,19.175082151871596
0.05081666666,4.5E9,4.580412477785566+0.12876188715401274i,4.580412477785566,17.78636745323137
0.05081666666,4.5E9,4.5812792777198075+0.12957804846087262i,4.5812792777198075,17.67768280251254
0.05081666666,4.5E9,4.581381694335401+0.11337977537228185i,4.581381694335401,20.20369893701262
0.05081666666,4.5E9,4.581393313847675+0.027335337230715982i,4.581393313847675,83.79983160953448
0.05081666666,4.5E9,4.58425063465515+0.11568022630118176i,4.58425063465515,19.814322556388007
0.05081666666,4.5E9,4.587171897266959+0.10035822356240655i,4.587171897266959,22.85399110524551
0.05081666666,4.5E9,4.588637826159731+0.03142832481354856i,4.588637826159731,73.00162915749168
0.05081666666,4.5E9,4.5899367988484165+0.11070702302973026i,4.5899367988484165,20.730106696193037
0.05081666666,4.5E9,4.590319242383687+0.058768896748275436i,4.590319242383687,39.05398515515258
0.05081666666,4.5E9,4.592514178248752+0.09852469643918854i,4.592514178248752,23.306411205658193
0.05081666666,4.5E9,4.592621024212834+0.1190988991568565i,4.592621024212834,19.280703082587802
0.05081666666,4.5E9,4.5932252080323+0.12142066951783954i,4.5932252080323,18.914511121837656
0.05081666666,4.5E9,4.596992523835873+0.09117065772965137i,4.596992523835873,25.2109211357636
0.05081666666,4.5E9,4.601003390349508+0.11720199145868514i,4.601003390349508,19.628520527193462
0.05081666666,4.5E9,4.602455366707042+0.02635401167060555i,4.602455366707042,87.31982485688276
0.05081666666,4.5E9,4.60280096195756+0.10695999079926205i,4.60280096195756,21.516461097102656
0.05081666666,4.5E9,4.602881828091254+0.10237792517521276i,4.602881828091254,22.479855008849515
0.05081666666,4.5E9,4.608865357430996+0.03268530089969848i,4.608865357430996,70.50363971826722
0.05081666666,4.5E9,4.6095896652996355+0.09877596582086494i,4.6095896652996355,23.33355906465826
0.05081666666,4.5E9,4.611037149407622+0.04901431815836317i,4.611037149407622,47.03765473702559
0.05081666666,4.5E9,4.614519607468011+0.022724571957798565i,4.614519607468011,101.53149674364737
0.05081666666,4.5E9,4.617783135549573+0.0011818756771199328i,4.617783135549573,1953.5824388917408
0.05081666666,4.5E9,4.621460981712064+0.0010797355225891597i,4.621460981712064,2140.0893482831784
0.05081666666,4.5E9,4.62257156914801+0.03304227625012714i,4.62257156914801,69.94935116085146
0.05081666666,4.5E9,4.623415985884612+0.09558111238268913i,4.623415985884612,24.18582432569579
0.05081666666,4.5E9,4.624294431300045+0.028502260824724606i,4.624294431300045,81.12153733588475
0.05081666666,4.5E9,4.631108471902744+0.027696260685680686i,4.631108471902744,83.60530189364309
0.05081666666,4.5E9,4.635720841064112+0.07050486465633163i,4.635720841064112,32.875184312887015
0.05081666666,4.5E9,4.6406034286758135+0.05879191642182575i,4.6406034286758135,39.466339176460735
0.05081666666,4.5E9,4.640929224794233+0.022449287610905866i,4.640929224794233,103.36473266393693
0.05081666666,4.5E9,4.642936633955592+0.03668093797600086i,4.642936633955592,63.28813942807724
0.05081666666,4.5E9,4.644924925057521+0.0015775919370777085i,4.644924925057521,1472.1566508705864
0.05081666666,4.5E9,4.653653659563508+4.64859240628881E-4i,4.653653659563508,5005.443855722703
0.05081666666,4.5E9,4.65413834031091+0.003065061168480611i,4.65413834031091,759.2243815835532
0.05081666666,5.0E9,4.868832019817968+0.02799930677816483i,4.868832019817968,86.94558151730584
0.05081666666,5.0E9,4.875616497092604+0.04210042716251833i,4.875616497092604,57.904596529050494
0.05081666666,5.0E9,4.8804009554590655+8.628958341776364E-4i,4.8804009554590655,2827.920104696196
0.05081666666,5.0E9,4.882124910248354+0.019926413106443094i,4.882124910248354,122.50385666926041
0.05081666666,5.0E9,4.885445060774793+0.06473932382325376i,4.885445060774793,37.731665796453576
0.05081666666,5.0E9,4.887309134228397+0.005048555165881644i,4.887309134228397,484.03047739846886
0.05081666666,5.0E9,4.888546342717626+0.010148823453214604i,4.888546342717626,240.84300831783588
0.05081666666,5.0E9,4.891709507527423+0.05365660780147154i,4.891709507527423,45.583477114567685
0.05081666666,5.0E9,4.892592078262886+0.025964806488456206i,4.892592078262886,94.2158394370877
0.05081666666,5.0E9,4.896317223239423+0.0025184485311258997i,4.896317223239423,972.0899916605546
0.05081666666,5.0E9,4.898705086323535+0.0010133284438123347i,4.898705086323535,2417.1358833537092
0.05081666666,5.0E9,4.904570480725599+0.09551914954303395i,4.904570480725599,25.673231515299236
0.05081666666,5.0E9,4.908963761337448+0.0521661531280289i,4.908963761337448,47.051234056780196
0.05081666666,5.0E9,4.910738543260621+0.10421434343230299i,4.910738543260621,23.56076131905301
0.05081666666,5.0E9,4.911535271401887+7.63538315543338E-4i,4.911535271401887,3216.299150558549
0.05081666666,5.0E9,4.915452125423736+6.223848996759719E-4i,4.915452125423736,3948.8844668169454
0.05081666666,5.0E9,4.918475364555331+0.021773048997157263i,4.918475364555331,112.94870473119077
0.05081666666,5.0E9,4.918867073889685+0.10435840573426142i,4.918867073889685,23.567181959520845
0.05081666666,5.0E9,4.9197566887076345+0.09526209507735249i,4.9197566887076345,25.822215461001615
0.05081666666,5.0E9,4.921172753609993+0.08061277372624072i,4.921172753609993,30.523529498700743
0.05081666666,5.0E9,4.922251402490355+0.11025238248199842i,4.922251402490355,22.322653223816005
0.05081666666,5.0E9,4.924548592866108+0.11241339320652467i,4.924548592866108,21.90374497378075
0.05081666666,5.0E9,4.927785455916445+0.1026453793651504i,4.927785455916445,24.003932210072286
0.05081666666,5.0E9,4.927885723029424+0.10695348175606591i,4.927885723029424,23.03751893869475
0.05081666666,5.0E9,4.927947582144217+0.11163577019920369i,4.927947582144217,22.07154379528511
0.05081666666,5.0E9,4.9280109709206315+0.11641053723649498i,4.9280109709206315,21.166515883820217
0.05081666666,5.0E9,4.928823875924137+0.09578423426518919i,4.928823875924137,25.728784667621532
0.05081666666,5.0E9,4.928838270673608+0.09202478672102671i,4.928838270673608,26.779949436967396
0.05081666666,5.0E9,4.931107225246274+0.03537305674202065i,4.931107225246274,69.70145754167285
0.05081666666,5.0E9,4.934551791257915+0.034904054505358106i,4.934551791257915,70.68737230083705
0.05081666666,5.0E9,4.934940803678099+0.11313693006214462i,4.934940803678099,21.80959303459711
0.05081666666,5.0E9,4.935578096756602+0.08515035552772375i,4.935578096756602,28.98154720651547
0.05081666666,5.0E9,4.937143074036429+0.10794313385796402i,4.937143074036429,22.869185364457383
0.05081666666,5.0E9,4.937284969955363+0.12274355416984867i,4.937284969955363,20.1121965358902
0.05081666666,5.0E9,4.938681024696475+0.10048003013668486i,4.938681024696475,24.57543562625477
0.05081666666,5.0E9,4.943380878172586+0.010070989935850906i,4.943380878172586,245.42676090733852
0.05081666666,5.0E9,4.944117897382757+0.11930878721190218i,4.944117897382757,20.719839723966007
0.05081666666,5.0E9,4.944833660685443+0.1036341339541848i,4.944833660685443,23.857166900586463
0.05081666666,5.0E9,4.94521642491325+0.1166629152234472i,4.94521642491325,21.19446619108378
0.05081666666,5.0E9,4.946361895907767+0.09003186184779745i,4.946361895907767,27.47006334418472
0.05081666666,5.0E9,4.946445541702133+0.12319505911787598i,4.946445541702133,20.075665278788716
0.05081666666,5.0E9,4.947193939559241+0.032395739785684045i,4.947193939559241,76.35562534283363
0.05081666666,5.0E9,4.947504517094329+0.11641536655778202i,4.947504517094329,21.24936193298273
0.05081666666,5.0E9,4.9482070768953665+0.009850848650681882i,4.9482070768953665,251.15638521930032
0.05081666666,5.0E9,4.949481203381477+0.11048572481640453i,4.949481203381477,22.39873617884161
0.05081666666,5.0E9,4.949815434896798+0.12418492683936952i,4.949815434896798,19.929211865218054
0.05081666666,5.0E9,4.950412940105835+0.12639217668173058i,4.950412940105835,19.583541758963136
0.05081666666,5.0E9,4.9509233905268415+5.410524195145536E-4i,4.9509233905268415,4575.271463501576
0.05081666666,5.0E9,4.951121631050645+0.11129318930719129i,4.951121631050645,22.24359667411708
0.05081666666,5.0E9,4.952417385654604+0.09881006413078203i,4.952417385654604,25.06028828753584
0.05081666666,5.0E9,4.954053075435689+0.11571276677780333i,4.954053075435689,21.40668317502371
0.05081666666,5.0E9,4.954347555381324+0.1137300251093497i,4.954347555381324,21.78117674122464
0.05081666666,5.0E9,4.954399514037578+0.1257296734139254i,4.954399514037578,19.7025864281329
0.05081666666,5.0E9,4.954791048472495+0.08872236187483298i,4.954791048472495,27.923011424462384
0.05081666666,5.0E9,4.955755419476883+0.06745664501990346i,4.955755419476883,36.732892793694816
0.05081666666,5.0E9,4.955811814202173+0.13056188787882197i,4.955811814202173,18.97878429424135
0.05081666666,5.0E9,4.955933584107524+0.10035688163597087i,4.955933584107524,24.691548318950414
0.05081666666,5.0E9,4.958762383245013+0.10527297569257883i,4.958762383245013,23.5519246540809
0.05081666666,5.0E9,4.959164456421044+0.1240273668236542i,4.959164456421044,19.99221858620982
0.05081666666,5.0E9,4.959178940529888+0.12892962004273054i,4.959178940529888,19.232116479077078
0.05081666666,5.0E9,4.9593215804519675+0.11570213210161631i,4.9593215804519675,21.43141829096288
0.05081666666,5.0E9,4.960560293506276+0.10937981931131946i,4.960560293506276,22.67584790658417
0.05081666666,5.0E9,4.962344949585835+0.12027601044844913i,4.962344949585835,20.62898881948167
0.05081666666,5.0E9,4.962986189873893+0.018653032028734123i,4.962986189873893,133.0343019362387
0.05081666666,5.0E9,4.963913164129638+0.13156119130087643i,4.963913164129638,18.865415838236522
0.05081666666,5.0E9,4.964149471443025+0.11777276529512824i,4.964149471443025,21.075116386217562
0.05081666666,5.0E9,4.964846623468664+0.1064788939013263i,4.964846623468664,23.313759382538166
0.05081666666,5.0E9,4.964952739486554+0.0165071731315621i,4.964952739486554,150.38773446900638
0.05081666666,5.0E9,4.96579018384417+0.12188386315422862i,4.96579018384417,20.370991103065833
0.05081666666,5.0E9,4.969157986162236+0.0023547615752787195i,4.969157986162236,1055.1297503599842
0.05081666666,5.0E9,4.970658357253048+0.13516980587323926i,4.970658357253048,18.38671856166782
0.05081666666,5.0E9,4.970670868050254+0.09608297975892222i,4.970670868050254,25.866552434791036
0.05081666666,5.0E9,4.9711708996549016+0.06843098861049522i,4.9711708996549016,36.322512655417604
0.05081666666,5.0E9,4.971264504123341+0.12619351590606967i,4.971264504123341,19.69698866233203
0.05081666666,5.0E9,4.971301260527373+0.11878648285168263i,4.971301260527373,20.92536600622549
0.05081666666,5.0E9,4.972715026151821+0.10435894372889373i,4.972715026151821,23.825054415412946
0.05081666666,5.0E9,4.973783269573708+0.0497828663308365i,4.973783269573708,49.95476994554698
0.05081666666,5.0E9,4.974439668099319+0.1177447738896285i,4.974439668099319,21.123823604953607
0.05081666666,5.0E9,4.974640958741001+0.07502127579560527i,4.974640958741001,33.15486777573845
0.05081666666,5.0E9,4.974908319698499+0.13053241019702902i,4.974908319698499,19.056218728319053
0.05081666666,5.0E9,4.975813470824364+0.12055543862824529i,4.975813470824364,20.63703441106541
0.05081666666,5.0E9,4.976206762474371+0.1319760914339322i,4.976206762474371,18.85268274127318
0.05081666666,5.0E9,4.976432382876701+0.036648391677894195i,4.976432382876701,67.89428069060963
0.05081666666,5.0E9,4.976782628307091+0.11229509042602188i,4.976782628307091,22.159395434948742
0.05081666666,5.0E9,4.977009263760357+0.10524441516534211i,4.977009263760357,23.64500413604526
0.05081666666,5.0E9,4.977345602650742+0.0887832252351088i,4.977345602650742,28.030889785036106
0.05081666666,5.0E9,4.977466420299374+0.13654834561698473i,4.977466420299374,18.22602243113609
0.05081666666,5.0E9,4.978215755296891+0.0024772947972540116i,4.978215755296891,1004.7685404286677
0.05081666666,5.0E9,4.979154263275688+0.048026980696092805i,4.979154263275688,51.837052747319206
0.05081666666,5.0E9,4.979827326242362+0.12706778479439051i,4.979827326242362,19.59516070221994
0.05081666666,5.0E9,4.980279551635114+0.08991182167100648i,4.980279551635114,27.695354509990345
0.05081666666,5.0E9,4.981147747842534+0.1345713766206503i,4.981147747842534,18.50745631399807
0.05081666666,5.0E9,4.981617881029752+0.10967126386076342i,4.981617881029752,22.71159146736159
0.05081666666,5.0E9,4.982331822284762+0.09561342921196266i,4.982331822284762,26.054560867383884
0.05081666666,5.0E9,4.982567918312881+0.12160680765757427i,4.982567918312881,20.48638564850338
0.05081666666,5.0E9,4.98349176020625+0.12801711637450164i,4.98349176020625,19.464161907957404
0.05081666666,5.0E9,4.983938045341813+0.11768609991454763i,4.983938045341813,21.174709880608972
0.05081666666,5.0E9,4.985252480965349+0.11096377165127136i,4.985252480965349,22.4634239030403
0.05081666666,5.0E9,4.98540502854469+0.13650224823549306i,4.98540502854469,18.26125610745946
0.05081666666,5.0E9,4.98569982687558+0.1074159625498459i,4.98569982687558,23.207443793849485
0.05081666666,5.0E9,4.985954146909588+0.12376290983854474i,4.985954146909588,20.14316790633813
0.05081666666,5.0E9,4.987741489694418+0.1301437055039809i,4.987741489694418,19.16243843826104
0.05081666666,5.0E9,4.987949019201239+0.10708604577459743i,4.987949019201239,23.289444404830487
0.05081666666,5.0E9,4.988413390892377+0.13121447498637248i,4.988413390892377,19.00862458738053
0.05081666666,5.0E9,4.9888019987850205+0.11639832738371281i,4.9888019987850205,21.429869788159365
0.05081666666,5.0E9,4.990092052927445+0.014405249785060832i,4.990092052927445,173.2039404864222
0.05081666666,5.0E9,4.99031152282825+0.002099686216902508i,4.99031152282825,1188.3469736230495
0.05081666666,5.0E9,4.9911889689386415+0.12496182705632304i,4.9911889689386415,19.970854646231295
0.05081666666,5.0E9,4.992570079743677+0.1306864413363548i,4.992570079743677,19.101331510336365
0.05081666666,5.0E9,4.993647374084765+0.002096267764126336i,4.993647374084765,1191.0805145081197
0.05081666666,5.0E9,4.994915805314356+0.1360500561321589i,4.994915805314356,18.356904610396853
0.05081666666,5.0E9,4.995631708730801+0.10816522366952483i,4.995631708730801,23.092596396758076
0.05081666666,5.0E9,4.997524631718391+0.11766140082794048i,4.997524631718391,21.23689075836522
0.05081666666,5.0E9,4.998112848167838+0.12544246963926928i,4.998112848167838,19.92193259005799
0.05081666666,5.0E9,4.99846028284857+0.001509893499156017i,4.99846028284857,1655.2360433509223
0.05081666666,5.0E9,4.999272498908474+0.11089223034833816i,4.999272498908474,22.54113062387059
0.05081666666,5.0E9,5.000014638898075+0.13437053588515793i,5.000014638898075,18.605323726517778
0.05081666666,5.0E9,5.000325322659773+0.001013463031183751i,5.000325322659773,2466.95003606558
0.05081666666,5.0E9,5.000538869024435+0.12725495489735592i,5.000538869024435,19.64771773742672
0.05081666666,5.0E9,5.001498029024698+0.09306882383077353i,5.001498029024698,26.869889524546323
0.05081666666,5.0E9,5.001779727773219+0.1006223005211125i,5.001779727773219,24.85423063212389
0.05081666666,5.0E9,5.001984458273809+0.12685824902074896i,5.001984458273809,19.714856924501944
0.05081666666,5.0E9,5.002711985719017+0.10950964758147215i,5.002711985719017,22.841421263807547
0.05081666666,5.0E9,5.002942981236298+0.12067323512437794i,5.002942981236298,20.729298324022572
0.05081666666,5.0E9,5.003241886862922+0.11404914055266482i,5.003241886862922,21.934588295089167
0.05081666666,5.0E9,5.003599775271361+0.11237354160017202i,5.003599775271361,22.26324677509186
0.05081666666,5.0E9,5.004179287130041+0.13025145839809432i,5.004179287130041,19.209686204954064
0.05081666666,5.0E9,5.005301090340965+0.13756325370761138i,5.005301090340965,18.192725729574764
0.05081666666,5.0E9,5.005965087451541+0.04151575236396099i,5.005965087451541,60.289947819868026
0.05081666666,5.0E9,5.0075043105321+0.10333447340092652i,5.0075043105321,24.229592244127126
0.05081666666,5.0E9,5.0082986740193+0.12156271858889788i,5.0082986740193,20.599649021327085
0.05081666666,5.0E9,5.009692080460662+7.507818185065306E-4i,5.009692080460662,3336.3168612860363
0.05081666666,5.0E9,5.010066740970371+0.12701882075528045i,5.010066740970371,19.721749545380234
0.05081666666,5.0E9,5.010413832398791+0.11853301237038175i,5.010413832398791,21.135098704581477
0.05081666666,5.0E9,5.010631529735901+0.13149007106497201i,5.010631529735901,19.05326953264799
0.05081666666,5.0E9,5.011599648116196+0.11315600997277316i,5.011599648116196,22.144646357370032
0.05081666666,5.0E9,5.012200732306009+0.01588519635370148i,5.012200732306009,157.76326022995914
0.05081666666,5.0E9,5.012401599049613+0.09756094297152708i,5.012401599049613,25.688566789029863
0.05081666666,5.0E9,5.012403172003318+0.1171627882443368i,5.012403172003318,21.390764282385533
0.05081666666,5.0E9,5.013040233627356+0.1251276516637929i,5.013040233627356,20.031704291458126
0.05081666666,5.0E9,5.0143186452106026+0.11997620409226753i,5.0143186452106026,20.897138241489735
0.05081666666,5.0E9,5.0145355823394295+0.10452600532843219i,5.0145355823394295,23.98702393047169
0.05081666666,5.0E9,5.015849002398951+0.0661662595588297i,5.015849002398951,37.90337428655207
0.05081666666,5.0E9,5.017367115594051+0.10692796599103259i,5.017367115594051,23.46143531812261
0.05081666666,5.0E9,5.018505091315803+0.12577647760832508i,5.018505091315803,19.950093955340783
0.05081666666,5.0E9,5.019219619563431+0.0033103856014126127i,5.019219619563431,758.1019590922614
0.05081666666,5.0E9,5.0195063550915915+0.12940841825974045i,5.0195063550915915,19.39404878984284
0.05081666666,5.0E9,5.020680598015583+0.10559192923354824i,5.020680598015583,23.773978913250282
0.05081666666,5.0E9,5.021298573481642+0.1336826788320599i,5.021298573481642,18.780662600985487
0.05081666666,5.0E9,5.022186401588545+0.09634753790643857i,5.022186401588545,26.062868396624225
0.05081666666,5.0E9,5.022317244058226+0.12530065906828758i,5.022317244058226,20.04106475338296
0.05081666666,5.0E9,5.023155370586264+0.11904857945181015i,5.023155370586264,21.097082357961252
0.05081666666,5.0E9,5.023868156242685+0.10776234613666798i,5.023868156242685,23.309942370182064
0.05081666666,5.0E9,5.024573662871783+0.11658280951716396i,5.024573662871783,21.549376291759543
0.05081666666,5.0E9,5.024911217889655+0.13024707828895907i,5.024911217889655,19.28991914406579
0.05081666666,5.0E9,5.026111740443978+0.029978659636700197i,5.026111740443978,83.82815978688652
0.05081666666,5.0E9,5.0261148172822345+0.00485984568564869i,5.0261148172822345,517.1064209018552
0.05081666666,5.0E9,5.027700392959723+0.1212187129263014i,5.027700392959723,20.738136347052563
0.05081666666,5.0E9,5.028032018063747+0.11203798610162143i,5.028032018063747,22.43896107478757
0.05081666666,5.0E9,5.0288528139683635+0.108740632340141i,5.0288528139683635,23.123154177723084
0.05081666666,5.0E9,5.0294850788103815+0.10498351756802239i,5.0294850788103815,23.953689090059335
0.05081666666,5.0E9,5.030101571592921+0.13240659191555043i,5.030101571592921,18.994906140327
0.05081666666,5.0E9,5.03104941511639+0.00189398619490769i,5.03104941511639,1328.164225442413
0.05081666666,5.0E9,5.031300700292235+0.11690631003261057i,5.031300700292235,21.518516403814182
0.05081666666,5.0E9,5.03133449623918+0.12658149069813027i,5.03133449623918,19.87389494502729
0.05081666666,5.0E9,5.032253424822848+0.11321558622277249i,5.032253424822848,22.22420778231437
0.05081666666,5.0E9,5.032336359465656+0.13306165540966094i,5.032336359465656,18.9097916449801
0.05081666666,5.0E9,5.0324055560473635+0.10880623945155381i,5.0324055560473635,23.125537567576956
0.05081666666,5.0E9,5.032700768439445+0.025668188308516485i,5.032700768439445,98.0338134493434
0.05081666666,5.0E9,5.033414862625142+0.1246020780219397i,5.033414862625142,20.197957138960664
0.05081666666,5.0E9,5.035248629220632+0.11705563748582429i,5.035248629220632,21.50792878228702
0.05081666666,5.0E9,5.036620807213176+0.024230865680699033i,5.036620807213176,103.92985693501386
0.05081666666,5.0E9,5.037463765993213+0.01910515280049585i,5.037463765993213,131.83521269357428
0.05081666666,5.0E9,5.037496819693442+0.08675718676338329i,5.037496819693442,29.032158646593906
0.05081666666,5.0E9,5.037949409154004+0.13312081025663966i,5.037949409154004,18.922471247889384
0.05081666666,5.0E9,5.038541919718078+0.10315980763753192i,5.038541919718078,24.421051352779664
0.05081666666,5.0E9,5.039098508295058+0.10773625526306771i,5.039098508295058,23.386270926118193
0.05081666666,5.0E9,5.0392124755147405+0.11993715152530593i,5.0392124755147405,21.007721174916767
0.05081666666,5.0E9,5.039983576537773+0.13037173629356297i,5.039983576537773,19.329279949102816
0.05081666666,5.0E9,5.041691606562666+0.1141270833978825i,5.041691606562666,22.088059452924778
0.05081666666,5.0E9,5.041907692722311+0.09917501261943627i,5.041907692722311,25.419244019003028
0.05081666666,5.0E9,5.042614179293976+0.12639152580266502i,5.042614179293976,19.948387153609506
0.05081666666,5.0E9,5.043479074282284+0.013088321915466099i,5.043479074282284,192.6709591518584
0.05081666666,5.0E9,5.044412925992716+0.12146975787213879i,5.044412925992716,20.76406923977964
0.05081666666,5.0E9,5.04500620964101+0.09910890851043731i,5.04500620964101,25.451830140525225
0.05081666666,5.0E9,5.045409511530521+0.12581095343278437i,5.045409511530521,20.051551052850407
0.05081666666,5.0E9,5.047494012190917+0.11691002354912391i,5.047494012190917,21.58708833922197
0.05081666666,5.0E9,5.0494039645256334+0.09136274599638865i,5.0494039645256334,27.63382333497958
0.05081666666,5.0E9,5.0510819087175305+0.11574232605370441i,5.0510819087175305,21.820374969714322
0.05081666666,5.0E9,5.052960183382794+0.12351085826875075i,5.052960183382794,20.455530202809843
0.05081666666,5.0E9,5.053459103619237+0.10702875970522246i,5.053459103619237,23.607949477960055
0.05081666666,5.0E9,5.054186131009824+0.11949759502692679i,5.054186131009824,21.1476479081899
0.05081666666,5.0E9,5.054288389063366+0.10218586197872073i,5.054288389063366,24.730859490698798
0.05081666666,5.0E9,5.054881863803513+0.016403139241184552i,5.054881863803513,154.0827578635635
0.05081666666,5.0E9,5.055898911753932+0.11623662948235113i,5.055898911753932,21.74830315654326
0.05081666666,5.0E9,5.056483892752816+0.11173563470061959i,5.056483892752816,22.626997673128074
0.05081666666,5.0E9,5.0566185810728115+0.09864829002179476i,5.0566185810728115,25.6295298172712
0.05081666666,5.0E9,5.057267004200163+0.1253695774929448i,5.057267004200163,20.169434664022706
0.05081666666,5.0E9,5.057748205315052+0.06608951494003679i,5.057748205315052,38.264376807001554
0.05081666666,5.0E9,5.058216054957886+0.10364474979941737i,5.058216054957886,24.401699385386138
0.05081666666,5.0E9,5.0592406903413325+0.12288927666620907i,5.0592406903413325,20.584549065591805
0.05081666666,5.0E9,5.0617417977033625+0.05946287818118783i,5.0617417977033625,42.562199749899904
0.05081666666,5.0E9,5.063479681867517+0.08398567752554721i,5.063479681867517,30.144899886812727
0.05081666666,5.0E9,5.064438418515661+0.02195486697407276i,5.064438418515661,115.33748814093083
0.05081666666,5.0E9,5.065638722871855+0.028076998627769092i,5.065638722871855,90.20976191275959
0.05081666666,5.0E9,5.065640734611859+0.08996964992912083i,5.065640734611859,28.151942008236286
0.05081666666,5.0E9,5.065794520107507+0.1167522675681518i,5.065794520107507,21.694630115644014
0.05081666666,5.0E9,5.066318938223445+0.10384434808925355i,5.066318938223445,24.39381165871914
0.05081666666,5.0E9,5.066677366994714+0.11339018227596369i,5.066677366994714,22.341781560345645
0.05081666666,5.0E9,5.067536779428781+0.10630191707665089i,5.067536779428781,23.835585090035316
0.05081666666,5.0E9,5.069344012970865+0.0026324111423318424i,5.069344012970865,962.8708698748972
0.05081666666,5.0E9,5.06969688251213+0.023629908407871474i,5.06969688251213,107.27288474853626
0.05081666666,5.0E9,5.0715913726127395+0.021942647224733682i,5.0715913726127395,115.56471105491907
0.05081666666,5.0E9,5.071850616013601+0.11092237891561024i,5.071850616013601,22.862161204964174
0.05081666666,5.0E9,5.0730764241000035+0.0919103732770434i,5.0730764241000035,27.597953545506456
0.05081666666,5.0E9,5.073728429960628+0.0017426265235653295i,5.073728429960628,1455.7704595187802
0.05081666666,5.0E9,5.0749666753303+0.0020168105808004953i,5.0749666753303,1258.1664147448062
0.05081666666,5.0E9,5.07548365518167+0.11521824450048565i,5.07548365518167,22.025520685486036
0.05081666666,5.0E9,5.078720468410273+0.10079154019823405i,5.078720468410273,25.194180277539083
0.05081666666,5.0E9,5.080081976697924+0.020713029312390965i,5.080081976697924,122.63010639537194
0.05081666666,5.0E9,5.0805593920742895+0.09616585184322017i,5.0805593920742895,26.415610607584277
0.05081666666,5.0E9,5.082618982127348+0.09831635378238093i,5.082618982127348,25.848288644722878
0.05081666666,5.0E9,5.083683845560369+0.024555468344764513i,5.083683845560369,103.51429209543593
0.05081666666,5.0E9,5.086675325054838+0.0015357761626467864i,5.086675325054838,1656.060124116122
0.05081666666,5.0E9,5.089587965650629+0.08366228917023964i,5.089587965650629,30.417455798359246
0.05081666666,5.0E9,5.090465723881104+0.025045397523939642i,5.090465723881104,101.6247739532859
0.05081666666,5.0E9,5.090650760254906+0.09945194328010627i,5.090650760254906,25.59352081194178
0.05081666666,5.0E9,5.090878436613781+0.09014983494127933i,5.090878436613781,28.23565034772284
0.05081666666,5.0E9,5.0939815311678665+0.07688090378814391i,5.0939815311678665,33.12904297538596
0.05081666666,5.0E9,5.09450442892132+0.0013308048669285204i,5.09450442892132,1914.0689050376586
0.05081666666,5.0E9,5.097452556395246+0.09337685610889296i,5.097452556395246,27.295053446920335
0.05081666666,5.0E9,5.100108379656225+9.953853953698492E-4i,5.100108379656225,2561.8762357675596
0.05081666666,5.0E9,5.1031308082231845+0.08898499854843335i,5.1031308082231845,28.674107385896164
0.05081666666,5.0E9,5.105617807167836+0.02202899333226292i,5.105617807167836,115.88404722267362
0.05081666666,5.0E9,5.112257631485741+0.00593692091962867i,5.112257631485741,430.54789685538645
0.05081666666,5.0E9,5.115794166669872+0.03257699700005995i,5.115794166669872,78.51850443213748
0.05081666666,5.0E9,5.118170504381239+0.03418090991060741i,5.118170504381239,74.86884517946828
0.05081666666,5.0E9,5.1248560196655335+0.028234540304770156i,5.1248560196655335,90.75508161894355
0.05081666666,5.0E9,5.1362042629155065+0.0026330153108444017i,5.1362042629155065,975.3464481883963
0.05081666666,5.0E9,5.136243092819505+0.002218897222844552i,5.136243092819505,1157.3864350136537
0.05081666666,5.5E9,5.384641496202782+0.0016370834972490676i,5.384641496202782,1644.5836468485143
0.05081666666,5.5E9,5.384838235002867+0.007384391558852729i,5.384838235002867,364.6094733795155
0.05081666666,5.5E9,5.395052283956503+0.002011385283681818i,5.395052283956503,1341.1285067376355
0.05081666666,5.5E9,5.3951701857030345+0.00260837971950387i,5.3951701857030345,1034.1995349375798
0.05081666666,5.5E9,5.4018315001144455+0.002767230374895037i,5.4018315001144455,976.0357412091756
0.05081666666,5.5E9,5.407383281167416+0.03151461848981082i,5.407383281167416,85.7916665390652
0.05081666666,5.5E9,5.40905694653452+0.015420900602928313i,5.40905694653452,175.38070848817287
0.05081666666,5.5E9,5.413694983621056+0.002573664741503424i,5.413694983621056,1051.7482903500884
0.05081666666,5.5E9,5.4142025261731845+0.004600879457407838i,5.4142025261731845,588.3877828461493
0.05081666666,5.5E9,5.415184974298676+0.08306553171011695i,5.415184974298676,32.59586053813904
0.05081666666,5.5E9,5.4201825610196455+0.05948936078487627i,5.4201825610196455,45.55589847922517
0.05081666666,5.5E9,5.421458755091422+0.07714071432462712i,5.421458755091422,35.14006061881011
0.05081666666,5.5E9,5.423071946119993+0.0039889351526306615i,5.423071946119993,679.7643655028502
0.05081666666,5.5E9,5.423778029065708+0.09336413901608068i,5.423778029065708,29.046366657606818
0.05081666666,5.5E9,5.425134534180951+0.09534777947868153i,5.425134534180951,28.449191810460235
0.05081666666,5.5E9,5.42677617900513+0.004452085927255219i,5.42677617900513,609.4644474158681
0.05081666666,5.5E9,5.428086069110969+0.07030302209509717i,5.428086069110969,38.60492698143567
0.05081666666,5.5E9,5.4285183703403055+0.08400884187887393i,5.4285183703403055,32.30920846502848
0.05081666666,5.5E9,5.430811314962487+0.10148931978842114i,5.430811314962487,26.755580421094145
0.05081666666,5.5E9,5.432361882965354+0.004458394561013446i,5.432361882965354,609.2284799632578
0.05081666666,5.5E9,5.433339306823853+0.08714042787364841i,5.433339306823853,31.17576674458191
0.05081666666,5.5E9,5.433708226963958+0.09868139582510263i,5.433708226963958,27.53157361390772
0.05081666666,5.5E9,5.434632957519478+0.011091291980259533i,5.434632957519478,244.99548687349176
0.05081666666,5.5E9,5.436319913708041+0.08282409333249761i,5.436319913708041,32.818469209701554
0.05081666666,5.5E9,5.439973221859135+0.10499127641752572i,5.439973221859135,25.90678677067243
0.05081666666,5.5E9,5.440101697802783+0.09327830865778856i,5.440101697802783,29.160593583235737
0.05081666666,5.5E9,5.440301815082327+0.07736017899994753i,5.440301815082327,35.16215891308898
0.05081666666,5.5E9,5.4408048206740105+0.09251228178881041i,5.4408048206740105,29.40585139330165
0.05081666666,5.5E9,5.442722155189495+0.03273726741056179i,5.442722155189495,83.12731308529355
0.05081666666,5.5E9,5.443683879051389+0.10574209953624708i,5.443683879051389,25.740381091947967
0.05081666666,5.5E9,5.444187221580555+0.005337303778402929i,5.444187221580555,510.01286863323423
0.05081666666,5.5E9,5.444330538830232+0.10026938073553229i,5.444330538830232,27.148519811796017
0.05081666666,5.5E9,5.445429884415997+0.0986293210634919i,5.445429884415997,27.605532643333017
0.05081666666,5.5E9,5.447126013122665+0.08805313604999017i,5.447126013122665,30.930902960856404
0.05081666666,5.5E9,5.448023047727219+0.10485653396691545i,5.448023047727219,25.978462388649
0.05081666666,5.5E9,5.448790721506997+0.06444437083277603i,5.448790721506997,42.27514871427508
0.05081666666,5.5E9,5.449989234732954+0.10005196865400752i,5.449989234732954,27.235792099102582
0.05081666666,5.5E9,5.45127786193302+0.10609112963747985i,5.45127786193302,25.691487500229208
0.05081666666,5.5E9,5.452604115822658+0.06679177416402132i,5.452604115822658,40.81793142994402
0.05081666666,5.5E9,5.452804927442789+0.002540265156597173i,5.452804927442789,1073.274755054926
0.05081666666,5.5E9,5.453157550313809+0.033095296664674805i,5.453157550313809,82.38568769402194
0.05081666666,5.5E9,5.453680321348771+0.10834284243576857i,5.453680321348771,25.16862304301276
0.05081666666,5.5E9,5.4537012362879835+0.09545305551384324i,5.4537012362879835,28.567452382375812
0.05081666666,5.5E9,5.454072232222409+0.020568441461563027i,5.454072232222409,132.58350766183787
0.05081666666,5.5E9,5.4541254038735385+0.0978550446890118i,5.4541254038735385,27.868391564313423
0.05081666666,5.5E9,5.455327164857937+0.08103672127899586i,5.455327164857937,33.65959949240887
0.05081666666,5.5E9,5.4560318254625715+0.09980068417514418i,5.4560318254625715,27.334641393277252
0.05081666666,5.5E9,5.45627835743443+0.11433165084313819i,5.45627835743443,23.86162675513356
0.05081666666,5.5E9,5.456894883453021+0.11028207160846563i,5.456894883453021,24.74062557886395
0.05081666666,5.5E9,5.4584359976665215+0.1159167747006471i,5.4584359976665215,23.54463368982975
0.05081666666,5.5E9,5.458577445049367+0.10826863755659313i,5.458577445049367,25.208488664116203
0.05081666666,5.5E9,5.460740642667708+0.10652679631119177i,5.460740642667708,25.630831076133653
0.05081666666,5.5E9,5.462178337074536+0.11652486033838429i,5.462178337074536,23.437824002588602
0.05081666666,5.5E9,5.463973725510301+0.09702952321006245i,5.463973725510301,28.156243299687056
0.05081666666,5.5E9,5.464188356866562+0.0016413950570253848i,5.464188356866562,1664.4951906852416
0.05081666666,5.5E9,5.4655313365765945+0.09483913193648633i,5.4655313365765945,28.814747799657507
0.05081666666,5.5E9,5.465679430618253+0.0026084690052773324i,5.465679430618253,1047.6795813100225
0.05081666666,5.5E9,5.46584328768518+0.11226135807681734i,5.46584328768518,24.344277413538215
0.05081666666,5.5E9,5.466027429242238+0.088479974381144i,5.466027429242238,30.888500293277126
0.05081666666,5.5E9,5.4664106984254985+0.09622929486322422i,5.4664106984254985,28.403048708790795
0.05081666666,5.5E9,5.467418264264249+0.10761476205795958i,5.467418264264249,25.40273360136031
0.05081666666,5.5E9,5.468065977322595+0.10226485843108063i,5.468065977322595,26.734823971851924
0.05081666666,5.5E9,5.468816219454528+0.04883652561333348i,5.468816219454528,55.99104513243073
0.05081666666,5.5E9,5.469119320690552+0.11926171127719282i,5.469119320690552,22.9290660938908
0.05081666666,5.5E9,5.469703518847473+0.11003154718648879i,5.469703518847473,24.855160445835846
0.05081666666,5.5E9,5.471096269307706+0.10848342031811034i,5.471096269307706,25.216278456489427
0.05081666666,5.5E9,5.471755768860001+0.08191733596554761i,5.471755768860001,33.39803293384251
0.05081666666,5.5E9,5.472668421418897+0.11312149423615929i,5.472668421418897,24.18933933985093
0.05081666666,5.5E9,5.472798784595141+0.09353996250369738i,5.472798784595141,29.253800397764838
0.05081666666,5.5E9,5.473908486438726+0.11863861790075243i,5.473908486438726,23.069674037411435
0.05081666666,5.5E9,5.4746257530539095+0.10909589033980252i,5.4746257530539095,25.090889015168283
0.05081666666,5.5E9,5.474794386782534+0.0869242108487996i,5.474794386782534,31.49176928569228
0.05081666666,5.5E9,5.475484139461937+0.0411582456913296i,5.475484139461937,66.51746263101056
0.05081666666,5.5E9,5.475848302852882+0.029733735853384867i,5.475848302852882,92.08140426507347
0.05081666666,5.5E9,5.47643492852641+0.06694036312913425i,5.47643492852641,40.90532731322246
0.05081666666,5.5E9,5.477242348680573+0.10823763804833535i,5.477242348680573,25.301930305586573
0.05081666666,5.5E9,5.478742377795846+0.10254780635602774i,5.478742377795846,26.71311348569772
0.05081666666,5.5E9,5.479031112370491+0.11715000242182363i,5.479031112370491,23.384682027756465
0.05081666666,5.5E9,5.479216719521811+0.09743139988301883i,5.479216719521811,28.11833108269224
0.05081666666,5.5E9,5.480693827801153+0.09981228571428305i,5.480693827801153,27.45500610761422
0.05081666666,5.5E9,5.482738341405985+0.1173773827382769i,5.482738341405985,23.355173771556828
0.05081666666,5.5E9,5.482968427506204+0.10967733043544554i,5.482968427506204,24.995905743408837
0.05081666666,5.5E9,5.4829973069400895+0.0053639592351860405i,5.4829973069400895,511.0961014555436
0.05081666666,5.5E9,5.483173098056184+0.11129448147292996i,5.483173098056184,24.633625250277348
0.05081666666,5.5E9,5.4836212459347875+0.09938397469186767i,5.4836212459347875,27.58805563440349
0.05081666666,5.5E9,5.484166120367777+0.05824694310919951i,5.484166120367777,47.0768578368674
0.05081666666,5.5E9,5.484231592538479+0.11372749064091664i,5.484231592538479,24.111283743410823
0.05081666666,5.5E9,5.484515399032885+0.0038692494566425666i,5.484515399032885,708.7311713150592
0.05081666666,5.5E9,5.4851777339105+0.10866666003105878i,5.4851777339105,25.23854939658007
0.05081666666,5.5E9,5.48644221553551+0.07812143942337811i,5.48644221553551,35.114830551199965
0.05081666666,5.5E9,5.487472410073548+0.12123176310021104i,5.487472410073548,22.632156250740838
0.05081666666,5.5E9,5.487872759591025+0.11539682244744934i,5.487872759591025,23.778266347369104
0.05081666666,5.5E9,5.487950541698711+0.01863595132100878i,5.487950541698711,147.24095505422378
0.05081666666,5.5E9,5.4886017611182085+0.09582608730225262i,5.4886017611182085,28.638348468753485
0.05081666666,5.5E9,5.489232309601233+0.11141756954475038i,5.489232309601233,24.633602815202796
0.05081666666,5.5E9,5.489350315035248+0.10464237943146336i,5.489350315035248,26.229097354530992
0.05081666666,5.5E9,5.489643675758521+0.04176978780355732i,5.489643675758521,65.7130903031664
0.05081666666,5.5E9,5.48978059327199+0.10134053916620407i,5.48978059327199,27.08580711352072
0.05081666666,5.5E9,5.490249796797949+0.08701698607425674i,5.490249796797949,31.547000444906207
0.05081666666,5.5E9,5.490348859036573+0.12253238049176877i,5.490348859036573,22.403665206705885
0.05081666666,5.5E9,5.490812231262295+0.10887300269501163i,5.490812231262295,25.216592246674
0.05081666666,5.5E9,5.490922343104031+0.004086618351203185i,5.490922343104031,671.8173647763548
0.05081666666,5.5E9,5.49106002476993+0.1173706494819468i,5.49106002476993,23.391964042997525
0.05081666666,5.5E9,5.492460287287791+0.0940726062236143i,5.492460287287791,29.192665685438737
0.05081666666,5.5E9,5.493757383448334+0.12311097921390762i,5.493757383448334,22.312215443850985
0.05081666666,5.5E9,5.4939898463716945+0.1136478522821192i,5.4939898463716945,24.171111622652692
0.05081666666,5.5E9,5.494913341320148+0.07373737685772265i,5.494913341320148,37.260027244545626
0.05081666666,5.5E9,5.495157586078609+0.07911263345509006i,5.495157586078609,34.729962498328725
0.05081666666,5.5E9,5.495520516008567+0.02377716541585514i,5.495520516008567,115.56298700651746
0.05081666666,5.5E9,5.495595569689941+0.09651039525440899i,5.495595569689941,28.471521410740877
0.05081666666,5.5E9,5.496017703873109+0.12153401793828042i,5.496017703873109,22.611026102437407
0.05081666666,5.5E9,5.497006469728183+0.11135160017958097i,5.497006469728183,24.6831049615046
0.05081666666,5.5E9,5.497098336722915+0.05591372719732691i,5.497098336722915,49.15696567072815
0.05081666666,5.5E9,5.49724447509948+0.11629686710835244i,5.49724447509948,23.6345338089708
0.05081666666,5.5E9,5.499882321822476+0.1198213072308854i,5.499882321822476,22.950351856972624
0.05081666666,5.5E9,5.500621508738053+0.10296832395079823i,5.500621508738053,26.710260484410902
0.05081666666,5.5E9,5.500708263207714+0.10915123513870029i,5.500708263207714,25.19764552466068
0.05081666666,5.5E9,5.501319684315945+0.11274204966172457i,5.501319684315945,24.397816523747387
0.05081666666,5.5E9,5.503207376313615+0.1021914350418229i,5.503207376313615,26.92597170233185
0.05081666666,5.5E9,5.504263847747899+0.09452368657574992i,5.504263847747899,29.11579122200689
0.05081666666,5.5E9,5.505044483362682+0.08937496767581674i,5.505044483362682,30.79746279366906
0.05081666666,5.5E9,5.505329121418701+0.11784771469638854i,5.505329121418701,23.35781027066201
0.05081666666,5.5E9,5.505335910628357+0.10003248684570852i,5.505335910628357,27.51773990743558
0.05081666666,5.5E9,5.505691558027472+0.10659060322455484i,5.505691558027472,25.826345810374157
0.05081666666,5.5E9,5.5075560595893736+0.11648321426571923i,5.5075560595893736,23.640985932211848
0.05081666666,5.5E9,5.507653971327203+0.11268944175692491i,5.507653971327203,24.437311452866215
0.05081666666,5.5E9,5.507665813024479+0.08856147124389774i,5.507665813024479,31.095157610110167
0.05081666666,5.5E9,5.508686265410699+0.11572853725674982i,5.508686265410699,23.80003409698936
0.05081666666,5.5E9,5.508701277715331+0.004699443056420599i,5.508701277715331,586.1015030482266
0.05081666666,5.5E9,5.508928814506238+0.10256299465242594i,5.508928814506238,26.856318076394693
0.05081666666,5.5E9,5.50910552589838+0.059590490296052005i,5.50910552589838,46.22470379525783
0.05081666666,5.5E9,5.509245262900151+0.06975596394562224i,5.509245262900151,39.48942105649091
0.05081666666,5.5E9,5.509411633744886+0.10449198518727142i,5.509411633744886,26.362843159075176
0.05081666666,5.5E9,5.511452814881224+0.0027236930890389716i,5.511452814881224,1011.7609867758423
0.05081666666,5.5E9,5.511726793837493+0.11049470711104885i,5.511726793837493,24.94113491019133
0.05081666666,5.5E9,5.512008766170082+0.11871488772064831i,5.512008766170082,23.215322323938683
0.05081666666,5.5E9,5.512470226622012+0.10322554186389718i,5.512470226622012,26.70109610027624
0.05081666666,5.5E9,5.513741496293514+0.00238023546864361i,5.513741496293514,1158.2344622894705
0.05081666666,5.5E9,5.513905885897511+0.039576724810921955i,5.513905885897511,69.66096755403876
0.05081666666,5.5E9,5.513965236888641+0.11968464484336479i,5.513965236888641,23.03539123212066
0.05081666666,5.5E9,5.514983946147647+0.11151776627724112i,5.514983946147647,24.726929754120988
0.05081666666,5.5E9,5.515327048876766+0.09019530263520932i,5.515327048876766,30.57435857376768
0.05081666666,5.5E9,5.5159409654876885+0.10850141002470401i,5.5159409654876885,25.418752457833484
0.05081666666,5.5E9,5.516552274973168+0.09994368562972257i,5.516552274973168,27.598303185512016
0.05081666666,5.5E9,5.516907763326547+0.1209012240687369i,5.516907763326547,22.815764711323258
0.05081666666,5.5E9,5.518737451789222+0.0975702098568835i,5.518737451789222,28.28085262850277
0.05081666666,5.5E9,5.519917335043314+0.10885861357089018i,5.519917335043314,25.353608474209853
0.05081666666,5.5E9,5.520086476962867+0.11348280763742548i,5.520086476962867,24.321245622506073
0.05081666666,5.5E9,5.521535120526075+0.09535697348237034i,5.521535120526075,28.951920970661366
0.05081666666,5.5E9,5.521627807017132+0.12021147526260967i,5.521627807017132,22.96630914376012
0.05081666666,5.5E9,5.5222214765665365+0.0030768909013550454i,5.5222214765665365,897.3703737975534
0.05081666666,5.5E9,5.523334305079017+0.10590534585517782i,5.523334305079017,26.0767492919196
0.05081666666,5.5E9,5.524264425351861+0.11237469729118794i,5.524264425351861,24.579663209402284
0.05081666666,5.5E9,5.524429999120241+0.09457801745569012i,5.524429999120241,29.20567668754762
0.05081666666,5.5E9,5.524480069311864+0.03474965981529006i,5.524480069311864,79.4897000240713
0.05081666666,5.5E9,5.525435130616821+0.11344239378314722i,5.525435130616821,24.353484382474612
0.05081666666,5.5E9,5.525675066628277+0.12034662036255082i,5.525675066628277,22.957333782959076
0.05081666666,5.5E9,5.527136695157175+0.08272887606730334i,5.527136695157175,33.405123808648284
0.05081666666,5.5E9,5.52765421373092+0.10477879460735857i,5.52765421373092,26.37773336887918
0.05081666666,5.5E9,5.528416013840124+0.08833187386446996i,5.528416013840124,31.29343787228223
0.05081666666,5.5E9,5.5295479252821+0.09818804576826716i,5.5295479252821,28.157948770730922
0.05081666666,5.5E9,5.530010794582539+0.11886376683219398i,5.530010794582539,23.261970161140596
0.05081666666,5.5E9,5.530353892933793+0.10610476548235552i,5.530353892933793,26.060817663526397
0.05081666666,5.5E9,5.530825344445307+0.10978110936862281i,5.530825344445307,25.19024163744744
0.05081666666,5.5E9,5.53131068530875+0.05025747875633895i,5.53131068530875,55.02972713897917
0.05081666666,5.5E9,5.531809384863796+0.09591807089422329i,5.531809384863796,28.83611676763274
0.05081666666,5.5E9,5.5326830567171985+0.1110124129072773i,5.5326830567171985,24.919209085826967
0.05081666666,5.5E9,5.533186338173919+0.08101268487549766i,5.533186338173919,34.15012319785142
0.05081666666,5.5E9,5.533652653782428+0.09920789950053378i,5.533652653782428,27.88917355191385
0.05081666666,5.5E9,5.5342214660036815+0.10891342980284799i,5.5342214660036815,25.40651541330382
0.05081666666,5.5E9,5.53463095119597+0.06021221407166817i,5.53463095119597,45.95937083967982
0.05081666666,5.5E9,5.535498899648811+0.11457299034413802i,5.535498899648811,24.15708485491244
0.05081666666,5.5E9,5.536686000315198+0.09400983813793645i,5.536686000315198,29.44737545548938
0.05081666666,5.5E9,5.53704434249548+0.008267434239014906i,5.53704434249548,334.87078230181595
0.05081666666,5.5E9,5.537544713582597+0.022866295239952327i,5.537544713582597,121.0853060251605
0.05081666666,5.5E9,5.538339013245078+0.10769606655572084i,5.538339013245078,25.712819373860782
0.05081666666,5.5E9,5.538761636046126+0.09322904755551678i,5.538761636046126,29.705128290342444
0.05081666666,5.5E9,5.53899840429182+0.0981268690904976i,5.53899840429182,28.22365808483848
0.05081666666,5.5E9,5.539275721172942+0.00423379548999245i,5.539275721172942,654.1737472046412
0.05081666666,5.5E9,5.541128894785904+0.10466222187887364i,5.541128894785904,26.471485103759274
0.05081666666,5.5E9,5.542511709887007+0.11273846767390194i,5.542511709887007,24.581280126668133
0.05081666666,5.5E9,5.542716181478234+0.02605820400768104i,5.542716181478234,106.35261317020228
0.05081666666,5.5E9,5.543441719714616+0.11060491752079188i,5.543441719714616,25.059653060509454
0.05081666666,5.5E9,5.543951365342057+0.0435330033031611i,5.543951365342057,63.67526870055723
0.05081666666,5.5E9,5.543994973844538+0.06913706685644551i,5.543994973844538,40.094230388425004
0.05081666666,5.5E9,5.54421784608881+0.0665655040023719i,5.54421784608881,41.6448273710303
0.05081666666,5.5E9,5.545032684300933+0.10479385924545827i,5.545032684300933,26.45685884758201
0.05081666666,5.5E9,5.546105422895713+0.0032981695479526634i,5.546105422895713,840.7853723497105
0.05081666666,5.5E9,5.546399080182291+0.07311655036485112i,5.546399080182291,37.92847893196407
0.05081666666,5.5E9,5.5464385925958695+0.09821216246799518i,5.5464385925958695,28.23702509555938
0.05081666666,5.5E9,5.547480680606966+0.11284718100240214i,5.547480680606966,24.579615686141413
0.05081666666,5.5E9,5.547665176833591+0.10364909009123534i,5.547665176833591,26.761764970393635
0.05081666666,5.5E9,5.547944258017242+0.1091945604185709i,5.547944258017242,25.403940620991293
0.05081666666,5.5E9,5.548842396730594+0.005238161271098088i,5.548842396730594,529.6555517817588
0.05081666666,5.5E9,5.5500824668491155+0.09721607853754691i,5.5500824668491155,28.545085084385274
0.05081666666,5.5E9,5.551192768736754+0.09843895750268951i,5.551192768736754,28.19611721601728
0.05081666666,5.5E9,5.55243662734865+0.10748014947853966i,5.55243662734865,25.830056314060545
0.05081666666,5.5E9,5.552613369891869+0.09159324742871304i,5.552613369891869,30.311259431070308
0.05081666666,5.5E9,5.5539302397902715+0.005353708193245293i,5.5539302397902715,518.6993798800611
0.05081666666,5.5E9,5.555464156854015+0.09228316650355116i,5.555464156854015,30.100094997500086
0.05081666666,5.5E9,5.556287636672488+0.10047299366638879i,5.556287636672488,27.650652349036317
0.05081666666,5.5E9,5.556441723414106+0.07383067655392994i,5.556441723414106,37.62962756649926
0.05081666666,5.5E9,5.556551231472149+0.08486660277037285i,5.556551231472149,32.7369722015782
0.05081666666,5.5E9,5.5574074733391425+0.07511095285002803i,5.5574074733391425,36.994654324486234
0.05081666666,5.5E9,5.5579094972498355+0.021001867655319056i,5.5579094972498355,132.31941055114225
0.05081666666,5.5E9,5.558354157453053+0.10785364317117539i,5.558354157453053,25.768040809856295
0.05081666666,5.5E9,5.559871193063755+0.09738833061312505i,5.559871193063755,28.544853156741812
0.05081666666,5.5E9,5.561315115206452+0.1062461557742144i,5.561315115206452,26.171841581849332
0.05081666666,5.5E9,5.561336637280045+0.08353525543479362i,5.561336637280045,33.28736237372939
0.05081666666,5.5E9,5.562915616402639+0.006915097673194532i,5.562915616402639,402.22972106139235
0.05081666666,5.5E9,5.564520299113568+0.10166989119631586i,5.564520299113568,27.365625327408658
0.05081666666,5.5E9,5.564727105542427+0.09122359576836453i,5.564727105542427,30.500481036027196
0.05081666666,5.5E9,5.566879476844626+0.10129028373931302i,5.566879476844626,27.479829611159413
0.05081666666,5.5E9,5.568834015716065+0.0654565904498654i,5.568834015716065,42.538375260939944
0.05081666666,5.5E9,5.5709940512290785+0.027045008102833622i,5.5709940512290785,102.99486748250189
0.05081666666,5.5E9,5.5712381687735775+0.09014338809086231i,5.5712381687735775,30.902089918996094
0.05081666666,5.5E9,5.571485697705619+0.004267217106268606i,5.571485697705619,652.8242598110395
0.05081666666,5.5E9,5.57177814225657+0.10009017989281735i,5.57177814225657,27.833790229087253
0.05081666666,5.5E9,5.5735072143320865+0.09835143790945144i,5.5735072143320865,28.33465037625281
0.05081666666,5.5E9,5.57359035197014+0.09031168604087007i,5.57359035197014,30.857525732870506
0.05081666666,5.5E9,5.577660225556559+0.09352358618797074i,5.577660225556559,29.819537792029042
0.05081666666,5.5E9,5.577694864542451+0.08303939161705624i,5.577694864542451,33.58463228069216
0.05081666666,5.5E9,5.578909063969853+0.008140162243958726i,5.578909063969853,342.67800178738923
0.05081666666,5.5E9,5.581879887958431+0.09101183556883616i,5.581879887958431,30.665681298871377
0.05081666666,5.5E9,5.582709228941333+0.07065860368189943i,5.582709228941333,39.504808601046925
0.05081666666,5.5E9,5.584280435946714+0.007791154506426166i,5.584280435946714,358.37310319932584
0.05081666666,5.5E9,5.584649546140378+0.08277592035984764i,5.584649546140378,33.73353942706109
0.05081666666,5.5E9,5.585324683765095+0.00357573899990115i,5.585324683765095,781.0028477916732
0.05081666666,5.5E9,5.589759446565957+0.02283444878905716i,5.589759446565957,122.39751215813692
0.05081666666,5.5E9,5.591545545160827+0.016176902871790744i,5.591545545160827,172.82497117885757
0.05081666666,5.5E9,5.594541026083722+0.0062560942882266485i,5.594541026083722,447.1272944696578
0.05081666666,5.5E9,5.597613196044846+0.07275114507757556i,5.597613196044846,38.47096282866774
0.05081666666,5.5E9,5.599261592645284+0.014972302883342482i,5.599261592645284,186.98732039660956
0.05081666666,5.5E9,5.600139413080666+0.003158445869787557i,5.600139413080666,886.534017671378
0.05081666666,5.5E9,5.6019734688577305+0.006390874633690641i,5.6019734688577305,438.2790924520662
0.05081666666,5.5E9,5.60198969617229+0.05028073781512733i,5.60198969617229,55.70711508619599
0.05081666666,5.5E9,5.609207924032663+0.004550760624731966i,5.609207924032663,616.2934492256489
0.05081666666,5.5E9,5.609895374254314+0.025922961919940365i,5.609895374254314,108.20320979484777
0.05081666666,5.5E9,5.611893788988914+0.04134951357108464i,5.611893788988914,67.85924796118114
0.05081666666,5.5E9,5.61859360098676+0.003335390090155779i,5.61859360098676,842.2693371863355
0.076225,2.5E9,2.3018842527179064+4.513878038264726E-4i,2.3018842527179064,2549.785609186311
0.076225,2.5E9,2.3028220020915486+4.5476246572751243E-4i,2.3028220020915486,2531.8954131445057
0.076225,2.5E9,2.304900063172429+0.09104408661508744i,2.304900063172429,12.658153587266979
0.076225,2.5E9,2.3055312745940486+0.09195808152503547i,2.3055312745940486,12.535773019396727
0.076225,2.5E9,2.3062874239467415+0.12141940318839463i,2.3062874239467415,9.497194696173478
0.076225,2.5E9,2.3069416631205963+0.11973075041489775i,2.3069416631205963,9.633872898676625
0.076225,2.5E9,2.312190690766911+0.008115939686803755i,2.312190690766911,142.4475033079937
0.076225,2.5E9,2.312301764143216+0.008087038245196809i,2.312301764143216,142.96344928976794
0.076225,2.5E9,2.3292126997498066+0.15075162914800397i,2.3292126997498066,7.725331768929167
0.076225,2.5E9,2.3299325976446372+0.15104568251145994i,2.3299325976446372,7.712675261233844
0.076225,2.5E9,2.3300522989493446+0.15211463172021933i,2.3300522989493446,7.658869737248393
0.076225,2.5E9,2.3307427378962853+0.15241149955027156i,2.3307427378962853,7.646216803763915
0.076225,2.5E9,2.333146196269398+0.16500373577235888i,2.333146196269398,7.06997991696453
0.076225,2.5E9,2.3333733345936833+0.1662174265726155i,2.3333733345936833,7.019039407322015
0.076225,2.5E9,2.333511600237883+0.1645654893055216i,2.333511600237883,7.089917849986267
0.076225,2.5E9,2.3338675309430457+0.16566160493565607i,2.3338675309430457,7.0440810103509905
0.076225,2.5E9,2.3523146041853806+0.12981174648472538i,2.3523146041853806,9.060484385602853
0.076225,2.5E9,2.352493983646614+0.13018918761644413i,2.352493983646614,9.034905381610475
0.076225,2.5E9,2.352627754250335+0.1309035932436849i,2.352627754250335,8.986108386920964
0.076225,2.5E9,2.3526797026941138+0.13124133577800684i,2.3526797026941138,8.963181031141147
0.076225,2.5E9,2.358286247693634+0.14822315324129623i,2.358286247693634,7.955188498299318
0.076225,2.5E9,2.3585550816853216+0.14867357643535192i,2.3585550816853216,7.931991474997905
0.076225,2.5E9,2.3587113355262925+0.14845186103223934i,2.3587113355262925,7.9443643182554995
0.076225,2.5E9,2.358820808893221+0.14811905374104592i,2.358820808893221,7.962583979968938
0.076225,2.5E9,2.3664280588219393+0.18936162519290584i,2.3664280588219393,6.248436177106158
0.076225,2.5E9,2.368670218139883+0.18879290283682829i,2.368670218139883,6.273197197955846
0.076225,2.5E9,2.3772967741584705+0.035575211931836916i,2.3772967741584705,33.41226439793861
0.076225,2.5E9,2.3785144389749977+0.0357013905988085i,2.3785144389749977,33.31122960591874
0.076225,2.5E9,2.404254803398012+0.2048056784074227i,2.404254803398012,5.869599959565562
0.076225,2.5E9,2.4049287074988253+0.20425970997182605i,2.4049287074988253,5.886938515262119
0.076225,2.5E9,2.4087041482516405+0.051121492880132346i,2.4087041482516405,23.55862488111874
0.076225,2.5E9,2.4087981275498622+0.215740541153199i,2.4087981275498622,5.58262743449632
0.076225,2.5E9,2.4098338668947425+0.19786347274800298i,2.4098338668947425,6.089638055539144
0.076225,2.5E9,2.4101960130975044+0.21577391615048486i,2.4101960130975044,5.585003173916044
0.076225,2.5E9,2.4102352268974516+0.05122710496942135i,2.4102352268974516,23.524999395692742
0.076225,2.5E9,2.4106352497447388+0.19873149049463265i,2.4106352497447388,6.0650560304881465
0.076225,2.5E9,2.4117954196449753+0.16326528753934147i,2.4117954196449753,7.386124313362734
0.076225,2.5E9,2.4122505155308565+0.16492699415155349i,2.4122505155308565,7.313085792718106
0.076225,2.5E9,2.4163956914058096+0.20070260973909268i,2.4163956914058096,6.019841233123603
0.076225,2.5E9,2.4171086328085822+0.20175630236162803i,2.4171086328085822,5.990168843588728
0.076225,2.5E9,2.419646583137838+0.05114228305754877i,2.419646583137838,23.65602822634148
0.076225,2.5E9,2.4206448054215706+0.051492741239182196i,2.4206448054215706,23.50471879306007
0.076225,2.5E9,2.421942963122887+0.19606483883217873i,2.421942963122887,6.176382714893474
0.076225,2.5E9,2.421957068689134+0.19591697710922693i,2.421957068689134,6.1810801300258245
0.076225,2.5E9,2.4227298083339432+0.19810446745537874i,2.4227298083339432,6.114778327448979
0.076225,2.5E9,2.423178823708865+0.19797886140666046i,2.423178823708865,6.11979179618452
0.076225,2.5E9,2.4286648523055487+0.22009554303726997i,2.4286648523055487,5.517296758467958
0.076225,2.5E9,2.4290046008655826+0.2205918345176427i,2.4290046008655826,5.505653929069876
0.076225,2.5E9,2.4299457546126058+0.19372899382231742i,2.4299457546126058,6.271507704317303
0.076225,2.5E9,2.4304955974454128+0.19297154988796386i,2.4304955974454128,6.297549039888312
0.076225,2.5E9,2.4306761740919947+0.19399367607895515i,2.4306761740919947,6.26483353277638
0.076225,2.5E9,2.431128798842897+0.19363456578784857i,2.431128798842897,6.277620911719113
0.076225,2.5E9,2.441537561815462+0.17635193771697752i,2.441537561815462,6.9223440168086485
0.076225,2.5E9,2.441628636050594+0.17668845526020316i,2.441628636050594,6.909417574721815
0.076225,2.5E9,2.4423648426260285+0.17813975458340392i,2.4423648426260285,6.855193127266066
0.076225,2.5E9,2.4428494688302234+0.17868859016468053i,2.4428494688302234,6.835493711654667
0.076225,2.5E9,2.4443396402959916+0.07531602549597907i,2.4443396402959916,16.227221392786376
0.076225,2.5E9,2.4455196315536165+0.07637640367484436i,2.4455196315536165,16.009654251101395
0.076225,2.5E9,2.445955618044559+0.225193447023927i,2.445955618044559,5.430787730214624
0.076225,2.5E9,2.446059058543339+0.16100967397257898i,2.446059058543339,7.5960002843056476
0.076225,2.5E9,2.446346263055601+0.16231649786306496i,2.446346263055601,7.535728947033504
0.076225,2.5E9,2.4464366124985655+0.16101913449101252i,2.4464366124985655,7.5967263773707465
0.076225,2.5E9,2.4470200670123625+0.1625615795891957i,2.4470200670123625,7.526440359389194
0.076225,2.5E9,2.4474259553730784+0.22460681399216048i,2.4474259553730784,5.448245117484507
0.076225,2.5E9,2.447904834052368+0.21898258697330814i,2.447904834052368,5.5892682333475765
0.076225,2.5E9,2.4488526957424157+0.225181087788261i,2.4488526957424157,5.437518576260466
0.076225,2.5E9,2.449027340977295+0.148260981631i,2.449027340977295,8.259176871877754
0.076225,2.5E9,2.449669304236936+0.14851661008698827i,2.449669304236936,8.247122334673982
0.076225,2.5E9,2.449937294599983+0.15001801575023674i,2.449937294599983,8.16547693404656
0.076225,2.5E9,2.450665635782204+0.15026144607655353i,2.450665635782204,8.154672072481143
0.076225,2.5E9,2.4558846325766788+0.2135712361696279i,2.4558846325766788,5.749567864621303
0.076225,2.5E9,2.456738756894397+0.212000871225538i,2.456738756894397,5.79417136989212
0.076225,2.5E9,2.456884886914072+0.2099284567793547i,2.456884886914072,5.851719496743552
0.076225,2.5E9,2.457119784508549+0.21569697301806467i,2.457119784508549,5.6957678870689685
0.076225,2.5E9,2.457417529513529+0.2139427926994559i,2.457417529513529,5.7431650267501135
0.076225,2.5E9,2.458220888394959+0.2105509437278763i,2.458220888394959,5.837591712654712
0.076225,2.5E9,2.4600092901716053+0.21571551377153808i,2.4600092901716053,5.701975827239236
0.076225,2.5E9,2.4610276102497814+0.17689914985889116i,2.4610276102497814,6.956018760443147
0.076225,2.5E9,2.4612634215283133+0.1789663267031757i,2.4612634215283133,6.876331058664565
0.076225,2.5E9,2.4613512596881075+0.1768061085013616i,2.4613512596881075,6.960594519473721
0.076225,2.5E9,2.461705165357307+0.17880398817741525i,2.461705165357307,6.883809445331616
0.076225,2.5E9,2.4620327261306705+0.21716142365710026i,2.4620327261306705,5.668669611455122
0.076225,2.5E9,2.464556578898499+0.1291601023552573i,2.464556578898499,9.540703878197965
0.076225,2.5E9,2.4645920112773316+0.1285218028824047i,2.4645920112773316,9.588225328321888
0.076225,2.5E9,2.46472806934875+0.13036120596643916i,2.46472806934875,9.453456843530896
0.076225,2.5E9,2.464860868969258+0.12982059893151784i,2.464860868969258,9.493334991735425
0.076225,2.5E9,2.4653503665327565+0.1453202294833926i,2.4653503665327565,8.482474791352088
0.076225,2.5E9,2.465479194592827+0.14542706189936203i,2.465479194592827,8.476686396576518
0.076225,2.5E9,2.4655032819763654+0.1458581915969513i,2.4655032819763654,8.451713458745155
0.076225,2.5E9,2.4655027193142134+0.1459607697547596i,2.4655027193142134,8.445771844916624
0.076225,2.5E9,2.465702639296937+0.17131805956995863i,2.465702639296937,7.196271792612893
0.076225,2.5E9,2.4660109105489765+0.17106214267127243i,2.4660109105489765,7.207938799433469
0.076225,2.5E9,2.4677059967394324+0.1719160184825791i,2.4677059967394324,7.177068252629102
0.076225,2.5E9,2.4679290791123183+0.17239943882511422i,2.4679290791123183,7.157590233271698
0.076225,2.5E9,2.484186038134665+0.21291746559920233i,2.484186038134665,5.833683092045907
0.076225,2.5E9,2.4864676698702377+0.20861128954414557i,2.4864676698702377,5.9595712084989065
0.076225,2.5E9,2.486665885664615+0.2126412753206181i,2.486665885664615,5.8470912618334525
0.076225,2.5E9,2.4871013695993747+0.21412337011035912i,2.4871013695993747,5.8076364301512795
0.076225,2.5E9,2.4874864228841256+0.2151530154396494i,2.4874864228841256,5.780737996632604
0.076225,2.5E9,2.487777045504661+0.20783115677090136i,2.487777045504661,5.985091658434577
0.076225,2.5E9,2.489620804231256+0.20484039242750152i,2.489620804231256,6.076977237564117
0.076225,2.5E9,2.4909856517323603+0.19909059954719618i,2.4909856517323603,6.2559097651967495
0.076225,2.5E9,2.491685640247298+0.19983405896393885i,2.491685640247298,6.23438680364526
0.076225,2.5E9,2.4922891639524307+0.20350493750342505i,2.4922891639524307,6.123412027559492
0.076225,2.5E9,2.4924085330379153+0.2042638375427139i,2.4924085330379153,6.100953950100748
0.076225,2.5E9,2.4927819049557716+0.19659006546951147i,2.4927819049557716,6.340050548847214
0.076225,2.5E9,2.493964860768698+0.1974420005781739i,2.493964860768698,6.315689806286313
0.076225,2.5E9,2.4961262701271365+0.23333984777511865i,2.4961262701271365,5.348692677070696
0.076225,2.5E9,2.4967938445480167+0.2347993967299248i,2.4967938445480167,5.3168659701028185
0.076225,2.5E9,2.497816082109096+0.002248797376233445i,2.497816082109096,555.3670838705658
0.076225,2.5E9,2.499693979788587+0.0022837536490538006i,2.499693979788587,547.2775009739456
0.076225,2.5E9,2.502692268184663+0.20845655776871314i,2.502692268184663,6.002910858197736
0.076225,2.5E9,2.5031373331177176+0.22504101475229332i,2.5031373331177176,5.561513610914361
0.076225,2.5E9,2.503437430510908+0.22580178214968602i,2.503437430510908,5.543440372076773
0.076225,2.5E9,2.5035252345388694+0.2239934227696467i,2.5035252345388694,5.588390059813224
0.076225,2.5E9,2.503982791167321+0.22476342701506788i,2.503982791167321,5.5702629747664805
0.076225,2.5E9,2.5047108777671383+0.2065736506069731i,2.5047108777671383,6.062512983644268
0.076225,2.5E9,2.5059190298560305+0.217661820641234i,2.5059190298560305,5.756450585760899
0.076225,2.5E9,2.5062328455182232+0.2172229815578772i,2.5062328455182232,5.768802240775935
0.076225,2.5E9,2.514512955105308+0.06311582577753468i,2.514512955105308,19.919829330667802
0.076225,2.5E9,2.515142188719932+0.06330629375144621i,2.515142188719932,19.864866821890633
0.076225,2.5E9,2.51553426464559+0.21073693812856242i,2.51553426464559,5.9684227335384366
0.076225,2.5E9,2.52104264067618+0.2163015546042228i,2.52104264067618,5.8276110065159985
0.076225,2.5E9,2.521114295280172+0.2047037405249183i,2.521114295280172,6.157958542465618
0.076225,2.5E9,2.521825661814769+0.2049842714147149i,2.521825661814769,6.151266251820671
0.076225,2.5E9,2.5228088122177015+0.2164358186143715i,2.5228088122177015,5.82807602819348
0.076225,2.5E9,2.5247731134278504+0.1882545131098463i,2.5247731134278504,6.705743920079749
0.076225,2.5E9,2.525131676760198+0.18809645144022732i,2.525131676760198,6.712332044080657
0.076225,2.5E9,2.525401485014423+0.19039534345398015i,2.525401485014423,6.6319938271621375
0.076225,2.5E9,2.525966538847889+0.19001066988561519i,2.525966538847889,6.64690709308193
0.076225,2.5E9,2.5271976722477234+1.1561650585713508E-4i,2.5271976722477234,10929.225258591228
0.076225,2.5E9,2.528829078522264+1.1340480180641621E-4i,2.528829078522264,11149.567911767153
0.076225,2.5E9,2.5345814581192574+0.2154357318101592i,2.5345814581192574,5.8824537527338245
0.076225,2.5E9,2.535114616300169+0.1986884020190242i,2.535114616300169,6.3796240508729705
0.076225,2.5E9,2.5354810188274293+0.19997792459110966i,2.5354810188274293,6.339402271554898
0.076225,2.5E9,2.538938945098795+0.2153078306785189i,2.538938945098795,5.89606735876166
0.076225,2.5E9,2.5391533338803445+0.203502090428306i,2.5391533338803445,6.238641894381156
0.076225,2.5E9,2.540212255575014+0.2039904955473595i,2.540212255575014,6.226300516499467
0.076225,2.5E9,2.540869647757197+0.17216957529698054i,2.540869647757197,7.37897402422691
0.076225,2.5E9,2.541104142325128+0.1721121978912849i,2.541104142325128,7.382115194212505
0.076225,2.5E9,2.541288009881255+0.1722550299020617i,2.541288009881255,7.376527731370586
0.076225,2.5E9,2.541301114196681+0.1727251692521974i,2.541301114196681,7.356487549553668
0.076225,2.5E9,2.543134056432587+0.2156613244141656i,2.543134056432587,5.896129181578796
0.076225,2.5E9,2.544247332953612+0.2166961846471167i,2.544247332953612,5.870540215317687
0.076225,2.5E9,2.5442817786803724+0.21530693267123927i,2.5442817786803724,5.908499431751549
0.076225,2.5E9,2.5449460774082917+0.21477865486129372i,2.5449460774082917,5.924578676246585
0.076225,2.5E9,2.5487805481464694+0.20453767626971303i,2.5487805481464694,6.230589382431252
0.076225,2.5E9,2.5499888127743167+0.2020571566383029i,2.5499888127743167,6.3100680401510925
0.076225,2.5E9,2.5503174884603403+0.21718119071776598i,2.5503174884603403,5.871405069729451
0.076225,2.5E9,2.550621720533729+0.19578603987788373i,2.550621720533729,6.513798742046703
0.076225,2.5E9,2.5515118027762878+0.216980837886712i,2.5515118027762878,5.879578647651041
0.076225,2.5E9,2.552503447350445+0.1945584120448597i,2.552503447350445,6.559735506994961
0.076225,2.5E9,2.5543128665931802+0.18912836986657663i,2.5543128665931802,6.75285486887863
0.076225,2.5E9,2.554583279266522+0.18706396445313594i,2.554583279266522,6.828100983357773
0.076225,2.5E9,2.554630889004116+0.18842804169018043i,2.554630889004116,6.778797004122465
0.076225,2.5E9,2.5546456858726088+0.1881458391045539i,2.5546456858726088,6.789003939792087
0.076225,2.5E9,2.559151410635452+0.1579088058268809i,2.559151410635452,8.103257437843933
0.076225,2.5E9,2.559778436315847+0.1581918634171625i,2.559778436315847,8.090739880740708
0.076225,2.5E9,2.559807453414071+0.15947551994793863i,2.559807453414071,8.02570656063617
0.076225,2.5E9,2.560377800850894+0.15983919165494587i,2.560377800850894,8.00923032186665
0.076225,2.5E9,2.5634351412096463+0.22215545012799567i,2.5634351412096463,5.7694626436864676
0.076225,2.5E9,2.568033949254225+0.1462171508968937i,2.568033949254225,8.781575668455943
0.076225,2.5E9,2.5692130088599017+0.14815273305476584i,2.5692130088599017,8.670825559155132
0.076225,2.5E9,2.5693568512878158+0.14632580069646664i,2.5693568512878158,8.779575574021987
0.076225,2.5E9,2.5699235802001636+0.19769474715429766i,2.5699235802001636,6.49972651573382
0.076225,2.5E9,2.570387310999171+0.14874707179087085i,2.570387310999171,8.640127432602425
0.076225,2.5E9,2.5703921476450793+0.19900240745411596i,2.5703921476450793,6.458193598079298
0.076225,2.5E9,2.5705817644578977+0.22073958001148902i,2.5705817644578977,5.822657097390746
0.076225,2.5E9,2.57239430349002+0.19330604894488632i,2.57239430349002,6.653682896967798
0.076225,2.5E9,2.572692553197548+0.1961378692410908i,2.572692553197548,6.558377949021203
0.076225,2.5E9,2.5727298756110843+0.14386829059766285i,2.5727298756110843,8.941267964342096
0.076225,2.5E9,2.572761524509313+0.14271867822253356i,2.572761524509313,9.013401597293889
0.076225,2.5E9,2.5728322676258073+0.14305833135403181i,2.5728322676258073,8.992248977302562
0.076225,2.5E9,2.5730111679461016+0.1433268806735872i,2.5730111679461016,8.976024440962613
0.076225,2.5E9,2.576060723777616+0.12745293899927726i,2.576060723777616,10.105929074700365
0.076225,2.5E9,2.5763393616406463+0.12899274789666518i,2.5763393616406463,9.986372891693597
0.076225,2.5E9,2.577383105966799+0.12825702504393346i,2.577383105966799,10.047726840241056
0.076225,2.5E9,2.5774711197324565+0.12963325806390724i,2.5774711197324565,9.94139605155107
0.076225,2.5E9,2.579982463788972+0.17216845234090253i,2.579982463788972,7.492610953720116
0.076225,2.5E9,2.580165494505308+0.1725451319522988i,2.580165494505308,7.476784378995436
0.076225,2.5E9,2.5804295295177524+0.17513030628253412i,2.5804295295177524,7.367170149736387
0.076225,2.5E9,2.5806098893233025+0.1744030824824801i,2.5806098893233025,7.398406761481814
0.076225,2.5E9,2.5847161580675526+0.22189855347576373i,2.5847161580675526,5.824094203367264
0.076225,2.5E9,2.5879067540015344+0.02349885092343566i,2.5879067540015344,55.064538313671044
0.076225,2.5E9,2.5896525769306455+0.02351875170585613i,2.5896525769306455,55.055060092450105
0.076225,2.5E9,2.591221870496359+0.16663845216978185i,2.591221870496359,7.774981814690219
0.076225,2.5E9,2.5921189052015903+0.16654626970333114i,2.5921189052015903,7.781978274923033
0.076225,2.5E9,2.5929493039521936+0.21721725922258295i,2.5929493039521936,5.968561874945658
0.076225,2.5E9,2.5931169037967+0.21578160694229903i,2.5931169037967,6.008660655887392
0.076225,2.5E9,2.593388980781211+0.16816170654511117i,2.593388980781211,7.710997450199837
0.076225,2.5E9,2.593534486853283+0.2163465066812016i,2.593534486853283,5.993936594213185
0.076225,2.5E9,2.593941524695177+0.21526143908797815i,2.593941524695177,6.025095659689945
0.076225,2.5E9,2.5942079735463945+0.16840879643684656i,2.5942079735463945,7.702115413309851
0.076225,2.5E9,2.596249370348749+0.21060846268966638i,2.596249370348749,6.16368719754236
0.076225,2.5E9,2.5976280860423264+0.2115390201406963i,2.5976280860423264,6.139831990132656
0.076225,2.5E9,2.6056011877571064+0.17774472772925548i,2.6056011877571064,7.329615963985197
0.076225,2.5E9,2.6061056849252573+0.1753208606593134i,2.6061056849252573,7.432389035522385
0.076225,2.5E9,2.6190970626327217+0.19475981220687677i,2.6190970626327217,6.723915557719571
0.076225,2.5E9,2.620106736558783+0.1948230311075217i,2.620106736558783,6.7243249467583786
0.076225,2.5E9,2.621023111238373+0.1943666571953922i,2.621023111238373,6.742471031447334
0.076225,2.5E9,2.6212767647271202+0.03774887760116447i,2.6212767647271202,34.71992985357344
0.076225,2.5E9,2.6224297219847994+0.19364800719528674i,2.6224297219847994,6.771124991077698
0.076225,2.5E9,2.6245523916905396+0.19895735857602628i,2.6245523916905396,6.595766073883707
0.076225,2.5E9,2.6255465040881587+0.19930496877685183i,2.6255465040881587,6.5867562665429675
0.076225,2.5E9,2.6293851081053203+0.1810827294956355i,2.6293851081053203,7.2601763719512915
0.076225,2.5E9,2.6299524705717303+0.18323243225655392i,2.6299524705717303,7.176547399887667
0.076225,2.5E9,2.6299840394790857+0.18195352788089605i,2.6299840394790857,7.227076248833802
0.076225,2.5E9,2.6305351923893077+0.1840929992898451i,2.6305351923893077,7.144582364720082
0.076225,2.5E9,2.6385736483352815+0.1899854283727404i,2.6385736483352815,6.94414742997698
0.076225,2.5E9,2.6405239435125463+0.19137606449991995i,2.6405239435125463,6.898783163956353
0.076225,2.5E9,2.640710589906808+0.1680168726097846i,2.640710589906808,7.8584684647707945
0.076225,2.5E9,2.640999447818673+0.16831610746843548i,2.640999447818673,7.845355645222319
0.076225,2.5E9,2.641065315723734+0.16739598480878484i,2.641065315723734,7.8886758208107635
0.076225,2.5E9,2.641460329413959+0.167730420672737i,2.641460329413959,7.874124201261555
0.076225,2.5E9,2.6591001272395456+0.03674569765413509i,2.6591001272395456,36.18246892830881
0.076225,2.5E9,2.661060370347206+0.036722094775310396i,2.661060370347206,36.23241520710216
0.076225,2.5E9,2.670203512755734+0.15556546587722375i,2.670203512755734,8.582250236897458
0.076225,2.5E9,2.6704578218283594+0.05208932459831108i,2.6704578218283594,25.633446415572696
0.076225,2.5E9,2.6713920563637363+0.15688263134982522i,2.6713920563637363,8.513982820720685
0.076225,2.5E9,2.676077634953257+0.15639435590697567i,2.676077634953257,8.555544154499426
0.076225,2.5E9,2.6764730822568867+0.15867203977363226i,2.6764730822568867,8.433978305425605
0.076225,2.5E9,2.680380855160775+0.14061227932774353i,2.680380855160775,9.531105206371269
0.076225,2.5E9,2.6804415324907023+0.14141740138910455i,2.6804415324907023,9.477056946887215
0.076225,2.5E9,2.680667852761552+0.1410169951951088i,2.680667852761552,9.504768730366946
0.076225,2.5E9,2.6807037407220844+0.14187679241224835i,2.6807037407220844,9.447294709528043
0.076225,2.5E9,2.682565436178209+0.053588651974514186i,2.682565436178209,25.029230418540756
0.076225,2.5E9,2.682792945043104+5.687477706905842E-4i,2.682792945043104,2358.5085369087305
0.076225,2.5E9,2.6852407406272247+5.737123225090625E-4i,2.6852407406272247,2340.232757145292
0.076225,2.5E9,2.686915531555805+0.14474821652171627i,2.686915531555805,9.281342444563704
0.076225,2.5E9,2.688291862262335+0.05469831079363368i,2.688291862262335,24.573810628309424
0.076225,2.5E9,2.6883181203803335+0.12646354099102305i,2.6883181203803335,10.628826693106603
0.076225,2.5E9,2.688435379331184+0.12812381247150348i,2.688435379331184,10.491552379965002
0.076225,2.5E9,2.6885360057158048+0.14407721704945994i,2.6885360057158048,9.33019134035905
0.076225,2.5E9,2.6894586023543288+0.12754248564927356i,2.6894586023543288,10.543383205459925
0.076225,2.5E9,2.6895945600093545+0.1291432687381808i,2.6895945600093545,10.41322008606626
0.076225,2.5E9,2.703474465106314+0.038130082174519644i,2.703474465106314,35.450677141641535
0.076225,2.5E9,2.7042575839495204+0.038107464584736864i,2.7042575839495204,35.4819930086959
0.076225,2.5E9,2.707975186587712+0.03063020956180379i,2.707975186587712,44.204320266299895
0.076225,2.5E9,2.7096941913646546+0.030915037599891032i,2.7096941913646546,43.824856796781084
0.076225,2.5E9,2.724269480934565+0.04901094730152853i,2.724269480934565,27.792458939572484
0.076225,3.0E9,2.803317484381173+0.01339224937147188i,2.803317484381173,104.66193566977589
0.076225,3.0E9,2.8039479586448617+0.013300801511396263i,2.8039479586448617,105.40522525061405
0.076225,3.0E9,2.868895413657993+0.036972664357034654i,2.868895413657993,38.797520594592186
0.076225,3.0E9,2.8694850916632517+1.482617166816305E-4i,2.8694850916632517,9677.093844208734
0.076225,3.0E9,2.870665422165958+0.0372487073347597i,2.870665422165958,38.5337589888269
0.076225,3.0E9,2.8716884193066474+1.6121053396569662E-4i,2.8716884193066474,8906.64012042074
0.076225,3.0E9,2.8961915105082823+0.13834926848473866i,2.8961915105082823,10.466956357010886
0.076225,3.0E9,2.89647532450581+0.13720538795559148i,2.89647532450581,10.555253578829195
0.076225,3.0E9,2.897486642071531+0.137269993470669i,2.897486642071531,10.553969475822289
0.076225,3.0E9,2.897645708265335+0.13855465137169418i,2.897645708265335,10.456688676917652
0.076225,3.0E9,2.8997903216869307+0.02806382665580154i,2.8997903216869307,51.66420027554345
0.076225,3.0E9,2.901466553151021+0.028159760458167652i,2.901466553151021,51.51795515912245
0.076225,3.0E9,2.902931764001812+0.1525142925827115i,2.902931764001812,9.516917119185713
0.076225,3.0E9,2.9034485146579017+0.15344186453277836i,2.9034485146579017,9.46107023496728
0.076225,3.0E9,2.9035924559225443+0.017670100876970758i,2.9035924559225443,82.16117372897298
0.076225,3.0E9,2.9040556598806186+0.15496963600702912i,2.9040556598806186,9.369756988229927
0.076225,3.0E9,2.904326473285237+0.017744429815410148i,2.904326473285237,81.83769508228927
0.076225,3.0E9,2.9045588278825427+0.15558077976923101i,2.9045588278825427,9.33456829368898
0.076225,3.0E9,2.909770979492951+0.20081539885400823i,2.909770979492951,7.2448900734159825
0.076225,3.0E9,2.910928987193097+0.20167684178830117i,2.910928987193097,7.21681518160791
0.076225,3.0E9,2.9130519092568723+0.12647674092343603i,2.9130519092568723,11.516156599181812
0.076225,3.0E9,2.9130706854089086+0.12679880315329808i,2.9130706854089086,11.486980211820473
0.076225,3.0E9,2.913178630528183+0.1247999078999115i,2.913178630528183,11.671397357378371
0.076225,3.0E9,2.9133835565743076+0.1283772706378001i,2.9133835565743076,11.346960182671443
0.076225,3.0E9,2.917535972033312+0.19880086150491116i,2.917535972033312,7.337835334182486
0.076225,3.0E9,2.91798700377177+0.18561089203014852i,2.91798700377177,7.860495070779052
0.076225,3.0E9,2.920620907985836+0.1824951542931098i,2.920620907985836,8.001913583127136
0.076225,3.0E9,2.9236338942212137+0.19221371137418122i,2.9236338942212137,7.605164775497712
0.076225,3.0E9,2.9237288241890083+0.17707021669489378i,2.9237288241890083,8.255845841163758
0.076225,3.0E9,2.9238622859733026+0.20052608188519533i,2.9238622859733026,7.290478770854517
0.076225,3.0E9,2.924027811543499+0.14150762375407522i,2.924027811543499,10.331697098614063
0.076225,3.0E9,2.924592028435444+0.17701348507739176i,2.924592028435444,8.260930027892476
0.076225,3.0E9,2.924828352265516+0.20771802580984303i,2.924828352265516,7.040381644448786
0.076225,3.0E9,2.9249166573793537+0.1909033183925201i,2.9249166573793537,7.660727644779267
0.076225,3.0E9,2.925238499701644+0.17934109058237338i,2.925238499701644,8.15551664764202
0.076225,3.0E9,2.9254873973796474+0.14525684406941086i,2.9254873973796474,10.070050110622345
0.076225,3.0E9,2.926066062534713+0.20898461575901695i,2.926066062534713,7.00067335556604
0.076225,3.0E9,2.9261778913311614+0.20634042379848958i,2.9261778913311614,7.090655910905862
0.076225,3.0E9,2.9263355453191275+0.19656512693613157i,2.9263355453191275,7.443679331456286
0.076225,3.0E9,2.9265462204975425+0.14194045397601265i,2.9265462204975425,10.309063196994272
0.076225,3.0E9,2.9267818861835453+0.18015532158304007i,2.9267818861835453,8.122940417373366
0.076225,3.0E9,2.9284969048703546+0.146031729945076i,2.9284969048703546,10.026919854923968
0.076225,3.0E9,2.929810418377029+0.19575843738882076i,2.929810418377029,7.483228966927641
0.076225,3.0E9,2.930090303465238+0.20240153113812387i,2.930090303465238,7.238310616992495
0.076225,3.0E9,2.9302451717713445+0.04603414810809033i,2.9302451717713445,31.82686431918966
0.076225,3.0E9,2.931646223572866+0.20371545235256927i,2.931646223572866,7.195443913844791
0.076225,3.0E9,2.9334191829649416+0.21239840495544215i,2.9334191829649416,6.905464246730872
0.076225,3.0E9,2.9349905556274702+0.04676083569563923i,2.9349905556274702,31.382999383618568
0.076225,3.0E9,2.9359851820408513+0.16428859473265697i,2.9359851820408513,8.935450409136775
0.076225,3.0E9,2.9365963720418735+0.16491602973778444i,2.9365963720418735,8.903307873440337
0.076225,3.0E9,2.9374892760960942+0.16788567264528376i,2.9374892760960942,8.748481123527888
0.076225,3.0E9,2.9383501540329835+0.16811258295720888i,2.9383501540329835,8.739233263642456
0.076225,3.0E9,2.9407531060178185+0.2147339181822086i,2.9407531060178185,6.847435027759554
0.076225,3.0E9,2.9459084805808398+0.1578941204394961i,2.9459084805808398,9.328746606843067
0.076225,3.0E9,2.9459841099740167+0.15698118551510035i,2.9459841099740167,9.383239463721074
0.076225,3.0E9,2.9463917079251836+0.15755481751240744i,2.9463917079251836,9.350370094818443
0.076225,3.0E9,2.946695152813004+0.15698190181372018i,2.946695152813004,9.385461377291913
0.076225,3.0E9,2.948493488444205+0.2128083970573783i,2.948493488444205,6.927577880418928
0.076225,3.0E9,2.9494282660247024+0.16867809138375298i,2.9494282660247024,8.742772229128953
0.076225,3.0E9,2.9501067170053092+0.171039032173999i,2.9501067170053092,8.624074515354334
0.076225,3.0E9,2.950375116436119+0.1671639380193181i,2.950375116436119,8.824795441511922
0.076225,3.0E9,2.9510710034006005+0.16922207765405153i,2.9510710034006005,8.719521247793715
0.076225,3.0E9,2.952324814499135+0.20381478115627769i,2.952324814499135,7.242666105348367
0.076225,3.0E9,2.9534119744765945+0.17876700913414964i,2.9534119744765945,8.260506199609534
0.076225,3.0E9,2.953726541954688+0.2010411504387239i,2.953726541954688,7.346074511384586
0.076225,3.0E9,2.954842722863612+0.18028078499598826i,2.954842722863612,8.195112759602653
0.076225,3.0E9,2.9608823860989806+0.1881446950087573i,2.9608823860989806,7.868631071317648
0.076225,3.0E9,2.961121764625676+0.18650006450784123i,2.961121764625676,7.9386615024499845
0.076225,3.0E9,2.9618483205724013+0.1876185590409369i,2.9618483205724013,7.893271155350226
0.076225,3.0E9,2.961983181529705+0.18734344305598888i,2.961983181529705,7.905222443906126
0.076225,3.0E9,2.9620131679421937+0.18009158300516984i,2.9620131679421937,8.223630217790811
0.076225,3.0E9,2.962735944707109+0.054400703854513795i,2.962735944707109,27.2306765793921
0.076225,3.0E9,2.9631519977547542+0.18082127300492487i,2.9631519977547542,8.19359345422275
0.076225,3.0E9,2.9643026822194583+0.15967470568877828i,2.9643026822194583,9.282317664004893
0.076225,3.0E9,2.965407953789006+0.20577561572602548i,2.965407953789006,7.205440604141406
0.076225,3.0E9,2.9655990910700147+0.05486126409661335i,2.9655990910700147,27.028169509979303
0.076225,3.0E9,2.9665825542909428+0.20913704300917074i,2.9665825542909428,7.092436881592653
0.076225,3.0E9,2.9670537612514227+0.16429189241589648i,2.9670537612514227,9.029824045548391
0.076225,3.0E9,2.9675750569940864+0.2051204203785334i,2.9675750569940864,7.233738726543322
0.076225,3.0E9,2.9676287410715734+0.15812049707561118i,2.9676287410715734,9.384073526066933
0.076225,3.0E9,2.967897962329215+3.9704210279553625E-4i,2.967897962329215,3737.510381685625
0.076225,3.0E9,2.968060556573926+0.1887475603743244i,2.968060556573926,7.8625136947138925
0.076225,3.0E9,2.9690975351409055+0.19006400951346128i,2.9690975351409055,7.810783174419509
0.076225,3.0E9,2.969412742561769+0.18098915435520438i,2.969412742561769,8.203289178129648
0.076225,3.0E9,2.969610263713032+0.20877101629241865i,2.969610263713032,7.112122928868625
0.076225,3.0E9,2.970457891697004+0.16215619240832232i,2.970457891697004,9.159249016581347
0.076225,3.0E9,2.9710982283707446+0.20822086468850717i,2.9710982283707446,7.134487297455584
0.076225,3.0E9,2.971452164711666+0.00963197078353553i,2.971452164711666,154.24943822457064
0.076225,3.0E9,2.97165136673861+0.19304977824773945i,2.97165136673861,7.6965935773443634
0.076225,3.0E9,2.9720560575949935+0.19378423079004004i,2.9720560575949935,7.668467257315523
0.076225,3.0E9,2.972821194824418+0.19363085528309165i,2.972821194824418,7.676517232953659
0.076225,3.0E9,2.9730330975067316+0.19485134190669454i,2.9730330975067316,7.6289777335235955
0.076225,3.0E9,2.9733468432766967+0.20677412054032562i,2.9733468432766967,7.189842799251145
0.076225,3.0E9,2.9735544417663182+0.19293318808361473i,2.9735544417663182,7.706176607825551
0.076225,3.0E9,2.974090567455933+0.010198043182871264i,2.974090567455933,145.81672748999756
0.076225,3.0E9,2.97425291747986+0.18191598444546772i,2.97425291747986,8.174798181001627
0.076225,3.0E9,2.97453405539154+1.440858482667083E-4i,2.97453405539154,10322.089543053411
0.076225,3.0E9,2.9795329783459645+0.2098959392094216i,2.9795329783459645,7.097643216844622
0.076225,3.0E9,2.98172684537715+0.20282609066935323i,2.98172684537715,7.350451895850906
0.076225,3.0E9,2.9827982880603616+0.18296102198870062i,2.9827982880603616,8.151458315106522
0.076225,3.0E9,2.9828800874967287+0.18369800657120947i,2.9828800874967287,8.118977835343118
0.076225,3.0E9,2.9830296182605305+0.1789075004381293i,2.9830296182605305,8.336793066124516
0.076225,3.0E9,2.9840493451806642+0.17989589264827086i,2.9840493451806642,8.293822891818388
0.076225,3.0E9,2.985813349369509+0.20540699810905308i,2.985813349369509,7.2680419286014395
0.076225,3.0E9,2.987452398857676+0.18541125606911332i,2.987452398857676,8.056286501139075
0.076225,3.0E9,2.990557714451091+0.1860768624334345i,2.990557714451091,8.035812930586431
0.076225,3.0E9,2.993899235193122+0.2229322625222738i,2.993899235193122,6.71481821724658
0.076225,3.0E9,3.0027109876916245+0.18778365777528716i,3.0027109876916245,7.995133930357356
0.076225,3.0E9,3.003628104507936+0.18779010459110596i,3.003628104507936,7.997301324923467
0.076225,3.0E9,3.004337214199187+0.1890617778776829i,3.004337214199187,7.945384963381916
0.076225,3.0E9,3.0050819070241204+0.1369866369382802i,3.0050819070241204,10.96852209160398
0.076225,3.0E9,3.0050962370897305+0.13573073834610727i,3.0050962370897305,11.070065166178017
0.076225,3.0E9,3.005865299608449+0.1898812664805423i,3.005865299608449,7.9151181033345095
0.076225,3.0E9,3.006095765085514+0.20647651596812955i,3.006095765085514,7.279510095834619
0.076225,3.0E9,3.006232413436936+0.1373611730244973i,3.006232413436936,10.942802639363007
0.076225,3.0E9,3.006491804543276+0.1359169196999755i,3.006491804543276,11.060035097837115
0.076225,3.0E9,3.0107272469503608+0.21778188650700728i,3.0107272469503608,6.912253574526477
0.076225,3.0E9,3.0131802111757473+0.21995081337164793i,3.0131802111757473,6.849668262159179
0.076225,3.0E9,3.0143753194077427+0.2053420319035841i,3.0143753194077427,7.339888700485604
0.076225,3.0E9,3.0160217890975574+0.1500611559824632i,3.0160217890975574,10.04930879464244
0.076225,3.0E9,3.0160831196396276+0.2191208347975943i,3.0160831196396276,6.882237196717591
0.076225,3.0E9,3.0176440690718302+0.15285720653314291i,3.0176440690718302,9.870794244880882
0.076225,3.0E9,3.0184888484584427+0.006086157915801501i,3.0184888484584427,247.97983310797244
0.076225,3.0E9,3.0195841134925643+0.04982568352600622i,3.0195841134925643,30.30148208520321
0.076225,3.0E9,3.020744653888191+0.1512071309636266i,3.020744653888191,9.988763871906416
0.076225,3.0E9,3.0218404085240804+0.15415067565936438i,3.0218404085240804,9.801580160445145
0.076225,3.0E9,3.0230511975499854+0.006250075734970095i,3.0230511975499854,241.84116527065174
0.076225,3.0E9,3.0239051417009484+0.12766064377205977i,3.0239051417009484,11.84352926772084
0.076225,3.0E9,3.0239172362042823+0.12553596977451165i,3.0239172362042823,12.044027069037895
0.076225,3.0E9,3.024853201687969+0.04947481199121333i,3.024853201687969,30.569628058669327
0.076225,3.0E9,3.026483773299707+0.12682197139397808i,3.026483773299707,11.93201674770455
0.076225,3.0E9,3.0267369742554573+0.12450470808885286i,3.0267369742554573,12.15511052038058
0.076225,3.0E9,3.032437026757086+0.17142650911078713i,3.032437026757086,8.844714398277004
0.076225,3.0E9,3.0335356963136557+0.19942357386958984i,3.0335356963136557,7.605760034912904
0.076225,3.0E9,3.0341533941041634+0.1721508145542432i,3.0341533941041634,8.812486313122058
0.076225,3.0E9,3.0385160900918837+0.2010958767007834i,3.0385160900918837,7.554894063325285
0.076225,3.0E9,3.038912260493706+0.21239413754321185i,3.038912260493706,7.153945715369463
0.076225,3.0E9,3.042359246603387+0.2168493292303509i,3.042359246603387,7.0149150504671445
0.076225,3.0E9,3.0426632277360985+0.2144842255263212i,3.0426632277360985,7.0929766985654314
0.076225,3.0E9,3.043356179300837+0.14110523136424485i,3.043356179300837,10.783994859286288
0.076225,3.0E9,3.043546732811708+0.2134332044268553i,3.043546732811708,7.1299747876267014
0.076225,3.0E9,3.0439291586565695+0.20978593374268176i,3.0439291586565695,7.25484569997476
0.076225,3.0E9,3.044624556060229+0.1398526857348756i,3.044624556060229,10.885112931731776
0.076225,3.0E9,3.045340367348764+0.14580169169256993i,3.045340367348764,10.443432898467373
0.076225,3.0E9,3.0458845238053254+0.2027225062973758i,3.0458845238053254,7.5124478762542655
0.076225,3.0E9,3.046584283762002+0.1445647779707133i,3.046584283762002,10.537090453593045
0.076225,3.0E9,3.04684400802967+0.1742386570614017i,3.04684400802967,8.743306621549438
0.076225,3.0E9,3.047937002263568+0.17508152089465953i,3.047937002263568,8.704336661826824
0.076225,3.0E9,3.048680949826501+0.15529877933458927i,3.048680949826501,9.815534168681893
0.076225,3.0E9,3.0486820894780347+0.161722183327907i,3.0486820894780347,9.42567688223867
0.076225,3.0E9,3.0490583694695355+0.2057086347059873i,3.0490583694695355,7.411109343629295
0.076225,3.0E9,3.0491028179200077+0.15470460802927694i,3.0491028179200077,9.85459598379572
0.076225,3.0E9,3.0492666572846354+0.2067170287665488i,3.0492666572846354,7.3754607336395495
0.076225,3.0E9,3.049324023731058+0.1788270421022922i,3.049324023731058,8.525902983920048
0.076225,3.0E9,3.0494916144991295+0.1540018925865808i,3.0494916144991295,9.900825123901273
0.076225,3.0E9,3.0497004793988722+0.19799496071128514i,3.0497004793988722,7.701459846359231
0.076225,3.0E9,3.050112177994647+0.20262205097812216i,3.050112177994647,7.526604738405245
0.076225,3.0E9,3.0501463472379675+0.15373702250161358i,3.0501463472379675,9.920012426434086
0.076225,3.0E9,3.050860398201547+0.1981671886975464i,3.050860398201547,7.697693089994673
0.076225,3.0E9,3.0510992221482556+0.20960617886452695i,3.0510992221482556,7.278170993518869
0.076225,3.0E9,3.051159380060474+0.1885857885602961i,3.051159380060474,8.089579292675424
0.076225,3.0E9,3.0512112500374475+0.1657764577887495i,3.0512112500374475,9.202788172508894
0.076225,3.0E9,3.051272851893516+0.17915564791137917i,3.051272851893516,8.515703767828894
0.076225,3.0E9,3.0546528065170797+0.18399954265402976i,3.0546528065170797,8.300707606270182
0.076225,3.0E9,3.054864104597481+0.19569116725145233i,3.054864104597481,7.805319339406232
0.076225,3.0E9,3.055740925577986+0.1908929513836885i,3.055740925577986,8.00380764042997
0.076225,3.0E9,3.0557684566591767+0.18261948493538713i,3.0557684566591767,8.36649073273956
0.076225,3.0E9,3.0559920887390937+0.18190362225035525i,3.0559920887390937,8.40003088155416
0.076225,3.0E9,3.056304999583621+0.1815076189792099i,3.056304999583621,8.419219580897302
0.076225,3.0E9,3.056455001222375+0.19363756048081673i,3.056455001222375,7.8922059171603
0.076225,3.0E9,3.0568475059300897+0.19860389627877628i,3.0568475059300897,7.6958397171605695
0.076225,3.0E9,3.056976655059622+0.16516437946122262i,3.056976655059622,9.254346079438214
0.076225,3.0E9,3.0569833699069155+0.1837192479663573i,3.0569833699069155,8.319714465810112
0.076225,3.0E9,3.05704861574061+6.370791206722034E-5i,3.05704861574061,23992.69193216548
0.076225,3.0E9,3.05778025828623+0.16706718854469277i,3.05778025828623,9.151348882214032
0.076225,3.0E9,3.057810201162274+0.19274382202656068i,3.057810201162274,7.932317023216699
0.076225,3.0E9,3.0585156027409877+0.1946495763344716i,3.0585156027409877,7.856466118080467
0.076225,3.0E9,3.0591995103845924+0.16558094788560698i,3.0591995103845924,9.237776294462531
0.076225,3.0E9,3.0598470981478068+0.16756113242517748i,3.0598470981478068,9.130539564460593
0.076225,3.0E9,3.061140020394524+0.19244005640138584i,3.061140020394524,7.953489719442006
0.076225,3.0E9,3.0622056092970444+0.19883500578086868i,3.0622056092970444,7.700368446871544
0.076225,3.0E9,3.062495694412957+6.11218228599346E-5i,3.062495694412957,25052.391691842236
0.076225,3.0E9,3.065193956139318+0.1645290870528389i,3.065193956139318,9.315051858140208
0.076225,3.0E9,3.0674476219570277+0.168610206971967i,3.0674476219570277,9.096269072450102
0.076225,3.0E9,3.071959250733722+0.21102473898565466i,3.071959250733722,7.2786708930429045
0.076225,3.0E9,3.0736364966179455+0.20606824449224775i,3.0736364966179455,7.457812105381369
0.076225,3.0E9,3.0748096306998502+0.20166382901529586i,3.0748096306998502,7.623602223844096
0.076225,3.0E9,3.077501368320734+0.20519332573457041i,3.077501368320734,7.499028921393044
0.076225,3.0E9,3.0804253931909917+0.17691714094472785i,3.0804253931909917,8.705842115528458
0.076225,3.0E9,3.0853907563330694+0.1765137927793925i,3.0853907563330694,8.739800748005004
0.076225,3.0E9,3.0893002691180467+0.19025247339405604i,3.0893002691180467,8.118949031268059
0.076225,3.0E9,3.089433599269119+0.18944665219738493i,3.089433599269119,8.153835297258857
0.076225,3.0E9,3.089550172592739+0.15641083365881056i,3.089550172592739,9.876394429724037
0.076225,3.0E9,3.090008429905054+0.18958097399292045i,3.090008429905054,8.149574202579117
0.076225,3.0E9,3.0903216336809685+0.17890766046309386i,3.0903216336809685,8.636638659523634
0.076225,3.0E9,3.0918089969379636+0.15730066270387524i,3.0918089969379636,9.827704930774567
0.076225,3.0E9,3.091985429740154+0.18921801677108674i,3.091985429740154,8.17043081442079
0.076225,3.0E9,3.0922849657921985+0.16214700412295835i,3.0922849657921985,9.535436632080096
0.076225,3.0E9,3.0945646282772317+0.178735175428622i,3.0945646282772317,8.656842786698828
0.076225,3.0E9,3.0952808624281674+0.1624480059233726i,3.0952808624281674,9.526989404499753
0.076225,3.0E9,3.0953248106059803+0.1760402628981438i,3.0953248106059803,8.791525187612685
0.076225,3.0E9,3.0957238647320384+0.18015768532593732i,3.0957238647320384,8.591706368594053
0.076225,3.0E9,3.0963587857509838+0.04055592685749815i,3.0963587857509838,38.173936902375544
0.076225,3.0E9,3.0977797321300216+0.17946456279543987i,3.0977797321300216,8.630616774357236
0.076225,3.0E9,3.098201662826314+0.17449059825433683i,3.098201662826314,8.877846983796763
0.076225,3.0E9,3.0994080440770064+0.04118913863788178i,3.0994080440770064,37.62409395503201
0.076225,3.0E9,3.101467131804814+0.18923204736445098i,3.101467131804814,8.194878127148177
0.076225,3.0E9,3.10506490508696+0.1921338507987985i,3.10506490508696,8.080473305920899
0.076225,3.0E9,3.106687639565462+0.007197632246763444i,3.106687639565462,215.81316834869165
0.076225,3.0E9,3.1079538711493924+0.007362937541238942i,3.1079538711493924,211.05393423087665
0.076225,3.0E9,3.113601041959178+0.13601982006902144i,3.113601041959178,11.445394650497343
0.076225,3.0E9,3.1137682906744057+0.13459365824265948i,3.1137682906744057,11.567291993284629
0.076225,3.0E9,3.1154765367489023+0.13597476429941746i,3.1154765367489023,11.456083607869322
0.076225,3.0E9,3.115761015546952+0.1344382839829819i,3.115761015546952,11.588071951072234
0.076225,3.0E9,3.120911679303097+0.1778542864038585i,3.120911679303097,8.77378820158531
0.076225,3.0E9,3.126839035621275+0.17870774860337113i,3.126839035621275,8.748470785564724
0.076225,3.0E9,3.1335160678194702+0.14847889718887214i,3.1335160678194702,10.552058666739322
0.076225,3.0E9,3.1335393702432848+0.1492630839701808i,3.1335393702432848,10.496699139853265
0.076225,3.0E9,3.1350335545919767+0.15280386906938498i,3.1350335545919767,10.258357899198304
0.076225,3.0E9,3.1353033141965074+0.15135121020271583i,3.1353033141965074,10.3577081081716
0.076225,3.0E9,3.135669348980858+0.023868097001573146i,3.135669348980858,65.68746031102073
0.076225,3.0E9,3.1369910020639358+0.1259317643295269i,3.1369910020639358,12.45512210031196
0.076225,3.0E9,3.1375642157860493+0.12547254411020678i,3.1375642157860493,12.50299114454163
0.076225,3.0E9,3.1377319384122635+0.12785999047366722i,3.1377319384122635,12.270186814453423
0.076225,3.0E9,3.1378428184786284+0.12362926372262i,3.1378428184786284,12.690534279646076
0.076225,3.0E9,3.1390341376142006+0.02426492394025971i,3.1390341376142006,64.68254640613151
0.076225,3.0E9,3.1523472349469945+0.1525579426477179i,3.1523472349469945,10.331639179961602
0.076225,3.0E9,3.1526311828432503+0.028048836485409352i,3.1526311828432503,56.198965409549324
0.076225,3.0E9,3.153213828589811+0.15202736243728374i,3.153213828589811,10.370547045077544
0.076225,3.0E9,3.153245015156183+0.1522591589088961i,3.153245015156183,10.354861532641591
0.076225,3.0E9,3.1539429626388062+0.15148517207755643i,3.1539429626388062,10.41007155810626
0.076225,3.0E9,3.161239008234975+0.138407058180038i,3.161239008234975,11.420078751052126
0.076225,3.0E9,3.163687862556284+0.13949561647211633i,3.163687862556284,11.339739350120265
0.076225,3.0E9,3.1638251821132983+0.14351041915558377i,3.1638251821132983,11.022980772857
0.076225,3.0E9,3.1655198474831163+0.14483602408277751i,3.1655198474831163,10.927943747178325
0.076225,3.0E9,3.184751795706911+0.039213175180081224i,3.184751795706911,40.608185655476355
0.076225,3.0E9,3.186444712034042+9.153676348080809E-5i,3.186444712034042,17405.272979211913
0.076225,3.0E9,3.19195621206307+0.041593191596713645i,3.19195621206307,38.371138274410185
0.076225,3.0E9,3.195424806193088+1.0733043851311654E-4i,3.195424806193088,14885.92076236875
0.076225,3.0E9,3.2039096340199147+0.05130305221322746i,3.2039096340199147,31.225331591419927
0.076225,3.5E9,3.307525399367764+0.0028623547518406207i,3.307525399367764,577.7630108987851
0.076225,3.5E9,3.3110117866167115+0.0029128942219333958i,3.3110117866167115,568.3371132541624
0.076225,3.5E9,3.3113856437568696+0.05023249847155522i,3.3113856437568696,32.960590698390035
0.076225,3.5E9,3.315132843544398+0.05074629033432106i,3.315132843544398,32.66379494642868
0.076225,3.5E9,3.3456598091808045+0.05656721521323801i,3.3456598091808045,29.572428097873242
0.076225,3.5E9,3.361221521233793+0.12595487015658097i,3.361221521233793,13.342959732542637
0.076225,3.5E9,3.3619626404967446+0.12328848030565652i,3.3619626404967446,13.634536787872536
0.076225,3.5E9,3.3621131881442508+0.12658235141297894i,3.3621131881442508,13.28033944153577
0.076225,3.5E9,3.362766819002236+0.12395507663604045i,3.362766819002236,13.564457827233909
0.076225,3.5E9,3.3639870770675984+0.1450360952452981i,3.3639870770675984,11.597068548274555
0.076225,3.5E9,3.3715675177099813+0.018113294578731884i,3.3715675177099813,93.0688645032246
0.076225,3.5E9,3.374266863961004+0.018207663410966256i,3.374266863961004,92.66062283227193
0.076225,3.5E9,3.3849271353581027+0.15861763119668987i,3.3849271353581027,10.670084749786447
0.076225,3.5E9,3.387039469992999+0.16088591147775255i,3.387039469992999,10.526215250554621
0.076225,3.5E9,3.3897388940383397+0.15834670182133107i,3.3897388940383397,10.703534885946404
0.076225,3.5E9,3.3922888402796825+0.16167708664888747i,3.3922888402796825,10.490938792231836
0.076225,3.5E9,3.398046406215494+0.1368827098349543i,3.398046406215494,12.412255756452632
0.076225,3.5E9,3.399386618713733+0.13643778900487866i,3.399386618713733,12.45764330947997
0.076225,3.5E9,3.4000760714834826+0.1436298136213067i,3.4000760714834826,11.8362475928852
0.076225,3.5E9,3.401786558855329+0.1432415238582486i,3.401786558855329,11.874303160240487
0.076225,3.5E9,3.4031601634509347+0.1630319760168783i,3.4031601634509347,10.43709414127022
0.076225,3.5E9,3.4071080118165034+5.900730738796486E-5i,3.4071080118165034,28870.221016994055
0.076225,3.5E9,3.4079316884079702+0.03002714051473083i,3.4079316884079702,56.74752290741927
0.076225,3.5E9,3.4099624807611164+0.03164868272069194i,3.4099624807611164,53.87210758272222
0.076225,3.5E9,3.4114250252454625+1.5669154991421628E-4i,3.4114250252454625,10885.797693344379
0.076225,3.5E9,3.4127772939405556+0.16894047259089653i,3.4127772939405556,10.100531985029072
0.076225,3.5E9,3.41433552704358+0.17957339414978984i,3.41433552704358,9.506796770226263
0.076225,3.5E9,3.4184311189579484+0.16075416069131102i,3.4184311189579484,10.632481001602839
0.076225,3.5E9,3.4191503913492673+0.1762996417140144i,3.4191503913492673,9.6969862164997
0.076225,3.5E9,3.42017533025161+0.15554582006236i,3.42017533025161,10.994108774123356
0.076225,3.5E9,3.420634183195418+0.16685572154251932i,3.420634183195418,10.250275362369726
0.076225,3.5E9,3.4235125399324695+0.16230017138298922i,3.4235125399324695,10.546854358686435
0.076225,3.5E9,3.4324248562533786+0.1864666712412771i,3.4324248562533786,9.20385619962084
0.076225,3.5E9,3.4336165173543516+0.1723058757944742i,3.4336165173543516,9.963724398609472
0.076225,3.5E9,3.435720021523282+0.17413468395942203i,3.435720021523282,9.865122626357124
0.076225,3.5E9,3.4376511680045843+0.18732249034134327i,3.4376511680045843,9.175756636964463
0.076225,3.5E9,3.438874112423645+0.0011806539743913394i,3.438874112423645,1456.3429196926566
0.076225,3.5E9,3.4389211701490066+0.16438910429033923i,3.4389211701490066,10.459699214843596
0.076225,3.5E9,3.4389459108334157+0.16672948514183691i,3.4389459108334157,10.312950669486867
0.076225,3.5E9,3.4404151706628103+0.17139957030717773i,3.4404151706628103,10.036242111042023
0.076225,3.5E9,3.4407902339194636+0.17537729122384657i,3.4407902339194636,9.809680061507327
0.076225,3.5E9,3.4415006465698808+0.18185901521827852i,3.4415006465698808,9.46200176669597
0.076225,3.5E9,3.442489749204558+0.03261568434010604i,3.442489749204558,52.773532410164435
0.076225,3.5E9,3.4427743519157+0.13415154648253755i,3.4427743519157,12.831661066105728
0.076225,3.5E9,3.4428948864127777+0.13266129067343777i,3.4428948864127777,12.976260327844582
0.076225,3.5E9,3.4434361542431504+0.1324135861081345i,3.4434361542431504,13.002578721155908
0.076225,3.5E9,3.4436278313926008+0.1309518869736606i,3.4436278313926008,13.148446772993983
0.076225,3.5E9,3.444344977394819+0.1678448370599045i,3.444344977394819,10.260503205605062
0.076225,3.5E9,3.445648860776026+0.1767848387286762i,3.445648860776026,9.74531777033295
0.076225,3.5E9,3.445771543853852+0.16754286085139855i,3.445771543853852,10.283253868125318
0.076225,3.5E9,3.447233663001421+0.19182011405711427i,3.447233663001421,8.98558964982945
0.076225,3.5E9,3.4473241323163384+2.615454682252769E-4i,3.4473241323163384,6590.2960500677755
0.076225,3.5E9,3.447749983197426+0.1683145678808842i,3.447749983197426,10.241983289400682
0.076225,3.5E9,3.4477490789533167+0.16955005920382984i,3.4477490789533167,10.167348496199873
0.076225,3.5E9,3.449080428415553+0.18053079093832144i,3.449080428415553,9.552609863637986
0.076225,3.5E9,3.451526728322724+0.18575690069277i,3.451526728322724,9.290440127528095
0.076225,3.5E9,3.452852367739343+0.1723612520882495i,3.452852367739343,10.01632421993393
0.076225,3.5E9,3.4529456222398354+0.18590936913528547i,3.4529456222398354,9.286636919646424
0.076225,3.5E9,3.4530473799497527+0.1817992895959059i,3.4530473799497527,9.496867087943546
0.076225,3.5E9,3.4533055378095185+4.0072180768823567E-4i,3.4533055378095185,4308.856507874678
0.076225,3.5E9,3.4544670967352538+0.0345866450031067i,3.4544670967352538,49.939320457722346
0.076225,3.5E9,3.455224840419491+0.19016885577956907i,3.455224840419491,9.084623310834228
0.076225,3.5E9,3.4563003853107346+0.1817774290347139i,3.4563003853107346,9.506956951874063
0.076225,3.5E9,3.457945682178861+0.19211564074518112i,3.457945682178861,8.999646433695162
0.076225,3.5E9,3.4604416592031817+0.15462553064199944i,3.4604416592031817,11.189748694266582
0.076225,3.5E9,3.461498334096037+0.14719944367157892i,3.461498334096037,11.75785127904114
0.076225,3.5E9,3.4615816440925795+0.1936075427570664i,3.4615816440925795,8.939686942972259
0.076225,3.5E9,3.4616890775770712+0.1709634154685562i,3.4616890775770712,10.124063876735516
0.076225,3.5E9,3.4619223093917753+0.16663657002341972i,3.4619223093917753,10.387642727239358
0.076225,3.5E9,3.4636350700855134+0.1586896182763097i,3.4636350700855134,10.913237764724617
0.076225,3.5E9,3.4639630197815303+0.18544987826516057i,3.4639630197815303,9.33935102084207
0.076225,3.5E9,3.4652987454119106+0.1923928289626603i,3.4652987454119106,9.005789779421711
0.076225,3.5E9,3.4661681983058212+0.14661388569260833i,3.4661681983058212,11.820736425924256
0.076225,3.5E9,3.4662830149295187+0.17491938113132324i,3.4662830149295187,9.908230273028341
0.076225,3.5E9,3.466937036771466+0.17997075369801824i,3.466937036771466,9.631945650982853
0.076225,3.5E9,3.467059269043146+0.16516957000076915i,3.467059269043146,10.495454062836759
0.076225,3.5E9,3.4674529186458414+0.14570744598944052i,3.4674529186458414,11.898681275688302
0.076225,3.5E9,3.468857695321252+0.1474310308681283i,3.468857695321252,11.76434050177679
0.076225,3.5E9,3.4691676198081542+0.049667030830926155i,3.4691676198081542,34.92425016926932
0.076225,3.5E9,3.4698487533469486+0.19552634324048979i,3.4698487533469486,8.873097854336615
0.076225,3.5E9,3.4703038965870276+0.14579487394595275i,3.4703038965870276,11.901323423323838
0.076225,3.5E9,3.4703107255044556+0.12568434841468556i,3.4703107255044556,13.805659850558483
0.076225,3.5E9,3.4704932482875637+0.16959645864645756i,3.4704932482875637,10.231620624585645
0.076225,3.5E9,3.470813553469319+0.1666629550995754i,3.470813553469319,10.412672544404446
0.076225,3.5E9,3.470898655907798+0.17152585363990963i,3.470898655907798,10.117712817784252
0.076225,3.5E9,3.4711378157939223+0.12324046792351305i,3.4711378157939223,14.082784146633639
0.076225,3.5E9,3.472604145548857+0.1755207303075165i,3.472604145548857,9.892290612809017
0.076225,3.5E9,3.4727810731005517+0.0017036637489708372i,3.4727810731005517,1019.209651904144
0.076225,3.5E9,3.4732379065376855+0.18681187638067387i,3.4732379065376855,9.296084311738653
0.076225,3.5E9,3.476804803980531+0.12644045709617924i,3.476804803980531,13.748782960092576
0.076225,3.5E9,3.476898952331451+0.1943362839756554i,3.476898952331451,8.945573315498313
0.076225,3.5E9,3.4772064853248295+0.12297402136248392i,3.4772064853248295,14.137971771595783
0.076225,3.5E9,3.477357339299632+0.1431158780676269i,3.477357339299632,12.148747526310348
0.076225,3.5E9,3.477908506108295+0.1739306850669418i,3.477908506108295,9.997972769352721
0.076225,3.5E9,3.479907398319634+0.14432054435318456i,3.479907398319634,12.056174725212804
0.076225,3.5E9,3.4809103132837373+0.14834318276499386i,3.4809103132837373,11.732626496217948
0.076225,3.5E9,3.4828386964795337+0.15113361610318618i,3.4828386964795337,11.5223825985267
0.076225,3.5E9,3.4829306116322374+0.17346857798494852i,3.4829306116322374,10.03908215565831
0.076225,3.5E9,3.4829723439087568+0.05629190716586448i,3.4829723439087568,30.9367058185305
0.076225,3.5E9,3.483901160797204+0.19146470488821452i,3.483901160797204,9.098024523191514
0.076225,3.5E9,3.4847686714512855+0.18574277220651153i,3.4847686714512855,9.380630616347398
0.076225,3.5E9,3.484777640887976+0.0010513199089119086i,3.484777640887976,1657.334561700938
0.076225,3.5E9,3.486753087345107+0.18944661474349236i,3.486753087345107,9.202468706200197
0.076225,3.5E9,3.4878292150608288+0.1697716832174067i,3.4878292150608288,10.272117083843643
0.076225,3.5E9,3.4881658369221067+0.0018708189415781074i,3.4881658369221067,932.2563930156986
0.076225,3.5E9,3.489299303865177+0.19472290190285765i,3.489299303865177,8.959653101323182
0.076225,3.5E9,3.49078864281793+0.19854671148431294i,3.49078864281793,8.790849812422442
0.076225,3.5E9,3.492312327957708+0.19248482808578113i,3.492312327957708,9.071656095412763
0.076225,3.5E9,3.492433164444152+0.1985154527740786i,3.492433164444152,8.796376089721166
0.076225,3.5E9,3.4939063591348773+0.19733383862618809i,3.4939063591348773,8.852780606354663
0.076225,3.5E9,3.494646297963621+0.15465558375662433i,3.494646297963621,11.29815753520744
0.076225,3.5E9,3.4952206059894624+0.190949261644626i,3.4952206059894624,9.152223412349159
0.076225,3.5E9,3.4967279576836003+0.15692849256067468i,3.4967279576836003,11.141150662400038
0.076225,3.5E9,3.497479635637853+0.18934975907614882i,3.497479635637853,9.235500622504906
0.076225,3.5E9,3.4980142085457016+0.15792445233417118i,3.4980142085457016,11.074960706983603
0.076225,3.5E9,3.4991815511374846+0.19213223881748207i,3.4991815511374846,9.106180130606731
0.076225,3.5E9,3.5006035476778044+0.0879538635052418i,3.5006035476778044,19.90022614225001
0.076225,3.5E9,3.5006710230477323+0.16053833116862212i,3.5006710230477323,10.902913334046023
0.076225,3.5E9,3.501363940364097+0.19620494202255193i,3.501363940364097,8.922721069792543
0.076225,3.5E9,3.5034627384357515+0.050022044074718025i,3.5034627384357515,35.01918807238887
0.076225,3.5E9,3.504224502070647+0.19401314737269174i,3.504224502070647,9.030894425260696
0.076225,3.5E9,3.5058574319583733+0.0012047629729866672i,3.5058574319583733,1454.9988298806938
0.076225,3.5E9,3.5062679732001882+0.1904847741627407i,3.5062679732001882,9.203538678121873
0.076225,3.5E9,3.5071881076236417+0.17682295357786737i,3.5071881076236417,9.917230870366568
0.076225,3.5E9,3.509089766345401+0.18419124934141962i,3.509089766345401,9.52566905021883
0.076225,3.5E9,3.509623125497974+0.0876557698157828i,3.509623125497974,20.019350311301764
0.076225,3.5E9,3.5099129158426496+0.1818261791525074i,3.5099129158426496,9.651835979291786
0.076225,3.5E9,3.511396015984249+0.0012010312936775243i,3.511396015984249,1461.825363947201
0.076225,3.5E9,3.513414951071543+0.18686959750563145i,3.513414951071543,9.400713112162784
0.076225,3.5E9,3.514378105301587+0.18902864319669332i,3.514378105301587,9.295887770946726
0.076225,3.5E9,3.5148576896876227+0.18030137303614602i,3.5148576896876227,9.747173941329274
0.076225,3.5E9,3.514894551450403+0.04920874852965414i,3.514894551450403,35.714122554165954
0.076225,3.5E9,3.5150329206359996+0.1850156871593423i,3.5150329206359996,9.499283478618556
0.076225,3.5E9,3.5152132780292282+0.13724455689715542i,3.5152132780292282,12.80638503085905
0.076225,3.5E9,3.5153649516531598+0.17772001933372147i,3.5153649516531598,9.890177158522672
0.076225,3.5E9,3.517459783657135+0.145147457710141i,3.517459783657135,12.116849441074915
0.076225,3.5E9,3.518312292740932+0.18608545989198055i,3.518312292740932,9.45348522873107
0.076225,3.5E9,3.5185301289848634+0.13387055047249724i,3.5185301289848634,13.141539033664172
0.076225,3.5E9,3.519815792236808+0.19618284133428182i,3.519815792236808,8.970753426491791
0.076225,3.5E9,3.5202741367898867+0.1899484142116944i,3.5202741367898867,9.266395172077084
0.076225,3.5E9,3.520411385406578+0.1412590464085631i,3.520411385406578,12.46083516387511
0.076225,3.5E9,3.5242473776545435+0.19301488132924421i,3.5242473776545435,9.12947062263788
0.076225,3.5E9,3.5261051348858308+0.18742856178087783i,3.5261051348858308,9.406530950731483
0.076225,3.5E9,3.5294397056918774+0.18181622984375675i,3.5294397056918774,9.706063393583982
0.076225,3.5E9,3.5338482849121626+0.18999233369489635i,3.5338482849121626,9.299975994260578
0.076225,3.5E9,3.5339948340144662+0.19330263711515108i,3.5339948340144662,9.141093175850603
0.076225,3.5E9,3.5358025305160563+0.17619823572034193i,3.5358025305160563,10.033592323046886
0.076225,3.5E9,3.535925544791239+0.15795290066863885i,3.535925544791239,11.192974392439533
0.076225,3.5E9,3.5376882595918278+0.19429184314230286i,3.5376882595918278,9.10405759288814
0.076225,3.5E9,3.5377580979719823+0.18411580249642226i,3.5377580979719823,9.607426548953416
0.076225,3.5E9,3.540350203609344+0.18929630565535574i,3.540350203609344,9.351345213400833
0.076225,3.5E9,3.5417912495077504+0.19043603260577752i,3.5417912495077504,9.29916256142457
0.076225,3.5E9,3.5428923595963497+0.15616676331040955i,3.5428923595963497,11.34329829374197
0.076225,3.5E9,3.543019769348172+0.16373044776111875i,3.543019769348172,10.819672876352865
0.076225,3.5E9,3.543374156678926+0.18085883960955626i,3.543374156678926,9.795966191999442
0.076225,3.5E9,3.5435859641395404+0.15377640019368732i,3.5435859641395404,11.521878388609231
0.076225,3.5E9,3.544495263031517+0.16853266058602i,3.544495263031517,10.515751815424485
0.076225,3.5E9,3.5451123643914864+0.17738307703535733i,3.5451123643914864,9.992814488399162
0.076225,3.5E9,3.5452511463199023+0.1617483436724356i,3.5452511463199023,10.959157496844488
0.076225,3.5E9,3.545440723261153+0.16563255830519763i,3.545440723261153,10.702728858200263
0.076225,3.5E9,3.545627097515796+0.16706056610016065i,3.545627097515796,10.611801397195155
0.076225,3.5E9,3.5461234064512066+0.16256470437590723i,3.5461234064512066,10.906806062438106
0.076225,3.5E9,3.547395128904638+0.17201768769077552i,3.547395128904638,10.311134792375388
0.076225,3.5E9,3.549693373763819+0.16239224520323012i,3.549693373763819,10.929380800547033
0.076225,3.5E9,3.5498882798224742+0.1892546484094151i,3.5498882798224742,9.378602612029352
0.076225,3.5E9,3.5509120844733713+0.18253046894821498i,3.5509120844733713,9.726902321937239
0.076225,3.5E9,3.5512108811694847+0.1319790410580975i,3.5512108811694847,13.45369254352376
0.076225,3.5E9,3.5516189456089866+0.13039116772310638i,3.5516189456089866,13.619093254656123
0.076225,3.5E9,3.5534655904326327+0.16142527159408968i,3.5534655904326327,11.006534340446906
0.076225,3.5E9,3.5539735296537462+0.16881032611037616i,3.5539735296537462,10.526528831328692
0.076225,3.5E9,3.554653637263258+0.13331733246680838i,3.554653637263258,13.331551012499629
0.076225,3.5E9,3.555405506381459+0.13151583523172494i,3.555405506381459,13.517024395263869
0.076225,3.5E9,3.5570497180507843+0.08569652713331483i,3.5570497180507843,20.753756523395733
0.076225,3.5E9,3.5570505491687614+0.16256962261014393i,3.5570505491687614,10.940083676330103
0.076225,3.5E9,3.5579301755701525+0.17659356611910018i,3.5579301755701525,10.073782000558769
0.076225,3.5E9,3.5597761204890914+0.1796055885755114i,3.5597761204890914,9.909981500916544
0.076225,3.5E9,3.5611056889874595+0.1696956750975621i,3.5611056889874595,10.492623594974047
0.076225,3.5E9,3.561745203677336+0.16514841294126478i,3.561745203677336,10.783467852470597
0.076225,3.5E9,3.5621385714427767+0.17116153508081505i,3.5621385714427767,10.405780042113111
0.076225,3.5E9,3.563183173502297+0.17387040052787647i,3.563183173502297,10.246664074748638
0.076225,3.5E9,3.5636962068883626+0.1837980583120246i,3.5636962068883626,9.694596993071759
0.076225,3.5E9,3.565445456982038+0.1757731585593178i,3.565445456982038,10.14217837980881
0.076225,3.5E9,3.567138061630994+0.1772497075534878i,3.567138061630994,10.062465295054313
0.076225,3.5E9,3.5686012629881048+0.17581792155748666i,3.5686012629881048,10.148570837874708
0.076225,3.5E9,3.569516491128133+0.17105045174470376i,3.569516491128133,10.434104250293675
0.076225,3.5E9,3.5698309434725943+0.18374492954932772i,3.5698309434725943,9.714093750038002
0.076225,3.5E9,3.570446671714329+0.07842855383484414i,3.570446671714329,22.762415581658065
0.076225,3.5E9,3.5710601200635903+0.14518463063506432i,3.5710601200635903,12.298340755640304
0.076225,3.5E9,3.573322267854267+0.1439940925790996i,3.573322267854267,12.407878003367916
0.076225,3.5E9,3.5736332947195497+0.16684411087081186i,3.5736332947195497,10.709497854217432
0.076225,3.5E9,3.574550525996987+0.10060795378062157i,3.574550525996987,17.764751153727833
0.076225,3.5E9,3.5757457968096173+0.1796398291146211i,3.5757457968096173,9.952541745427945
0.076225,3.5E9,3.575780251299655+0.14606773738186535i,3.575780251299655,12.240143906492785
0.076225,3.5E9,3.5763884087187234+0.14469850057464612i,3.5763884087187234,12.3580700370622
0.076225,3.5E9,3.577084484563022+0.17179111202593614i,3.577084484563022,10.411145379927955
0.076225,3.5E9,3.578793688514837+0.18283203578994728i,3.578793688514837,9.787107803761629
0.076225,3.5E9,3.5796272087735463+0.16122420677754276i,3.5796272087735463,11.101395008606609
0.076225,3.5E9,3.5801941225397393+0.15045888378555566i,3.5801941225397393,11.897583022224456
0.076225,3.5E9,3.580538957764225+0.177971922395047i,3.580538957764225,10.059280445980821
0.076225,3.5E9,3.583042710567223+0.16469248652374704i,3.583042710567223,10.87797866859756
0.076225,3.5E9,3.5845516310031433+0.12851965509247226i,3.5845516310031433,13.945538635409473
0.076225,3.5E9,3.585608143494136+0.12473597507354031i,3.585608143494136,14.372790774193959
0.076225,3.5E9,3.585927700558021+0.15020570588728385i,3.585927700558021,11.936722641045819
0.076225,3.5E9,3.586559680474468+0.14715477989719242i,3.586559680474468,12.186351279177495
0.076225,3.5E9,3.5880679745062523+0.12402856787113123i,3.5880679745062523,14.46468356481526
0.076225,3.5E9,3.589030409166036+0.15711103806034332i,3.589030409166036,11.421954986343982
0.076225,3.5E9,3.5892846181703946+0.12197140065434275i,3.5892846181703946,14.713632043720404
0.076225,3.5E9,3.591577325734368+0.15909898105567552i,3.591577325734368,11.287241759510458
0.076225,3.5E9,3.591781094775753+0.14343529531675897i,3.591781094775753,12.520562274591315
0.076225,3.5E9,3.591887819935509+0.13599005620788018i,3.591887819935509,13.206435529539002
0.076225,3.5E9,3.5929601316790056+0.17205490253945946i,3.5929601316790056,10.441318668193686
0.076225,3.5E9,3.5938788358416103+0.07898454727342626i,3.5938788358416103,22.75051867677631
0.076225,3.5E9,3.5952181988468457+0.14967998556736764i,3.5952181988468457,12.009682474310226
0.076225,3.5E9,3.595425185222931+0.14120890464073818i,3.595425185222931,12.730872724954436
0.076225,3.5E9,3.5971568349640974+0.14758016851910036i,3.5971568349640974,12.187128091328006
0.076225,3.5E9,3.6014223602295576+0.17090409806087334i,3.6014223602295576,10.536383858234892
0.076225,3.5E9,3.605013017844405+0.012663813302089882i,3.605013017844405,142.33520867089368
0.076225,3.5E9,3.6061054688967618+0.15602767487221297i,3.6061054688967618,11.555980283145827
0.076225,3.5E9,3.6085673609489586+0.15159332934765393i,3.6085673609489586,11.902131104572925
0.076225,3.5E9,3.6113453531336464+0.15668096456823025i,3.6113453531336464,11.52451851150369
0.076225,3.5E9,3.611352766602165+0.15938361423076647i,3.611352766602165,11.329121829843192
0.076225,3.5E9,3.6157824743582516+0.1568204070452253i,3.6157824743582516,11.528418215734828
0.076225,3.5E9,3.6168932722360743+0.012340819796530443i,3.6168932722360743,146.54185588436133
0.076225,3.5E9,3.625010466894393+3.861231326193928E-4i,3.625010466894393,4694.112008134487
0.076225,3.5E9,3.627176908698668+0.140113044052916i,3.627176908698668,12.943751715681818
0.076225,3.5E9,3.6315365839771436+3.418087343726023E-4i,3.6315365839771436,5312.2349120816225
0.076225,3.5E9,3.632678719309602+0.04308069375263854i,3.632678719309602,42.1613303184923
0.076225,3.5E9,3.634477843088798+0.13541981770815806i,3.634477843088798,13.41929824082848
0.076225,3.5E9,3.6353086352915556+0.13273347424046253i,3.6353086352915556,13.694015982380451
0.076225,3.5E9,3.635843597190294+0.14440369955056911i,3.635843597190294,12.589163603516432
0.076225,3.5E9,3.639178347970721+0.14130272268020228i,3.639178347970721,12.8772407174593
0.076225,3.5E9,3.6474283711626416+5.020080661013856E-4i,3.6474283711626416,3632.83841182943
0.076225,3.5E9,3.6510966477715985+0.03418241628756181i,3.6510966477715985,53.40606434981819
0.076225,3.5E9,3.6511634286246353+4.668090719774931E-4i,3.6511634286246353,3910.7674291307194
0.076225,3.5E9,3.6550603474944583+0.03447170595964633i,3.6550603474944583,53.01536790452418
0.076225,3.5E9,3.6578248249352057+0.04142987113637233i,3.6578248249352057,44.144776758959175
0.076225,3.5E9,3.6779470372325163+6.437161143837955E-4i,3.6779470372325163,2856.8082692424687
0.076225,3.5E9,3.692038871201181+0.024751630155254438i,3.692038871201181,74.5817315474353
0.076225,3.5E9,3.6936329647115707+0.0016033696125316436i,3.6936329647115707,1151.8345289329457
0.076225,3.5E9,3.6975976042654017+0.0249617277067366i,3.6975976042654017,74.06533809892304
0.076225,4.0E9,3.8399590387427924+0.006777993608021304i,3.8399590387427924,283.266646504244
0.076225,4.0E9,3.844099627825919+5.498323438954049E-4i,3.844099627825919,3495.701617507232
0.076225,4.0E9,3.8475077315203317+0.0031279261838390564i,3.8475077315203317,615.025340335573
0.076225,4.0E9,3.8478465521856955+4.909724691624079E-4i,3.8478465521856955,3918.5970638537706
0.076225,4.0E9,3.8542259176826366+0.0016598497410110324i,3.8542259176826366,1161.0165132582981
0.076225,4.0E9,3.8542615978356776+0.03376559461351431i,3.8542615978356776,57.07380015000611
0.076225,4.0E9,3.860865106782432+0.0057078522468535856i,3.860865106782432,338.20646889648447
0.076225,4.0E9,3.8649159450531347+0.03308595360708041i,3.8649159450531347,58.40720190434591
0.076225,4.0E9,3.886824568083762+0.0015660521293912714i,3.886824568083762,1240.9627033279476
0.076225,4.0E9,3.8901966462821655+0.12904658465984492i,3.8901966462821655,15.072838450302156
0.076225,4.0E9,3.89038392311252+0.13860920758666043i,3.89038392311252,14.033641743028497
0.076225,4.0E9,3.891666195780252+0.12772800933165834i,3.891666195780252,15.234192625969602
0.076225,4.0E9,3.892470277212246+0.13780360887380005i,3.892470277212246,14.12325231909185
0.076225,4.0E9,3.8939141418142755+0.1413964468719226i,3.8939141418142755,13.769490775611205
0.076225,4.0E9,3.8980999394699856+0.032640820511319696i,3.8980999394699856,59.712039685370975
0.076225,4.0E9,3.899340487102959+0.033019564094291395i,3.899340487102959,59.045911023657304
0.076225,4.0E9,3.900221131786119+0.0012333266583371186i,3.900221131786119,1581.1792866963349
0.076225,4.0E9,3.910138647780714+0.0018496850667316903i,3.910138647780714,1056.9741622798933
0.076225,4.0E9,3.918849655513369+0.14686079270678576i,3.918849655513369,13.342055368506456
0.076225,4.0E9,3.9188737737111037+0.12945368531794232i,3.9188737737111037,15.136200117000248
0.076225,4.0E9,3.9194889649197338+0.13831569461518717i,3.9194889649197338,14.168634209676199
0.076225,4.0E9,3.919970123013928+0.12616130635077652i,3.919970123013928,15.535548245334892
0.076225,4.0E9,3.920434394356451+0.0021858646476263263i,3.920434394356451,896.7697058950399
0.076225,4.0E9,3.9205080644188426+0.12291522300052024i,3.9205080644188426,15.948016725325589
0.076225,4.0E9,3.925412035979314+0.15055968641828169i,3.925412035979314,13.036066059123616
0.076225,4.0E9,3.9256957064412896+0.1311968814488543i,3.9256957064412896,14.961086205283317
0.076225,4.0E9,3.9268810607507376+0.1620255380243884i,3.9268810607507376,12.118092951987776
0.076225,4.0E9,3.9270727194378674+0.12605422728597804i,3.9270727194378674,15.576917982006881
0.076225,4.0E9,3.927167497224458+0.15965872926942729i,3.927167497224458,12.298630695592236
0.076225,4.0E9,3.930229010256392+0.12332787516003023i,3.930229010256392,15.934066021799724
0.076225,4.0E9,3.9325630080622527+0.13743323676062916i,3.9325630080622527,14.307175981424692
0.076225,4.0E9,3.933415942834079+0.014210666961085704i,3.933415942834079,138.3965986116377
0.076225,4.0E9,3.934906307232097+0.01223915986754234i,3.934906307232097,160.75067038168518
0.076225,4.0E9,3.9350500906661825+0.15287701163145528i,3.9350500906661825,12.8699863003357
0.076225,4.0E9,3.935446071560987+0.15120273538086498i,3.935446071560987,13.013805807308914
0.076225,4.0E9,3.9363831224685604+0.14329587576949443i,3.9363831224685604,13.73515846611183
0.076225,4.0E9,3.9402183724032027+0.13807033879070366i,3.9402183724032027,14.268880655011834
0.076225,4.0E9,3.9410416530405183+0.16035596973717478i,3.9410416530405183,12.288415764938248
0.076225,4.0E9,3.9414040697364356+0.14929094128064815i,3.9414040697364356,13.200412683871733
0.076225,4.0E9,3.9414705081354904+0.14482267999530157i,3.9414705081354904,13.60791869154528
0.076225,4.0E9,3.9417306850069664+0.15351659427355732i,3.9417306850069664,12.838125753307946
0.076225,4.0E9,3.941759504858622+0.1648363365792871i,3.941759504858622,11.956585503714516
0.076225,4.0E9,3.9432973536021536+0.053795508393517655i,3.9432973536021536,36.65080479170004
0.076225,4.0E9,3.9443955585121464+0.0557506920924497i,3.9443955585121464,35.375305762763205
0.076225,4.0E9,3.9445599793157946+0.15344673051479907i,3.9445599793157946,12.853190048696947
0.076225,4.0E9,3.9447223500905846+0.1457881241085824i,3.9447223500905846,13.528956402349245
0.076225,4.0E9,3.945356781258123+0.16020143346129198i,3.945356781258123,12.313737449207668
0.076225,4.0E9,3.9465838845849865+0.15150392241832067i,3.9465838845849865,13.024692105620838
0.076225,4.0E9,3.9487332127666543+0.021933796404833433i,3.9487332127666543,90.01481412256778
0.076225,4.0E9,3.949186256218291+0.14948064147350168i,3.949186256218291,13.209691292763017
0.076225,4.0E9,3.9494905505996813+0.16647584626405754i,3.9494905505996813,11.86205278192475
0.076225,4.0E9,3.951765959697694+0.1504662390021999i,3.951765959697694,13.131736347978753
0.076225,4.0E9,3.952631215822655+0.1459220436312664i,3.952631215822655,13.543639869143572
0.076225,4.0E9,3.952948622044781+0.1574631196366013i,3.952948622044781,12.551982429814451
0.076225,4.0E9,3.953132395282113+0.16944654420906904i,3.953132395282113,11.664836287261782
0.076225,4.0E9,3.9531648551576595+0.16137220569830937i,3.9531648551576595,12.248592742631995
0.076225,4.0E9,3.9536281590651767+0.05412355132356835i,3.9536281590651767,36.52410145288776
0.076225,4.0E9,3.954380939047421+0.1433013714357162i,3.954380939047421,13.797428801375165
0.076225,4.0E9,3.9552026333430708+0.15312960865400882i,3.9552026333430708,12.914558680417311
0.076225,4.0E9,3.9555269238727404+0.136398066676264i,3.9555269238727404,14.499937646700829
0.076225,4.0E9,3.955766425413048+0.022080694191542138i,3.955766425413048,89.57522782341412
0.076225,4.0E9,3.957212266399454+0.15604679459487095i,3.957212266399454,12.679569217276068
0.076225,4.0E9,3.9579038805009716+0.13115213486614993i,3.9579038805009716,15.088980002271002
0.076225,4.0E9,3.9579265427983845+0.16730085266835992i,3.9579265427983845,11.828769787097777
0.076225,4.0E9,3.958342273611499+0.17391710825403983i,3.958342273611499,11.379968058776507
0.076225,4.0E9,3.959299631925717+0.14686140759825786i,3.959299631925717,13.479714298927517
0.076225,4.0E9,3.9605882549425986+0.15881374437495907i,3.9605882549425986,12.469286806788126
0.076225,4.0E9,3.9616925004085086+0.02181298481129435i,3.9616925004085086,90.81041715935223
0.076225,4.0E9,3.9619670249793866+0.1576151206970636i,3.9619670249793866,12.568486473433886
0.076225,4.0E9,3.962177979940316+0.16878705616674086i,3.962177979940316,11.737209208821591
0.076225,4.0E9,3.962511227748395+0.16312011772816265i,3.962511227748395,12.145991809397364
0.076225,4.0E9,3.963431530373399+0.0015678844756792096i,3.963431530373399,1263.9424625517884
0.076225,4.0E9,3.9646314195865573+0.16593434456652023i,3.9646314195865573,11.946385873110207
0.076225,4.0E9,3.9670170363382735+0.14875343344464256i,3.9670170363382735,13.334203266691548
0.076225,4.0E9,3.967583973913473+0.16759244515100585i,3.967583973913473,11.837001275142683
0.076225,4.0E9,3.96904269229583+0.15254492931011904i,3.96904269229583,13.009421913418345
0.076225,4.0E9,3.9697110642206677+0.053645199862434295i,3.9697110642206677,36.999685660603774
0.076225,4.0E9,3.9705629205847015+0.1707828332703225i,3.9705629205847015,11.624596115875187
0.076225,4.0E9,3.970803278315415+0.13585032803004723i,3.970803278315415,14.614625286135327
0.076225,4.0E9,3.971324660183726+0.17563913898747524i,3.971324660183726,11.305352221257815
0.076225,4.0E9,3.973058477930948+0.16504931930681538i,3.973058477930948,12.035973533902629
0.076225,4.0E9,3.976054046872134+0.15386943995646876i,3.976054046872134,12.920220051483259
0.076225,4.0E9,3.978357869911384+0.12019556055811009i,3.978357869911384,16.549520845189605
0.076225,4.0E9,3.979131846525857+0.16378761232524144i,3.979131846525857,12.147230764388613
0.076225,4.0E9,3.979492948224632+0.02587867087313505i,3.979492948224632,76.88750646687558
0.076225,4.0E9,3.981073046812948+0.1559642096373939i,3.981073046812948,12.762777614392014
0.076225,4.0E9,3.981525783324033+0.17401343276103134i,3.981525783324033,11.440282856760177
0.076225,4.0E9,3.9823323908578123+0.13277526678750884i,3.9823323908578123,14.99651436299151
0.076225,4.0E9,3.9827431138273135+0.16901651779840532i,3.9827431138273135,11.782112084978984
0.076225,4.0E9,3.9851011745704126+0.14349663877473937i,3.9851011745704126,13.88569519327283
0.076225,4.0E9,3.985117045871917+0.12962663041965342i,3.985117045871917,15.37152139560557
0.076225,4.0E9,3.9858224446652795+0.0016687072405006515i,3.9858224446652795,1194.2845179569783
0.076225,4.0E9,3.987408412817521+0.1654664123219686i,3.987408412817521,12.04899640012356
0.076225,4.0E9,3.989226755411408+0.14709295554430074i,3.989226755411408,13.560223671656228
0.076225,4.0E9,3.9898408566832924+0.1618190830898913i,3.9898408566832924,12.328091287190512
0.076225,4.0E9,3.9911620664918646+0.1308017855259847i,3.9911620664918646,15.256527464217955
0.076225,4.0E9,3.9913094848116866+0.13703571609792572i,3.9913094848116866,14.563026335263928
0.076225,4.0E9,3.991398350969193+0.14803943008713497i,3.991398350969193,13.480862323706203
0.076225,4.0E9,3.9915816030986035+0.14391247173564392i,3.9915816030986035,13.868087855619732
0.076225,4.0E9,3.9918764747234534+0.1676266225363059i,3.9918764747234534,11.90704798057618
0.076225,4.0E9,3.993075287663524+0.16343162759213914i,3.993075287663524,12.21634804258532
0.076225,4.0E9,3.993370638343218+0.12997752930738787i,3.993370638343218,15.361773145030218
0.076225,4.0E9,3.9939560032369714+0.15293151450375966i,3.9939560032369714,13.057988787323442
0.076225,4.0E9,3.994176800895939+0.1330596112015794i,3.994176800895939,15.008975168448892
0.076225,4.0E9,3.9958224838858336+0.17414179295282217i,3.9958224838858336,11.47289922806861
0.076225,4.0E9,3.998396401201361+0.12957517721885134i,3.998396401201361,15.42886719131437
0.076225,4.0E9,3.9990789237982103+0.1320080957838549i,3.9990789237982103,15.147097229347784
0.076225,4.0E9,3.9994100701013777+0.17458497339345336i,3.9994100701013777,11.454050117727224
0.076225,4.0E9,3.99986788320745+0.1588244116309932i,3.99986788320745,12.592106723809549
0.076225,4.0E9,4.000804212994403+0.16364467305676014i,4.000804212994403,12.224058804550042
0.076225,4.0E9,4.002376229302773+0.17561009565859487i,4.002376229302773,11.395632507039423
0.076225,4.0E9,4.002993193977985+0.04794795511259789i,4.002993193977985,41.74310650556018
0.076225,4.0E9,4.003202403977245+0.15189936133124873i,4.003202403977245,13.17715350773403
0.076225,4.0E9,4.005019124171988+0.14592325336995587i,4.005019124171988,13.72303259309246
0.076225,4.0E9,4.005721639459039+0.16390511950120962i,4.005721639459039,12.219635517331952
0.076225,4.0E9,4.005939218788339+0.15375742405387308i,4.005939218788339,13.026815594233518
0.076225,4.0E9,4.006019743718623+0.13101122396269835i,4.006019743718623,15.288841759310717
0.076225,4.0E9,4.0068049501799035+0.17253573480919848i,4.0068049501799035,11.611521968509583
0.076225,4.0E9,4.009046239963158+0.1783548260795056i,4.009046239963158,11.238962040130156
0.076225,4.0E9,4.009832768370981+0.13051904819394367i,4.009832768370981,15.361101784977027
0.076225,4.0E9,4.01000104719218+0.16180419110329045i,4.01000104719218,12.391524038559444
0.076225,4.0E9,4.010333304016381+0.04977131533187606i,4.010333304016381,40.28759615127111
0.076225,4.0E9,4.010386703959534+0.16946630512462296i,4.010386703959534,11.832401435230311
0.076225,4.0E9,4.010663803715032+0.15328056993121314i,4.010663803715032,13.082753428940393
0.076225,4.0E9,4.010940805378286+0.14989714779788615i,4.010940805378286,13.378976399158837
0.076225,4.0E9,4.012766989462206+0.14034540368925494i,4.012766989462206,14.296039927132393
0.076225,4.0E9,4.013575622900732+0.16502930078886296i,4.013575622900732,12.160190959166897
0.076225,4.0E9,4.014200295142865+0.13652947429388082i,4.014200295142865,14.700856045568099
0.076225,4.0E9,4.01558996188408+0.052175809548843i,4.01558996188408,38.48133835015048
0.076225,4.0E9,4.015688398949339+0.1589581978092441i,4.015688398949339,12.63127178809714
0.076225,4.0E9,4.016426467550204+0.05561681659430574i,4.016426467550204,36.10802193919006
0.076225,4.0E9,4.017019706956115+0.16402306972511585i,4.017019706956115,12.24528876848905
0.076225,4.0E9,4.017319750976484+0.14217496285811912i,4.017319750976484,14.12808440465532
0.076225,4.0E9,4.02036222795027+0.17115840927469048i,4.02036222795027,11.744565297688732
0.076225,4.0E9,4.020401690859742+0.15849396389221482i,4.020401690859742,12.683138184347044
0.076225,4.0E9,4.02113411710203+0.15013730344914558i,4.02113411710203,13.391522375596901
0.076225,4.0E9,4.021817840473367+0.16708907189820857i,4.021817840473367,12.034951761906598
0.076225,4.0E9,4.02260167495133+0.0433029486502746i,4.02260167495133,46.44720279257266
0.076225,4.0E9,4.022846091760352+0.046602117479758155i,4.022846091760352,43.16162343382459
0.076225,4.0E9,4.023058221002981+0.08288501371219875i,4.023058221002981,24.268912079644622
0.076225,4.0E9,4.024004576228069+0.14522423571650628i,4.024004576228069,13.854452586286529
0.076225,4.0E9,4.024453303561247+0.17331279428451685i,4.024453303561247,11.610375679923987
0.076225,4.0E9,4.0247980147319256+0.16173080116065805i,4.0247980147319256,12.442892713843124
0.076225,4.0E9,4.02597339349325+0.15611648540171538i,4.02597339349325,12.894132810938277
0.076225,4.0E9,4.028216106888408+0.17618607810329734i,4.028216106888408,11.431709446777848
0.076225,4.0E9,4.029213324704397+0.04310109565151024i,4.029213324704397,46.74142575495312
0.076225,4.0E9,4.030431510861087+0.1596810219826618i,4.030431510861087,12.620258377663415
0.076225,4.0E9,4.031424843511846+0.1546410706918351i,4.031424843511846,13.034780558217838
0.076225,4.0E9,4.032348906337747+0.1503967934633239i,4.032348906337747,13.405701057453346
0.076225,4.0E9,4.0334014549741175+0.12289504756660528i,4.0334014549741175,16.409943015759605
0.076225,4.0E9,4.034176762902006+0.14782539098553443i,4.034176762902006,13.645073880767795
0.076225,4.0E9,4.034878233544886+0.12898916711157768i,4.034878233544886,15.640376335071036
0.076225,4.0E9,4.034996952209549+0.17245248070980984i,4.034996952209549,11.698866074879318
0.076225,4.0E9,4.035902800579925+0.15830701266585373i,4.035902800579925,12.747075232537867
0.076225,4.0E9,4.035997260157547+0.16291534019381837i,4.035997260157547,12.386793212216757
0.076225,4.0E9,4.036099004653742+0.13983829711075701i,4.036099004653742,14.431307760623707
0.076225,4.0E9,4.036388192988377+0.12498961912316472i,4.036388192988377,16.14689372327362
0.076225,4.0E9,4.037157950546794+0.12088557673188705i,4.037157950546794,16.69826152834111
0.076225,4.0E9,4.039126234067604+0.17103157985686834i,4.039126234067604,11.808129929711924
0.076225,4.0E9,4.0399638488663205+0.16290629242309757i,4.0399638488663205,12.399655620342132
0.076225,4.0E9,4.040114144838363+0.15647868465534293i,4.040114144838363,12.909471196466932
0.076225,4.0E9,4.04066329925922+0.1648885838567827i,4.04066329925922,12.252707873241302
0.076225,4.0E9,4.040826505243672+0.13816734114524695i,4.040826505243672,14.622943713579156
0.076225,4.0E9,4.044708741645465+0.15240865943327983i,4.044708741645465,13.269287836680052
0.076225,4.0E9,4.049119646073176+0.14012204720571045i,4.049119646073176,14.448545845639634
0.076225,4.0E9,4.049175636627664+0.1562954956226283i,4.049175636627664,12.953590314606064
0.076225,4.0E9,4.049280280732684+0.004502203969524227i,4.049280280732684,449.6997812785228
0.076225,4.0E9,4.049295401584155+0.15290474087060188i,4.049295401584155,13.241235616791428
0.076225,4.0E9,4.0494080166204025+0.1676280401404149i,4.0494080166204025,12.078552052593304
0.076225,4.0E9,4.050761098103359+0.1430269855150058i,4.050761098103359,14.160828054641371
0.076225,4.0E9,4.051133871289957+0.01238074950716237i,4.051133871289957,163.60616410768756
0.076225,4.0E9,4.051337770312227+0.16869261679374156i,4.051337770312227,12.008047083844067
0.076225,4.0E9,4.05170531688973+0.14678629498776163i,4.05170531688973,13.801374703365676
0.076225,4.0E9,4.053958456310632+0.1541285185674643i,4.053958456310632,13.151227605344674
0.076225,4.0E9,4.05397092815227+9.859695696659773E-4i,4.05397092815227,2055.8296385991193
0.076225,4.0E9,4.054602415721436+0.15155258810391617i,4.054602415721436,13.376882791804542
0.076225,4.0E9,4.055007418467363+0.15749749300840696i,4.055007418467363,12.87324433237459
0.076225,4.0E9,4.055484019454428+0.0015981440772346676i,4.055484019454428,1268.810515029344
0.076225,4.0E9,4.056136210755488+0.12842439911358594i,4.056136210755488,15.79192209094164
0.076225,4.0E9,4.056585657678436+0.1627519032915678i,4.056585657678436,12.462483005225195
0.076225,4.0E9,4.057106844593933+0.14913786676731924i,4.057106844593933,13.601866958858
0.076225,4.0E9,4.057168876392699+0.13514868215242362i,4.057168876392699,15.010020119237769
0.076225,4.0E9,4.057979920496679+0.1456561370447797i,4.057979920496679,13.92999980237399
0.076225,4.0E9,4.058594955557026+0.1633513817463352i,4.058594955557026,12.422897535876155
0.076225,4.0E9,4.060348606914402+0.14991029049674157i,4.060348606914402,13.54259468599541
0.076225,4.0E9,4.0612909335556+0.15463871759486997i,4.0612909335556,13.131546215339053
0.076225,4.0E9,4.062184973067537+0.14835585800998663i,4.062184973067537,13.690679382522562
0.076225,4.0E9,4.062295722566341+7.417968072799379E-4i,4.062295722566341,2738.14586602374
0.076225,4.0E9,4.062892764398506+0.13912811714976417i,4.062892764398506,14.601264099711113
0.076225,4.0E9,4.063455102954522+0.15829177518235868i,4.063455102954522,12.835332405215787
0.076225,4.0E9,4.064089344935814+0.1374634483608584i,4.064089344935814,14.78243632542624
0.076225,4.0E9,4.065300004825646+0.14585793311225975i,4.065300004825646,13.935820692374623
0.076225,4.0E9,4.067261343887076+0.1549946569400277i,4.067261343887076,13.12065017009208
0.076225,4.0E9,4.068050861564969+0.15832353144102063i,4.068050861564969,12.84727173698882
0.076225,4.0E9,4.0696388880741585+0.0111217292277778i,4.0696388880741585,182.95890884979318
0.076225,4.0E9,4.072351429289827+0.1489697636864363i,4.072351429289827,13.668382524461958
0.076225,4.0E9,4.073497117698651+0.16011379644803633i,4.073497117698651,12.720631226243746
0.076225,4.0E9,4.073500534633102+0.15355350688245184i,4.073500534633102,13.264107793224957
0.076225,4.0E9,4.074307648226098+0.0025555073645817557i,4.074307648226098,797.1621809223225
0.076225,4.0E9,4.0744490250715995+0.14616073741718022i,4.0744490250715995,13.93824736065089
0.076225,4.0E9,4.076992882779222+0.1419573044488319i,4.076992882779222,14.35992638282577
0.076225,4.0E9,4.077791579018742+0.009292941509001763i,4.077791579018742,219.40262806285398
0.076225,4.0E9,4.0783382149865+0.14283720388604626i,4.0783382149865,14.276176318321616
0.076225,4.0E9,4.086420208779612+0.13766216683705432i,4.086420208779612,14.842205025061668
0.076225,4.0E9,4.088152405728851+0.13367219030289026i,4.088152405728851,15.29170875582061
0.076225,4.0E9,4.088755753930444+0.0078081383044102705i,4.088755753930444,261.8265452355648
0.076225,4.0E9,4.089004289693357+0.130912710632225i,4.089004289693357,15.617292889078804
0.076225,4.0E9,4.089783768200893+0.05984566981659464i,4.089783768200893,34.16942095171298
0.076225,4.0E9,4.095987747961032+0.1456431384165316i,4.095987747961032,14.061725778823599
0.076225,4.0E9,4.096713599739992+0.07311174680503087i,4.096713599739992,28.016794692820103
0.076225,4.0E9,4.097376929759119+0.1349258978908237i,4.097376929759119,15.183804569062579
0.076225,4.0E9,4.097634974355272+0.14697966701424867i,4.097634974355272,13.93946202762194
0.076225,4.0E9,4.099244024001293+0.13716463480806734i,4.099244024001293,14.942787657100213
0.076225,4.0E9,4.099500324022477+0.12467666651573989i,4.099500324022477,16.44052748035629
0.076225,4.0E9,4.099889306832038+0.0011872921836287027i,4.099889306832038,1726.571337436759
0.076225,4.0E9,4.100179177079197+0.13478950518244495i,4.100179177079197,15.209563873423905
0.076225,4.0E9,4.100238937641352+0.131013635758411i,4.100238937641352,15.648138126638164
0.076225,4.0E9,4.101258723030778+0.12445470864502839i,4.101258723030778,16.47691263626051
0.076225,4.0E9,4.104714260377629+0.12729211985771122i,4.104714260377629,16.123206467792084
0.076225,4.0E9,4.104902699183787+0.13120347338287344i,4.104902699183787,15.643269927789953
0.076225,4.0E9,4.104954313546592+0.14177161482648304i,4.104954313546592,14.47734907502719
0.076225,4.0E9,4.105389884673693+0.14017136299795546i,4.105389884673693,14.644181938694478
0.076225,4.0E9,4.105635371096073+0.12978528827090127i,4.105635371096073,15.817029132479048
0.076225,4.0E9,4.107446746885665+0.13614414226789964i,4.107446746885665,15.084919110229425
0.076225,4.0E9,4.110517061276796+0.1047599189795504i,4.110517061276796,19.618748760578875
0.076225,4.0E9,4.112595783546556+0.1325276755911974i,4.112595783546556,15.515988510326363
0.076225,4.0E9,4.114050173442949+0.13506769712908592i,4.114050173442949,15.229585833210356
0.076225,4.0E9,4.116555736062352+0.1217435645524431i,4.116555736062352,16.906666694029138
0.076225,4.0E9,4.119201517956974+0.0020818429495659727i,4.119201517956974,989.3161054285468
0.076225,4.0E9,4.1266776022942375+0.00335026697606903i,4.1266776022942375,615.8729485994866
0.076225,4.0E9,4.127663776338797+0.10711916232362506i,4.127663776338797,19.266691816859193
0.076225,4.0E9,4.129524840303179+0.03806612224669844i,4.129524840303179,54.241469797483006
0.076225,4.0E9,4.141080239819206+0.041519774167571105i,4.141080239819206,49.86877124025381
0.076225,4.0E9,4.14456860607223+0.004018102522410381i,4.14456860607223,515.737040425985
0.076225,4.0E9,4.145683154355264+9.772732449385537E-4i,4.145683154355264,2121.04607172374
0.076225,4.0E9,4.158509101759753+0.040172366839802326i,4.158509101759753,51.7583282849985
0.076225,4.0E9,4.159923484560706+0.04557000169553994i,4.159923484560706,45.64322284157222
0.076225,4.0E9,4.161016353899625+0.007114670208609701i,4.161016353899625,292.4251041787039
0.076225,4.0E9,4.1677446419415425+0.009012494065106406i,4.1677446419415425,231.22038205149912
0.076225,4.0E9,4.175421929853037+0.028287765231336096i,4.175421929853037,73.80261211351659
0.076225,4.5E9,4.351929015665368+0.03075616648624476i,4.351929015665368,70.74888571714071
0.076225,4.5E9,4.35350406983862+0.003344739191588245i,4.35350406983862,650.7987350384956
0.076225,4.5E9,4.357988195112268+0.0038376252187227347i,4.357988195112268,567.7975240847938
0.076225,4.5E9,4.364778491764246+0.0022822220979601834i,4.364778491764246,956.2562941760618
0.076225,4.5E9,4.373046913726744+0.003511281369472363i,4.373046913726744,622.7138263180368
0.076225,4.5E9,4.375408041315784+0.05960454737873254i,4.375408041315784,36.70364287404161
0.076225,4.5E9,4.378309923729591+0.07187432510233104i,4.378309923729591,30.458094162943272
0.076225,4.5E9,4.383683220687896+0.02546007707613181i,4.383683220687896,86.08935486682972
0.076225,4.5E9,4.389153965275919+0.10036955704276156i,4.389153965275919,21.864966303507543
0.076225,4.5E9,4.397232104333453+0.028293796097515027i,4.397232104333453,77.7066479375606
0.076225,4.5E9,4.397551588712789+0.11231997710893223i,4.397551588712789,19.575999309757133
0.076225,4.5E9,4.399871155507767+0.03264798424150129i,4.399871155507767,67.38350403138769
0.076225,4.5E9,4.407244387388145+0.10448966967861932i,4.407244387388145,21.089378504801395
0.076225,4.5E9,4.410305865132342+0.11577412607725004i,4.410305865132342,19.047027235556822
0.076225,4.5E9,4.410474977503272+0.005616234533945499i,4.410474977503272,392.65409509214703
0.076225,4.5E9,4.411556099215777+0.11898885153298812i,4.411556099215777,18.53768669240719
0.076225,4.5E9,4.411930223460796+0.02928830687119746i,4.411930223460796,75.31897017576581
0.076225,4.5E9,4.413996248543986+0.125045489505265i,4.413996248543986,17.649562035414863
0.076225,4.5E9,4.415337549239534+0.11142215764149085i,4.415337549239534,19.813552540627573
0.076225,4.5E9,4.4158334948020626+0.029009049708695667i,4.4158334948020626,76.11130904226734
0.076225,4.5E9,4.418631249085145+0.0570120155475731i,4.418631249085145,38.75175440340347
0.076225,4.5E9,4.420014801656437+0.03494102970205531i,4.420014801656437,63.249635734067134
0.076225,4.5E9,4.421118651187396+0.055280804351145324i,4.421118651187396,39.987828533611044
0.076225,4.5E9,4.4212541507931515+0.11593112077107948i,4.4212541507931515,19.06845254917992
0.076225,4.5E9,4.422107181121877+0.13158707929231436i,4.422107181121877,16.802968820739533
0.076225,4.5E9,4.42381809253306+0.12520106947558526i,4.42381809253306,17.666854249179252
0.076225,4.5E9,4.425324389416639+0.080645329222338i,4.425324389416639,27.436954080850022
0.076225,4.5E9,4.42540428396262+0.129935270309233i,4.42540428396262,17.029264931032962
0.076225,4.5E9,4.427492412712913+0.0032478877252001266i,4.427492412712913,681.5956688342886
0.076225,4.5E9,4.430902393845959+0.12715548410675775i,4.430902393845959,17.42316670402451
0.076225,4.5E9,4.431018277893546+0.13564052793342726i,4.431018277893546,16.333681184388716
0.076225,4.5E9,4.433889860126838+0.12894316534094155i,4.433889860126838,17.193194569107597
0.076225,4.5E9,4.434292062873728+0.1268113405341552i,4.434292062873728,17.4838151075274
0.076225,4.5E9,4.4345797514838265+0.13547441712057265i,4.4345797514838265,16.366853040367904
0.076225,4.5E9,4.4358518833376115+0.040573449949453506i,4.4358518833376115,54.66446517197583
0.076225,4.5E9,4.436405664745115+0.12368428058365341i,4.436405664745115,17.934395720337992
0.076225,4.5E9,4.436716910551355+0.00106888629007653i,4.436716910551355,2075.392374166243
0.076225,4.5E9,4.437001028158349+0.1155759701972177i,4.437001028158349,19.195171022951808
0.076225,4.5E9,4.437764785207335+0.13947788750821424i,4.437764785207335,15.908488666154994
0.076225,4.5E9,4.438256621581896+0.1236095227410688i,4.438256621581896,17.952729381857335
0.076225,4.5E9,4.439783964145564+0.14305953380572636i,4.439783964145564,15.5172600037085
0.076225,4.5E9,4.444843168930021+0.1265458178473392i,4.444843168930021,17.56218911276916
0.076225,4.5E9,4.444892000874154+0.11123753784645746i,4.444892000874154,19.979280766756514
0.076225,4.5E9,4.446892138112401+0.13795782811075538i,4.446892138112401,16.116853240623442
0.076225,4.5E9,4.4471653375103335+0.12326959049819702i,4.4471653375103335,18.03837150564469
0.076225,4.5E9,4.44911549888224+0.14121732047523775i,4.44911549888224,15.752725954258517
0.076225,4.5E9,4.449155270348291+0.002709662242252656i,4.449155270348291,820.9796780150579
0.076225,4.5E9,4.449521407983051+0.1309569861112496i,4.449521407983051,16.98848431118874
0.076225,4.5E9,4.449537460948382+0.11356389037888416i,4.449537460948382,19.590458930666045
0.076225,4.5E9,4.452658399991936+0.10635930315205615i,4.452658399991936,20.932152938357497
0.076225,4.5E9,4.452668422384039+0.12564646564909068i,4.452668422384039,17.719035706183682
0.076225,4.5E9,4.454073443560525+0.14026816836885303i,4.454073443560525,15.876992960541022
0.076225,4.5E9,4.457374848158917+0.07560566935849015i,4.457374848158917,29.477781798504605
0.076225,4.5E9,4.458411449716944+0.14096809908488583i,4.458411449716944,15.813547457401164
0.076225,4.5E9,4.45898145375065+0.14313119911680486i,4.45898145375065,15.576553124912396
0.076225,4.5E9,4.4595791279348775+0.111723992982424i,4.4595791279348775,19.958018903945018
0.076225,4.5E9,4.46031506636039+0.13728698725257757i,4.46031506636039,16.244493216805758
0.076225,4.5E9,4.460606705018272+0.1208386035974418i,4.460606705018272,18.456877902521146
0.076225,4.5E9,4.46161316125398+0.11025838309894498i,4.46161316125398,20.2325348688007
0.076225,4.5E9,4.46296737446178+0.12948992271101709i,4.46296737446178,17.23287527332066
0.076225,4.5E9,4.464430540634504+0.002216545223064484i,4.464430540634504,1007.069581567618
0.076225,4.5E9,4.4647721386399395+0.1313736753880988i,4.4647721386399395,16.992643790509362
0.076225,4.5E9,4.465332160601469+0.11995767346147224i,4.465332160601469,18.61211555605751
0.076225,4.5E9,4.46603967730755+0.014946784266005226i,4.46603967730755,149.39801089740263
0.076225,4.5E9,4.467140353634412+0.010087337872678096i,4.467140353634412,221.42315495021816
0.076225,4.5E9,4.467438133904905+0.12598111980577367i,4.467438133904905,17.730585903635397
0.076225,4.5E9,4.4674807229389515+0.13726219774955717i,4.4674807229389515,16.273529042169823
0.076225,4.5E9,4.468754221377204+0.15199229218928195i,4.468754221377204,14.700594869021678
0.076225,4.5E9,4.4688837237774806+0.14058652167512337i,4.4688837237774806,15.893713246937256
0.076225,4.5E9,4.469585099155531+0.11767622084751668i,4.469585099155531,18.9910292281869
0.076225,4.5E9,4.469671692392763+0.11409205687098643i,4.469671692392763,19.58800557626461
0.076225,4.5E9,4.469944602119284+0.04179007029083702i,4.469944602119284,53.48094141755217
0.076225,4.5E9,4.470471155738556+0.11836552442858783i,4.470471155738556,18.884177539532114
0.076225,4.5E9,4.4706110740789+0.10478119442614613i,4.4706110740789,21.333079368693213
0.076225,4.5E9,4.470923404654791+0.1464171269564597i,4.470923404654791,15.267761011265836
0.076225,4.5E9,4.472170732904841+0.14550464985002004i,4.472170732904841,15.367793185697375
0.076225,4.5E9,4.4736522040283635+0.1276883376047885i,4.4736522040283635,17.517857495626895
0.076225,4.5E9,4.475465794490799+0.0033448546349858564i,4.475465794490799,669.007517946998
0.076225,4.5E9,4.475975580397098+0.15077088639078362i,4.475975580397098,14.843633567278372
0.076225,4.5E9,4.476038795496319+0.13410301692275917i,4.476038795496319,16.688807225248453
0.076225,4.5E9,4.476944348136223+0.12766572087392467i,4.476944348136223,17.53385449707912
0.076225,4.5E9,4.477103179162313+0.01365945229133412i,4.477103179162313,163.88296849950171
0.076225,4.5E9,4.477116681720778+0.14457192667810778i,4.477116681720778,15.48404584691316
0.076225,4.5E9,4.47747307272842+0.1209722045392814i,4.47747307272842,18.506205990792377
0.076225,4.5E9,4.477499327382634+0.1394106801061367i,4.477499327382634,16.058666825144982
0.076225,4.5E9,4.483374280414889+0.13251036433158778i,4.483374280414889,16.91707023458143
0.076225,4.5E9,4.484680308841047+0.14763693071219317i,4.484680308841047,15.188206254380843
0.076225,4.5E9,4.484737435978678+0.14218449361949248i,4.484737435978678,15.770838724441088
0.076225,4.5E9,4.485117730855943+0.12732451079252577i,4.485117730855943,17.612939185623123
0.076225,4.5E9,4.486180859296019+0.004556840395932764i,4.486180859296019,492.24687168110904
0.076225,4.5E9,4.487236905555522+0.14168969506008972i,4.487236905555522,15.834732736394534
0.076225,4.5E9,4.48743497759837+0.04035386852767302i,4.48743497759837,55.60105067152449
0.076225,4.5E9,4.489228460245461+0.14385419512963257i,4.489228460245461,15.603397788295444
0.076225,4.5E9,4.489433110393379+0.15330920994171596i,4.489433110393379,14.641759331028252
0.076225,4.5E9,4.489518048993747+0.11610269464304797i,4.489518048993747,19.334254311652927
0.076225,4.5E9,4.490530600154969+0.13037910362826965i,4.490530600154969,17.22105182191674
0.076225,4.5E9,4.493066724429371+0.1502712710172845i,4.493066724429371,14.949852669817938
0.076225,4.5E9,4.4938014264306805+0.0026181301536734305i,4.4938014264306805,858.208179628798
0.076225,4.5E9,4.4939649142881155+0.13316139955900266i,4.4939649142881155,16.874127672024347
0.076225,4.5E9,4.494399823710689+0.11705661739784984i,4.494399823710689,19.197546980343738
0.076225,4.5E9,4.4945630406715384+0.14239242230198787i,4.4945630406715384,15.782311193285992
0.076225,4.5E9,4.495229759757683+0.14935794939433505i,4.495229759757683,15.048511907087624
0.076225,4.5E9,4.496517097112717+0.1336690192431019i,4.496517097112717,16.81959336042919
0.076225,4.5E9,4.497066439687943+0.12804526423227644i,4.497066439687943,17.56045593193584
0.076225,4.5E9,4.498010185653865+0.14546471718948883i,4.498010185653865,15.460828826946933
0.076225,4.5E9,4.498037126234265+0.13908859534755147i,4.498037126234265,16.169683484812932
0.076225,4.5E9,4.498432462475414+0.14999716492953194i,4.498432462475414,14.99505828856418
0.076225,4.5E9,4.500136870568549+0.002812480629422534i,4.500136870568549,800.0298426042012
0.076225,4.5E9,4.501526676347984+0.1240576872485701i,4.501526676347984,18.14287681878363
0.076225,4.5E9,4.503005723434217+0.12880775261883928i,4.503005723434217,17.47956016575827
0.076225,4.5E9,4.503005871776057+0.14800650489735392i,4.503005871776057,15.212189068646003
0.076225,4.5E9,4.503447507049785+0.10935925735874091i,4.503447507049785,20.590152200269266
0.076225,4.5E9,4.503542654985365+0.14351993232852298i,4.503542654985365,15.689606948380426
0.076225,4.5E9,4.50420219664671+0.11909990396011402i,4.50420219664671,18.90934436922445
0.076225,4.5E9,4.507152594932144+0.12962606126515794i,4.507152594932144,17.38521000693098
0.076225,4.5E9,4.507604396700574+0.15041525857040156i,4.507604396700574,14.983866794972796
0.076225,4.5E9,4.508396141511553+0.13766115538437682i,4.508396141511553,16.37497567459474
0.076225,4.5E9,4.50860515375374+0.14371052174261467i,4.50860515375374,15.686412863452842
0.076225,4.5E9,4.508677076513076+0.1536613693222351i,4.508677076513076,14.670821613785602
0.076225,4.5E9,4.509195036192617+0.12057654664727632i,4.509195036192617,18.69847479287745
0.076225,4.5E9,4.509990945213345+0.12313689341428208i,4.509990945213345,18.312915082403126
0.076225,4.5E9,4.510343484133605+0.1458187436004622i,4.510343484133605,15.465582039616848
0.076225,4.5E9,4.510534468355091+0.14114319231812375i,4.510534468355091,15.978576062629937
0.076225,4.5E9,4.513931712791486+0.14771189298258025i,4.513931712791486,15.279513455710083
0.076225,4.5E9,4.517342392292129+0.14976664552847738i,4.517342392292129,15.08126985268285
0.076225,4.5E9,4.517580493927814+0.13869725990539114i,4.517580493927814,16.285759707903992
0.076225,4.5E9,4.517631492122318+0.1443886416639111i,4.517631492122318,15.6439988632827
0.076225,4.5E9,4.518715210971539+0.12312041166818578i,4.518715210971539,18.35079638601944
0.076225,4.5E9,4.520146900203726+0.1286192147207269i,4.520146900203726,17.571818137820223
0.076225,4.5E9,4.522420413734694+7.509675266378175E-4i,4.522420413734694,3011.062564836976
0.076225,4.5E9,4.522791542073539+0.13025596168071388i,4.522791542073539,17.361169054050286
0.076225,4.5E9,4.523276270407455+0.10749536612269824i,4.523276270407455,21.0394012019293
0.076225,4.5E9,4.524154123208167+0.0016313810089076724i,4.524154123208167,1386.6025467090044
0.076225,4.5E9,4.524234921758618+0.13982167767001943i,4.524234921758618,16.178589032652926
0.076225,4.5E9,4.524241222659937+0.14750629992348302i,4.524241222659937,15.335755913499382
0.076225,4.5E9,4.524394766120756+0.13089821528933906i,4.524394766120756,17.282110211052064
0.076225,4.5E9,4.525241528937324+0.021915328606359117i,4.525241528937324,103.24375258567296
0.076225,4.5E9,4.5254325878876+0.12191077389809639i,4.5254325878876,18.560429251603104
0.076225,4.5E9,4.525768983588733+0.1153757479375854i,4.525768983588733,19.613172891572628
0.076225,4.5E9,4.526516988614023+0.14220660294251022i,4.526516988614023,15.915284153310218
0.076225,4.5E9,4.529634076429326+0.08400863632048279i,4.529634076429326,26.959335818458705
0.076225,4.5E9,4.52998095536854+0.11998057511592705i,4.52998095536854,18.877976501577876
0.076225,4.5E9,4.530734440379664+0.14403747363265276i,4.530734440379664,15.727623951301249
0.076225,4.5E9,4.530796670167458+0.13259471899747954i,4.530796670167458,17.085132441261035
0.076225,4.5E9,4.531511562688108+0.13657533900799504i,4.531511562688108,16.589786983515506
0.076225,4.5E9,4.531921617792863+0.018851783193201608i,4.531921617792863,120.19875179307124
0.076225,4.5E9,4.533063642108994+0.14670299618534824i,4.533063642108994,15.449799117878301
0.076225,4.5E9,4.533218384646869+0.12160824675485264i,4.533218384646869,18.638614179617615
0.076225,4.5E9,4.535141183586439+0.01921563601014703i,4.535141183586439,118.00653335626275
0.076225,4.5E9,4.535635029084451+0.12326026675586746i,4.535635029084451,18.398609497040315
0.076225,4.5E9,4.5377783380721235+0.13297733648637006i,4.5377783380721235,17.06222450371172
0.076225,4.5E9,4.537854705250445+0.13952664390539948i,4.537854705250445,16.261606307706924
0.076225,4.5E9,4.538683043850338+0.12496662290220044i,4.538683043850338,18.159581088313224
0.076225,4.5E9,4.5387358650133525+0.10215528253839914i,4.5387358650133525,22.214885771116567
0.076225,4.5E9,4.539676463416351+0.14901768627694933i,4.539676463416351,15.232005598917175
0.076225,4.5E9,4.5404843723311235+0.12569976670636693i,4.5404843723311235,18.060830546080638
0.076225,4.5E9,4.541183850355443+0.10626159548474896i,4.541183850355443,21.3679449740956
0.076225,4.5E9,4.5417932145209825+0.14393925718935835i,4.5417932145209825,15.776770365523198
0.076225,4.5E9,4.541891774228016+0.13516433797336355i,4.541891774228016,16.801368772002096
0.076225,4.5E9,4.542808155580791+0.13077502972563265i,4.542808155580791,17.368790376540723
0.076225,4.5E9,4.5434589496449185+0.13876019108121576i,4.5434589496449185,16.371622560629266
0.076225,4.5E9,4.545059699414985+0.12002241936124597i,4.545059699414985,18.934211306535865
0.076225,4.5E9,4.545351098317797+0.002315552762467543i,4.545351098317797,981.482946964701
0.076225,4.5E9,4.54756252851557+0.142502371524727i,4.54756252851557,15.956094203409371
0.076225,4.5E9,4.547971861237621+0.07762527561625958i,4.547971861237621,29.29440072921939
0.076225,4.5E9,4.548562877565968+0.12472357464272216i,4.548562877565968,18.23457550264891
0.076225,4.5E9,4.548933807363599+0.12833366269814306i,4.548933807363599,17.7230732440921
0.076225,4.5E9,4.549701904577082+0.14649080741948614i,4.549701904577082,15.528967259866036
0.076225,4.5E9,4.550196829755856+0.1363445261994947i,4.550196829755856,16.68639349370785
0.076225,4.5E9,4.550566179467994+0.12097127094742939i,4.550566179467994,18.80845817287287
0.076225,4.5E9,4.551122069813891+0.06421689098369866i,4.551122069813891,35.43555285920946
0.076225,4.5E9,4.552747736321222+0.11999114072805954i,4.552747736321222,18.971182825235765
0.076225,4.5E9,4.553598350025656+0.13445843311678268i,4.553598350025656,16.93310804116938
0.076225,4.5E9,4.553950715325912+0.13650610239796324i,4.553950715325912,16.680392434213477
0.076225,4.5E9,4.554845599961308+0.10931586241556855i,4.554845599961308,20.833415660418446
0.076225,4.5E9,4.55514761224731+0.12946868301672368i,4.55514761224731,17.591696718112576
0.076225,4.5E9,4.555787595662929+0.12415636600650296i,4.555787595662929,18.346975439923515
0.076225,4.5E9,4.557352082535384+0.12751027553138544i,4.557352082535384,17.87052872226613
0.076225,4.5E9,4.558044960913113+0.11342442612875829i,4.558044960913113,20.09287204036133
0.076225,4.5E9,4.558365465588882+0.023988803932005306i,4.558365465588882,95.01026975978608
0.076225,4.5E9,4.559301293082849+0.1414237583865438i,4.559301293082849,16.119290510655304
0.076225,4.5E9,4.559328848457057+0.12448922384722044i,4.559328848457057,18.312142639962552
0.076225,4.5E9,4.559634437666184+0.13081334213216594i,4.559634437666184,17.428017522323536
0.076225,4.5E9,4.56070826009668+0.13442061768077393i,4.56070826009668,16.964318193089937
0.076225,4.5E9,4.562450861214817+0.11988759337211627i,4.562450861214817,19.028035899651158
0.076225,4.5E9,4.566144426710969+0.1076367095455847i,4.566144426710969,21.21090679001658
0.076225,4.5E9,4.566791339177133+0.13193703121665937i,4.566791339177133,17.30670796918953
0.076225,4.5E9,4.567002621111109+0.03927884954400893i,4.567002621111109,58.13564646278824
0.076225,4.5E9,4.567426394837533+0.13783006912149523i,4.567426394837533,16.56904920656831
0.076225,4.5E9,4.568264601753261+0.0015391022263918613i,4.568264601753261,1484.0679596906004
0.076225,4.5E9,4.5688993382262275+0.11660572095720093i,4.5688993382262275,19.591231462404835
0.076225,4.5E9,4.569406548026471+0.12617953335461968i,4.569406548026471,18.106765917355393
0.076225,4.5E9,4.569574211586161+0.13416232063149966i,4.569574211586161,17.030020761705877
0.076225,4.5E9,4.570669726726307+0.027357017209916613i,4.570669726726307,83.5374282885908
0.076225,4.5E9,4.570747934540077+0.09450957314096793i,4.570747934540077,24.18140185503998
0.076225,4.5E9,4.571112841156948+0.13726853551459567i,4.571112841156948,16.650257191207903
0.076225,4.5E9,4.571246647829158+0.12981431459310339i,4.571246647829158,17.60686663160957
0.076225,4.5E9,4.572379801332241+0.12670199959048833i,4.572379801332241,18.04383441504697
0.076225,4.5E9,4.57647742418049+0.13493030884042306i,4.57647742418049,16.958670974335785
0.076225,4.5E9,4.577775357812951+0.12867780849053706i,4.577775357812951,17.787742158157748
0.076225,4.5E9,4.580162111548695+0.07965549031439957i,4.580162111548695,28.749820592848227
0.076225,4.5E9,4.580895135439788+0.11854825024133978i,4.580895135439788,19.320804508350104
0.076225,4.5E9,4.5817814551258005+0.12346501971512037i,4.5817814551258005,18.554978024130524
0.076225,4.5E9,4.582643685825633+0.0021006651765449373i,4.582643685825633,1090.7601404053646
0.076225,4.5E9,4.5834330578255456+0.10794269264239945i,4.5834330578255456,21.23086308866633
0.076225,4.5E9,4.584010552347657+0.0752707383044097i,4.584010552347657,30.4501500557163
0.076225,4.5E9,4.584174640292267+0.025580504483965472i,4.584174640292267,89.60289745586815
0.076225,4.5E9,4.584841821130673+0.09458636796638172i,4.584841821130673,24.23627167268034
0.076225,4.5E9,4.585661705129419+0.0874666372367071i,4.585661705129419,26.213776189425488
0.076225,4.5E9,4.586274193451622+0.10084687259649325i,4.586274193451622,22.738802281961398
0.076225,4.5E9,4.586617964639072+0.11964012941145197i,4.586617964639072,19.16839269232703
0.076225,4.5E9,4.5872337581918785+0.12379324745464794i,4.5872337581918785,18.52780281845513
0.076225,4.5E9,4.587390827004266+0.06200427368721785i,4.587390827004266,36.992537402707725
0.076225,4.5E9,4.588343688930514+0.1266041808406515i,4.588343688930514,18.120822150042446
0.076225,4.5E9,4.588853863432552+0.06654667794335938i,4.588853863432552,34.47845937056629
0.076225,4.5E9,4.593169589944027+0.11952982457813952i,4.593169589944027,19.21348753817237
0.076225,4.5E9,4.593448930252244+0.11604243151442616i,4.593448930252244,19.792109103130933
0.076225,4.5E9,4.596888834810313+0.0027205481874187296i,4.596888834810313,844.8460600824471
0.076225,4.5E9,4.596956480198109+0.08623445764308736i,4.596956480198109,26.653826126119352
0.076225,4.5E9,4.597667990790623+0.01362501091147108i,4.597667990790623,168.72162601058116
0.076225,4.5E9,4.598449371557924+0.024456661230039815i,4.598449371557924,94.01220649672545
0.076225,4.5E9,4.599353180645309+0.07806422883909904i,4.599353180645309,29.458775479132697
0.076225,4.5E9,4.599413200291973+0.11388839359849529i,4.599413200291973,20.192633572947077
0.076225,4.5E9,4.60082433447606+0.10440302788904893i,4.60082433447606,22.03396025719409
0.076225,4.5E9,4.600889870010743+0.030230350892873393i,4.600889870010743,76.09719593257141
0.076225,4.5E9,4.6017333645341445+0.003016336007970772i,4.6017333645341445,762.8018483971789
0.076225,4.5E9,4.604371176650179+0.112630898442025i,4.604371176650179,20.44008900017879
0.076225,4.5E9,4.608369819381707+0.10769706280044361i,4.608369819381707,21.395058043136927
0.076225,4.5E9,4.6156322211228495+0.05397226379702358i,4.6156322211228495,42.75929798387843
0.076225,4.5E9,4.61628502859307+0.09810196070867856i,4.61628502859307,23.527995746698114
0.076225,4.5E9,4.617654955264437+0.03207136223718913i,4.617654955264437,71.99031524002312
0.076225,4.5E9,4.618480235992288+0.022358836577636907i,4.618480235992288,103.28087107653104
0.076225,4.5E9,4.622544102419183+0.08994605898576252i,4.622544102419183,25.696201448642018
0.076225,4.5E9,4.623849165436096+0.007953543293981132i,4.623849165436096,290.6785689426754
0.076225,4.5E9,4.630096995495901+0.030130072092276965i,4.630096995495901,76.83514631687027
0.076225,4.5E9,4.634281255868098+0.00789095897291168i,4.634281255868098,293.64499750770455
0.076225,4.5E9,4.641698683871481+0.0038290979203725738i,4.641698683871481,606.1086423483055
0.076225,4.5E9,4.641923254371002+0.03907132559206919i,4.641923254371002,59.40319638544888
0.076225,4.5E9,4.643287212008057+0.015434209020114225i,4.643287212008057,150.4219362960815
0.076225,4.5E9,4.651632179552707+0.0037199629181369014i,4.651632179552707,625.2256113728173
0.076225,5.0E9,4.868395859301907+0.02475926828922076i,4.868395859301907,98.31461500462478
0.076225,5.0E9,4.869603234632973+0.02412470822500466i,4.869603234632973,100.92563999563218
0.076225,5.0E9,4.869979407872587+0.006552524370172734i,4.869979407872587,371.61093440879546
0.076225,5.0E9,4.876100932384544+0.006639127857458972i,4.876100932384544,367.2245087813988
0.076225,5.0E9,4.876714609502831+0.05207360342843136i,4.876714609502831,46.82520786376214
0.076225,5.0E9,4.881658194458895+0.028699862400608053i,4.881658194458895,85.04671775631002
0.076225,5.0E9,4.882261867950419+0.008382431598455305i,4.882261867950419,291.2199050243434
0.076225,5.0E9,4.884734062233902+0.046196828712748925i,4.884734062233902,52.868716298764724
0.076225,5.0E9,4.88657127159723+0.034372120237206885i,4.88657127159723,71.08335531637717
0.076225,5.0E9,4.892191254163039+0.027216501515848448i,4.892191254163039,89.87546124020137
0.076225,5.0E9,4.893900853479866+0.005849176738274276i,4.893900853479866,418.3409967300584
0.076225,5.0E9,4.898528977760977+0.004477443808185282i,4.898528977760977,547.0229429575311
0.076225,5.0E9,4.905480744286664+0.010836311700531216i,4.905480744286664,226.34457552776874
0.076225,5.0E9,4.9061306616664515+0.06347215936212934i,4.9061306616664515,38.64789469092565
0.076225,5.0E9,4.906420544195681+0.007003956926632897i,4.906420544195681,350.2606166479102
0.076225,5.0E9,4.90791404918164+0.03359737421524567i,4.90791404918164,73.04014322277823
0.076225,5.0E9,4.91210271863454+0.02389874784239292i,4.91210271863454,102.76903942894407
0.076225,5.0E9,4.913862620581365+0.10464969369011218i,4.913862620581365,23.477673212939614
0.076225,5.0E9,4.914005436547146+0.09772023799529635i,4.914005436547146,25.14323305671685
0.076225,5.0E9,4.914287472424226+0.005888825851300209i,4.914287472424226,417.2552896380175
0.076225,5.0E9,4.9150816127201535+0.06704459017585702i,4.9150816127201535,36.655318496451116
0.076225,5.0E9,4.919089149494547+0.03111925900249254i,4.919089149494547,79.03609062639546
0.076225,5.0E9,4.91945513237018+0.0032971148572440534i,4.91945513237018,746.02422805528
0.076225,5.0E9,4.920642108016895+0.10720386885073487i,4.920642108016895,22.949927837343925
0.076225,5.0E9,4.921172280152695+0.0917954051177985i,4.921172280152695,26.805112270257382
0.076225,5.0E9,4.926974735669888+0.10446391585163742i,4.926974735669888,23.58218479320321
0.076225,5.0E9,4.928783790985857+0.0037147731999091554i,4.928783790985857,663.4030566262282
0.076225,5.0E9,4.931810210607025+0.11262521814464262i,4.931810210607025,21.894786495654934
0.076225,5.0E9,4.932596396846522+0.09627107914973161i,4.932596396846522,25.618266879375025
0.076225,5.0E9,4.933248341126109+0.1082394892684423i,4.933248341126109,22.788579170450777
0.076225,5.0E9,4.933640480197515+0.10918031024489953i,4.933640480197515,22.594002843236996
0.076225,5.0E9,4.934406510907552+0.11778692096274714i,4.934406510907552,20.946326088565357
0.076225,5.0E9,4.937767102074357+0.12027197216518765i,4.937767102074357,20.527505341363227
0.076225,5.0E9,4.93855973879444+0.04311423415765699i,4.93855973879444,57.27296141612391
0.076225,5.0E9,4.938880160445644+0.11541497407251378i,4.938880160445644,21.396184507837813
0.076225,5.0E9,4.939884943397949+0.10556212688958384i,4.939884943397949,23.39799835865842
0.076225,5.0E9,4.940756803028099+0.006228135226386668i,4.940756803028099,396.64816381118794
0.076225,5.0E9,4.942895919474652+0.004733315890426007i,4.942895919474652,522.1388170471105
0.076225,5.0E9,4.943306811542561+0.10828799786891534i,4.943306811542561,22.824813962885003
0.076225,5.0E9,4.943341186430605+0.12303838294600597i,4.943341186430605,20.08861408963712
0.076225,5.0E9,4.944542309418487+0.10083807957441446i,4.944542309418487,24.517237586667907
0.076225,5.0E9,4.945430224247595+0.11464063996168478i,4.945430224247595,21.569271708097837
0.076225,5.0E9,4.946062231134753+0.12013888453477295i,4.946062231134753,20.584768413190844
0.076225,5.0E9,4.94647803778271+0.08939764644818873i,4.94647803778271,27.66559430985406
0.076225,5.0E9,4.949516757019417+0.023458356300841362i,4.949516757019417,105.49581337976986
0.076225,5.0E9,4.95014410889002+0.11639913639897467i,4.95014410889002,21.263663382873794
0.076225,5.0E9,4.9507331423065954+0.04373206770959026i,4.9507331423065954,56.603007833779145
0.076225,5.0E9,4.950854697307318+0.12751789282498474i,4.950854697307318,19.412392204842373
0.076225,5.0E9,4.953005177674207+0.10466289823574611i,4.953005177674207,23.661704678375603
0.076225,5.0E9,4.9536252963470755+0.004275273744248576i,4.9536252963470755,579.3342827475162
0.076225,5.0E9,4.955258071195808+0.12266732285217187i,4.955258071195808,20.19795474450624
0.076225,5.0E9,4.955489989571175+0.12668504142522152i,4.955489989571175,19.558307491639635
0.076225,5.0E9,4.955588933127531+0.09963428081787674i,4.955588933127531,24.868894984979818
0.076225,5.0E9,4.955689223406709+0.11597624951032157i,4.955689223406709,21.36510382225141
0.076225,5.0E9,4.955871462222481+0.10979880607206641i,4.955871462222481,22.56796608047676
0.076225,5.0E9,4.959769331243426+0.12200049030721272i,4.959769331243426,20.326841796922686
0.076225,5.0E9,4.961337142927459+0.08673670353618976i,4.961337142927459,28.59998674527333
0.076225,5.0E9,4.961432900502798+0.12250328964223027i,4.961432900502798,20.250202729219016
0.076225,5.0E9,4.961871825638824+0.12629789640962252i,4.961871825638824,19.643525215756423
0.076225,5.0E9,4.962265833229257+0.11419729945604426i,4.962265833229257,21.726721458677247
0.076225,5.0E9,4.962573323432056+0.03323318726332066i,4.962573323432056,74.66291577921008
0.076225,5.0E9,4.96262387731131+0.09588618374686288i,4.96262387731131,25.877679574841107
0.076225,5.0E9,4.9631468053019+0.023298744152486946i,4.9631468053019,106.51103709321872
0.076225,5.0E9,4.963465673423634+0.0033343765401776487i,4.963465673423634,744.2869174516193
0.076225,5.0E9,4.96403465427644+0.12118197002438627i,4.96403465427644,20.481737725824615
0.076225,5.0E9,4.966529896654481+0.10502162206197557i,4.966529896654481,23.645273226324875
0.076225,5.0E9,4.966577131788829+0.1256869999785132i,4.966577131788829,19.757720100877137
0.076225,5.0E9,4.9668736988953714+0.09598179142296737i,4.9668736988953714,25.874041447130434
0.076225,5.0E9,4.967549699324216+0.11953787167689361i,4.967549699324216,20.778141812459722
0.076225,5.0E9,4.96758697925778+0.11139969161409091i,4.96758697925778,22.29623308324056
0.076225,5.0E9,4.968185105585027+0.12938167546522775i,4.968185105585027,19.19972472036916
0.076225,5.0E9,4.971255537343356+0.0961067941303865i,4.971255537343356,25.863184711993068
0.076225,5.0E9,4.971398124828393+0.004936561110555255i,4.971398124828393,503.52846986930336
0.076225,5.0E9,4.971430856070824+0.11481008798331531i,4.971430856070824,21.650670874815866
0.076225,5.0E9,4.9717044889035185+0.129953080194057i,4.9717044889035185,19.128844354744594
0.076225,5.0E9,4.973446522936802+0.10580252343141999i,4.973446522936802,23.503440001412322
0.076225,5.0E9,4.973701768168136+0.1241854718646848i,4.973701768168136,20.025296411433658
0.076225,5.0E9,4.973750443435418+0.12155898227302919i,4.973750443435418,20.45817738200563
0.076225,5.0E9,4.9742545396361715+0.005795035445744268i,4.9742545396361715,429.18240847768607
0.076225,5.0E9,4.975711932137267+0.11003310172923801i,4.975711932137267,22.61006848821349
0.076225,5.0E9,4.9762632939669755+0.07985592441614246i,4.9762632939669755,31.1577589912731
0.076225,5.0E9,4.976443002744702+0.09847080950598514i,4.976443002744702,25.268620354147842
0.076225,5.0E9,4.9795293045115425+0.13473636656161786i,4.9795293045115425,18.478787247963584
0.076225,5.0E9,4.979857850862227+0.11573933114946006i,4.979857850862227,21.51324792274583
0.076225,5.0E9,4.980144663143221+0.1215331720099384i,4.980144663143221,20.48882860860395
0.076225,5.0E9,4.980437773618846+0.10976147594014228i,4.980437773618846,22.68754921050303
0.076225,5.0E9,4.981646685591015+0.13155460549778794i,4.981646685591015,18.93376011710506
0.076225,5.0E9,4.981980067489722+0.08920145476935204i,4.981980067489722,27.925441801210614
0.076225,5.0E9,4.982163650888757+0.05519031438400049i,4.982163650888757,45.13621372243054
0.076225,5.0E9,4.983037453597289+0.010310253805885983i,4.983037453597289,241.65445135562726
0.076225,5.0E9,4.983817827964901+0.12623430798114332i,4.983817827964901,19.740345979119144
0.076225,5.0E9,4.984427937639645+0.12177418883366113i,4.984427937639645,20.465863847585066
0.076225,5.0E9,4.984895211060632+0.09956649655121835i,4.984895211060632,25.032994951752347
0.076225,5.0E9,4.9856904641407676+0.0933255973343568i,4.9856904641407676,26.71127004030083
0.076225,5.0E9,4.986151159289987+0.11665931567551117i,4.986151159289987,21.37056578130034
0.076225,5.0E9,4.986778206347565+0.10974059964490691i,4.986778206347565,22.72075340613925
0.076225,5.0E9,4.988338895724158+0.134110150051832i,4.988338895724158,18.597917062191875
0.076225,5.0E9,4.988702327437085+0.1287539272794826i,4.988702327437085,19.37301033392266
0.076225,5.0E9,4.989402540923082+0.13140971561252754i,4.989402540923082,18.98414633068209
0.076225,5.0E9,4.990554675976824+0.12159747631902969i,4.990554675976824,20.520798733040053
0.076225,5.0E9,4.9917293486212095+0.11125836882211944i,4.9917293486212095,22.433051110977626
0.076225,5.0E9,4.992388279031593+0.1151035759002779i,4.992388279031593,21.686503829198326
0.076225,5.0E9,4.9933516027957445+0.11736492972857741i,4.9933516027957445,21.27275845665123
0.076225,5.0E9,4.994860045574492+0.004122570697964862i,4.994860045574492,605.7943467216029
0.076225,5.0E9,4.994885394507633+0.1004525214525342i,4.994885394507633,24.86192144448965
0.076225,5.0E9,4.9950828441488975+0.13516567112040043i,4.9950828441488975,18.47763120156252
0.076225,5.0E9,4.995132187921941+0.12249135100761696i,4.995132187921941,20.389734241772405
0.076225,5.0E9,4.995608105250821+0.03424631589403337i,4.995608105250821,72.93643089534766
0.076225,5.0E9,4.996068934030948+0.12860029349451998i,4.996068934030948,19.424796002677258
0.076225,5.0E9,4.996227287005906+0.07777681288370318i,4.996227287005906,32.119002449204125
0.076225,5.0E9,4.996597213845389+0.097736478978919i,4.996597213845389,25.56157775503206
0.076225,5.0E9,4.9987123696445925+0.012157145502099601i,4.9987123696445925,205.58742053310496
0.076225,5.0E9,4.999288128315478+0.09574541773459962i,4.999288128315478,26.107192629172065
0.076225,5.0E9,4.999498489674125+0.048358338220465834i,4.999498489674125,51.692207317809334
0.076225,5.0E9,4.999530964627704+0.11820361774140135i,4.999530964627704,21.147960866838154
0.076225,5.0E9,4.999715410603435+0.11306775419262258i,4.999715410603435,22.1093778960441
0.076225,5.0E9,5.000132133686982+0.1306545915715075i,5.000132133686982,19.134926961026093
0.076225,5.0E9,5.000536983331209+0.1270507509816837i,5.000536983331209,19.67928935757378
0.076225,5.0E9,5.0011147469928+0.10113689792163903i,5.0011147469928,24.72448161732066
0.076225,5.0E9,5.0014437286334115+0.12401506655728575i,5.0014437286334115,20.16466171198286
0.076225,5.0E9,5.001896217794086+0.12774933269166494i,5.001896217794086,19.57699548171666
0.076225,5.0E9,5.0033251269013475+0.11111657672105649i,5.0033251269013475,22.51385560347821
0.076225,5.0E9,5.004597751209025+0.030680783374542733i,5.004597751209025,81.55915854745696
0.076225,5.0E9,5.004688220222811+0.11933351090414432i,5.004688220222811,20.96933284835167
0.076225,5.0E9,5.005695090129513+0.00551492451398343i,5.005695090129513,453.8316959223346
0.076225,5.0E9,5.008957253447488+0.12933989445190047i,5.008957253447488,19.36354314604085
0.076225,5.0E9,5.009050657503912+0.07842727907026452i,5.009050657503912,31.93436465528918
0.076225,5.0E9,5.009607339577737+0.10618584131267197i,5.009607339577737,23.588866828424806
0.076225,5.0E9,5.009692527823201+0.13679104561839836i,5.009692527823201,18.31147830318727
0.076225,5.0E9,5.01110085457937+0.13477827379821983i,5.01110085457937,18.59016558589266
0.076225,5.0E9,5.0117971027956765+0.11779118787370978i,5.0117971027956765,21.274074883127472
0.076225,5.0E9,5.012215497930138+0.11436497312355286i,5.012215497930138,21.913245642593953
0.076225,5.0E9,5.012273223349596+0.12998320962000395i,5.012273223349596,19.280464138416786
0.076225,5.0E9,5.012838249423446+0.120907964058187i,5.012838249423446,20.72997543408727
0.076225,5.0E9,5.012994736812349+0.1097343829791985i,5.012994736812349,22.841495075261065
0.076225,5.0E9,5.01442316619735+0.11087476863389839i,5.01442316619735,22.6130039682638
0.076225,5.0E9,5.015474588197868+0.13615302389030068i,5.015474588197868,18.41852073824988
0.076225,5.0E9,5.0161008485019485+0.12841803171747354i,5.0161008485019485,19.530360267231146
0.076225,5.0E9,5.016224497141112+0.01450437627935121i,5.016224497141112,172.9210688046729
0.076225,5.0E9,5.016986272331423+0.0337706876999297i,5.016986272331423,74.28019110700353
0.076225,5.0E9,5.017254632934753+0.09662758909595798i,5.017254632934753,25.961812148455174
0.076225,5.0E9,5.018433354200863+0.12436967425982536i,5.018433354200863,20.175470363123512
0.076225,5.0E9,5.019470735227221+0.12958757544205146i,5.019470735227221,19.367098728812206
0.076225,5.0E9,5.020475649751414+0.10998364700281921i,5.020475649751414,22.823736921647654
0.076225,5.0E9,5.021652430032255+0.031480132866376666i,5.021652430032255,79.75907298974246
0.076225,5.0E9,5.022364651041933+0.1352089401756995i,5.022364651041933,18.572605644699
0.076225,5.0E9,5.022521893485671+0.11931933520770352i,5.022521893485671,21.046554964217588
0.076225,5.0E9,5.022673993675153+0.004384518137715123i,5.022673993675153,572.7737730710573
0.076225,5.0E9,5.0234324177325815+0.02247509453195126i,5.0234324177325815,111.7555347896562
0.076225,5.0E9,5.024232823446852+0.10806449961425678i,5.024232823446852,23.246453929741854
0.076225,5.0E9,5.024621369518698+0.11433823552243952i,5.024621369518698,21.97262073601174
0.076225,5.0E9,5.026012821416323+0.1264934905421785i,5.026012821416323,19.866685628935304
0.076225,5.0E9,5.027548843878327+0.11948626169713984i,5.027548843878327,21.038187873939787
0.076225,5.0E9,5.027794557910762+0.12310826293245118i,5.027794557910762,20.420215662816577
0.076225,5.0E9,5.028395786853672+0.06819910121368179i,5.028395786853672,36.86555759069811
0.076225,5.0E9,5.028860180775683+0.11202691270136257i,5.028860180775683,22.444875340720326
0.076225,5.0E9,5.029756838647867+0.1155063964578201i,5.029756838647867,21.772633347126373
0.076225,5.0E9,5.030042879608267+0.040127944487129294i,5.030042879608267,62.675062776036434
0.076225,5.0E9,5.030736398889811+0.0963887965950275i,5.030736398889811,26.096063944164523
0.076225,5.0E9,5.03095376917265+0.08177385388171515i,5.03095376917265,30.761383561852558
0.076225,5.0E9,5.0311794745859775+0.1323057940917609i,5.0311794745859775,19.013451032600262
0.076225,5.0E9,5.032026126398487+0.10265080578492948i,5.032026126398487,24.510407336409124
0.076225,5.0E9,5.032218509282976+0.03136788309315388i,5.032218509282976,80.21291226983168
0.076225,5.0E9,5.034750643391532+0.12761039991121093i,5.034750643391532,19.72703888905067
0.076225,5.0E9,5.0347552937919+0.13161629752491172i,5.0347552937919,19.12664080540233
0.076225,5.0E9,5.035064155356725+0.09993459608054124i,5.035064155356725,25.19179719953422
0.076225,5.0E9,5.035540317465557+0.1209837787757363i,5.035540317465557,20.810807731504962
0.076225,5.0E9,5.035895040816442+0.11710030999832348i,5.035895040816442,21.502483814468725
0.076225,5.0E9,5.03752979307344+0.13179427293742688i,5.03752979307344,19.11133799973673
0.076225,5.0E9,5.038520937132508+0.1106921079580012i,5.038520937132508,22.75916969186377
0.076225,5.0E9,5.038545217250505+0.0020958613047923026i,5.038545217250505,1202.0225779562782
0.076225,5.0E9,5.0392833930830685+0.08932777126578904i,5.0392833930830685,28.206700568454824
0.076225,5.0E9,5.039388209703391+0.11507701651267854i,5.039388209703391,21.895719764111977
0.076225,5.0E9,5.039958643733983+0.12616707286597542i,5.039958643733983,19.9733517202536
0.076225,5.0E9,5.041675547936804+0.12725504189802783i,5.041675547936804,19.809335145937894
0.076225,5.0E9,5.042089050785857+0.11349945629060938i,5.042089050785857,22.21195244264366
0.076225,5.0E9,5.0426577009335185+0.09711270379252926i,5.0426577009335185,25.962914757818965
0.076225,5.0E9,5.043165305993296+0.12850484426046935i,5.043165305993296,19.622471569130855
0.076225,5.0E9,5.04446889401928+0.12712739769296716i,5.04446889401928,19.840211416120045
0.076225,5.0E9,5.044585809255048+0.10323063144657751i,5.044585809255048,24.433570436240394
0.076225,5.0E9,5.045835735837427+0.12433613453536002i,5.045835735837427,20.29110746724412
0.076225,5.0E9,5.045893984729219+0.11867220696873072i,5.045893984729219,21.2597966854142
0.076225,5.0E9,5.046271658962791+0.09940535555394894i,5.046271658962791,25.38229268856694
0.076225,5.0E9,5.046641922567153+0.11175823272503686i,5.046641922567153,22.578389974113147
0.076225,5.0E9,5.048168703459686+0.11026622001481179i,5.048168703459686,22.890821426460334
0.076225,5.0E9,5.051100456000542+0.12215689942277684i,5.051100456000542,20.67464252886373
0.076225,5.0E9,5.052507007335268+0.11584412961238878i,5.052507007335268,21.807350205145543
0.076225,5.0E9,5.0531970483730415+0.035052675129746746i,5.0531970483730415,72.08004852224171
0.076225,5.0E9,5.054873937267294+0.004579252719543515i,5.054873937267294,551.9321870677614
0.076225,5.0E9,5.054928077984065+0.12471356026750569i,5.054928077984065,20.266152562485757
0.076225,5.0E9,5.055576466528449+0.11275137228528588i,5.055576466528449,22.419134969536
0.076225,5.0E9,5.0557454760387674+0.09774469875386796i,5.0557454760387674,25.86199323591808
0.076225,5.0E9,5.056078982132605+0.09657215341106365i,5.056078982132605,26.177727240953093
0.076225,5.0E9,5.057196305028768+0.12418432324613132i,5.057196305028768,20.361653439160296
0.076225,5.0E9,5.058476311626279+0.10975973891483033i,5.058476311626279,23.043405358095274
0.076225,5.0E9,5.059316963365107+0.11589727726337948i,5.059316963365107,21.826729164084167
0.076225,5.0E9,5.059621429316363+0.12373575870834526i,5.059621429316363,20.445267730738536
0.076225,5.0E9,5.061779949666816+0.0938850060775469i,5.061779949666816,26.95733941523048
0.076225,5.0E9,5.062325548983169+0.1073657055016905i,5.062325548983169,23.575151512898415
0.076225,5.0E9,5.063018525381577+0.10245369967055272i,5.063018525381577,24.708812574177795
0.076225,5.0E9,5.063631021191115+0.014839137858446809i,5.063631021191115,170.6174263455868
0.076225,5.0E9,5.063977576620218+0.11515809506954719i,5.063977576620218,21.987067316292183
0.076225,5.0E9,5.065548898037128+0.09824749777764318i,5.065548898037128,25.779531350007698
0.076225,5.0E9,5.065996421782065+0.1123141708896416i,5.065996421782065,22.552792678137852
0.076225,5.0E9,5.06789732518552+0.004179308247871936i,5.06789732518552,606.3081525233325
0.076225,5.0E9,5.0685885899238725+0.11843321955143567i,5.0685885899238725,21.39850883527902
0.076225,5.0E9,5.0690026666468455+0.10884003260481426i,5.0690026666468455,23.286480834914006
0.076225,5.0E9,5.069190958339408+0.1006232544290684i,5.069190958339408,25.188963461288136
0.076225,5.0E9,5.071688646988822+0.11476358968582981i,5.071688646988822,22.096244378869567
0.076225,5.0E9,5.074544197098062+0.1009298728360321i,5.074544197098062,25.138960619429426
0.076225,5.0E9,5.075485737057833+0.026359756859128804i,5.075485737057833,96.27337923073655
0.076225,5.0E9,5.076069359040826+0.08445656146488485i,5.076069359040826,30.051361735531597
0.076225,5.0E9,5.07747197790449+0.09442574951314825i,5.07747197790449,26.88605599682045
0.076225,5.0E9,5.081466111150188+0.06865347487930898i,5.081466111150188,37.00807657648265
0.076225,5.0E9,5.082430987511387+0.10174704146786967i,5.082430987511387,24.9758170566382
0.076225,5.0E9,5.083665112886542+0.09729580276107774i,5.083665112886542,26.124791453595023
0.076225,5.0E9,5.08415506480533+0.08747434150309101i,5.08415506480533,29.060836454685827
0.076225,5.0E9,5.0844050324609995+0.09004823183783098i,5.0844050324609995,28.23156506625011
0.076225,5.0E9,5.086603015489853+0.023155490636356624i,5.086603015489853,109.8357857186437
0.076225,5.0E9,5.087041458217108+0.10328350046357632i,5.087041458217108,24.626592995902044
0.076225,5.0E9,5.0875714056292+0.020796915072701445i,5.0875714056292,122.31553064106309
0.076225,5.0E9,5.087612759869762+0.009779069160049177i,5.087612759869762,260.1276602406286
0.076225,5.0E9,5.0900358449308865+0.030405304341094813i,5.0900358449308865,83.70308989230148
0.076225,5.0E9,5.091865215523876+0.013575295510350723i,5.091865215523876,187.54159758958815
0.076225,5.0E9,5.092549412139077+0.08675885663320507i,5.092549412139077,29.348873473915827
0.076225,5.0E9,5.097684963351239+0.09682207450011694i,5.097684963351239,26.325014154417246
0.076225,5.0E9,5.0993809843087226+0.0038376018678963468i,5.0993809843087226,664.3968238299879
0.076225,5.0E9,5.100294339685216+0.08824882230836964i,5.100294339685216,28.89723741503969
0.076225,5.0E9,5.105732546392904+0.004920055307383094i,5.105732546392904,518.869425993157
0.076225,5.0E9,5.107052502029605+0.019959294552230077i,5.107052502029605,127.93669858083707
0.076225,5.0E9,5.107708800148184+0.050447149888141564i,5.107708800148184,50.62435451233328
0.076225,5.0E9,5.1174131277024175+0.005354756983340305i,5.1174131277024175,477.8380366862296
0.076225,5.0E9,5.118006637167773+0.05798293278503293i,5.118006637167773,44.133733767334355
0.076225,5.0E9,5.11845338282757+0.0264400454589966i,5.11845338282757,96.7935813643986
0.076225,5.0E9,5.121428242434513+0.00970367736331792i,5.121428242434513,263.8911028614091
0.076225,5.0E9,5.126886163379513+0.0036726696999663856i,5.126886163379513,697.9781170392804
0.076225,5.0E9,5.126965415965176+0.02999417471385492i,5.126965415965176,85.46601906664439
0.076225,5.0E9,5.129128942174128+0.01878513706117949i,5.129128942174128,136.52093475468308
0.076225,5.0E9,5.135319570025578+0.005354783332514286i,5.135319570025578,479.5076897737278
0.076225,5.0E9,5.137128165947906+0.004236347846079138i,5.137128165947906,606.3156700768171
0.076225,5.5E9,5.382550712119946+0.01817553663928658i,5.382550712119946,148.0713009729109
0.076225,5.5E9,5.384814844018513+0.00608848626620218i,5.384814844018513,442.2129416559728
0.076225,5.5E9,5.393733164865626+0.004349378727363329i,5.393733164865626,620.0578867657499
0.076225,5.5E9,5.394777862875991+0.010266918711261383i,5.394777862875991,262.7262382509501
0.076225,5.5E9,5.401475449412911+0.010702459571782728i,5.401475449412911,252.34738861588514
0.076225,5.5E9,5.404778654668395+0.0273689349866227i,5.404778654668395,98.73929433699422
0.076225,5.5E9,5.40975047461278+0.007458246483339154i,5.40975047461278,362.66905945636995
0.076225,5.5E9,5.414070048519252+0.07745221936765635i,5.414070048519252,34.951032344336795
0.076225,5.5E9,5.416071290877055+0.0898564658666397i,5.416071290877055,30.137348707411373
0.076225,5.5E9,5.418031350103534+0.08563992145385269i,5.418031350103534,31.632626806080474
0.076225,5.5E9,5.418913311556987+0.0897892573082056i,5.418913311556987,30.175733010889754
0.076225,5.5E9,5.423555512372852+0.03702025855444762i,5.423555512372852,73.25118359716676
0.076225,5.5E9,5.428034558990215+0.02923831269258534i,5.428034558990215,92.82400486069656
0.076225,5.5E9,5.428698790248748+0.09167805092625994i,5.428698790248748,29.607407309603754
0.076225,5.5E9,5.431203636213531+0.10218093695091723i,5.431203636213531,26.57640357526971
0.076225,5.5E9,5.431327085725102+0.0088191166067706i,5.431327085725102,307.9292024302848
0.076225,5.5E9,5.432252979767825+0.09595651570525368i,5.432252979767825,28.305805707107424
0.076225,5.5E9,5.432785712369379+0.04271999774985943i,5.432785712369379,63.58597844714605
0.076225,5.5E9,5.432965218030318+0.010389267907231959i,5.432965218030318,261.4700701985188
0.076225,5.5E9,5.43362672869189+0.019908605702356027i,5.43362672869189,136.46427102750002
0.076225,5.5E9,5.434681158567172+0.10165506763540025i,5.434681158567172,26.73098983151237
0.076225,5.5E9,5.435678298581464+0.09311556882561091i,5.435678298581464,29.18780590151113
0.076225,5.5E9,5.4360302984443205+0.06746010310107388i,5.4360302984443205,40.29070553227323
0.076225,5.5E9,5.437401160724417+0.0879834822567645i,5.437401160724417,30.900124780559985
0.076225,5.5E9,5.440066392956441+0.10366387628687035i,5.440066392956441,26.23896861575037
0.076225,5.5E9,5.440082719918175+0.09156523441077646i,5.440082719918175,29.706049216851692
0.076225,5.5E9,5.440660497549466+0.03432785814914238i,5.440660497549466,79.24555726593432
0.076225,5.5E9,5.440985602591328+0.0098684308520656i,5.440985602591328,275.6763301154638
0.076225,5.5E9,5.442366760568059+0.09511163956107573i,5.442366760568059,28.610413960287456
0.076225,5.5E9,5.442426728838748+0.10713175964897355i,5.442426728838748,25.40062231158775
0.076225,5.5E9,5.443170415687806+0.10453087814164491i,5.443170415687806,26.03618429528555
0.076225,5.5E9,5.444079927349436+0.09152213475554719i,5.444079927349436,29.741875787154694
0.076225,5.5E9,5.445961119575758+0.08730828833195754i,5.445961119575758,31.18811068010806
0.076225,5.5E9,5.446437080191292+0.00823861916144039i,5.446437080191292,330.5430784859262
0.076225,5.5E9,5.4473920246620064+0.10505916246564985i,5.4473920246620064,25.925354328058187
0.076225,5.5E9,5.44816927828255+0.09151076188287682i,5.44816927828255,29.76791563190992
0.076225,5.5E9,5.448277741312186+0.11027039160743317i,5.448277741312186,24.704173359192666
0.076225,5.5E9,5.4486594299295295+0.10401075429555008i,5.4486594299295295,26.192769520962123
0.076225,5.5E9,5.452114484743263+0.09295845851949104i,5.452114484743263,29.325542675603284
0.076225,5.5E9,5.45257718135778+0.10095451788161953i,5.45257718135778,27.00511723383958
0.076225,5.5E9,5.453544527105955+0.10414006019923268i,5.453544527105955,26.183701625832835
0.076225,5.5E9,5.455169986938226+0.10992281195823056i,5.455169986938226,24.81363917896828
0.076225,5.5E9,5.45528398938779+0.11287693255630325i,5.45528398938779,24.164742369600994
0.076225,5.5E9,5.456397156292215+0.1073494592961588i,5.456397156292215,25.41418090071115
0.076225,5.5E9,5.460148176935673+0.10761384225469867i,5.460148176935673,25.369172136855234
0.076225,5.5E9,5.460207914080329+0.08621938946127765i,5.460207914080329,31.664617136569873
0.076225,5.5E9,5.460614080672762+0.11487819548822127i,5.460614080672762,23.76697360828867
0.076225,5.5E9,5.460808141688342+0.045030237215592114i,5.460808141688342,60.634903115694556
0.076225,5.5E9,5.461281272852837+0.10362996581800096i,5.461281272852837,26.3499135107511
0.076225,5.5E9,5.461293519284546+0.09863465562325663i,5.461293519284546,27.6844557563237
0.076225,5.5E9,5.4619444125449546+0.06760602569159249i,5.4619444125449546,40.395396391598595
0.076225,5.5E9,5.4642661678820925+0.09722521381071951i,5.4642661678820925,28.10107560431836
0.076225,5.5E9,5.464648474901656+0.10581331122405935i,5.464648474901656,25.82212205480594
0.076225,5.5E9,5.4653440145024685+0.11473981961616052i,5.4653440145024685,23.816248067958014
0.076225,5.5E9,5.467025855177045+0.012514332266971476i,5.467025855177045,218.4305857694831
0.076225,5.5E9,5.467025860935103+0.09396296287612858i,5.467025860935103,29.09138714656266
0.076225,5.5E9,5.467551257718282+0.10649180433409312i,5.467551257718282,25.671230250569888
0.076225,5.5E9,5.467599548626827+0.11396271343639278i,5.467599548626827,23.98854583117011
0.076225,5.5E9,5.4678129811557845+0.1174554134299941i,5.4678129811557845,23.276121642595538
0.076225,5.5E9,5.469644371984724+0.056180208877897625i,5.469644371984724,48.679459201304134
0.076225,5.5E9,5.470675432003404+0.10265332100115351i,5.470675432003404,26.646363598611337
0.076225,5.5E9,5.471684365528933+0.10648123172495111i,5.471684365528933,25.693186850348887
0.076225,5.5E9,5.472814119607282+0.1186289146485036i,5.472814119607282,23.066948457815624
0.076225,5.5E9,5.473790273059582+0.007771703226311598i,5.473790273059582,352.161560578363
0.076225,5.5E9,5.473809412324553+0.01638937820865043i,5.473809412324553,166.99258942707897
0.076225,5.5E9,5.474285118231709+0.08992681761673718i,5.474285118231709,30.437444931960066
0.076225,5.5E9,5.47462803151101+0.1132141959596265i,5.47462803151101,24.17818713062859
0.076225,5.5E9,5.474684867017665+0.1025533765285587i,5.474684867017665,26.69188013274772
0.076225,5.5E9,5.474968420643716+0.09783997220336313i,5.474968420643716,27.97920061375243
0.076225,5.5E9,5.478502696605403+0.11177575121580889i,5.478502696605403,24.506669098684423
0.076225,5.5E9,5.478896233463451+0.10663226621581118i,5.478896233463451,25.69061142513284
0.076225,5.5E9,5.479322661364827+0.08363378005574286i,5.479322661364827,32.75783216848979
0.076225,5.5E9,5.480105216256304+0.04293293622706549i,5.480105216256304,63.821691431409405
0.076225,5.5E9,5.480290777942239+0.1013292147026472i,5.480290777942239,27.04200754947264
0.076225,5.5E9,5.481025052048244+0.11858334933579712i,5.481025052048244,23.110432800002176
0.076225,5.5E9,5.481406144307862+0.11156022563307842i,5.481406144307862,24.567026972212332
0.076225,5.5E9,5.482000933364747+0.09525009967065738i,5.482000933364747,28.776877674247327
0.076225,5.5E9,5.482215930712486+0.08484922439376816i,5.482215930712486,32.30563372783838
0.076225,5.5E9,5.483671839895666+0.11962830873635852i,5.483671839895666,22.919624534610758
0.076225,5.5E9,5.484132446004724+0.04317132399386155i,5.484132446004724,63.51591680144559
0.076225,5.5E9,5.484421793186216+0.10273538161443624i,5.484421793186216,26.69198141380901
0.076225,5.5E9,5.484656787086685+0.0937362513849277i,5.484656787086685,29.25579328196065
0.076225,5.5E9,5.485082265674283+0.12214940452329777i,5.485082265674283,22.45234959220822
0.076225,5.5E9,5.485170807945727+0.10492673862647436i,5.485170807945727,26.138098256690448
0.076225,5.5E9,5.485277808493044+0.016049357153460984i,5.485277808493044,170.88777313769748
0.076225,5.5E9,5.48596155502098+0.10053862487047352i,5.48596155502098,27.28285552984579
0.076225,5.5E9,5.486049801350146+0.10029150107835173i,5.486049801350146,27.350521940359755
0.076225,5.5E9,5.486986039529841+0.0034238464694276677i,5.486986039529841,801.2897319614697
0.076225,5.5E9,5.487484146056023+0.1061693293291272i,5.487484146056023,25.843076247777287
0.076225,5.5E9,5.487556718102751+0.11635121997343717i,5.487556718102751,23.581861536800186
0.076225,5.5E9,5.488828188092647+0.06827829595023632i,5.488828188092647,40.194531158870035
0.076225,5.5E9,5.489167593687286+0.10784392583187181i,5.489167593687286,25.44959093127263
0.076225,5.5E9,5.489639255190803+0.11929581680929059i,5.489639255190803,23.008515311004924
0.076225,5.5E9,5.490034134887094+0.11176163777002955i,5.490034134887094,24.56135327125335
0.076225,5.5E9,5.490407567467253+0.11658951979104253i,5.490407567467253,23.545888075135018
0.076225,5.5E9,5.491627302246513+0.0915483513896685i,5.491627302246513,29.993043123582996
0.076225,5.5E9,5.49167944371201+0.10543850909205443i,5.49167944371201,26.04209548769999
0.076225,5.5E9,5.4930090345271925+0.09999291492158269i,5.4930090345271925,27.466991230503517
0.076225,5.5E9,5.493010923737846+0.028957614854763093i,5.493010923737846,94.84570727402861
0.076225,5.5E9,5.495433736975844+0.12131740352908882i,5.495433736975844,22.648991723838613
0.076225,5.5E9,5.495952127039524+0.10754013931347371i,5.495952127039524,25.553026814569762
0.076225,5.5E9,5.496256308896489+0.11105146961113606i,5.496256308896489,24.746436621426454
0.076225,5.5E9,5.496871729958748+0.09742278510033822i,5.496871729958748,28.21142776968129
0.076225,5.5E9,5.496946435382453+0.11361880661180603i,5.496946435382453,24.19030176123708
0.076225,5.5E9,5.497516590389919+0.1222009763070591i,5.497516590389919,22.49375069056772
0.076225,5.5E9,5.5001291508916506+0.11470799862796048i,5.5001291508916506,23.974479620774126
0.076225,5.5E9,5.501302791287066+0.10466044353491866i,5.501302791287066,26.28167149631668
0.076225,5.5E9,5.501439687988889+0.09835019755811815i,5.501439687988889,27.968625506511664
0.076225,5.5E9,5.501515038398967+0.09760843108257863i,5.501515038398967,28.181556538617954
0.076225,5.5E9,5.501876384383031+0.10656662824766884i,5.501876384383031,25.81425571425727
0.076225,5.5E9,5.503548175863519+0.11813862168273767i,5.503548175863519,23.292755990684178
0.076225,5.5E9,5.504294703427365+0.011982359972373052i,5.504294703427365,229.68324754548598
0.076225,5.5E9,5.50480647545875+0.0751367714880079i,5.50480647545875,36.63190716370703
0.076225,5.5E9,5.504893108480875+0.09195568674290952i,5.504893108480875,29.932314702142897
0.076225,5.5E9,5.505275633379315+0.11003500833420582i,5.505275633379315,25.01601861408652
0.076225,5.5E9,5.505425291637483+0.058232445443672634i,5.505425291637483,47.27111535237515
0.076225,5.5E9,5.505965865244052+0.121304589732972i,5.505965865244052,22.694796121747512
0.076225,5.5E9,5.506253998964492+0.08844441275550968i,5.506253998964492,31.12833149893619
0.076225,5.5E9,5.506548705131571+0.10836784783330353i,5.506548705131571,25.406745705617414
0.076225,5.5E9,5.506582633240862+0.11545917501608996i,5.506582633240862,23.84644889621585
0.076225,5.5E9,5.5068740995848815+0.11263545678690573i,5.5068740995848815,24.445562066673638
0.076225,5.5E9,5.507150232425971+0.013493171450452207i,5.507150232425971,204.07175039050605
0.076225,5.5E9,5.507871662844+0.09559335947685618i,5.507871662844,28.808861269163234
0.076225,5.5E9,5.50998895431954+0.11555537398493464i,5.50998895431954,23.84133582155122
0.076225,5.5E9,5.510826890490076+0.11282080267435793i,5.510826890490076,24.422920063759594
0.076225,5.5E9,5.511286738017404+0.011560488765564736i,5.511286738017404,238.3673757131226
0.076225,5.5E9,5.511925789767487+0.07434344871230689i,5.511925789767487,37.07068938311868
0.076225,5.5E9,5.511946704805497+0.12311610931129864i,5.511946704805497,22.38515631966796
0.076225,5.5E9,5.512324866083173+0.10345185096177177i,5.512324866083173,26.641982791202665
0.076225,5.5E9,5.512505963126442+0.010617289558149655i,5.512505963126442,259.6004344110184
0.076225,5.5E9,5.512516828993133+0.02555888311689828i,5.512516828993133,107.83954846110876
0.076225,5.5E9,5.512646316101794+0.027448822684211623i,5.512646316101794,100.4168080271186
0.076225,5.5E9,5.513493930154678+0.10160380684254344i,5.513493930154678,27.132319651659316
0.076225,5.5E9,5.514453032893769+0.08713283003525016i,5.514453032893769,31.64394540302926
0.076225,5.5E9,5.514612802443627+0.10520459697703774i,5.514612802443627,26.20899162632248
0.076225,5.5E9,5.515120065058483+0.12045276039891437i,5.515120065058483,22.893290476671346
0.076225,5.5E9,5.515391013251799+0.10224157949487818i,5.515391013251799,26.972348434464937
0.076225,5.5E9,5.515979553047085+0.0916398274212671i,5.515979553047085,30.09597305159796
0.076225,5.5E9,5.516421066099272+0.11272162773041244i,5.516421066099272,24.469221999226573
0.076225,5.5E9,5.517877794847405+0.11574345258018018i,5.517877794847405,23.836673573500615
0.076225,5.5E9,5.5181157756993215+0.025116664568234644i,5.5181157756993215,109.84969283457626
0.076225,5.5E9,5.518967831505582+0.11826628139919007i,5.518967831505582,23.33280359461516
0.076225,5.5E9,5.520146021694612+0.10110204982974014i,5.520146021694612,27.299871916498013
0.076225,5.5E9,5.520279256066279+0.009147446623143223i,5.520279256066279,301.7388066577979
0.076225,5.5E9,5.521250613456675+0.10391851594234242i,5.521250613456675,26.565288021049373
0.076225,5.5E9,5.521307635435314+0.10681475345708175i,5.521307635435314,25.84524822993567
0.076225,5.5E9,5.521842165069777+0.08871979864820514i,5.521842165069777,31.119559834469293
0.076225,5.5E9,5.5241545380247+0.11419696027592709i,5.5241545380247,24.186959638317102
0.076225,5.5E9,5.524216268602872+0.01703604790770149i,5.524216268602872,162.13315137795365
0.076225,5.5E9,5.524287901880333+0.09959559412968753i,5.524287901880333,27.73359579886099
0.076225,5.5E9,5.524612629000419+0.0875881878165482i,5.524612629000419,31.5374296849914
0.076225,5.5E9,5.525964914452943+0.10633870341212942i,5.525964914452943,25.98284884590115
0.076225,5.5E9,5.5261030227613395+0.115500911828666i,5.5261030227613395,23.922335050301413
0.076225,5.5E9,5.527360630633726+0.11094493603216664i,5.527360630633726,24.91037819441872
0.076225,5.5E9,5.52758126793688+0.1140025112870075i,5.52758126793688,24.243243440580425
0.076225,5.5E9,5.528574546082731+0.10169842800644185i,5.528574546082731,27.18121928950827
0.076225,5.5E9,5.52892206504541+0.1003043867667477i,5.52892206504541,27.560719143334236
0.076225,5.5E9,5.529736299636624+0.11012211748751073i,5.529736299636624,25.1072919128338
0.076225,5.5E9,5.531633479705047+0.09208062735670688i,5.531633479705047,30.036901563867
0.076225,5.5E9,5.532134172126417+0.11628521468238022i,5.532134172126417,23.786919890189008
0.076225,5.5E9,5.532356777926916+0.010704667510930233i,5.532356777926916,258.40862279365433
0.076225,5.5E9,5.53279163203834+0.10102335347524394i,5.53279163203834,27.383725850053903
0.076225,5.5E9,5.533571946677479+0.08855879479581989i,5.533571946677479,31.242362542509845
0.076225,5.5E9,5.535757196502278+0.09114476044615363i,5.535757196502278,30.36793979930796
0.076225,5.5E9,5.53580124055318+0.11303910418315213i,5.53580124055318,24.486222181944104
0.076225,5.5E9,5.536017252727481+0.10086104917452987i,5.536017252727481,27.443781806929064
0.076225,5.5E9,5.536107783220038+0.03306503500736541i,5.536107783220038,83.71543810534058
0.076225,5.5E9,5.536850652777255+0.10141612894371589i,5.536850652777255,27.29768287571943
0.076225,5.5E9,5.5371639135191355+0.11749608801166408i,5.5371639135191355,23.563184133285567
0.076225,5.5E9,5.537282843672167+0.09346840627183044i,5.537282843672167,29.621147211862738
0.076225,5.5E9,5.537705482214598+0.10901988872985333i,5.537705482214598,25.39768452679675
0.076225,5.5E9,5.539071256509631+0.11400824819298644i,5.539071256509631,24.292414559047597
0.076225,5.5E9,5.540388663071777+0.10624437431821974i,5.540388663071777,26.073797782823693
0.076225,5.5E9,5.541757833722956+0.10179100272801016i,5.541757833722956,27.221255735788194
0.076225,5.5E9,5.542004080769583+0.11674702411656954i,5.542004080769583,23.73509784384741
0.076225,5.5E9,5.544789252093094+0.08693041984629231i,5.544789252093094,31.892111310961223
0.076225,5.5E9,5.544806629749583+0.10982051291482708i,5.544806629749583,25.244858554111556
0.076225,5.5E9,5.546194999062063+0.044587056799091966i,5.546194999062063,62.19512339705515
0.076225,5.5E9,5.54671005955247+0.10998738531746845i,5.54671005955247,25.21521010587897
0.076225,5.5E9,5.54692503768897+0.10301055950341002i,5.54692503768897,26.924060331433047
0.076225,5.5E9,5.546997044090984+0.09316104056108845i,5.546997044090984,29.771012703822556
0.076225,5.5E9,5.547627962618459+0.020446565512083986i,5.547627962618459,135.6616092648859
0.076225,5.5E9,5.54786153199961+0.02930930816933048i,5.54786153199961,94.6433382178045
0.076225,5.5E9,5.547969204154931+0.09234328843885932i,5.547969204154931,30.03991572071994
0.076225,5.5E9,5.548288812683691+0.08112020398654926i,5.548288812683691,34.19794662747437
0.076225,5.5E9,5.54851632307565+0.09341413775301122i,5.54851632307565,29.69848278076512
0.076225,5.5E9,5.550344965592125+0.11238708353238697i,5.550344965592125,24.692984243125515
0.076225,5.5E9,5.550669334978806+0.10572945913568851i,5.550669334978806,26.24939813536416
0.076225,5.5E9,5.5509132143301745+0.008723569955078463i,5.5509132143301745,318.1560555434468
0.076225,5.5E9,5.550965815335009+0.07336724488138148i,5.550965815335009,37.83000046076206
0.076225,5.5E9,5.553156113564558+0.062012971129376405i,5.553156113564558,44.77414976601525
0.076225,5.5E9,5.553684902742991+0.09906660191508337i,5.553684902742991,28.030056524515835
0.076225,5.5E9,5.55396089455292+0.09400952837008622i,5.55396089455292,29.539350908605275
0.076225,5.5E9,5.554022675962609+0.10664207937987699i,5.554022675962609,26.040483776475554
0.076225,5.5E9,5.554964228363189+0.003028195443257102i,5.554964228363189,917.2070185780868
0.076225,5.5E9,5.55561871209358+0.02328787646000557i,5.55561871209358,119.28135056957122
0.076225,5.5E9,5.555673796159249+0.09780826033804733i,5.555673796159249,28.400841488017434
0.076225,5.5E9,5.556806351670293+0.10211099805039922i,5.556806351670293,27.209636854825394
0.076225,5.5E9,5.557128541181875+0.013744002467765378i,5.557128541181875,202.1655829229999
0.076225,5.5E9,5.557835333931097+0.09979545338050878i,5.557835333931097,27.846134997451728
0.076225,5.5E9,5.5588763566564765+0.014134552825795139i,5.5588763566564765,196.6413945021201
0.076225,5.5E9,5.559283552001125+0.08237412201390706i,5.559283552001125,33.74411414705313
0.076225,5.5E9,5.559510364368699+0.10824442448826788i,5.559510364368699,25.680354395395533
0.076225,5.5E9,5.560740909956604+0.10605909991128444i,5.560740909956604,26.215293711751343
0.076225,5.5E9,5.561180364813585+0.09258313617683143i,5.561180364813585,30.033441264032533
0.076225,5.5E9,5.561324295026434+0.09974437278769023i,5.561324295026434,27.87788493524306
0.076225,5.5E9,5.5625567171012875+0.024130410242619773i,5.5625567171012875,115.2603014447834
0.076225,5.5E9,5.563014908575307+0.04064775007513455i,5.563014908575307,68.42955512042437
0.076225,5.5E9,5.564730978920495+0.012645143120259897i,5.564730978920495,220.03432171537662
0.076225,5.5E9,5.565224539028401+0.09408700321853766i,5.565224539028401,29.574884674039136
0.076225,5.5E9,5.565988862650403+0.06285589328230702i,5.565988862650403,44.275791592457914
0.076225,5.5E9,5.566868296331569+0.0055832436434665525i,5.566868296331569,498.5335274456323
0.076225,5.5E9,5.56717775093561+0.10117757400587686i,5.56717775093561,27.51191558819271
0.076225,5.5E9,5.56724720153691+0.07360110157794185i,5.56724720153691,37.82040677503532
0.076225,5.5E9,5.568271640005369+0.09494229172277756i,5.568271640005369,29.32450617615273
0.076225,5.5E9,5.569809733783386+0.08927226685475194i,5.569809733783386,31.19563292173143
0.076225,5.5E9,5.571232055458923+0.026743027806427212i,5.571232055458923,104.16232776230326
0.076225,5.5E9,5.572633454142321+0.09451958892659407i,5.572633454142321,29.478722439589465
0.076225,5.5E9,5.572812574410595+0.022799338640488123i,5.572812574410595,122.21434714150296
0.076225,5.5E9,5.572977654566569+0.0918141969749102i,5.572977654566569,30.3492152531132
0.076225,5.5E9,5.573690745188214+0.08351687873745545i,5.573690745188214,33.36864852618432
0.076225,5.5E9,5.577982327816855+0.09398495922942349i,5.577982327816855,29.67486698696454
0.076225,5.5E9,5.578874803873897+0.09147996852922746i,5.578874803873897,30.49233014379246
0.076225,5.5E9,5.579714424366311+0.027625138665199608i,5.579714424366311,100.98979939954619
0.076225,5.5E9,5.579852306760653+0.011404142751677534i,5.579852306760653,244.64146180298664
0.076225,5.5E9,5.583483556160827+0.009769396210601687i,5.583483556160827,285.7640040282974
0.076225,5.5E9,5.583801531867645+0.007828945753321777i,5.583801531867645,356.61260837696256
0.076225,5.5E9,5.584798824287611+0.035355018068720635i,5.584798824287611,78.98169947802411
0.076225,5.5E9,5.586129829643998+0.08278572159555812i,5.586129829643998,33.7384860697024
0.076225,5.5E9,5.586359545888209+0.05835721597540866i,5.586359545888209,47.86348571050976
0.076225,5.5E9,5.594316704106844+0.07818887405601478i,5.594316704106844,35.77437820692403
0.076225,5.5E9,5.59565698408483+0.07391050198474941i,5.59565698408483,37.854275331802164
0.076225,5.5E9,5.597711317865993+0.023804848757451678i,5.597711317865993,117.57502378824675
0.076225,5.5E9,5.600239672796826+0.038161521247095244i,5.600239672796826,73.37547731044792
0.076225,5.5E9,5.604654942139714+0.007511543828434012i,5.604654942139714,373.06944285700575
0.076225,5.5E9,5.611834707059422+0.018992818465626265i,5.611834707059422,147.73570118663216
0.076225,5.5E9,5.61264590190917+0.031202131563187525i,5.61264590190917,89.94010378013735
0.076225,5.5E9,5.613587933336223+0.008749565268977345i,5.613587933336223,320.79239143685726
0.076225,5.5E9,5.616529111763071+0.036203469200843025i,5.616529111763071,77.56893518414923
0.076225,5.5E9,5.619750105346277+0.00971934854739852i,5.619750105346277,289.10117164439276
